model_name,aux_pair,distance,role,item_id,effect,n_rows,random_effect
llama32_3b,be_present,extra_long,between_subject_distractor,be_present__extra_long__1035,0.5894097222222222,54,-0.02806712962962963
llama32_3b,be_present,extra_long,between_subject_distractor,be_present__extra_long__1062,0.7786458333333334,54,0.013165509259259259
llama32_3b,be_present,extra_long,between_subject_distractor,be_present__extra_long__1074,0.7660590277777778,54,0.011140046296296295
llama32_3b,be_present,extra_long,between_subject_distractor,be_present__extra_long__1079,0.8770254629629629,54,0.007233796296296296
llama32_3b,be_present,extra_long,between_subject_distractor,be_present__extra_long__110,0.6257233796296297,54,-0.002459490740740741
llama32_3b,be_present,extra_long,between_subject_distractor,be_present__extra_long__1101,0.6740451388888888,54,-0.002025462962962963
llama32_3b,be_present,extra_long,between_subject_distractor,be_present__extra_long__1111,0.9231770833333334,54,0.005063657407407407
llama32_3b,be_present,extra_long,between_subject_distractor,be_present__extra_long__1132,0.39453125,54,0.0030381944444444445
llama32_3b,be_present,extra_long,between_subject_distractor,be_present__extra_long__1164,0.24247685185185186,54,-0.00028935185185185184
llama32_3b,be_present,extra_long,between_subject_distractor,be_present__extra_long__1176,0.4852430555555556,54,-0.0028935185185185184
llama32_3b,be_present,extra_long,between_subject_distractor,be_present__extra_long__1179,0.4427083333333333,54,0.009403935185185185
llama32_3b,be_present,extra_long,between_subject_distractor,be_present__extra_long__1230,0.7456597222222222,54,0.004050925925925926
llama32_3b,be_present,extra_long,between_subject_distractor,be_present__extra_long__1240,0.7690972222222222,54,0.0007233796296296296
llama32_3b,be_present,extra_long,between_subject_distractor,be_present__extra_long__125,0.29701967592592593,54,0.0011574074074074073
llama32_3b,be_present,extra_long,between_subject_distractor,be_present__extra_long__1256,0.5564236111111112,54,0.00535300925925926
llama32_3b,be_present,extra_long,between_subject_distractor,be_present__extra_long__1296,0.7834201388888888,54,0.004340277777777778
llama32_3b,be_present,extra_long,between_subject_distractor,be_present__extra_long__1306,0.7146990740740741,54,-0.008680555555555556
llama32_3b,be_present,extra_long,between_subject_distractor,be_present__extra_long__1327,0.5005787037037037,54,0.008246527777777778
llama32_3b,be_present,extra_long,between_subject_distractor,be_present__extra_long__1360,0.6911168981481481,54,0.0030381944444444445
llama32_3b,be_present,extra_long,between_subject_distractor,be_present__extra_long__1402,0.49508101851851855,54,0.001591435185185185
llama32_3b,be_present,extra_long,between_subject_distractor,be_present__extra_long__1413,0.4826388888888889,54,0.008101851851851851
llama32_3b,be_present,extra_long,between_subject_distractor,be_present__extra_long__1430,0.6021412037037037,54,0.004340277777777778
llama32_3b,be_present,extra_long,between_subject_distractor,be_present__extra_long__1447,0.5596064814814815,54,0.0008680555555555555
llama32_3b,be_present,extra_long,between_subject_distractor,be_present__extra_long__1473,0.3771701388888889,54,0.004050925925925926
llama32_3b,be_present,extra_long,between_subject_distractor,be_present__extra_long__1475,0.3125,54,-0.001880787037037037
llama32_3b,be_present,extra_long,between_subject_distractor,be_present__extra_long__1488,0.5643807870370371,54,0.007089120370370371
llama32_3b,be_present,extra_long,between_subject_distractor,be_present__extra_long__1494,0.5182291666666666,54,0.00043402777777777775
llama32_3b,be_present,extra_long,between_subject_distractor,be_present__extra_long__1526,0.5574363425925926,54,0.0028935185185185184
llama32_3b,be_present,extra_long,between_subject_distractor,be_present__extra_long__1580,0.57421875,54,0.0030381944444444445
llama32_3b,be_present,extra_long,between_subject_distractor,be_present__extra_long__1583,0.8396990740740741,54,0.006076388888888889
llama32_3b,be_present,extra_long,between_subject_distractor,be_present__extra_long__16,0.8107638888888888,54,0.012876157407407407
llama32_3b,be_present,extra_long,between_subject_distractor,be_present__extra_long__1622,0.42505787037037035,54,0.003761574074074074
llama32_3b,be_present,extra_long,between_subject_distractor,be_present__extra_long__1636,0.4739583333333333,54,-0.006510416666666667
llama32_3b,be_present,extra_long,between_subject_distractor,be_present__extra_long__185,0.9223090277777778,54,0.013165509259259259
llama32_3b,be_present,extra_long,between_subject_distractor,be_present__extra_long__193,0.5483217592592593,54,0.007523148148148148
llama32_3b,be_present,extra_long,between_subject_distractor,be_present__extra_long__199,0.6073495370370371,54,0.0023148148148148147
llama32_3b,be_present,extra_long,between_subject_distractor,be_present__extra_long__204,0.5004340277777778,54,0.0005787037037037037
llama32_3b,be_present,extra_long,between_subject_distractor,be_present__extra_long__209,0.7640335648148148,54,-0.010127314814814815
llama32_3b,be_present,extra_long,between_subject_distractor,be_present__extra_long__252,0.8440393518518519,54,0.00043402777777777775
llama32_3b,be_present,extra_long,between_subject_distractor,be_present__extra_long__262,0.9460358796296297,54,0.0026041666666666665
llama32_3b,be_present,extra_long,between_subject_distractor,be_present__extra_long__271,1.0224247685185186,54,0.0028935185185185184
llama32_3b,be_present,extra_long,between_subject_distractor,be_present__extra_long__299,0.6824363425925926,54,-0.009982638888888888
llama32_3b,be_present,extra_long,between_subject_distractor,be_present__extra_long__30,0.9013310185185185,54,0.006510416666666667
llama32_3b,be_present,extra_long,between_subject_distractor,be_present__extra_long__301,0.4500868055555556,54,0.004774305555555556
llama32_3b,be_present,extra_long,between_subject_distractor,be_present__extra_long__307,0.4157986111111111,54,-0.005497685185185185
llama32_3b,be_present,extra_long,between_subject_distractor,be_present__extra_long__333,0.5959201388888888,54,0.01099537037037037
llama32_3b,be_present,extra_long,between_subject_distractor,be_present__extra_long__352,0.5908564814814815,54,0.004050925925925926
llama32_3b,be_present,extra_long,between_subject_distractor,be_present__extra_long__372,0.9929108796296297,54,0.0078125
llama32_3b,be_present,extra_long,between_subject_distractor,be_present__extra_long__375,0.9006076388888888,54,0.0010127314814814814
llama32_3b,be_present,extra_long,between_subject_distractor,be_present__extra_long__382,1.0500578703703705,54,0.014756944444444444
llama32_3b,be_present,extra_long,between_subject_distractor,be_present__extra_long__409,0.5675636574074074,54,-0.004774305555555556
llama32_3b,be_present,extra_long,between_subject_distractor,be_present__extra_long__412,0.5875289351851852,54,-0.002025462962962963
llama32_3b,be_present,extra_long,between_subject_distractor,be_present__extra_long__421,0.49985532407407407,54,-0.012586805555555556
llama32_3b,be_present,extra_long,between_subject_distractor,be_present__extra_long__428,0.4173900462962963,54,-0.00535300925925926
llama32_3b,be_present,extra_long,between_subject_distractor,be_present__extra_long__439,0.5483217592592593,54,0.00028935185185185184
llama32_3b,be_present,extra_long,between_subject_distractor,be_present__extra_long__45,0.42476851851851855,54,0.0013020833333333333
llama32_3b,be_present,extra_long,between_subject_distractor,be_present__extra_long__454,0.8389756944444444,54,0.01171875
llama32_3b,be_present,extra_long,between_subject_distractor,be_present__extra_long__465,0.6977719907407407,54,0.007957175925925927
llama32_3b,be_present,extra_long,between_subject_distractor,be_present__extra_long__479,0.5875289351851852,54,0.0
llama32_3b,be_present,extra_long,between_subject_distractor,be_present__extra_long__480,0.7724247685185185,54,0.011863425925925927
llama32_3b,be_present,extra_long,between_subject_distractor,be_present__extra_long__482,0.62109375,54,0.006510416666666667
llama32_3b,be_present,extra_long,between_subject_distractor,be_present__extra_long__484,0.4603587962962963,54,-0.002025462962962963
llama32_3b,be_present,extra_long,between_subject_distractor,be_present__extra_long__486,0.5930266203703703,54,-0.0013020833333333333
llama32_3b,be_present,extra_long,between_subject_distractor,be_present__extra_long__487,0.5865162037037037,54,0.0007233796296296296
llama32_3b,be_present,extra_long,between_subject_distractor,be_present__extra_long__491,0.6899594907407407,54,0.013599537037037037
llama32_3b,be_present,extra_long,between_subject_distractor,be_present__extra_long__515,0.5675636574074074,54,0.006799768518518518
llama32_3b,be_present,extra_long,between_subject_distractor,be_present__extra_long__523,0.5552662037037037,54,-0.011140046296296295
llama32_3b,be_present,extra_long,between_subject_distractor,be_present__extra_long__533,0.5257523148148148,54,-0.009403935185185185
llama32_3b,be_present,extra_long,between_subject_distractor,be_present__extra_long__536,0.3855613425925926,54,-0.004774305555555556
llama32_3b,be_present,extra_long,between_subject_distractor,be_present__extra_long__552,0.4871238425925926,54,-0.008680555555555556
llama32_3b,be_present,extra_long,between_subject_distractor,be_present__extra_long__561,1.0445601851851851,54,0.01837384259259259
llama32_3b,be_present,extra_long,between_subject_distractor,be_present__extra_long__576,0.9356192129629629,54,0.004195601851851852
llama32_3b,be_present,extra_long,between_subject_distractor,be_present__extra_long__583,0.8538773148148148,54,0.014322916666666666
llama32_3b,be_present,extra_long,between_subject_distractor,be_present__extra_long__589,1.1451099537037037,54,0.013165509259259259
llama32_3b,be_present,extra_long,between_subject_distractor,be_present__extra_long__592,1.0813078703703705,54,0.022424768518518517
llama32_3b,be_present,extra_long,between_subject_distractor,be_present__extra_long__60,0.6462673611111112,54,0.0027488425925925927
llama32_3b,be_present,extra_long,between_subject_distractor,be_present__extra_long__651,0.34360532407407407,54,-0.00636574074074074
llama32_3b,be_present,extra_long,between_subject_distractor,be_present__extra_long__652,0.37008101851851855,54,-0.0033275462962962963
llama32_3b,be_present,extra_long,between_subject_distractor,be_present__extra_long__655,0.4010416666666667,54,-0.009259259259259259
llama32_3b,be_present,extra_long,between_subject_distractor,be_present__extra_long__66,0.6226851851851852,54,0.001591435185185185
llama32_3b,be_present,extra_long,between_subject_distractor,be_present__extra_long__661,0.41594328703703703,54,-0.00318287037037037
llama32_3b,be_present,extra_long,between_subject_distractor,be_present__extra_long__673,0.32609953703703703,54,-0.010127314814814815
llama32_3b,be_present,extra_long,between_subject_distractor,be_present__extra_long__693,0.5027488425925926,54,0.007957175925925927
llama32_3b,be_present,extra_long,between_subject_distractor,be_present__extra_long__701,0.37311921296296297,54,0.004050925925925926
llama32_3b,be_present,extra_long,between_subject_distractor,be_present__extra_long__725,0.6762152777777778,54,0.010416666666666666
llama32_3b,be_present,extra_long,between_subject_distractor,be_present__extra_long__731,0.6743344907407407,54,0.003616898148148148
llama32_3b,be_present,extra_long,between_subject_distractor,be_present__extra_long__760,0.6647858796296297,54,0.004050925925925926
llama32_3b,be_present,extra_long,between_subject_distractor,be_present__extra_long__768,0.6142939814814815,54,-0.00636574074074074
llama32_3b,be_present,extra_long,between_subject_distractor,be_present__extra_long__79,0.5475983796296297,54,0.003761574074074074
llama32_3b,be_present,extra_long,between_subject_distractor,be_present__extra_long__833,0.5021701388888888,54,-0.00390625
llama32_3b,be_present,extra_long,between_subject_distractor,be_present__extra_long__858,0.4035011574074074,54,-0.003761574074074074
llama32_3b,be_present,extra_long,between_subject_distractor,be_present__extra_long__902,0.40422453703703703,54,-0.002170138888888889
llama32_3b,be_present,extra_long,between_subject_distractor,be_present__extra_long__904,0.5798611111111112,54,0.005063657407407407
llama32_3b,be_present,extra_long,between_subject_distractor,be_present__extra_long__916,0.47530864197530864,81,0.005111882716049383
llama32_3b,be_present,extra_long,between_subject_distractor,be_present__extra_long__917,0.8057002314814815,54,-0.007957175925925927
llama32_3b,be_present,extra_long,between_subject_distractor,be_present__extra_long__919,0.46238425925925924,54,0.003761574074074074
llama32_3b,be_present,extra_long,between_subject_distractor,be_present__extra_long__924,0.7390046296296297,54,0.008680555555555556
llama32_3b,be_present,extra_long,between_subject_distractor,be_present__extra_long__979,0.5105613425925926,54,-0.009982638888888888
llama32_3b,be_present,extra_long,between_subject_distractor,be_present__extra_long__987,0.4839409722222222,54,-0.014033564814814815
llama32_3b,be_present,extra_long,between_subject_distractor,be_present__extra_long__989,0.5734953703703703,54,-0.0023148148148148147
llama32_3b,be_present,extra_long,distractor,be_present__extra_long__1035,0.23032407407407407,27,-0.016203703703703703
llama32_3b,be_present,extra_long,distractor,be_present__extra_long__1062,0.13744212962962962,27,0.01099537037037037
llama32_3b,be_present,extra_long,distractor,be_present__extra_long__1074,0.10185185185185185,27,0.0008680555555555555
llama32_3b,be_present,extra_long,distractor,be_present__extra_long__1079,0.0876736111111111,27,-0.005787037037037037
llama32_3b,be_present,extra_long,distractor,be_present__extra_long__110,0.1490162037037037,27,0.006944444444444444
llama32_3b,be_present,extra_long,distractor,be_present__extra_long__1101,0.10966435185185185,27,-0.00028935185185185184
llama32_3b,be_present,extra_long,distractor,be_present__extra_long__1111,0.13570601851851852,27,0.0026041666666666665
llama32_3b,be_present,extra_long,distractor,be_present__extra_long__1132,0.09693287037037036,27,0.008391203703703705
llama32_3b,be_present,extra_long,distractor,be_present__extra_long__1164,0.01678240740740741,27,-0.01273148148148148
llama32_3b,be_present,extra_long,distractor,be_present__extra_long__1176,0.10069444444444445,27,-0.019386574074074073
llama32_3b,be_present,extra_long,distractor,be_present__extra_long__1179,0.03269675925925926,27,0.003761574074074074
llama32_3b,be_present,extra_long,distractor,be_present__extra_long__1230,0.1328125,27,-0.008101851851851851
llama32_3b,be_present,extra_long,distractor,be_present__extra_long__1240,0.2248263888888889,27,-0.014756944444444444
llama32_3b,be_present,extra_long,distractor,be_present__extra_long__125,0.1345486111111111,27,-0.01765046296296296
llama32_3b,be_present,extra_long,distractor,be_present__extra_long__1256,0.17100694444444445,27,0.00636574074074074
llama32_3b,be_present,extra_long,distractor,be_present__extra_long__1296,0.18258101851851852,27,-0.0008680555555555555
llama32_3b,be_present,extra_long,distractor,be_present__extra_long__1306,0.1947337962962963,27,-0.011863425925925927
llama32_3b,be_present,extra_long,distractor,be_present__extra_long__1327,0.07378472222222222,27,0.00318287037037037
llama32_3b,be_present,extra_long,distractor,be_present__extra_long__1360,0.17766203703703703,27,0.006655092592592593
llama32_3b,be_present,extra_long,distractor,be_present__extra_long__1402,0.0943287037037037,27,-0.021701388888888888
llama32_3b,be_present,extra_long,distractor,be_present__extra_long__1413,0.1947337962962963,27,-0.01099537037037037
llama32_3b,be_present,extra_long,distractor,be_present__extra_long__1430,0.12905092592592593,27,0.0005787037037037037
llama32_3b,be_present,extra_long,distractor,be_present__extra_long__1447,0.06655092592592593,27,-0.0011574074074074073
llama32_3b,be_present,extra_long,distractor,be_present__extra_long__1473,0.14467592592592593,27,0.0005787037037037037
llama32_3b,be_present,extra_long,distractor,be_present__extra_long__1475,0.0763888888888889,27,-0.008680555555555556
llama32_3b,be_present,extra_long,distractor,be_present__extra_long__1488,0.09606481481481481,27,-0.008101851851851851
llama32_3b,be_present,extra_long,distractor,be_present__extra_long__1494,0.09837962962962964,27,-0.006944444444444444
llama32_3b,be_present,extra_long,distractor,be_present__extra_long__1526,0.1371527777777778,27,-0.006655092592592593
llama32_3b,be_present,extra_long,distractor,be_present__extra_long__1580,0.1550925925925926,27,0.007523148148148148
llama32_3b,be_present,extra_long,distractor,be_present__extra_long__1583,0.32494212962962965,27,-0.005497685185185185
llama32_3b,be_present,extra_long,distractor,be_present__extra_long__16,0.1623263888888889,27,0.007523148148148148
llama32_3b,be_present,extra_long,distractor,be_present__extra_long__1622,0.11487268518518519,27,-0.005787037037037037
llama32_3b,be_present,extra_long,distractor,be_present__extra_long__1636,0.12962962962962962,27,-0.008101851851851851
llama32_3b,be_present,extra_long,distractor,be_present__extra_long__185,0.2633101851851852,27,-0.02922453703703704
llama32_3b,be_present,extra_long,distractor,be_present__extra_long__193,0.12355324074074074,27,-0.0023148148148148147
llama32_3b,be_present,extra_long,distractor,be_present__extra_long__199,0.09780092592592593,27,-0.018229166666666668
llama32_3b,be_present,extra_long,distractor,be_present__extra_long__204,0.13020833333333334,27,-0.004918981481481482
llama32_3b,be_present,extra_long,distractor,be_present__extra_long__209,0.3058449074074074,27,0.007523148148148148
llama32_3b,be_present,extra_long,distractor,be_present__extra_long__252,0.1568287037037037,27,-0.007523148148148148
llama32_3b,be_present,extra_long,distractor,be_present__extra_long__262,0.1947337962962963,27,-0.028645833333333332
llama32_3b,be_present,extra_long,distractor,be_present__extra_long__271,0.2667824074074074,27,0.023726851851851853
llama32_3b,be_present,extra_long,distractor,be_present__extra_long__299,0.08304398148148148,27,-0.015625
llama32_3b,be_present,extra_long,distractor,be_present__extra_long__30,0.22135416666666666,27,0.003472222222222222
llama32_3b,be_present,extra_long,distractor,be_present__extra_long__301,0.12181712962962964,27,-0.010127314814814815
llama32_3b,be_present,extra_long,distractor,be_present__extra_long__307,0.12094907407407407,27,-0.025173611111111112
llama32_3b,be_present,extra_long,distractor,be_present__extra_long__333,0.11603009259259259,27,0.008391203703703705
llama32_3b,be_present,extra_long,distractor,be_present__extra_long__352,0.10416666666666667,27,-0.004050925925925926
llama32_3b,be_present,extra_long,distractor,be_present__extra_long__372,0.2633101851851852,27,-0.009548611111111112
llama32_3b,be_present,extra_long,distractor,be_present__extra_long__375,0.17708333333333334,27,-0.011284722222222222
llama32_3b,be_present,extra_long,distractor,be_present__extra_long__382,0.4007523148148148,27,0.01880787037037037
llama32_3b,be_present,extra_long,distractor,be_present__extra_long__409,0.09693287037037036,27,-0.008680555555555556
llama32_3b,be_present,extra_long,distractor,be_present__extra_long__412,0.15075231481481483,27,-0.015625
llama32_3b,be_present,extra_long,distractor,be_present__extra_long__421,0.11863425925925926,27,-0.02141203703703704
llama32_3b,be_present,extra_long,distractor,be_present__extra_long__428,0.09866898148148148,27,-0.01765046296296296
llama32_3b,be_present,extra_long,distractor,be_present__extra_long__439,0.1255787037037037,27,-0.01678240740740741
llama32_3b,be_present,extra_long,distractor,be_present__extra_long__45,0.03153935185185185,27,-0.02546296296296296
llama32_3b,be_present,extra_long,distractor,be_present__extra_long__454,0.17100694444444445,27,-0.016203703703703703
llama32_3b,be_present,extra_long,distractor,be_present__extra_long__465,0.20283564814814814,27,-0.029513888888888888
llama32_3b,be_present,extra_long,distractor,be_present__extra_long__479,0.1388888888888889,27,-0.025752314814814815
llama32_3b,be_present,extra_long,distractor,be_present__extra_long__480,0.21354166666666666,27,-0.010127314814814815
llama32_3b,be_present,extra_long,distractor,be_present__extra_long__482,0.037905092592592594,27,-0.003761574074074074
llama32_3b,be_present,extra_long,distractor,be_present__extra_long__484,0.00028935185185185184,27,-0.013888888888888888
llama32_3b,be_present,extra_long,distractor,be_present__extra_long__486,0.09288194444444445,27,-0.0234375
llama32_3b,be_present,extra_long,distractor,be_present__extra_long__487,0.07494212962962964,27,-0.016203703703703703
llama32_3b,be_present,extra_long,distractor,be_present__extra_long__491,0.1869212962962963,27,0.009837962962962963
llama32_3b,be_present,extra_long,distractor,be_present__extra_long__515,0.16001157407407407,27,-0.001736111111111111
llama32_3b,be_present,extra_long,distractor,be_present__extra_long__523,0.10040509259259259,27,-0.005208333333333333
llama32_3b,be_present,extra_long,distractor,be_present__extra_long__533,0.04832175925925926,27,-0.019386574074074073
llama32_3b,be_present,extra_long,distractor,be_present__extra_long__536,0.09375,27,-0.013599537037037037
llama32_3b,be_present,extra_long,distractor,be_present__extra_long__552,0.06539351851851852,27,-0.008680555555555556
llama32_3b,be_present,extra_long,distractor,be_present__extra_long__561,0.18229166666666666,27,-0.01273148148148148
llama32_3b,be_present,extra_long,distractor,be_present__extra_long__576,0.1417824074074074,27,-0.024305555555555556
llama32_3b,be_present,extra_long,distractor,be_present__extra_long__583,0.16435185185185186,27,-0.011284722222222222
llama32_3b,be_present,extra_long,distractor,be_present__extra_long__589,0.25405092592592593,27,0.003761574074074074
llama32_3b,be_present,extra_long,distractor,be_present__extra_long__592,0.22511574074074073,27,-0.004340277777777778
llama32_3b,be_present,extra_long,distractor,be_present__extra_long__60,0.1730324074074074,27,-0.004918981481481482
llama32_3b,be_present,extra_long,distractor,be_present__extra_long__651,0.08362268518518519,27,-0.013310185185185185
llama32_3b,be_present,extra_long,distractor,be_present__extra_long__652,0.08969907407407407,27,-0.004918981481481482
llama32_3b,be_present,extra_long,distractor,be_present__extra_long__655,0.08333333333333333,27,-0.017361111111111112
llama32_3b,be_present,extra_long,distractor,be_present__extra_long__66,0.17592592592592593,27,0.012152777777777778
llama32_3b,be_present,extra_long,distractor,be_present__extra_long__661,0.14872685185185186,27,-0.004629629629629629
llama32_3b,be_present,extra_long,distractor,be_present__extra_long__673,0.09924768518518519,27,-0.015046296296296295
llama32_3b,be_present,extra_long,distractor,be_present__extra_long__693,0.1345486111111111,27,-0.00636574074074074
llama32_3b,be_present,extra_long,distractor,be_present__extra_long__701,0.11313657407407407,27,-0.01099537037037037
llama32_3b,be_present,extra_long,distractor,be_present__extra_long__725,0.31741898148148145,27,-0.01273148148148148
llama32_3b,be_present,extra_long,distractor,be_present__extra_long__731,0.20688657407407407,27,0.019965277777777776
llama32_3b,be_present,extra_long,distractor,be_present__extra_long__760,0.2595486111111111,27,0.01273148148148148
llama32_3b,be_present,extra_long,distractor,be_present__extra_long__768,0.08130787037037036,27,-0.0005787037037037037
llama32_3b,be_present,extra_long,distractor,be_present__extra_long__79,0.06712962962962964,27,-0.027199074074074073
llama32_3b,be_present,extra_long,distractor,be_present__extra_long__833,0.11747685185185185,27,-0.006944444444444444
llama32_3b,be_present,extra_long,distractor,be_present__extra_long__858,0.07494212962962964,27,-0.007523148148148148
llama32_3b,be_present,extra_long,distractor,be_present__extra_long__902,0.07233796296296297,27,-0.0005787037037037037
llama32_3b,be_present,extra_long,distractor,be_present__extra_long__904,0.1964699074074074,27,-0.01244212962962963
llama32_3b,be_present,extra_long,distractor,be_present__extra_long__916,0.12702546296296297,27,0.004629629629629629
llama32_3b,be_present,extra_long,distractor,be_present__extra_long__917,0.16984953703703703,27,-0.048900462962962965
llama32_3b,be_present,extra_long,distractor,be_present__extra_long__919,0.06018518518518518,27,-0.026909722222222224
llama32_3b,be_present,extra_long,distractor,be_present__extra_long__924,0.14149305555555555,27,-0.002025462962962963
llama32_3b,be_present,extra_long,distractor,be_present__extra_long__979,0.06452546296296297,27,-0.004629629629629629
llama32_3b,be_present,extra_long,distractor,be_present__extra_long__987,0.1519097222222222,27,-0.028356481481481483
llama32_3b,be_present,extra_long,distractor,be_present__extra_long__989,0.11429398148148148,27,0.004629629629629629
llama32_3b,be_present,extra_long,filler_after_distractor,be_present__extra_long__1035,0.28070344650205764,486,-0.004661779835390946
llama32_3b,be_present,extra_long,filler_after_distractor,be_present__extra_long__1062,0.3012152777777778,486,0.007056970164609054
llama32_3b,be_present,extra_long,filler_after_distractor,be_present__extra_long__1074,0.27425733024691357,486,0.0054816100823045265
llama32_3b,be_present,extra_long,filler_after_distractor,be_present__extra_long__1079,0.3597125771604938,486,-0.00036972736625514403
llama32_3b,be_present,extra_long,filler_after_distractor,be_present__extra_long__110,0.3153131430041152,486,-0.005208333333333333
llama32_3b,be_present,extra_long,filler_after_distractor,be_present__extra_long__1101,0.3019547325102881,486,0.0018968621399176955
llama32_3b,be_present,extra_long,filler_after_distractor,be_present__extra_long__1111,0.3514981995884774,486,-0.0007073045267489712
llama32_3b,be_present,extra_long,filler_after_distractor,be_present__extra_long__1132,0.29491383744855965,486,0.006912294238683127
llama32_3b,be_present,extra_long,filler_after_distractor,be_present__extra_long__1164,0.16645769032921812,486,0.0006751543209876543
llama32_3b,be_present,extra_long,filler_after_distractor,be_present__extra_long__1176,0.2468653549382716,486,-0.003729423868312757
llama32_3b,be_present,extra_long,filler_after_distractor,be_present__extra_long__1179,0.2582143775720165,486,0.007378472222222222
llama32_3b,be_present,extra_long,filler_after_distractor,be_present__extra_long__1230,0.3549382716049383,486,0.006558641975308642
llama32_3b,be_present,extra_long,filler_after_distractor,be_present__extra_long__1240,0.4240129886831276,486,-0.00606031378600823
llama32_3b,be_present,extra_long,filler_after_distractor,be_present__extra_long__125,0.24604552469135801,486,0.005561985596707819
llama32_3b,be_present,extra_long,filler_after_distractor,be_present__extra_long__1256,0.3809477880658436,486,0.001511059670781893
llama32_3b,be_present,extra_long,filler_after_distractor,be_present__extra_long__1296,0.3963959619341564,486,0.005224408436213992
llama32_3b,be_present,extra_long,filler_after_distractor,be_present__extra_long__1306,0.40398341049382713,486,0.005899562757201646
llama32_3b,be_present,extra_long,filler_after_distractor,be_present__extra_long__1327,0.25237911522633744,486,0.008359053497942387
llama32_3b,be_present,extra_long,filler_after_distractor,be_present__extra_long__1360,0.2732445987654321,486,0.00565843621399177
llama32_3b,be_present,extra_long,filler_after_distractor,be_present__extra_long__1402,0.3117605452674897,486,-0.00636574074074074
llama32_3b,be_present,extra_long,filler_after_distractor,be_present__extra_long__1413,0.30767746913580246,486,0.008616255144032922
llama32_3b,be_present,extra_long,filler_after_distractor,be_present__extra_long__1430,0.29623199588477367,486,0.009307484567901234
llama32_3b,be_present,extra_long,filler_after_distractor,be_present__extra_long__1447,0.43447788065843623,486,-0.0045010288065843625
llama32_3b,be_present,extra_long,filler_after_distractor,be_present__extra_long__1473,0.4039673353909465,486,0.00442065329218107
llama32_3b,be_present,extra_long,filler_after_distractor,be_present__extra_long__1475,0.2737107767489712,486,-0.0014789094650205761
llama32_3b,be_present,extra_long,filler_after_distractor,be_present__extra_long__1488,0.3269675925925926,486,0.009645061728395061
llama32_3b,be_present,extra_long,filler_after_distractor,be_present__extra_long__1494,0.3084651491769547,486,-0.0030864197530864196
llama32_3b,be_present,extra_long,filler_after_distractor,be_present__extra_long__1526,0.23984053497942387,486,0.0018968621399176955
llama32_3b,be_present,extra_long,filler_after_distractor,be_present__extra_long__1580,0.30582883230452673,486,0.0028935185185185184
llama32_3b,be_present,extra_long,filler_after_distractor,be_present__extra_long__1583,0.4129050925925926,486,-0.009098508230452674
llama32_3b,be_present,extra_long,filler_after_distractor,be_present__extra_long__16,0.38713670267489714,486,0.008568029835390947
llama32_3b,be_present,extra_long,filler_after_distractor,be_present__extra_long__1622,0.30113490226337447,486,0.00205761316872428
llama32_3b,be_present,extra_long,filler_after_distractor,be_present__extra_long__1636,0.3007008744855967,486,-0.0005304783950617284
llama32_3b,be_present,extra_long,filler_after_distractor,be_present__extra_long__185,0.3149755658436214,486,0.008085776748971193
llama32_3b,be_present,extra_long,filler_after_distractor,be_present__extra_long__193,0.25202546296296297,486,0.005674511316872428
llama32_3b,be_present,extra_long,filler_after_distractor,be_present__extra_long__199,0.24811921296296297,486,-0.0035847479423868314
llama32_3b,be_present,extra_long,filler_after_distractor,be_present__extra_long__204,0.30274241255144035,486,0.005192258230452675
llama32_3b,be_present,extra_long,filler_after_distractor,be_present__extra_long__209,0.4602462705761317,486,-0.0023791152263374486
llama32_3b,be_present,extra_long,filler_after_distractor,be_present__extra_long__252,0.3489904835390947,486,-0.0031024948559670784
llama32_3b,be_present,extra_long,filler_after_distractor,be_present__extra_long__262,0.4308449074074074,486,-0.005192258230452675
llama32_3b,be_present,extra_long,filler_after_distractor,be_present__extra_long__271,0.4674479166666667,486,-0.0031024948559670784
llama32_3b,be_present,extra_long,filler_after_distractor,be_present__extra_long__299,0.277954603909465,486,-0.0066711676954732515
llama32_3b,be_present,extra_long,filler_after_distractor,be_present__extra_long__30,0.4904835390946502,486,-0.0061246141975308645
llama32_3b,be_present,extra_long,filler_after_distractor,be_present__extra_long__301,0.2296971450617284,486,0.0012056327160493826
llama32_3b,be_present,extra_long,filler_after_distractor,be_present__extra_long__307,0.21244855967078188,486,0.00048225308641975306
llama32_3b,be_present,extra_long,filler_after_distractor,be_present__extra_long__333,0.3168081275720165,486,0.008069701646090536
llama32_3b,be_present,extra_long,filler_after_distractor,be_present__extra_long__352,0.29851466049382713,486,0.0012377829218106996
llama32_3b,be_present,extra_long,filler_after_distractor,be_present__extra_long__372,0.40756815843621397,486,0.0012377829218106996
llama32_3b,be_present,extra_long,filler_after_distractor,be_present__extra_long__375,0.34574331275720166,486,-0.0025237911522633743
llama32_3b,be_present,extra_long,filler_after_distractor,be_present__extra_long__382,0.4643132716049383,486,0.0017843364197530863
llama32_3b,be_present,extra_long,filler_after_distractor,be_present__extra_long__409,0.26536779835390945,486,0.0013503086419753086
llama32_3b,be_present,extra_long,filler_after_distractor,be_present__extra_long__412,0.303980195473251,486,-0.0009002057613168725
llama32_3b,be_present,extra_long,filler_after_distractor,be_present__extra_long__421,0.2520736882716049,486,-0.010416666666666666
llama32_3b,be_present,extra_long,filler_after_distractor,be_present__extra_long__428,0.23939043209876543,486,-0.005015432098765432
llama32_3b,be_present,extra_long,filler_after_distractor,be_present__extra_long__439,0.2980484825102881,486,0.005545910493827161
llama32_3b,be_present,extra_long,filler_after_distractor,be_present__extra_long__45,0.268920396090535,486,0.006108539094650206
llama32_3b,be_present,extra_long,filler_after_distractor,be_present__extra_long__454,0.3289609053497942,486,0.0061246141975308645
llama32_3b,be_present,extra_long,filler_after_distractor,be_present__extra_long__465,0.30340149176954734,486,0.0006912294238683128
llama32_3b,be_present,extra_long,filler_after_distractor,be_present__extra_long__479,0.322241512345679,486,-0.00895383230452675
llama32_3b,be_present,extra_long,filler_after_distractor,be_present__extra_long__480,0.37567515432098764,486,0.008728780864197531
llama32_3b,be_present,extra_long,filler_after_distractor,be_present__extra_long__482,0.3752250514403292,486,0.007185570987654321
llama32_3b,be_present,extra_long,filler_after_distractor,be_present__extra_long__484,0.30203510802469136,486,0.0025237911522633743
llama32_3b,be_present,extra_long,filler_after_distractor,be_present__extra_long__486,0.3230613425925926,486,0.0013181584362139918
llama32_3b,be_present,extra_long,filler_after_distractor,be_present__extra_long__487,0.33248135288065844,486,-0.0024916409465020575
llama32_3b,be_present,extra_long,filler_after_distractor,be_present__extra_long__491,0.39528677983539096,486,0.012024176954732511
llama32_3b,be_present,extra_long,filler_after_distractor,be_present__extra_long__515,0.3154738940329218,486,0.005433384773662552
llama32_3b,be_present,extra_long,filler_after_distractor,be_present__extra_long__523,0.29124871399176955,486,0.0012056327160493826
llama32_3b,be_present,extra_long,filler_after_distractor,be_present__extra_long__533,0.27748842592592593,486,0.003279320987654321
llama32_3b,be_present,extra_long,filler_after_distractor,be_present__extra_long__536,0.22506751543209877,486,-0.0037454989711934155
llama32_3b,be_present,extra_long,filler_after_distractor,be_present__extra_long__552,0.2713477366255144,486,-0.0024273405349794237
llama32_3b,be_present,extra_long,filler_after_distractor,be_present__extra_long__561,0.36225244341563784,486,0.003938400205761317
llama32_3b,be_present,extra_long,filler_after_distractor,be_present__extra_long__576,0.3535718878600823,486,-0.008905606995884774
llama32_3b,be_present,extra_long,filler_after_distractor,be_present__extra_long__583,0.33558384773662553,486,0.008198302469135802
llama32_3b,be_present,extra_long,filler_after_distractor,be_present__extra_long__589,0.3799832818930041,486,0.005272633744855967
llama32_3b,be_present,extra_long,filler_after_distractor,be_present__extra_long__592,0.41280864197530864,486,0.0017843364197530863
llama32_3b,be_present,extra_long,filler_after_distractor,be_present__extra_long__60,0.3722190072016461,486,0.0060281635802469135
llama32_3b,be_present,extra_long,filler_after_distractor,be_present__extra_long__651,0.28157150205761317,486,-0.0003054269547325103
llama32_3b,be_present,extra_long,filler_after_distractor,be_present__extra_long__652,0.3232863940329218,486,0.0008037551440329218
llama32_3b,be_present,extra_long,filler_after_distractor,be_present__extra_long__655,0.28973765432098764,486,-0.0036651234567901233
llama32_3b,be_present,extra_long,filler_after_distractor,be_present__extra_long__66,0.3458397633744856,486,0.005288708847736625
llama32_3b,be_present,extra_long,filler_after_distractor,be_present__extra_long__661,0.30767746913580246,486,-0.0030060442386831278
llama32_3b,be_present,extra_long,filler_after_distractor,be_present__extra_long__673,0.28423996913580246,486,-0.00626929012345679
llama32_3b,be_present,extra_long,filler_after_distractor,be_present__extra_long__693,0.35305748456790126,486,-0.00016075102880658436
llama32_3b,be_present,extra_long,filler_after_distractor,be_present__extra_long__701,0.28938400205761317,486,0.007490997942386831
llama32_3b,be_present,extra_long,filler_after_distractor,be_present__extra_long__725,0.293627829218107,486,0.0014146090534979425
llama32_3b,be_present,extra_long,filler_after_distractor,be_present__extra_long__731,0.2706565072016461,486,-0.004758230452674897
llama32_3b,be_present,extra_long,filler_after_distractor,be_present__extra_long__760,0.3030960648148148,486,0.00287744341563786
llama32_3b,be_present,extra_long,filler_after_distractor,be_present__extra_long__768,0.2722800925925926,486,0.005160108024691358
llama32_3b,be_present,extra_long,filler_after_distractor,be_present__extra_long__79,0.31669560185185186,486,-0.0015592849794238684
llama32_3b,be_present,extra_long,filler_after_distractor,be_present__extra_long__833,0.2734696502057613,486,-0.0020897633744855967
llama32_3b,be_present,extra_long,filler_after_distractor,be_present__extra_long__858,0.19032921810699588,486,-0.005433384773662552
llama32_3b,be_present,extra_long,filler_after_distractor,be_present__extra_long__902,0.26514274691358025,486,-0.0031185699588477367
llama32_3b,be_present,extra_long,filler_after_distractor,be_present__extra_long__904,0.36447080761316875,486,0.0008680555555555555
llama32_3b,be_present,extra_long,filler_after_distractor,be_present__extra_long__916,0.35722093621399176,486,0.006864068930041153
llama32_3b,be_present,extra_long,filler_after_distractor,be_present__extra_long__917,0.40639467592592593,486,-0.011365097736625515
llama32_3b,be_present,extra_long,filler_after_distractor,be_present__extra_long__919,0.27462705761316875,486,0.0007876800411522634
llama32_3b,be_present,extra_long,filler_after_distractor,be_present__extra_long__924,0.32320601851851855,486,0.006606867283950617
llama32_3b,be_present,extra_long,filler_after_distractor,be_present__extra_long__979,0.24062821502057613,486,-0.005063657407407407
llama32_3b,be_present,extra_long,filler_after_distractor,be_present__extra_long__987,0.23172260802469136,486,-0.006912294238683127
llama32_3b,be_present,extra_long,filler_after_distractor,be_present__extra_long__989,0.2477173353909465,486,0.005160108024691358
llama32_3b,be_present,extra_long,final,be_present__extra_long__1035,1.923900462962963,27,-0.006944444444444444
llama32_3b,be_present,extra_long,final,be_present__extra_long__1062,2.342303240740741,27,0.010416666666666666
llama32_3b,be_present,extra_long,final,be_present__extra_long__1074,2.4577546296296298,27,0.002025462962962963
llama32_3b,be_present,extra_long,final,be_present__extra_long__1079,2.396412037037037,27,-0.011284722222222222
llama32_3b,be_present,extra_long,final,be_present__extra_long__110,2.1432291666666665,27,-0.01707175925925926
llama32_3b,be_present,extra_long,final,be_present__extra_long__1101,2.4612268518518516,27,-0.003761574074074074
llama32_3b,be_present,extra_long,final,be_present__extra_long__1111,2.5625,27,0.0008680555555555555
llama32_3b,be_present,extra_long,final,be_present__extra_long__1132,2.3058449074074074,27,0.010127314814814815
llama32_3b,be_present,extra_long,final,be_present__extra_long__1164,2.0934606481481484,27,0.008101851851851851
llama32_3b,be_present,extra_long,final,be_present__extra_long__1176,2.3232060185185186,27,-0.006944444444444444
llama32_3b,be_present,extra_long,final,be_present__extra_long__1179,2.1872106481481484,27,0.009259259259259259
llama32_3b,be_present,extra_long,final,be_present__extra_long__1230,2.462384259259259,27,-0.015914351851851853
llama32_3b,be_present,extra_long,final,be_present__extra_long__1240,2.6316550925925926,27,-0.02141203703703704
llama32_3b,be_present,extra_long,final,be_present__extra_long__125,2.2100694444444446,27,0.013310185185185185
llama32_3b,be_present,extra_long,final,be_present__extra_long__1256,2.6707175925925926,27,0.015914351851851853
llama32_3b,be_present,extra_long,final,be_present__extra_long__1296,2.5755208333333335,27,0.006076388888888889
llama32_3b,be_present,extra_long,final,be_present__extra_long__1306,2.3310185185185186,27,-0.004050925925925926
llama32_3b,be_present,extra_long,final,be_present__extra_long__1327,2.181423611111111,27,0.011863425925925927
llama32_3b,be_present,extra_long,final,be_present__extra_long__1360,2.150752314814815,27,-0.002025462962962963
llama32_3b,be_present,extra_long,final,be_present__extra_long__1402,2.5462962962962963,27,-0.003472222222222222
llama32_3b,be_present,extra_long,final,be_present__extra_long__1413,2.5775462962962963,27,0.020833333333333332
llama32_3b,be_present,extra_long,final,be_present__extra_long__1430,2.4091435185185186,27,0.008680555555555556
llama32_3b,be_present,extra_long,final,be_present__extra_long__1447,2.4308449074074074,27,-0.023148148148148147
llama32_3b,be_present,extra_long,final,be_present__extra_long__1473,2.5552662037037037,27,-0.0026041666666666665
llama32_3b,be_present,extra_long,final,be_present__extra_long__1475,2.3752893518518516,27,-0.004629629629629629
llama32_3b,be_present,extra_long,final,be_present__extra_long__1488,2.4606481481481484,27,-0.0023148148148148147
llama32_3b,be_present,extra_long,final,be_present__extra_long__1494,2.318576388888889,27,-0.015335648148148149
llama32_3b,be_present,extra_long,final,be_present__extra_long__1526,2.0231481481481484,27,0.003761574074074074
llama32_3b,be_present,extra_long,final,be_present__extra_long__1580,2.15625,27,-0.001736111111111111
llama32_3b,be_present,extra_long,final,be_present__extra_long__1583,2.400462962962963,27,-0.01678240740740741
llama32_3b,be_present,extra_long,final,be_present__extra_long__16,2.339988425925926,27,0.009259259259259259
llama32_3b,be_present,extra_long,final,be_present__extra_long__1622,2.325810185185185,27,0.003472222222222222
llama32_3b,be_present,extra_long,final,be_present__extra_long__1636,2.2022569444444446,27,-0.007233796296296296
llama32_3b,be_present,extra_long,final,be_present__extra_long__185,2.4620949074074074,27,0.006944444444444444
llama32_3b,be_present,extra_long,final,be_present__extra_long__193,2.212962962962963,27,0.010416666666666666
llama32_3b,be_present,extra_long,final,be_present__extra_long__199,2.1669560185185186,27,-0.0028935185185185184
llama32_3b,be_present,extra_long,final,be_present__extra_long__204,2.4071180555555554,27,0.013310185185185185
llama32_3b,be_present,extra_long,final,be_present__extra_long__209,2.627314814814815,27,0.013888888888888888
llama32_3b,be_present,extra_long,final,be_present__extra_long__252,2.5109953703703702,27,0.01070601851851852
llama32_3b,be_present,extra_long,final,be_present__extra_long__262,2.5031828703703702,27,-0.004050925925925926
llama32_3b,be_present,extra_long,final,be_present__extra_long__271,2.6333912037037037,27,-0.004340277777777778
llama32_3b,be_present,extra_long,final,be_present__extra_long__299,2.4270833333333335,27,-0.01678240740740741
llama32_3b,be_present,extra_long,final,be_present__extra_long__30,2.568576388888889,27,-0.02228009259259259
llama32_3b,be_present,extra_long,final,be_present__extra_long__301,2.191550925925926,27,0.006944444444444444
llama32_3b,be_present,extra_long,final,be_present__extra_long__307,2.243634259259259,27,0.0023148148148148147
llama32_3b,be_present,extra_long,final,be_present__extra_long__333,2.2213541666666665,27,0.005787037037037037
llama32_3b,be_present,extra_long,final,be_present__extra_long__352,2.197048611111111,27,-0.00636574074074074
llama32_3b,be_present,extra_long,final,be_present__extra_long__372,2.407696759259259,27,-0.00636574074074074
llama32_3b,be_present,extra_long,final,be_present__extra_long__375,2.285011574074074,27,-0.005787037037037037
llama32_3b,be_present,extra_long,final,be_present__extra_long__382,2.505787037037037,27,0.0028935185185185184
llama32_3b,be_present,extra_long,final,be_present__extra_long__409,2.3292824074074074,27,-0.0005787037037037037
llama32_3b,be_present,extra_long,final,be_present__extra_long__412,2.505787037037037,27,0.007523148148148148
llama32_3b,be_present,extra_long,final,be_present__extra_long__421,2.3758680555555554,27,-0.011284722222222222
llama32_3b,be_present,extra_long,final,be_present__extra_long__428,2.3333333333333335,27,-0.003761574074074074
llama32_3b,be_present,extra_long,final,be_present__extra_long__439,2.3683449074074074,27,-0.0014467592592592592
llama32_3b,be_present,extra_long,final,be_present__extra_long__45,2.2418981481481484,27,0.003472222222222222
llama32_3b,be_present,extra_long,final,be_present__extra_long__454,2.326388888888889,27,0.013020833333333334
llama32_3b,be_present,extra_long,final,be_present__extra_long__465,2.183449074074074,27,0.00028935185185185184
llama32_3b,be_present,extra_long,final,be_present__extra_long__479,2.3214699074074074,27,-0.012152777777777778
llama32_3b,be_present,extra_long,final,be_present__extra_long__480,2.438946759259259,27,0.009548611111111112
llama32_3b,be_present,extra_long,final,be_present__extra_long__482,2.556712962962963,27,0.006944444444444444
llama32_3b,be_present,extra_long,final,be_present__extra_long__484,2.486689814814815,27,0.005497685185185185
llama32_3b,be_present,extra_long,final,be_present__extra_long__486,2.3449074074074074,27,-0.004340277777777778
llama32_3b,be_present,extra_long,final,be_present__extra_long__487,2.377314814814815,27,0.001736111111111111
llama32_3b,be_present,extra_long,final,be_present__extra_long__491,2.665509259259259,27,0.011574074074074073
llama32_3b,be_present,extra_long,final,be_present__extra_long__515,2.3446180555555554,27,-0.0011574074074074073
llama32_3b,be_present,extra_long,final,be_present__extra_long__523,2.1692708333333335,27,-0.0026041666666666665
llama32_3b,be_present,extra_long,final,be_present__extra_long__533,2.1909722222222223,27,-0.0005787037037037037
llama32_3b,be_present,extra_long,final,be_present__extra_long__536,2.1128472222222223,27,0.005208333333333333
llama32_3b,be_present,extra_long,final,be_present__extra_long__552,1.9646990740740742,27,-0.002025462962962963
llama32_3b,be_present,extra_long,final,be_present__extra_long__561,2.399884259259259,27,0.00636574074074074
llama32_3b,be_present,extra_long,final,be_present__extra_long__576,2.3200231481481484,27,-0.006076388888888889
llama32_3b,be_present,extra_long,final,be_present__extra_long__583,2.361689814814815,27,0.004629629629629629
llama32_3b,be_present,extra_long,final,be_present__extra_long__589,2.4690393518518516,27,0.006944444444444444
llama32_3b,be_present,extra_long,final,be_present__extra_long__592,2.4603587962962963,27,0.004918981481481482
llama32_3b,be_present,extra_long,final,be_present__extra_long__60,2.557002314814815,27,0.005497685185185185
llama32_3b,be_present,extra_long,final,be_present__extra_long__651,2.2265625,27,0.0005787037037037037
llama32_3b,be_present,extra_long,final,be_present__extra_long__652,2.3561921296296298,27,0.005787037037037037
llama32_3b,be_present,extra_long,final,be_present__extra_long__655,2.2332175925925926,27,0.0011574074074074073
llama32_3b,be_present,extra_long,final,be_present__extra_long__66,2.484375,27,0.006944444444444444
llama32_3b,be_present,extra_long,final,be_present__extra_long__661,2.2572337962962963,27,0.004340277777777778
llama32_3b,be_present,extra_long,final,be_present__extra_long__673,2.263599537037037,27,-0.0023148148148148147
llama32_3b,be_present,extra_long,final,be_present__extra_long__693,2.464988425925926,27,0.0026041666666666665
llama32_3b,be_present,extra_long,final,be_present__extra_long__701,2.2734375,27,0.010127314814814815
llama32_3b,be_present,extra_long,final,be_present__extra_long__725,2.0147569444444446,27,0.0005787037037037037
llama32_3b,be_present,extra_long,final,be_present__extra_long__731,2.003761574074074,27,-0.007523148148148148
llama32_3b,be_present,extra_long,final,be_present__extra_long__760,2.025462962962963,27,-0.001736111111111111
llama32_3b,be_present,extra_long,final,be_present__extra_long__768,2.443287037037037,27,0.007233796296296296
llama32_3b,be_present,extra_long,final,be_present__extra_long__79,2.3330439814814814,27,-0.010127314814814815
llama32_3b,be_present,extra_long,final,be_present__extra_long__833,2.3177083333333335,27,0.001736111111111111
llama32_3b,be_present,extra_long,final,be_present__extra_long__858,1.9962384259259258,27,0.009837962962962963
llama32_3b,be_present,extra_long,final,be_present__extra_long__902,2.1982060185185186,27,-0.0011574074074074073
llama32_3b,be_present,extra_long,final,be_present__extra_long__904,2.2621527777777777,27,-0.006076388888888889
llama32_3b,be_present,extra_long,final,be_present__extra_long__916,2.373263888888889,27,-0.00318287037037037
llama32_3b,be_present,extra_long,final,be_present__extra_long__917,2.1927083333333335,27,-0.017939814814814815
llama32_3b,be_present,extra_long,final,be_present__extra_long__919,2.1605902777777777,27,-0.001736111111111111
llama32_3b,be_present,extra_long,final,be_present__extra_long__924,2.3857060185185186,27,0.005497685185185185
llama32_3b,be_present,extra_long,final,be_present__extra_long__979,1.9968171296296295,27,-0.013888888888888888
llama32_3b,be_present,extra_long,final,be_present__extra_long__987,2.1710069444444446,27,-0.006944444444444444
llama32_3b,be_present,extra_long,final,be_present__extra_long__989,2.0575810185185186,27,-0.0078125
llama32_3b,be_present,extra_long,prefix_before_subject,be_present__extra_long__1035,0.2170138888888889,27,-0.007523148148148148
llama32_3b,be_present,extra_long,prefix_before_subject,be_present__extra_long__1062,0.10821759259259259,27,0.006944444444444444
llama32_3b,be_present,extra_long,prefix_before_subject,be_present__extra_long__1074,0.11805555555555555,27,0.004050925925925926
llama32_3b,be_present,extra_long,prefix_before_subject,be_present__extra_long__1079,0.10561342592592593,27,-0.00028935185185185184
llama32_3b,be_present,extra_long,prefix_before_subject,be_present__extra_long__110,0.11255787037037036,27,-0.005787037037037037
llama32_3b,be_present,extra_long,prefix_before_subject,be_present__extra_long__1101,0.07320601851851852,27,0.004629629629629629
llama32_3b,be_present,extra_long,prefix_before_subject,be_present__extra_long__1111,0.08709490740740741,27,0.001736111111111111
llama32_3b,be_present,extra_long,prefix_before_subject,be_present__extra_long__1132,0.07002314814814815,27,0.005497685185185185
llama32_3b,be_present,extra_long,prefix_before_subject,be_present__extra_long__1164,0.033854166666666664,27,0.0014467592592592592
llama32_3b,be_present,extra_long,prefix_before_subject,be_present__extra_long__1176,0.06105324074074074,27,-0.004629629629629629
llama32_3b,be_present,extra_long,prefix_before_subject,be_present__extra_long__1179,0.07002314814814815,27,0.0078125
llama32_3b,be_present,extra_long,prefix_before_subject,be_present__extra_long__1230,0.07725694444444445,27,0.004050925925925926
llama32_3b,be_present,extra_long,prefix_before_subject,be_present__extra_long__1240,0.06597222222222222,27,-0.003472222222222222
llama32_3b,be_present,extra_long,prefix_before_subject,be_present__extra_long__125,0.061921296296296294,27,0.0026041666666666665
llama32_3b,be_present,extra_long,prefix_before_subject,be_present__extra_long__1256,0.0775462962962963,27,0.0026041666666666665
llama32_3b,be_present,extra_long,prefix_before_subject,be_present__extra_long__1296,0.09461805555555555,27,0.003472222222222222
llama32_3b,be_present,extra_long,prefix_before_subject,be_present__extra_long__1306,0.12789351851851852,27,0.002025462962962963
llama32_3b,be_present,extra_long,prefix_before_subject,be_present__extra_long__1327,0.08072916666666667,27,0.0078125
llama32_3b,be_present,extra_long,prefix_before_subject,be_present__extra_long__1360,0.10850694444444445,27,0.006944444444444444
llama32_3b,be_present,extra_long,prefix_before_subject,be_present__extra_long__1402,0.06597222222222222,27,-0.008101851851851851
llama32_3b,be_present,extra_long,prefix_before_subject,be_present__extra_long__1413,0.08449074074074074,27,0.004629629629629629
llama32_3b,be_present,extra_long,prefix_before_subject,be_present__extra_long__1430,0.11603009259259259,27,0.009548611111111112
llama32_3b,be_present,extra_long,prefix_before_subject,be_present__extra_long__1447,0.08912037037037036,27,-0.0008680555555555555
llama32_3b,be_present,extra_long,prefix_before_subject,be_present__extra_long__1473,0.07696759259259259,27,0.003472222222222222
llama32_3b,be_present,extra_long,prefix_before_subject,be_present__extra_long__1475,0.08275462962962964,27,-0.0005787037037037037
llama32_3b,be_present,extra_long,prefix_before_subject,be_present__extra_long__1488,0.07725694444444445,27,0.008391203703703705
llama32_3b,be_present,extra_long,prefix_before_subject,be_present__extra_long__1494,0.06336805555555555,27,-0.0014467592592592592
llama32_3b,be_present,extra_long,prefix_before_subject,be_present__extra_long__1526,0.12818287037037038,27,0.003761574074074074
llama32_3b,be_present,extra_long,prefix_before_subject,be_present__extra_long__1580,0.09866898148148148,27,0.00028935185185185184
llama32_3b,be_present,extra_long,prefix_before_subject,be_present__extra_long__1583,0.13859953703703703,27,-0.009548611111111112
llama32_3b,be_present,extra_long,prefix_before_subject,be_present__extra_long__16,0.11689814814814815,27,0.013310185185185185
llama32_3b,be_present,extra_long,prefix_before_subject,be_present__extra_long__1622,0.060474537037037035,27,0.001736111111111111
llama32_3b,be_present,extra_long,prefix_before_subject,be_present__extra_long__1636,0.06915509259259259,27,-0.002025462962962963
llama32_3b,be_present,extra_long,prefix_before_subject,be_present__extra_long__185,0.09924768518518519,27,0.006076388888888889
llama32_3b,be_present,extra_long,prefix_before_subject,be_present__extra_long__193,0.08362268518518519,27,0.005497685185185185
llama32_3b,be_present,extra_long,prefix_before_subject,be_present__extra_long__199,0.08217592592592593,27,-0.004918981481481482
llama32_3b,be_present,extra_long,prefix_before_subject,be_present__extra_long__204,0.06684027777777778,27,-0.0011574074074074073
llama32_3b,be_present,extra_long,prefix_before_subject,be_present__extra_long__209,0.08912037037037036,27,-0.008680555555555556
llama32_3b,be_present,extra_long,prefix_before_subject,be_present__extra_long__252,0.11458333333333333,27,-0.003472222222222222
llama32_3b,be_present,extra_long,prefix_before_subject,be_present__extra_long__262,0.12037037037037036,27,-0.00636574074074074
llama32_3b,be_present,extra_long,prefix_before_subject,be_present__extra_long__271,0.140625,27,0.0011574074074074073
llama32_3b,be_present,extra_long,prefix_before_subject,be_present__extra_long__299,0.07581018518518519,27,-0.007233796296296296
llama32_3b,be_present,extra_long,prefix_before_subject,be_present__extra_long__30,0.10243055555555555,27,0.0011574074074074073
llama32_3b,be_present,extra_long,prefix_before_subject,be_present__extra_long__301,0.0697337962962963,27,0.0
llama32_3b,be_present,extra_long,prefix_before_subject,be_present__extra_long__307,0.07320601851851852,27,-0.0005787037037037037
llama32_3b,be_present,extra_long,prefix_before_subject,be_present__extra_long__333,0.0697337962962963,27,0.008680555555555556
llama32_3b,be_present,extra_long,prefix_before_subject,be_present__extra_long__352,0.078125,27,0.0011574074074074073
llama32_3b,be_present,extra_long,prefix_before_subject,be_present__extra_long__372,0.18836805555555555,27,-0.0014467592592592592
llama32_3b,be_present,extra_long,prefix_before_subject,be_present__extra_long__375,0.12905092592592593,27,-0.001736111111111111
llama32_3b,be_present,extra_long,prefix_before_subject,be_present__extra_long__382,0.18055555555555555,27,0.0011574074074074073
llama32_3b,be_present,extra_long,prefix_before_subject,be_present__extra_long__409,0.09259259259259259,27,-0.0011574074074074073
llama32_3b,be_present,extra_long,prefix_before_subject,be_present__extra_long__412,0.11140046296296297,27,-0.0026041666666666665
llama32_3b,be_present,extra_long,prefix_before_subject,be_present__extra_long__421,0.05931712962962963,27,-0.010127314814814815
llama32_3b,be_present,extra_long,prefix_before_subject,be_present__extra_long__428,0.06886574074074074,27,-0.006076388888888889
llama32_3b,be_present,extra_long,prefix_before_subject,be_present__extra_long__439,0.0954861111111111,27,0.004340277777777778
llama32_3b,be_present,extra_long,prefix_before_subject,be_present__extra_long__45,0.07175925925925926,27,0.0028935185185185184
llama32_3b,be_present,extra_long,prefix_before_subject,be_present__extra_long__454,0.1388888888888889,27,0.009837962962962963
llama32_3b,be_present,extra_long,prefix_before_subject,be_present__extra_long__465,0.14641203703703703,27,0.0028935185185185184
llama32_3b,be_present,extra_long,prefix_before_subject,be_present__extra_long__479,0.09259259259259259,27,-0.007233796296296296
llama32_3b,be_present,extra_long,prefix_before_subject,be_present__extra_long__480,0.11574074074074074,27,0.008680555555555556
llama32_3b,be_present,extra_long,prefix_before_subject,be_present__extra_long__482,0.11603009259259259,27,0.004629629629629629
llama32_3b,be_present,extra_long,prefix_before_subject,be_present__extra_long__484,0.07233796296296297,27,-0.0028935185185185184
llama32_3b,be_present,extra_long,prefix_before_subject,be_present__extra_long__486,0.11747685185185185,27,-0.004340277777777778
llama32_3b,be_present,extra_long,prefix_before_subject,be_present__extra_long__487,0.1255787037037037,27,-0.009259259259259259
llama32_3b,be_present,extra_long,prefix_before_subject,be_present__extra_long__491,0.13831018518518517,27,0.008391203703703705
llama32_3b,be_present,extra_long,prefix_before_subject,be_present__extra_long__515,0.1267361111111111,27,0.003761574074074074
llama32_3b,be_present,extra_long,prefix_before_subject,be_present__extra_long__523,0.0697337962962963,27,-0.0008680555555555555
llama32_3b,be_present,extra_long,prefix_before_subject,be_present__extra_long__533,0.09114583333333333,27,-0.0008680555555555555
llama32_3b,be_present,extra_long,prefix_before_subject,be_present__extra_long__536,0.048032407407407406,27,-0.005208333333333333
llama32_3b,be_present,extra_long,prefix_before_subject,be_present__extra_long__552,0.07899305555555555,27,-0.002025462962962963
llama32_3b,be_present,extra_long,prefix_before_subject,be_present__extra_long__561,0.0685763888888889,27,0.004918981481481482
llama32_3b,be_present,extra_long,prefix_before_subject,be_present__extra_long__576,0.05700231481481482,27,-0.007233796296296296
llama32_3b,be_present,extra_long,prefix_before_subject,be_present__extra_long__583,0.06481481481481481,27,0.010127314814814815
llama32_3b,be_present,extra_long,prefix_before_subject,be_present__extra_long__589,0.08854166666666667,27,0.0078125
llama32_3b,be_present,extra_long,prefix_before_subject,be_present__extra_long__592,0.0775462962962963,27,0.0014467592592592592
llama32_3b,be_present,extra_long,prefix_before_subject,be_present__extra_long__60,0.08130787037037036,27,0.005497685185185185
llama32_3b,be_present,extra_long,prefix_before_subject,be_present__extra_long__651,0.04918981481481482,27,-0.0028935185185185184
llama32_3b,be_present,extra_long,prefix_before_subject,be_present__extra_long__652,0.05439814814814815,27,-0.0028935185185185184
llama32_3b,be_present,extra_long,prefix_before_subject,be_present__extra_long__655,0.06365740740740741,27,-0.004629629629629629
llama32_3b,be_present,extra_long,prefix_before_subject,be_present__extra_long__66,0.0763888888888889,27,0.001736111111111111
llama32_3b,be_present,extra_long,prefix_before_subject,be_present__extra_long__661,0.0625,27,-0.004050925925925926
llama32_3b,be_present,extra_long,prefix_before_subject,be_present__extra_long__673,0.04976851851851852,27,-0.007523148148148148
llama32_3b,be_present,extra_long,prefix_before_subject,be_present__extra_long__693,0.08246527777777778,27,0.00028935185185185184
llama32_3b,be_present,extra_long,prefix_before_subject,be_present__extra_long__701,0.07494212962962964,27,0.005787037037037037
llama32_3b,be_present,extra_long,prefix_before_subject,be_present__extra_long__725,0.23206018518518517,27,-0.0005787037037037037
llama32_3b,be_present,extra_long,prefix_before_subject,be_present__extra_long__731,0.21643518518518517,27,-0.004629629629629629
llama32_3b,be_present,extra_long,prefix_before_subject,be_present__extra_long__760,0.1886574074074074,27,0.004050925925925926
llama32_3b,be_present,extra_long,prefix_before_subject,be_present__extra_long__768,0.06394675925925926,27,0.003761574074074074
llama32_3b,be_present,extra_long,prefix_before_subject,be_present__extra_long__79,0.07581018518518519,27,-0.005208333333333333
llama32_3b,be_present,extra_long,prefix_before_subject,be_present__extra_long__833,0.07146990740740741,27,0.00028935185185185184
llama32_3b,be_present,extra_long,prefix_before_subject,be_present__extra_long__858,0.06799768518518519,27,-0.004340277777777778
llama32_3b,be_present,extra_long,prefix_before_subject,be_present__extra_long__902,0.053530092592592594,27,-0.004340277777777778
llama32_3b,be_present,extra_long,prefix_before_subject,be_present__extra_long__904,0.08796296296296297,27,0.0026041666666666665
llama32_3b,be_present,extra_long,prefix_before_subject,be_present__extra_long__916,0.11429398148148148,27,0.005208333333333333
llama32_3b,be_present,extra_long,prefix_before_subject,be_present__extra_long__917,0.1388888888888889,27,-0.010127314814814815
llama32_3b,be_present,extra_long,prefix_before_subject,be_present__extra_long__919,0.07378472222222222,27,0.0005787037037037037
llama32_3b,be_present,extra_long,prefix_before_subject,be_present__extra_long__924,0.10271990740740741,27,0.006076388888888889
llama32_3b,be_present,extra_long,prefix_before_subject,be_present__extra_long__979,0.0787037037037037,27,-0.008391203703703705
llama32_3b,be_present,extra_long,prefix_before_subject,be_present__extra_long__987,0.07523148148148148,27,-0.008391203703703705
llama32_3b,be_present,extra_long,prefix_before_subject,be_present__extra_long__989,0.10069444444444445,27,0.00028935185185185184
llama32_3b,be_present,extra_long,subject,be_present__extra_long__1035,1.5914351851851851,27,-0.00636574074074074
llama32_3b,be_present,extra_long,subject,be_present__extra_long__1062,1.6122685185185186,27,0.012152777777777778
llama32_3b,be_present,extra_long,subject,be_present__extra_long__1074,1.5873842592592593,27,0.025173611111111112
llama32_3b,be_present,extra_long,subject,be_present__extra_long__1079,1.767650462962963,27,0.01099537037037037
llama32_3b,be_present,extra_long,subject,be_present__extra_long__110,1.5653935185185186,27,0.006076388888888889
llama32_3b,be_present,extra_long,subject,be_present__extra_long__1101,1.9143518518518519,27,0.008969907407407407
llama32_3b,be_present,extra_long,subject,be_present__extra_long__1111,2.2115162037037037,27,0.009548611111111112
llama32_3b,be_present,extra_long,subject,be_present__extra_long__1132,2.235821759259259,27,0.02025462962962963
llama32_3b,be_present,extra_long,subject,be_present__extra_long__1164,0.9450231481481481,27,0.003761574074074074
llama32_3b,be_present,extra_long,subject,be_present__extra_long__1176,1.7936921296296295,27,-0.00028935185185185184
llama32_3b,be_present,extra_long,subject,be_present__extra_long__1179,1.6574074074074074,27,0.020543981481481483
llama32_3b,be_present,extra_long,subject,be_present__extra_long__1230,1.6218171296296295,27,0.005497685185185185
llama32_3b,be_present,extra_long,subject,be_present__extra_long__1240,1.6180555555555556,27,-0.00636574074074074
llama32_3b,be_present,extra_long,subject,be_present__extra_long__125,0.8506944444444444,27,0.005497685185185185
llama32_3b,be_present,extra_long,subject,be_present__extra_long__1256,1.8695023148148149,27,0.00636574074074074
llama32_3b,be_present,extra_long,subject,be_present__extra_long__1296,1.7575231481481481,27,0.006076388888888889
llama32_3b,be_present,extra_long,subject,be_present__extra_long__1306,1.6006944444444444,27,0.008969907407407407
llama32_3b,be_present,extra_long,subject,be_present__extra_long__1327,0.9904513888888888,27,0.004050925925925926
llama32_3b,be_present,extra_long,subject,be_present__extra_long__1360,1.142650462962963,27,-0.0005787037037037037
llama32_3b,be_present,extra_long,subject,be_present__extra_long__1402,1.8171296296296295,27,-0.0014467592592592592
llama32_3b,be_present,extra_long,subject,be_present__extra_long__1413,1.7876157407407407,27,0.008680555555555556
llama32_3b,be_present,extra_long,subject,be_present__extra_long__1430,1.7806712962962963,27,0.014178240740740741
llama32_3b,be_present,extra_long,subject,be_present__extra_long__1447,2.1553819444444446,27,0.011863425925925927
llama32_3b,be_present,extra_long,subject,be_present__extra_long__1473,1.9620949074074074,27,0.010416666666666666
llama32_3b,be_present,extra_long,subject,be_present__extra_long__1475,1.5619212962962963,27,0.009837962962962963
llama32_3b,be_present,extra_long,subject,be_present__extra_long__1488,1.997974537037037,27,0.006076388888888889
llama32_3b,be_present,extra_long,subject,be_present__extra_long__1494,1.7019675925925926,27,0.0008680555555555555
llama32_3b,be_present,extra_long,subject,be_present__extra_long__1526,0.9728009259259259,27,0.0028935185185185184
llama32_3b,be_present,extra_long,subject,be_present__extra_long__1580,1.6154513888888888,27,-0.0014467592592592592
llama32_3b,be_present,extra_long,subject,be_present__extra_long__1583,2.1027199074074074,27,-0.003472222222222222
llama32_3b,be_present,extra_long,subject,be_present__extra_long__16,2.1105324074074074,27,-0.011863425925925927
llama32_3b,be_present,extra_long,subject,be_present__extra_long__1622,1.5387731481481481,27,-0.0005787037037037037
llama32_3b,be_present,extra_long,subject,be_present__extra_long__1636,1.4806134259259258,27,-0.0078125
llama32_3b,be_present,extra_long,subject,be_present__extra_long__185,1.7152777777777777,27,0.013599537037037037
llama32_3b,be_present,extra_long,subject,be_present__extra_long__193,1.15625,27,0.008969907407407407
llama32_3b,be_present,extra_long,subject,be_present__extra_long__199,1.1889467592592593,27,0.003761574074074074
llama32_3b,be_present,extra_long,subject,be_present__extra_long__204,2.0442708333333335,27,0.00636574074074074
llama32_3b,be_present,extra_long,subject,be_present__extra_long__209,2.433449074074074,27,0.004340277777777778
llama32_3b,be_present,extra_long,subject,be_present__extra_long__252,1.6866319444444444,27,-0.004629629629629629
llama32_3b,be_present,extra_long,subject,be_present__extra_long__262,1.8862847222222223,27,-0.008969907407407407
llama32_3b,be_present,extra_long,subject,be_present__extra_long__271,2.029513888888889,27,0.008391203703703705
llama32_3b,be_present,extra_long,subject,be_present__extra_long__299,1.4427083333333333,27,-0.02228009259259259
llama32_3b,be_present,extra_long,subject,be_present__extra_long__30,1.9305555555555556,27,-0.002025462962962963
llama32_3b,be_present,extra_long,subject,be_present__extra_long__301,1.1232638888888888,27,0.00028935185185185184
llama32_3b,be_present,extra_long,subject,be_present__extra_long__307,0.9641203703703703,27,-0.005497685185185185
llama32_3b,be_present,extra_long,subject,be_present__extra_long__333,1.3133680555555556,27,0.014467592592592593
llama32_3b,be_present,extra_long,subject,be_present__extra_long__352,1.4476273148148149,27,0.010127314814814815
llama32_3b,be_present,extra_long,subject,be_present__extra_long__372,1.7601273148148149,27,0.011863425925925927
llama32_3b,be_present,extra_long,subject,be_present__extra_long__375,1.658275462962963,27,0.010127314814814815
llama32_3b,be_present,extra_long,subject,be_present__extra_long__382,1.8466435185185186,27,0.007523148148148148
llama32_3b,be_present,extra_long,subject,be_present__extra_long__409,1.6302083333333333,27,0.0026041666666666665
llama32_3b,be_present,extra_long,subject,be_present__extra_long__412,1.7679398148148149,27,0.0
llama32_3b,be_present,extra_long,subject,be_present__extra_long__421,1.6840277777777777,27,-0.014467592592592593
llama32_3b,be_present,extra_long,subject,be_present__extra_long__428,1.2774884259259258,27,-0.004050925925925926
llama32_3b,be_present,extra_long,subject,be_present__extra_long__439,1.6435185185185186,27,0.0023148148148148147
llama32_3b,be_present,extra_long,subject,be_present__extra_long__45,1.0460069444444444,27,0.01070601851851852
llama32_3b,be_present,extra_long,subject,be_present__extra_long__454,1.8087384259259258,27,-0.01678240740740741
llama32_3b,be_present,extra_long,subject,be_present__extra_long__465,1.6027199074074074,27,0.002025462962962963
llama32_3b,be_present,extra_long,subject,be_present__extra_long__479,1.5344328703703705,27,-0.01070601851851852
llama32_3b,be_present,extra_long,subject,be_present__extra_long__480,1.9453125,27,-0.006655092592592593
llama32_3b,be_present,extra_long,subject,be_present__extra_long__482,1.8923611111111112,27,0.01099537037037037
llama32_3b,be_present,extra_long,subject,be_present__extra_long__484,1.537037037037037,27,-0.00318287037037037
llama32_3b,be_present,extra_long,subject,be_present__extra_long__486,1.5954861111111112,27,-0.004629629629629629
llama32_3b,be_present,extra_long,subject,be_present__extra_long__487,1.9976851851851851,27,0.0078125
llama32_3b,be_present,extra_long,subject,be_present__extra_long__491,1.9230324074074074,27,0.02025462962962963
llama32_3b,be_present,extra_long,subject,be_present__extra_long__515,1.5344328703703705,27,0.008680555555555556
llama32_3b,be_present,extra_long,subject,be_present__extra_long__523,1.8049768518518519,27,0.005208333333333333
llama32_3b,be_present,extra_long,subject,be_present__extra_long__533,1.6924189814814814,27,0.009548611111111112
llama32_3b,be_present,extra_long,subject,be_present__extra_long__536,1.3825231481481481,27,0.003761574074074074
llama32_3b,be_present,extra_long,subject,be_present__extra_long__552,1.4655671296296295,27,0.006655092592592593
llama32_3b,be_present,extra_long,subject,be_present__extra_long__561,1.408275462962963,27,0.008969907407407407
llama32_3b,be_present,extra_long,subject,be_present__extra_long__576,1.4348958333333333,27,-0.00318287037037037
llama32_3b,be_present,extra_long,subject,be_present__extra_long__583,1.1669560185185186,27,0.008969907407407407
llama32_3b,be_present,extra_long,subject,be_present__extra_long__589,1.5532407407407407,27,0.006076388888888889
llama32_3b,be_present,extra_long,subject,be_present__extra_long__592,1.3492476851851851,27,0.003472222222222222
llama32_3b,be_present,extra_long,subject,be_present__extra_long__60,1.7607060185185186,27,0.007523148148148148
llama32_3b,be_present,extra_long,subject,be_present__extra_long__651,1.6333912037037037,27,0.0
llama32_3b,be_present,extra_long,subject,be_present__extra_long__652,1.9322916666666667,27,0.0005787037037037037
llama32_3b,be_present,extra_long,subject,be_present__extra_long__655,1.8799189814814814,27,-0.001736111111111111
llama32_3b,be_present,extra_long,subject,be_present__extra_long__66,1.4918981481481481,27,0.009548611111111112
llama32_3b,be_present,extra_long,subject,be_present__extra_long__661,1.6788194444444444,27,0.0005787037037037037
llama32_3b,be_present,extra_long,subject,be_present__extra_long__673,1.5494791666666667,27,-0.0078125
llama32_3b,be_present,extra_long,subject,be_present__extra_long__693,1.7430555555555556,27,0.006655092592592593
llama32_3b,be_present,extra_long,subject,be_present__extra_long__701,1.6302083333333333,27,0.009548611111111112
llama32_3b,be_present,extra_long,subject,be_present__extra_long__725,1.587962962962963,27,0.0028935185185185184
llama32_3b,be_present,extra_long,subject,be_present__extra_long__731,1.3449074074074074,27,0.004918981481481482
llama32_3b,be_present,extra_long,subject,be_present__extra_long__760,1.341724537037037,27,0.009259259259259259
llama32_3b,be_present,extra_long,subject,be_present__extra_long__768,1.3787615740740742,27,0.005497685185185185
llama32_3b,be_present,extra_long,subject,be_present__extra_long__79,1.4288194444444444,27,0.0005787037037037037
llama32_3b,be_present,extra_long,subject,be_present__extra_long__833,1.0619212962962963,27,-0.0026041666666666665
llama32_3b,be_present,extra_long,subject,be_present__extra_long__858,0.8139467592592593,27,0.0005787037037037037
llama32_3b,be_present,extra_long,subject,be_present__extra_long__902,1.3686342592592593,27,0.00318287037037037
llama32_3b,be_present,extra_long,subject,be_present__extra_long__904,1.6403356481481481,27,0.006655092592592593
llama32_3b,be_present,extra_long,subject,be_present__extra_long__916,1.6053240740740742,27,0.01070601851851852
llama32_3b,be_present,extra_long,subject,be_present__extra_long__917,1.7957175925925926,27,-0.003472222222222222
llama32_3b,be_present,extra_long,subject,be_present__extra_long__919,1.3023726851851851,27,0.00318287037037037
llama32_3b,be_present,extra_long,subject,be_present__extra_long__924,1.3061342592592593,27,0.013020833333333334
llama32_3b,be_present,extra_long,subject,be_present__extra_long__979,1.5222800925925926,27,0.005208333333333333
llama32_3b,be_present,extra_long,subject,be_present__extra_long__987,1.3758680555555556,27,-0.0026041666666666665
llama32_3b,be_present,extra_long,subject,be_present__extra_long__989,1.5830439814814814,27,0.016203703703703703
llama32_3b,be_present,long,between_subject_distractor,be_present__long__101,0.5381944444444444,54,-0.0010127314814814814
llama32_3b,be_present,long,between_subject_distractor,be_present__long__1011,0.6453993055555556,54,-0.01707175925925926
llama32_3b,be_present,long,between_subject_distractor,be_present__long__1024,0.6008391203703703,54,-0.020543981481481483
llama32_3b,be_present,long,between_subject_distractor,be_present__long__1062,0.9089988425925926,54,0.007378472222222222
llama32_3b,be_present,long,between_subject_distractor,be_present__long__1074,0.9419849537037037,54,0.006076388888888889
llama32_3b,be_present,long,between_subject_distractor,be_present__long__1079,1.1119791666666667,54,0.015046296296296295
llama32_3b,be_present,long,between_subject_distractor,be_present__long__1097,0.6843171296296297,54,-0.006799768518518518
llama32_3b,be_present,long,between_subject_distractor,be_present__long__1098,0.7961516203703703,54,-0.002170138888888889
llama32_3b,be_present,long,between_subject_distractor,be_present__long__1112,0.9389467592592593,54,0.012876157407407407
llama32_3b,be_present,long,between_subject_distractor,be_present__long__1126,0.7120949074074074,54,0.002459490740740741
llama32_3b,be_present,long,between_subject_distractor,be_present__long__1156,0.4489776234567901,81,0.0011574074074074073
llama32_3b,be_present,long,between_subject_distractor,be_present__long__1165,0.7275752314814815,54,-0.005063657407407407
llama32_3b,be_present,long,between_subject_distractor,be_present__long__1178,0.4513888888888889,54,0.007523148148148148
llama32_3b,be_present,long,between_subject_distractor,be_present__long__1179,0.5154803240740741,54,0.00014467592592592592
llama32_3b,be_present,long,between_subject_distractor,be_present__long__1202,0.9918981481481481,54,0.013744212962962963
llama32_3b,be_present,long,between_subject_distractor,be_present__long__1203,0.9946469907407407,54,0.016637731481481483
llama32_3b,be_present,long,between_subject_distractor,be_present__long__1224,0.9524016203703703,54,0.005642361111111111
llama32_3b,be_present,long,between_subject_distractor,be_present__long__1232,0.9088541666666666,54,0.004050925925925926
llama32_3b,be_present,long,between_subject_distractor,be_present__long__1254,0.7758969907407407,54,0.0014467592592592592
llama32_3b,be_present,long,between_subject_distractor,be_present__long__1272,0.7133969907407407,54,0.016059027777777776
llama32_3b,be_present,long,between_subject_distractor,be_present__long__1314,0.6963252314814815,54,0.0008680555555555555
llama32_3b,be_present,long,between_subject_distractor,be_present__long__1325,0.5717592592592593,54,0.005642361111111111
llama32_3b,be_present,long,between_subject_distractor,be_present__long__1327,0.6938657407407407,54,0.0026041666666666665
llama32_3b,be_present,long,between_subject_distractor,be_present__long__1345,0.6516203703703703,54,0.0014467592592592592
llama32_3b,be_present,long,between_subject_distractor,be_present__long__1353,0.6539351851851852,54,-0.0027488425925925927
llama32_3b,be_present,long,between_subject_distractor,be_present__long__1354,0.4457465277777778,54,-0.007523148148148148
llama32_3b,be_present,long,between_subject_distractor,be_present__long__1360,1.0050636574074074,54,0.006076388888888889
llama32_3b,be_present,long,between_subject_distractor,be_present__long__1387,0.6889467592592593,54,0.0026041666666666665
llama32_3b,be_present,long,between_subject_distractor,be_present__long__1430,0.8324652777777778,54,0.009837962962962963
llama32_3b,be_present,long,between_subject_distractor,be_present__long__1447,0.7280092592592593,54,0.007667824074074074
llama32_3b,be_present,long,between_subject_distractor,be_present__long__1454,0.7563657407407407,54,0.010561342592592593
llama32_3b,be_present,long,between_subject_distractor,be_present__long__1459,0.5677083333333334,54,0.010561342592592593
llama32_3b,be_present,long,between_subject_distractor,be_present__long__1465,0.5555555555555556,54,0.005642361111111111
llama32_3b,be_present,long,between_subject_distractor,be_present__long__1472,0.7097800925925926,54,0.014178240740740741
llama32_3b,be_present,long,between_subject_distractor,be_present__long__1474,0.5096932870370371,54,0.0
llama32_3b,be_present,long,between_subject_distractor,be_present__long__1475,0.4657118055555556,54,0.0026041666666666665
llama32_3b,be_present,long,between_subject_distractor,be_present__long__1511,0.8932291666666666,54,0.007089120370370371
llama32_3b,be_present,long,between_subject_distractor,be_present__long__1568,0.8780381944444444,54,0.009693287037037037
llama32_3b,be_present,long,between_subject_distractor,be_present__long__1587,0.9406828703703703,54,0.015046296296296295
llama32_3b,be_present,long,between_subject_distractor,be_present__long__1622,0.5410879629629629,54,0.0010127314814814814
llama32_3b,be_present,long,between_subject_distractor,be_present__long__1630,0.7160011574074074,54,-0.002025462962962963
llama32_3b,be_present,long,between_subject_distractor,be_present__long__1639,0.6848958333333334,54,0.0013020833333333333
llama32_3b,be_present,long,between_subject_distractor,be_present__long__186,0.9422743055555556,54,0.010416666666666666
llama32_3b,be_present,long,between_subject_distractor,be_present__long__200,0.9775752314814815,54,0.00882523148148148
llama32_3b,be_present,long,between_subject_distractor,be_present__long__219,0.7702546296296297,54,-0.0010127314814814814
llama32_3b,be_present,long,between_subject_distractor,be_present__long__227,0.4401041666666667,54,0.004774305555555556
llama32_3b,be_present,long,between_subject_distractor,be_present__long__238,0.9503761574074074,54,0.014033564814814815
llama32_3b,be_present,long,between_subject_distractor,be_present__long__276,0.6297260802469136,81,-0.005497685185185185
llama32_3b,be_present,long,between_subject_distractor,be_present__long__287,0.8517071759259259,54,-0.010561342592592593
llama32_3b,be_present,long,between_subject_distractor,be_present__long__293,1.0572916666666667,54,0.020109953703703703
llama32_3b,be_present,long,between_subject_distractor,be_present__long__298,0.9891493055555556,54,0.002170138888888889
llama32_3b,be_present,long,between_subject_distractor,be_present__long__307,0.6199363425925926,54,0.005642361111111111
llama32_3b,be_present,long,between_subject_distractor,be_present__long__310,1.1345486111111112,54,0.013599537037037037
llama32_3b,be_present,long,between_subject_distractor,be_present__long__317,0.8695023148148148,54,0.007957175925925927
llama32_3b,be_present,long,between_subject_distractor,be_present__long__33,0.8574942129629629,54,0.013310185185185185
llama32_3b,be_present,long,between_subject_distractor,be_present__long__332,1.0383391203703705,54,0.004050925925925926
llama32_3b,be_present,long,between_subject_distractor,be_present__long__333,0.8478009259259259,54,0.01070601851851852
llama32_3b,be_present,long,between_subject_distractor,be_present__long__345,0.7223668981481481,54,0.00318287037037037
llama32_3b,be_present,long,between_subject_distractor,be_present__long__351,1.0169270833333333,54,0.01244212962962963
llama32_3b,be_present,long,between_subject_distractor,be_present__long__354,0.6485821759259259,54,0.003761574074074074
llama32_3b,be_present,long,between_subject_distractor,be_present__long__355,0.9103009259259259,54,-0.001591435185185185
llama32_3b,be_present,long,between_subject_distractor,be_present__long__383,1.263744212962963,54,0.011284722222222222
llama32_3b,be_present,long,between_subject_distractor,be_present__long__399,1.1232638888888888,54,0.007089120370370371
llama32_3b,be_present,long,between_subject_distractor,be_present__long__415,0.8485243055555556,54,-0.005063657407407407
llama32_3b,be_present,long,between_subject_distractor,be_present__long__421,0.6657986111111112,54,-0.0023148148148148147
llama32_3b,be_present,long,between_subject_distractor,be_present__long__44,0.8692129629629629,54,0.008101851851851851
llama32_3b,be_present,long,between_subject_distractor,be_present__long__451,0.8884548611111112,54,0.007957175925925927
llama32_3b,be_present,long,between_subject_distractor,be_present__long__452,0.8363715277777778,54,0.005642361111111111
llama32_3b,be_present,long,between_subject_distractor,be_present__long__487,0.7089120370370371,54,-0.0026041666666666665
llama32_3b,be_present,long,between_subject_distractor,be_present__long__491,0.8965567129629629,54,0.010127314814814815
llama32_3b,be_present,long,between_subject_distractor,be_present__long__496,0.7780671296296297,54,0.0033275462962962963
llama32_3b,be_present,long,between_subject_distractor,be_present__long__498,0.9641203703703703,54,0.014322916666666666
llama32_3b,be_present,long,between_subject_distractor,be_present__long__533,0.7126736111111112,54,-0.007667824074074074
llama32_3b,be_present,long,between_subject_distractor,be_present__long__544,0.5536747685185185,54,-0.009259259259259259
llama32_3b,be_present,long,between_subject_distractor,be_present__long__549,0.5980902777777778,54,-0.01750578703703704
llama32_3b,be_present,long,between_subject_distractor,be_present__long__561,1.3175636574074074,54,0.025752314814814815
llama32_3b,be_present,long,between_subject_distractor,be_present__long__584,1.1095196759259258,54,0.019386574074074073
llama32_3b,be_present,long,between_subject_distractor,be_present__long__655,0.5545428240740741,54,-0.003761574074074074
llama32_3b,be_present,long,between_subject_distractor,be_present__long__66,0.8712384259259259,54,-0.001880787037037037
llama32_3b,be_present,long,between_subject_distractor,be_present__long__671,0.6119791666666666,54,-0.004629629629629629
llama32_3b,be_present,long,between_subject_distractor,be_present__long__68,0.5072337962962963,54,0.005787037037037037
llama32_3b,be_present,long,between_subject_distractor,be_present__long__705,0.5137442129629629,54,-0.002459490740740741
llama32_3b,be_present,long,between_subject_distractor,be_present__long__722,0.8140914351851852,54,0.015480324074074073
llama32_3b,be_present,long,between_subject_distractor,be_present__long__723,0.8314525462962963,54,0.010127314814814815
llama32_3b,be_present,long,between_subject_distractor,be_present__long__74,0.5542534722222222,54,0.006799768518518518
llama32_3b,be_present,long,between_subject_distractor,be_present__long__760,0.7952835648148148,54,0.00636574074074074
llama32_3b,be_present,long,between_subject_distractor,be_present__long__766,0.7324942129629629,54,-0.007233796296296296
llama32_3b,be_present,long,between_subject_distractor,be_present__long__77,0.8428819444444444,54,0.002459490740740741
llama32_3b,be_present,long,between_subject_distractor,be_present__long__79,0.8266782407407407,54,0.0023148148148148147
llama32_3b,be_present,long,between_subject_distractor,be_present__long__793,0.7378472222222222,54,0.002025462962962963
llama32_3b,be_present,long,between_subject_distractor,be_present__long__833,0.6668113425925926,54,0.0
llama32_3b,be_present,long,between_subject_distractor,be_present__long__835,0.8340567129629629,54,0.0010127314814814814
llama32_3b,be_present,long,between_subject_distractor,be_present__long__888,0.71484375,54,-0.008101851851851851
llama32_3b,be_present,long,between_subject_distractor,be_present__long__916,0.6398533950617284,81,0.0039544753086419755
llama32_3b,be_present,long,between_subject_distractor,be_present__long__917,0.9629629629629629,54,0.007667824074074074
llama32_3b,be_present,long,between_subject_distractor,be_present__long__922,1.0730613425925926,54,0.01273148148148148
llama32_3b,be_present,long,between_subject_distractor,be_present__long__932,1.0138888888888888,54,0.004629629629629629
llama32_3b,be_present,long,between_subject_distractor,be_present__long__984,0.5611979166666666,54,-0.005787037037037037
llama32_3b,be_present,long,between_subject_distractor,be_present__long__985,0.6717303240740741,54,-0.007957175925925927
llama32_3b,be_present,long,between_subject_distractor,be_present__long__989,0.7377025462962963,54,-0.001591435185185185
llama32_3b,be_present,long,distractor,be_present__long__101,0.19560185185185186,27,0.0011574074074074073
llama32_3b,be_present,long,distractor,be_present__long__1011,0.19849537037037038,27,0.0026041666666666665
llama32_3b,be_present,long,distractor,be_present__long__1024,0.19328703703703703,27,0.02199074074074074
llama32_3b,be_present,long,distractor,be_present__long__1062,0.17505787037037038,27,0.004629629629629629
llama32_3b,be_present,long,distractor,be_present__long__1074,0.1388888888888889,27,-0.004050925925925926
llama32_3b,be_present,long,distractor,be_present__long__1079,0.1394675925925926,27,0.003761574074074074
llama32_3b,be_present,long,distractor,be_present__long__1097,0.2421875,27,0.024016203703703703
llama32_3b,be_present,long,distractor,be_present__long__1098,0.13541666666666666,27,-0.018518518518518517
llama32_3b,be_present,long,distractor,be_present__long__1112,0.17274305555555555,27,-0.009837962962962963
llama32_3b,be_present,long,distractor,be_present__long__1126,0.31452546296296297,27,0.00028935185185185184
llama32_3b,be_present,long,distractor,be_present__long__1156,0.19762731481481483,27,-0.008101851851851851
llama32_3b,be_present,long,distractor,be_present__long__1165,0.19791666666666666,27,-0.017939814814814815
llama32_3b,be_present,long,distractor,be_present__long__1178,0.10300925925925926,27,-0.015914351851851853
llama32_3b,be_present,long,distractor,be_present__long__1179,0.06828703703703703,27,-0.01099537037037037
llama32_3b,be_present,long,distractor,be_present__long__1202,0.18981481481481483,27,-0.01678240740740741
llama32_3b,be_present,long,distractor,be_present__long__1203,0.1339699074074074,27,0.0008680555555555555
llama32_3b,be_present,long,distractor,be_present__long__1224,0.26591435185185186,27,0.007233796296296296
llama32_3b,be_present,long,distractor,be_present__long__1232,0.29224537037037035,27,-0.011284722222222222
llama32_3b,be_present,long,distractor,be_present__long__1254,0.2144097222222222,27,-0.008680555555555556
llama32_3b,be_present,long,distractor,be_present__long__1272,0.24913194444444445,27,0.006944444444444444
llama32_3b,be_present,long,distractor,be_present__long__1314,0.16001157407407407,27,-0.002025462962962963
llama32_3b,be_present,long,distractor,be_present__long__1325,0.1032986111111111,27,0.0026041666666666665
llama32_3b,be_present,long,distractor,be_present__long__1327,0.14091435185185186,27,-0.005497685185185185
llama32_3b,be_present,long,distractor,be_present__long__1345,0.13136574074074073,27,-0.009837962962962963
llama32_3b,be_present,long,distractor,be_present__long__1353,0.09172453703703703,27,0.0
llama32_3b,be_present,long,distractor,be_present__long__1354,0.09693287037037036,27,-0.002025462962962963
llama32_3b,be_present,long,distractor,be_present__long__1360,0.28530092592592593,27,0.013020833333333334
llama32_3b,be_present,long,distractor,be_present__long__1387,0.16984953703703703,27,0.0011574074074074073
llama32_3b,be_present,long,distractor,be_present__long__1430,0.19039351851851852,27,0.0005787037037037037
llama32_3b,be_present,long,distractor,be_present__long__1447,0.11950231481481481,27,0.004629629629629629
llama32_3b,be_present,long,distractor,be_present__long__1454,0.2355324074074074,27,0.008969907407407407
llama32_3b,be_present,long,distractor,be_present__long__1459,0.12094907407407407,27,0.028935185185185185
llama32_3b,be_present,long,distractor,be_present__long__1465,0.2578125,27,-0.0028935185185185184
llama32_3b,be_present,long,distractor,be_present__long__1472,0.2271412037037037,27,0.008969907407407407
llama32_3b,be_present,long,distractor,be_present__long__1474,0.19444444444444445,27,-0.005208333333333333
llama32_3b,be_present,long,distractor,be_present__long__1475,0.1310763888888889,27,-0.00028935185185185184
llama32_3b,be_present,long,distractor,be_present__long__1511,0.2757523148148148,27,-0.01273148148148148
llama32_3b,be_present,long,distractor,be_present__long__1568,0.3599537037037037,27,-0.02662037037037037
llama32_3b,be_present,long,distractor,be_present__long__1587,0.3315972222222222,27,0.0005787037037037037
llama32_3b,be_present,long,distractor,be_present__long__1622,0.1880787037037037,27,-0.002025462962962963
llama32_3b,be_present,long,distractor,be_present__long__1630,0.17708333333333334,27,0.0
llama32_3b,be_present,long,distractor,be_present__long__1639,0.20833333333333334,27,-0.0014467592592592592
llama32_3b,be_present,long,distractor,be_present__long__186,0.21961805555555555,27,-0.001736111111111111
llama32_3b,be_present,long,distractor,be_present__long__200,0.22395833333333334,27,-0.01678240740740741
llama32_3b,be_present,long,distractor,be_present__long__219,0.33796296296296297,27,0.01273148148148148
llama32_3b,be_present,long,distractor,be_present__long__227,0.0625,27,-0.04050925925925926
llama32_3b,be_present,long,distractor,be_present__long__238,0.3862847222222222,27,0.04398148148148148
llama32_3b,be_present,long,distractor,be_present__long__276,0.2065972222222222,27,-0.04311342592592592
llama32_3b,be_present,long,distractor,be_present__long__287,0.1712962962962963,27,-0.018229166666666668
llama32_3b,be_present,long,distractor,be_present__long__293,0.1762152777777778,27,0.010416666666666666
llama32_3b,be_present,long,distractor,be_present__long__298,0.17997685185185186,27,0.004050925925925926
llama32_3b,be_present,long,distractor,be_present__long__307,0.18605324074074073,27,-0.02459490740740741
llama32_3b,be_present,long,distractor,be_present__long__310,0.2855902777777778,27,0.013888888888888888
llama32_3b,be_present,long,distractor,be_present__long__317,0.2864583333333333,27,-0.02662037037037037
llama32_3b,be_present,long,distractor,be_present__long__33,0.25752314814814814,27,0.01678240740740741
llama32_3b,be_present,long,distractor,be_present__long__332,0.20167824074074073,27,-0.008680555555555556
llama32_3b,be_present,long,distractor,be_present__long__333,0.19241898148148148,27,0.0026041666666666665
llama32_3b,be_present,long,distractor,be_present__long__345,0.10300925925925926,27,-0.02806712962962963
llama32_3b,be_present,long,distractor,be_present__long__351,0.2789351851851852,27,0.014467592592592593
llama32_3b,be_present,long,distractor,be_present__long__354,0.07609953703703703,27,0.0023148148148148147
llama32_3b,be_present,long,distractor,be_present__long__355,0.18373842592592593,27,0.0
llama32_3b,be_present,long,distractor,be_present__long__383,0.30787037037037035,27,0.030671296296296297
llama32_3b,be_present,long,distractor,be_present__long__399,0.2230902777777778,27,-0.005208333333333333
llama32_3b,be_present,long,distractor,be_present__long__415,0.21556712962962962,27,-0.004918981481481482
llama32_3b,be_present,long,distractor,be_present__long__421,0.2254050925925926,27,-0.005497685185185185
llama32_3b,be_present,long,distractor,be_present__long__44,0.2074652777777778,27,-0.004918981481481482
llama32_3b,be_present,long,distractor,be_present__long__451,0.24913194444444445,27,-0.023148148148148147
llama32_3b,be_present,long,distractor,be_present__long__452,0.26591435185185186,27,-0.04398148148148148
llama32_3b,be_present,long,distractor,be_present__long__487,0.1310763888888889,27,-0.024305555555555556
llama32_3b,be_present,long,distractor,be_present__long__491,0.3107638888888889,27,0.004340277777777778
llama32_3b,be_present,long,distractor,be_present__long__496,0.2838541666666667,27,-0.004050925925925926
llama32_3b,be_present,long,distractor,be_present__long__498,0.18055555555555555,27,0.03298611111111111
llama32_3b,be_present,long,distractor,be_present__long__533,0.15393518518518517,27,-0.011574074074074073
llama32_3b,be_present,long,distractor,be_present__long__544,0.27748842592592593,27,-0.010416666666666666
llama32_3b,be_present,long,distractor,be_present__long__549,0.21006944444444445,27,-0.003472222222222222
llama32_3b,be_present,long,distractor,be_present__long__561,0.2829861111111111,27,-0.017939814814814815
llama32_3b,be_present,long,distractor,be_present__long__584,0.46064814814814814,27,-0.019097222222222224
llama32_3b,be_present,long,distractor,be_present__long__655,0.19994212962962962,27,-0.005208333333333333
llama32_3b,be_present,long,distractor,be_present__long__66,0.2572337962962963,27,0.014467592592592593
llama32_3b,be_present,long,distractor,be_present__long__671,0.22251157407407407,27,-0.009837962962962963
llama32_3b,be_present,long,distractor,be_present__long__68,0.21180555555555555,27,-0.015335648148148149
llama32_3b,be_present,long,distractor,be_present__long__705,0.1652199074074074,27,-0.03501157407407408
llama32_3b,be_present,long,distractor,be_present__long__722,0.28096064814814814,27,-0.004918981481481482
llama32_3b,be_present,long,distractor,be_present__long__723,0.38859953703703703,27,0.003761574074074074
llama32_3b,be_present,long,distractor,be_present__long__74,0.12008101851851852,27,-0.00318287037037037
llama32_3b,be_present,long,distractor,be_present__long__760,0.3098958333333333,27,0.020833333333333332
llama32_3b,be_present,long,distractor,be_present__long__766,0.15827546296296297,27,-0.016203703703703703
llama32_3b,be_present,long,distractor,be_present__long__77,0.27314814814814814,27,-0.022569444444444444
llama32_3b,be_present,long,distractor,be_present__long__79,0.12268518518518519,27,-0.03356481481481482
llama32_3b,be_present,long,distractor,be_present__long__793,0.16001157407407407,27,0.006944444444444444
llama32_3b,be_present,long,distractor,be_present__long__833,0.2103587962962963,27,-0.0026041666666666665
llama32_3b,be_present,long,distractor,be_present__long__835,0.22511574074074073,27,-0.007523148148148148
llama32_3b,be_present,long,distractor,be_present__long__888,0.07957175925925926,27,-0.02488425925925926
llama32_3b,be_present,long,distractor,be_present__long__916,0.21643518518518517,27,-0.006655092592592593
llama32_3b,be_present,long,distractor,be_present__long__917,0.25810185185185186,27,-0.04369212962962963
llama32_3b,be_present,long,distractor,be_present__long__922,0.29716435185185186,27,-0.017939814814814815
llama32_3b,be_present,long,distractor,be_present__long__932,0.23813657407407407,27,-0.030671296296296297
llama32_3b,be_present,long,distractor,be_present__long__984,0.14988425925925927,27,0.003472222222222222
llama32_3b,be_present,long,distractor,be_present__long__985,0.1730324074074074,27,-0.013888888888888888
llama32_3b,be_present,long,distractor,be_present__long__989,0.19068287037037038,27,0.012152777777777778
llama32_3b,be_present,long,filler_after_distractor,be_present__long__101,0.4130658436213992,243,-0.0031507201646090535
llama32_3b,be_present,long,filler_after_distractor,be_present__long__1011,0.3871849279835391,243,0.006526491769547325
llama32_3b,be_present,long,filler_after_distractor,be_present__long__1024,0.3397633744855967,243,0.003729423868312757
llama32_3b,be_present,long,filler_after_distractor,be_present__long__1062,0.39538323045267487,243,0.00051440329218107
llama32_3b,be_present,long,filler_after_distractor,be_present__long__1074,0.4100437242798354,243,-0.004083076131687242
llama32_3b,be_present,long,filler_after_distractor,be_present__long__1079,0.5305426954732511,243,0.00720164609053498
llama32_3b,be_present,long,filler_after_distractor,be_present__long__1097,0.42836934156378603,243,-0.00472608024691358
llama32_3b,be_present,long,filler_after_distractor,be_present__long__1098,0.4098186728395062,243,0.0008037551440329218
llama32_3b,be_present,long,filler_after_distractor,be_present__long__1112,0.5476144547325102,243,0.007362397119341564
llama32_3b,be_present,long,filler_after_distractor,be_present__long__1126,0.71997170781893,243,-0.010320216049382717
llama32_3b,be_present,long,filler_after_distractor,be_present__long__1156,0.45116383744855965,243,-0.0018647119341563786
llama32_3b,be_present,long,filler_after_distractor,be_present__long__1165,0.46846064814814814,243,-0.006494341563786008
llama32_3b,be_present,long,filler_after_distractor,be_present__long__1178,0.2673611111111111,243,0.005176183127572016
llama32_3b,be_present,long,filler_after_distractor,be_present__long__1179,0.3106352880658436,243,-0.004886831275720165
llama32_3b,be_present,long,filler_after_distractor,be_present__long__1202,0.630883487654321,243,0.0050475823045267485
llama32_3b,be_present,long,filler_after_distractor,be_present__long__1203,0.6073816872427984,243,0.006397890946502058
llama32_3b,be_present,long,filler_after_distractor,be_present__long__1224,0.5454925411522634,243,0.00893775720164609
llama32_3b,be_present,long,filler_after_distractor,be_present__long__1232,0.5399627057613169,243,0.0012217078189300412
llama32_3b,be_present,long,filler_after_distractor,be_present__long__1254,0.6513631687242798,243,-0.0034400720164609053
llama32_3b,be_present,long,filler_after_distractor,be_present__long__1272,0.6329411008230452,243,0.012763631687242798
llama32_3b,be_present,long,filler_after_distractor,be_present__long__1314,0.45617926954732513,243,-0.006719393004115226
llama32_3b,be_present,long,filler_after_distractor,be_present__long__1325,0.38178369341563784,243,0.00996656378600823
llama32_3b,be_present,long,filler_after_distractor,be_present__long__1327,0.4098186728395062,243,0.0005787037037037037
llama32_3b,be_present,long,filler_after_distractor,be_present__long__1345,0.3445537551440329,243,0.0007394547325102881
llama32_3b,be_present,long,filler_after_distractor,be_present__long__1353,0.364551183127572,243,-0.004597479423868313
llama32_3b,be_present,long,filler_after_distractor,be_present__long__1354,0.2654963991769547,243,-0.003793724279835391
llama32_3b,be_present,long,filler_after_distractor,be_present__long__1360,0.4989068930041152,243,0.0038258744855967078
llama32_3b,be_present,long,filler_after_distractor,be_present__long__1387,0.38689557613168724,243,-0.0033436213991769547
llama32_3b,be_present,long,filler_after_distractor,be_present__long__1430,0.4678497942386831,243,0.005979938271604938
llama32_3b,be_present,long,filler_after_distractor,be_present__long__1447,0.6539351851851852,243,0.004275977366255144
llama32_3b,be_present,long,filler_after_distractor,be_present__long__1454,0.592946244855967,243,0.005401234567901234
llama32_3b,be_present,long,filler_after_distractor,be_present__long__1459,0.5103845164609053,243,0.0019290123456790122
llama32_3b,be_present,long,filler_after_distractor,be_present__long__1465,0.6368312757201646,243,-0.00318287037037037
llama32_3b,be_present,long,filler_after_distractor,be_present__long__1472,0.6353202160493827,243,0.004629629629629629
llama32_3b,be_present,long,filler_after_distractor,be_present__long__1474,0.5233410493827161,243,-0.0038580246913580245
llama32_3b,be_present,long,filler_after_distractor,be_present__long__1475,0.47784850823045266,243,0.0013824588477366255
llama32_3b,be_present,long,filler_after_distractor,be_present__long__1511,0.5995048868312757,243,-0.0011252572016460906
llama32_3b,be_present,long,filler_after_distractor,be_present__long__1568,0.48543595679012347,243,-0.006172839506172839
llama32_3b,be_present,long,filler_after_distractor,be_present__long__1587,0.5351723251028807,243,-0.009259259259259259
llama32_3b,be_present,long,filler_after_distractor,be_present__long__1622,0.4420974794238683,243,0.00041795267489711934
llama32_3b,be_present,long,filler_after_distractor,be_present__long__1630,0.494823816872428,243,-0.0036651234567901233
llama32_3b,be_present,long,filler_after_distractor,be_present__long__1639,0.5788966049382716,243,0.004918981481481482
llama32_3b,be_present,long,filler_after_distractor,be_present__long__186,0.41200488683127573,243,0.005465534979423869
llama32_3b,be_present,long,filler_after_distractor,be_present__long__200,0.42666538065843623,243,0.005465534979423869
llama32_3b,be_present,long,filler_after_distractor,be_present__long__219,0.5739454732510288,243,-0.00205761316872428
llama32_3b,be_present,long,filler_after_distractor,be_present__long__227,0.33603395061728397,243,-0.0034079218106995886
llama32_3b,be_present,long,filler_after_distractor,be_present__long__238,0.7924704218106996,243,0.011284722222222222
llama32_3b,be_present,long,filler_after_distractor,be_present__long__276,0.4618698559670782,243,-0.011702674897119342
llama32_3b,be_present,long,filler_after_distractor,be_present__long__287,0.41287294238683125,243,-0.003311471193415638
llama32_3b,be_present,long,filler_after_distractor,be_present__long__293,0.4480131172839506,243,0.004758230452674897
llama32_3b,be_present,long,filler_after_distractor,be_present__long__298,0.380176183127572,243,-0.009194958847736625
llama32_3b,be_present,long,filler_after_distractor,be_present__long__307,0.36329732510288065,243,0.0131494341563786
llama32_3b,be_present,long,filler_after_distractor,be_present__long__310,0.4721257716049383,243,0.009002057613168725
llama32_3b,be_present,long,filler_after_distractor,be_present__long__317,0.3662551440329218,243,-0.005336934156378601
llama32_3b,be_present,long,filler_after_distractor,be_present__long__33,0.5607317386831275,243,0.009484310699588477
llama32_3b,be_present,long,filler_after_distractor,be_present__long__332,0.532568158436214,243,0.0007716049382716049
llama32_3b,be_present,long,filler_after_distractor,be_present__long__333,0.5015432098765432,243,0.0038258744855967078
llama32_3b,be_present,long,filler_after_distractor,be_present__long__345,0.37490354938271603,243,-0.0013824588477366255
llama32_3b,be_present,long,filler_after_distractor,be_present__long__351,0.5833011831275721,243,0.0076517489711934155
llama32_3b,be_present,long,filler_after_distractor,be_present__long__354,0.3471257716049383,243,-0.002218364197530864
llama32_3b,be_present,long,filler_after_distractor,be_present__long__355,0.4618698559670782,243,-0.005529835390946502
llama32_3b,be_present,long,filler_after_distractor,be_present__long__383,0.6286651234567902,243,-0.0005787037037037037
llama32_3b,be_present,long,filler_after_distractor,be_present__long__399,0.5892489711934157,243,-0.005401234567901234
llama32_3b,be_present,long,filler_after_distractor,be_present__long__415,0.4496206275720165,243,0.0013181584362139918
llama32_3b,be_present,long,filler_after_distractor,be_present__long__421,0.3929398148148148,243,-0.001993312757201646
llama32_3b,be_present,long,filler_after_distractor,be_present__long__44,0.5362654320987654,243,0.0026684670781893004
llama32_3b,be_present,long,filler_after_distractor,be_present__long__451,0.53125,243,-0.0004501028806584362
llama32_3b,be_present,long,filler_after_distractor,be_present__long__452,0.5541409465020576,243,-0.006687242798353909
llama32_3b,be_present,long,filler_after_distractor,be_present__long__487,0.5000964506172839,243,-0.00720164609053498
llama32_3b,be_present,long,filler_after_distractor,be_present__long__491,0.6616833847736625,243,0.007490997942386831
llama32_3b,be_present,long,filler_after_distractor,be_present__long__496,0.4792631172839506,243,-0.006301440329218107
llama32_3b,be_present,long,filler_after_distractor,be_present__long__498,0.5828510802469136,243,0.006976594650205762
llama32_3b,be_present,long,filler_after_distractor,be_present__long__533,0.44396219135802467,243,0.0061406893004115224
llama32_3b,be_present,long,filler_after_distractor,be_present__long__544,0.3843878600823045,243,-0.003504372427983539
llama32_3b,be_present,long,filler_after_distractor,be_present__long__549,0.3969264403292181,243,-0.0015753600823045267
llama32_3b,be_present,long,filler_after_distractor,be_present__long__561,0.5490612139917695,243,0.004436728395061728
llama32_3b,be_present,long,filler_after_distractor,be_present__long__584,0.6080889917695473,243,0.008455504115226338
llama32_3b,be_present,long,filler_after_distractor,be_present__long__655,0.47665895061728397,243,0.0007073045267489712
llama32_3b,be_present,long,filler_after_distractor,be_present__long__66,0.5652649176954733,243,-0.0013824588477366255
llama32_3b,be_present,long,filler_after_distractor,be_present__long__671,0.4864647633744856,243,-0.00945216049382716
llama32_3b,be_present,long,filler_after_distractor,be_present__long__68,0.3869920267489712,243,0.0009002057613168725
llama32_3b,be_present,long,filler_after_distractor,be_present__long__705,0.36686599794238683,243,-0.012024176954732511
llama32_3b,be_present,long,filler_after_distractor,be_present__long__722,0.35564557613168724,243,0.00257201646090535
llama32_3b,be_present,long,filler_after_distractor,be_present__long__723,0.3591820987654321,243,0.0006751543209876543
llama32_3b,be_present,long,filler_after_distractor,be_present__long__74,0.4539930555555556,243,0.00318287037037037
llama32_3b,be_present,long,filler_after_distractor,be_present__long__760,0.4184349279835391,243,0.005176183127572016
llama32_3b,be_present,long,filler_after_distractor,be_present__long__766,0.39184670781893005,243,0.005626286008230453
llama32_3b,be_present,long,filler_after_distractor,be_present__long__77,0.46125900205761317,243,0.0
llama32_3b,be_present,long,filler_after_distractor,be_present__long__79,0.5385802469135802,243,-0.008005401234567902
llama32_3b,be_present,long,filler_after_distractor,be_present__long__793,0.3854166666666667,243,0.0007073045267489712
llama32_3b,be_present,long,filler_after_distractor,be_present__long__833,0.46289866255144035,243,0.005401234567901234
llama32_3b,be_present,long,filler_after_distractor,be_present__long__835,0.45347865226337447,243,0.003793724279835391
llama32_3b,be_present,long,filler_after_distractor,be_present__long__888,0.4773341049382716,243,-0.003536522633744856
llama32_3b,be_present,long,filler_after_distractor,be_present__long__916,0.5579668209876543,243,0.0006751543209876543
llama32_3b,be_present,long,filler_after_distractor,be_present__long__917,0.5346579218106996,243,0.0009645061728395061
llama32_3b,be_present,long,filler_after_distractor,be_present__long__922,0.5930748456790124,243,0.0020897633744855967
llama32_3b,be_present,long,filler_after_distractor,be_present__long__932,0.5574845679012346,243,-0.004436728395061728
llama32_3b,be_present,long,filler_after_distractor,be_present__long__984,0.372460133744856,243,-0.0014146090534979425
llama32_3b,be_present,long,filler_after_distractor,be_present__long__985,0.349022633744856,243,-0.0061406893004115224
llama32_3b,be_present,long,filler_after_distractor,be_present__long__989,0.3292824074074074,243,0.00421167695473251
llama32_3b,be_present,long,final,be_present__long__101,2.8234953703703702,27,0.01099537037037037
llama32_3b,be_present,long,final,be_present__long__1011,2.873263888888889,27,0.006655092592592593
llama32_3b,be_present,long,final,be_present__long__1024,2.7199074074074074,27,0.008391203703703705
llama32_3b,be_present,long,final,be_present__long__1062,3.013599537037037,27,0.01273148148148148
llama32_3b,be_present,long,final,be_present__long__1074,2.8041087962962963,27,0.008680555555555556
llama32_3b,be_present,long,final,be_present__long__1079,3.5240162037037037,27,-0.008969907407407407
llama32_3b,be_present,long,final,be_present__long__1097,2.9331597222222223,27,0.008969907407407407
llama32_3b,be_present,long,final,be_present__long__1098,3.0891203703703702,27,0.015914351851851853
llama32_3b,be_present,long,final,be_present__long__1112,3.3472222222222223,27,0.014756944444444444
llama32_3b,be_present,long,final,be_present__long__1126,3.5072337962962963,27,-0.002025462962962963
llama32_3b,be_present,long,final,be_present__long__1156,3.113136574074074,27,0.009548611111111112
llama32_3b,be_present,long,final,be_present__long__1165,3.1927083333333335,27,0.0005787037037037037
llama32_3b,be_present,long,final,be_present__long__1178,2.6597222222222223,27,0.020543981481481483
llama32_3b,be_present,long,final,be_present__long__1179,2.834201388888889,27,0.012152777777777778
llama32_3b,be_present,long,final,be_present__long__1202,4.559606481481482,27,0.013888888888888888
llama32_3b,be_present,long,final,be_present__long__1203,4.287037037037037,27,0.0005787037037037037
llama32_3b,be_present,long,final,be_present__long__1224,4.245659722222222,27,0.029513888888888888
llama32_3b,be_present,long,final,be_present__long__1232,4.199363425925926,27,-0.032407407407407406
llama32_3b,be_present,long,final,be_present__long__1254,4.37818287037037,27,0.02922453703703704
llama32_3b,be_present,long,final,be_present__long__1272,4.1079282407407405,27,0.030381944444444444
llama32_3b,be_present,long,final,be_present__long__1314,2.6215277777777777,27,0.004629629629629629
llama32_3b,be_present,long,final,be_present__long__1325,2.9539930555555554,27,0.028935185185185185
llama32_3b,be_present,long,final,be_present__long__1327,2.9950810185185186,27,0.012152777777777778
llama32_3b,be_present,long,final,be_present__long__1345,2.8211805555555554,27,0.009259259259259259
llama32_3b,be_present,long,final,be_present__long__1353,2.880787037037037,27,0.002025462962962963
llama32_3b,be_present,long,final,be_present__long__1354,2.4129050925925926,27,0.009259259259259259
llama32_3b,be_present,long,final,be_present__long__1360,3.2077546296296298,27,0.001736111111111111
llama32_3b,be_present,long,final,be_present__long__1387,2.691550925925926,27,0.004340277777777778
llama32_3b,be_present,long,final,be_present__long__1430,3.5107060185185186,27,0.015046296296296295
llama32_3b,be_present,long,final,be_present__long__1447,3.837962962962963,27,-0.027777777777777776
llama32_3b,be_present,long,final,be_present__long__1454,3.9377893518518516,27,-0.013310185185185185
llama32_3b,be_present,long,final,be_present__long__1459,3.634837962962963,27,-0.010416666666666666
llama32_3b,be_present,long,final,be_present__long__1465,3.7896412037037037,27,-0.023148148148148147
llama32_3b,be_present,long,final,be_present__long__1472,4.349247685185185,27,0.0005787037037037037
llama32_3b,be_present,long,final,be_present__long__1474,3.6357060185185186,27,0.001736111111111111
llama32_3b,be_present,long,final,be_present__long__1475,3.0656828703703702,27,0.01765046296296296
llama32_3b,be_present,long,final,be_present__long__1511,3.9215856481481484,27,-0.020543981481481483
llama32_3b,be_present,long,final,be_present__long__1568,3.408275462962963,27,-0.013310185185185185
llama32_3b,be_present,long,final,be_present__long__1587,3.5083912037037037,27,-0.040219907407407406
llama32_3b,be_present,long,final,be_present__long__1622,3.3755787037037037,27,0.015335648148148149
llama32_3b,be_present,long,final,be_present__long__1630,3.363425925925926,27,-0.006076388888888889
llama32_3b,be_present,long,final,be_present__long__1639,3.5827546296296298,27,-0.013599537037037037
llama32_3b,be_present,long,final,be_present__long__186,3.146122685185185,27,0.008969907407407407
llama32_3b,be_present,long,final,be_present__long__200,3.2236689814814814,27,0.01244212962962963
llama32_3b,be_present,long,final,be_present__long__219,3.3660300925925926,27,0.024016203703703703
llama32_3b,be_present,long,final,be_present__long__227,2.5234375,27,0.01880787037037037
llama32_3b,be_present,long,final,be_present__long__238,4.076388888888889,27,0.04398148148148148
llama32_3b,be_present,long,final,be_present__long__276,2.9346064814814814,27,-0.015046296296296295
llama32_3b,be_present,long,final,be_present__long__287,2.9537037037037037,27,0.00636574074074074
llama32_3b,be_present,long,final,be_present__long__293,3.142361111111111,27,0.02546296296296296
llama32_3b,be_present,long,final,be_present__long__298,3.057002314814815,27,0.003472222222222222
llama32_3b,be_present,long,final,be_present__long__307,2.701678240740741,27,0.025173611111111112
llama32_3b,be_present,long,final,be_present__long__310,3.3003472222222223,27,0.014178240740740741
llama32_3b,be_present,long,final,be_present__long__317,2.685185185185185,27,-0.0026041666666666665
llama32_3b,be_present,long,final,be_present__long__33,3.521122685185185,27,0.04079861111111111
llama32_3b,be_present,long,final,be_present__long__332,3.521701388888889,27,0.005497685185185185
llama32_3b,be_present,long,final,be_present__long__333,3.3825231481481484,27,-0.01880787037037037
llama32_3b,be_present,long,final,be_present__long__345,2.9288194444444446,27,-0.007523148148148148
llama32_3b,be_present,long,final,be_present__long__351,3.6458333333333335,27,-0.012152777777777778
llama32_3b,be_present,long,final,be_present__long__354,2.533275462962963,27,0.008391203703703705
llama32_3b,be_present,long,final,be_present__long__355,3.353298611111111,27,-0.02806712962962963
llama32_3b,be_present,long,final,be_present__long__383,3.795428240740741,27,0.0
llama32_3b,be_present,long,final,be_present__long__399,3.6400462962962963,27,-0.030381944444444444
llama32_3b,be_present,long,final,be_present__long__415,3.25,27,0.022569444444444444
llama32_3b,be_present,long,final,be_present__long__421,3.0833333333333335,27,0.019965277777777776
llama32_3b,be_present,long,final,be_present__long__44,3.8547453703703702,27,0.05497685185185185
llama32_3b,be_present,long,final,be_present__long__451,3.5789930555555554,27,0.009837962962962963
llama32_3b,be_present,long,final,be_present__long__452,3.5659722222222223,27,0.016493055555555556
llama32_3b,be_present,long,final,be_present__long__487,3.2346643518518516,27,0.008101851851851851
llama32_3b,be_present,long,final,be_present__long__491,4.055844907407407,27,0.02199074074074074
llama32_3b,be_present,long,final,be_present__long__496,3.603009259259259,27,0.019965277777777776
llama32_3b,be_present,long,final,be_present__long__498,3.9487847222222223,27,0.03269675925925926
llama32_3b,be_present,long,final,be_present__long__533,3.2572337962962963,27,0.027777777777777776
llama32_3b,be_present,long,final,be_present__long__544,2.7531828703703702,27,-0.0023148148148148147
llama32_3b,be_present,long,final,be_present__long__549,2.9878472222222223,27,0.010416666666666666
llama32_3b,be_present,long,final,be_present__long__561,3.3315972222222223,27,0.017939814814814815
llama32_3b,be_present,long,final,be_present__long__584,2.908564814814815,27,0.009548611111111112
llama32_3b,be_present,long,final,be_present__long__655,3.0737847222222223,27,0.019675925925925927
llama32_3b,be_present,long,final,be_present__long__66,3.8642939814814814,27,0.02488425925925926
llama32_3b,be_present,long,final,be_present__long__671,3.2630208333333335,27,-0.0011574074074074073
llama32_3b,be_present,long,final,be_present__long__68,2.9832175925925926,27,0.011863425925925927
llama32_3b,be_present,long,final,be_present__long__705,3.0188078703703702,27,-0.02662037037037037
llama32_3b,be_present,long,final,be_present__long__722,2.728587962962963,27,0.004918981481481482
llama32_3b,be_present,long,final,be_present__long__723,2.751446759259259,27,0.0011574074074074073
llama32_3b,be_present,long,final,be_present__long__74,3.0318287037037037,27,0.03414351851851852
llama32_3b,be_present,long,final,be_present__long__760,2.8038194444444446,27,0.004050925925925926
llama32_3b,be_present,long,final,be_present__long__766,2.9152199074074074,27,0.032407407407407406
llama32_3b,be_present,long,final,be_present__long__77,3.324074074074074,27,0.014467592592592593
llama32_3b,be_present,long,final,be_present__long__79,3.613136574074074,27,-0.00318287037037037
llama32_3b,be_present,long,final,be_present__long__793,2.8292824074074074,27,0.026041666666666668
llama32_3b,be_present,long,final,be_present__long__833,3.146122685185185,27,0.03009259259259259
llama32_3b,be_present,long,final,be_present__long__835,3.1322337962962963,27,0.011863425925925927
llama32_3b,be_present,long,final,be_present__long__888,3.658275462962963,27,0.013020833333333334
llama32_3b,be_present,long,final,be_present__long__916,3.7413194444444446,27,-0.005208333333333333
llama32_3b,be_present,long,final,be_present__long__917,3.587384259259259,27,-0.014756944444444444
llama32_3b,be_present,long,final,be_present__long__922,3.501736111111111,27,0.015625
llama32_3b,be_present,long,final,be_present__long__932,3.375,27,0.01273148148148148
llama32_3b,be_present,long,final,be_present__long__984,2.849537037037037,27,0.015335648148148149
llama32_3b,be_present,long,final,be_present__long__985,2.7450810185185186,27,0.004340277777777778
llama32_3b,be_present,long,final,be_present__long__989,2.7473958333333335,27,0.006944444444444444
llama32_3b,be_present,long,prefix_before_subject,be_present__long__101,0.10648148148148148,27,-0.001736111111111111
llama32_3b,be_present,long,prefix_before_subject,be_present__long__1011,0.2309027777777778,27,-0.00028935185185185184
llama32_3b,be_present,long,prefix_before_subject,be_present__long__1024,0.21846064814814814,27,-0.0028935185185185184
llama32_3b,be_present,long,prefix_before_subject,be_present__long__1062,0.1111111111111111,27,0.0008680555555555555
llama32_3b,be_present,long,prefix_before_subject,be_present__long__1074,0.13310185185185186,27,-0.0011574074074074073
llama32_3b,be_present,long,prefix_before_subject,be_present__long__1079,0.1440972222222222,27,0.008969907407407407
llama32_3b,be_present,long,prefix_before_subject,be_present__long__1097,0.078125,27,0.0014467592592592592
llama32_3b,be_present,long,prefix_before_subject,be_present__long__1098,0.11921296296296297,27,0.0011574074074074073
llama32_3b,be_present,long,prefix_before_subject,be_present__long__1112,0.1021412037037037,27,0.006076388888888889
llama32_3b,be_present,long,prefix_before_subject,be_present__long__1126,0.06828703703703703,27,-0.006076388888888889
llama32_3b,be_present,long,prefix_before_subject,be_present__long__1156,0.11429398148148148,27,-0.001736111111111111
llama32_3b,be_present,long,prefix_before_subject,be_present__long__1165,0.08796296296296297,27,-0.005787037037037037
llama32_3b,be_present,long,prefix_before_subject,be_present__long__1178,0.08738425925925926,27,0.004050925925925926
llama32_3b,be_present,long,prefix_before_subject,be_present__long__1179,0.0763888888888889,27,-0.004629629629629629
llama32_3b,be_present,long,prefix_before_subject,be_present__long__1202,0.08101851851851852,27,0.007233796296296296
llama32_3b,be_present,long,prefix_before_subject,be_present__long__1203,0.08101851851851852,27,0.007233796296296296
llama32_3b,be_present,long,prefix_before_subject,be_present__long__1224,0.09837962962962964,27,0.005208333333333333
llama32_3b,be_present,long,prefix_before_subject,be_present__long__1232,0.0865162037037037,27,0.00318287037037037
llama32_3b,be_present,long,prefix_before_subject,be_present__long__1254,0.08940972222222222,27,-0.005787037037037037
llama32_3b,be_present,long,prefix_before_subject,be_present__long__1272,0.12586805555555555,27,0.01707175925925926
llama32_3b,be_present,long,prefix_before_subject,be_present__long__1314,0.125,27,-0.0026041666666666665
llama32_3b,be_present,long,prefix_before_subject,be_present__long__1325,0.10706018518518519,27,0.0078125
llama32_3b,be_present,long,prefix_before_subject,be_present__long__1327,0.1021412037037037,27,0.002025462962962963
llama32_3b,be_present,long,prefix_before_subject,be_present__long__1345,0.10792824074074074,27,0.0008680555555555555
llama32_3b,be_present,long,prefix_before_subject,be_present__long__1353,0.10445601851851852,27,-0.001736111111111111
llama32_3b,be_present,long,prefix_before_subject,be_present__long__1354,0.0775462962962963,27,-0.0005787037037037037
llama32_3b,be_present,long,prefix_before_subject,be_present__long__1360,0.15480324074074073,27,0.006944444444444444
llama32_3b,be_present,long,prefix_before_subject,be_present__long__1387,0.14149305555555555,27,-0.004918981481481482
llama32_3b,be_present,long,prefix_before_subject,be_present__long__1430,0.14583333333333334,27,0.0014467592592592592
llama32_3b,be_present,long,prefix_before_subject,be_present__long__1447,0.11168981481481481,27,0.01070601851851852
llama32_3b,be_present,long,prefix_before_subject,be_present__long__1454,0.1267361111111111,27,0.006944444444444444
llama32_3b,be_present,long,prefix_before_subject,be_present__long__1459,0.1267361111111111,27,0.009837962962962963
llama32_3b,be_present,long,prefix_before_subject,be_present__long__1465,0.10966435185185185,27,0.0008680555555555555
llama32_3b,be_present,long,prefix_before_subject,be_present__long__1472,0.11689814814814815,27,0.006944444444444444
llama32_3b,be_present,long,prefix_before_subject,be_present__long__1474,0.09288194444444445,27,-0.003472222222222222
llama32_3b,be_present,long,prefix_before_subject,be_present__long__1475,0.11950231481481481,27,0.001736111111111111
llama32_3b,be_present,long,prefix_before_subject,be_present__long__1511,0.11747685185185185,27,0.0005787037037037037
llama32_3b,be_present,long,prefix_before_subject,be_present__long__1568,0.15248842592592593,27,-0.0028935185185185184
llama32_3b,be_present,long,prefix_before_subject,be_present__long__1587,0.16203703703703703,27,-0.004340277777777778
llama32_3b,be_present,long,prefix_before_subject,be_present__long__1622,0.07175925925925926,27,0.0
llama32_3b,be_present,long,prefix_before_subject,be_present__long__1630,0.11921296296296297,27,-0.0023148148148148147
llama32_3b,be_present,long,prefix_before_subject,be_present__long__1639,0.11024305555555555,27,0.003761574074074074
llama32_3b,be_present,long,prefix_before_subject,be_present__long__186,0.1388888888888889,27,0.003761574074074074
llama32_3b,be_present,long,prefix_before_subject,be_present__long__200,0.12355324074074074,27,0.0014467592592592592
llama32_3b,be_present,long,prefix_before_subject,be_present__long__219,0.12962962962962962,27,-0.004629629629629629
llama32_3b,be_present,long,prefix_before_subject,be_present__long__227,0.0998263888888889,27,-0.004050925925925926
llama32_3b,be_present,long,prefix_before_subject,be_present__long__238,0.13483796296296297,27,0.007233796296296296
llama32_3b,be_present,long,prefix_before_subject,be_present__long__276,0.1556712962962963,27,-0.010416666666666666
llama32_3b,be_present,long,prefix_before_subject,be_present__long__287,0.1154513888888889,27,-0.005497685185185185
llama32_3b,be_present,long,prefix_before_subject,be_present__long__293,0.12094907407407407,27,0.004629629629629629
llama32_3b,be_present,long,prefix_before_subject,be_present__long__298,0.12384259259259259,27,-0.0023148148148148147
llama32_3b,be_present,long,prefix_before_subject,be_present__long__307,0.11197916666666667,27,0.01273148148148148
llama32_3b,be_present,long,prefix_before_subject,be_present__long__310,0.13773148148148148,27,0.01099537037037037
llama32_3b,be_present,long,prefix_before_subject,be_present__long__317,0.14293981481481483,27,-0.0008680555555555555
llama32_3b,be_present,long,prefix_before_subject,be_present__long__33,0.10185185185185185,27,0.013888888888888888
llama32_3b,be_present,long,prefix_before_subject,be_present__long__332,0.1339699074074074,27,0.0008680555555555555
llama32_3b,be_present,long,prefix_before_subject,be_present__long__333,0.10271990740740741,27,0.005208333333333333
llama32_3b,be_present,long,prefix_before_subject,be_present__long__345,0.10127314814814815,27,0.003761574074074074
llama32_3b,be_present,long,prefix_before_subject,be_present__long__351,0.14322916666666666,27,0.009837962962962963
llama32_3b,be_present,long,prefix_before_subject,be_present__long__354,0.10532407407407407,27,0.0
llama32_3b,be_present,long,prefix_before_subject,be_present__long__355,0.1087962962962963,27,-0.004918981481481482
llama32_3b,be_present,long,prefix_before_subject,be_present__long__383,0.20891203703703703,27,-0.00318287037037037
llama32_3b,be_present,long,prefix_before_subject,be_present__long__399,0.18287037037037038,27,-0.008680555555555556
llama32_3b,be_present,long,prefix_before_subject,be_present__long__415,0.12528935185185186,27,0.0023148148148148147
llama32_3b,be_present,long,prefix_before_subject,be_present__long__421,0.0763888888888889,27,0.0
llama32_3b,be_present,long,prefix_before_subject,be_present__long__44,0.08188657407407407,27,0.0
llama32_3b,be_present,long,prefix_before_subject,be_present__long__451,0.15856481481481483,27,-0.005497685185185185
llama32_3b,be_present,long,prefix_before_subject,be_present__long__452,0.13136574074074073,27,-0.008680555555555556
llama32_3b,be_present,long,prefix_before_subject,be_present__long__487,0.15364583333333334,27,-0.011863425925925927
llama32_3b,be_present,long,prefix_before_subject,be_present__long__491,0.18229166666666666,27,0.0026041666666666665
llama32_3b,be_present,long,prefix_before_subject,be_present__long__496,0.12094907407407407,27,0.002025462962962963
llama32_3b,be_present,long,prefix_before_subject,be_present__long__498,0.16001157407407407,27,0.008680555555555556
llama32_3b,be_present,long,prefix_before_subject,be_present__long__533,0.13744212962962962,27,0.005787037037037037
llama32_3b,be_present,long,prefix_before_subject,be_present__long__544,0.10300925925925926,27,-0.002025462962962963
llama32_3b,be_present,long,prefix_before_subject,be_present__long__549,0.10734953703703703,27,-0.003761574074074074
llama32_3b,be_present,long,prefix_before_subject,be_present__long__561,0.07783564814814815,27,0.007523148148148148
llama32_3b,be_present,long,prefix_before_subject,be_present__long__584,0.10300925925925926,27,0.015335648148148149
llama32_3b,be_present,long,prefix_before_subject,be_present__long__655,0.08680555555555555,27,0.0005787037037037037
llama32_3b,be_present,long,prefix_before_subject,be_present__long__66,0.09780092592592593,27,-0.00318287037037037
llama32_3b,be_present,long,prefix_before_subject,be_present__long__671,0.09519675925925926,27,-0.006944444444444444
llama32_3b,be_present,long,prefix_before_subject,be_present__long__68,0.09346064814814815,27,-0.0008680555555555555
llama32_3b,be_present,long,prefix_before_subject,be_present__long__705,0.10358796296296297,27,-0.006655092592592593
llama32_3b,be_present,long,prefix_before_subject,be_present__long__722,0.2332175925925926,27,0.00636574074074074
llama32_3b,be_present,long,prefix_before_subject,be_present__long__723,0.21469907407407407,27,-0.00318287037037037
llama32_3b,be_present,long,prefix_before_subject,be_present__long__74,0.07667824074074074,27,-0.002025462962962963
llama32_3b,be_present,long,prefix_before_subject,be_present__long__760,0.21643518518518517,27,0.004629629629629629
llama32_3b,be_present,long,prefix_before_subject,be_present__long__766,0.09403935185185185,27,0.002025462962962963
llama32_3b,be_present,long,prefix_before_subject,be_present__long__77,0.10619212962962964,27,-0.0011574074074074073
llama32_3b,be_present,long,prefix_before_subject,be_present__long__79,0.109375,27,-0.011574074074074073
llama32_3b,be_present,long,prefix_before_subject,be_present__long__793,0.09780092592592593,27,0.0026041666666666665
llama32_3b,be_present,long,prefix_before_subject,be_present__long__833,0.1009837962962963,27,0.005787037037037037
llama32_3b,be_present,long,prefix_before_subject,be_present__long__835,0.11574074074074074,27,0.003472222222222222
llama32_3b,be_present,long,prefix_before_subject,be_present__long__888,0.08709490740740741,27,-0.001736111111111111
llama32_3b,be_present,long,prefix_before_subject,be_present__long__916,0.15538194444444445,27,0.0011574074074074073
llama32_3b,be_present,long,prefix_before_subject,be_present__long__917,0.16898148148148148,27,0.0078125
llama32_3b,be_present,long,prefix_before_subject,be_present__long__922,0.17824074074074073,27,0.0026041666666666665
llama32_3b,be_present,long,prefix_before_subject,be_present__long__932,0.15856481481481483,27,-0.0005787037037037037
llama32_3b,be_present,long,prefix_before_subject,be_present__long__984,0.10792824074074074,27,-0.004050925925925926
llama32_3b,be_present,long,prefix_before_subject,be_present__long__985,0.11168981481481481,27,-0.006944444444444444
llama32_3b,be_present,long,prefix_before_subject,be_present__long__989,0.1316550925925926,27,0.0
llama32_3b,be_present,long,subject,be_present__long__101,1.6814236111111112,27,0.015046296296296295
llama32_3b,be_present,long,subject,be_present__long__1011,1.857349537037037,27,0.004050925925925926
llama32_3b,be_present,long,subject,be_present__long__1024,1.6461226851851851,27,-0.006655092592592593
llama32_3b,be_present,long,subject,be_present__long__1062,1.8206018518518519,27,0.010127314814814815
llama32_3b,be_present,long,subject,be_present__long__1074,1.8559027777777777,27,0.018518518518518517
llama32_3b,be_present,long,subject,be_present__long__1079,2.1765046296296298,27,0.024016203703703703
llama32_3b,be_present,long,subject,be_present__long__1097,1.943287037037037,27,-0.0026041666666666665
llama32_3b,be_present,long,subject,be_present__long__1098,1.8949652777777777,27,0.006655092592592593
llama32_3b,be_present,long,subject,be_present__long__1112,2.1281828703703702,27,0.019965277777777776
llama32_3b,be_present,long,subject,be_present__long__1126,2.7505787037037037,27,0.013020833333333334
llama32_3b,be_present,long,subject,be_present__long__1156,2.774884259259259,27,0.032407407407407406
llama32_3b,be_present,long,subject,be_present__long__1165,2.3874421296296298,27,0.004050925925925926
llama32_3b,be_present,long,subject,be_present__long__1178,1.388599537037037,27,0.01273148148148148
llama32_3b,be_present,long,subject,be_present__long__1179,1.8929398148148149,27,0.013020833333333334
llama32_3b,be_present,long,subject,be_present__long__1202,2.217303240740741,27,0.0028935185185185184
llama32_3b,be_present,long,subject,be_present__long__1203,2.3509837962962963,27,0.00318287037037037
llama32_3b,be_present,long,subject,be_present__long__1224,2.252025462962963,27,-0.001736111111111111
llama32_3b,be_present,long,subject,be_present__long__1232,1.8987268518518519,27,-0.00028935185185185184
llama32_3b,be_present,long,subject,be_present__long__1254,2.1909722222222223,27,-0.004050925925925926
llama32_3b,be_present,long,subject,be_present__long__1272,2.2369791666666665,27,0.018229166666666668
llama32_3b,be_present,long,subject,be_present__long__1314,1.6440972222222223,27,0.008969907407407407
llama32_3b,be_present,long,subject,be_present__long__1325,1.3585069444444444,27,0.0028935185185185184
llama32_3b,be_present,long,subject,be_present__long__1327,1.5002893518518519,27,-0.0005787037037037037
llama32_3b,be_present,long,subject,be_present__long__1345,1.3087384259259258,27,0.0008680555555555555
llama32_3b,be_present,long,subject,be_present__long__1353,1.2112268518518519,27,-0.008680555555555556
llama32_3b,be_present,long,subject,be_present__long__1354,0.8449074074074074,27,-0.00028935185185185184
llama32_3b,be_present,long,subject,be_present__long__1360,1.673900462962963,27,-0.004918981481481482
llama32_3b,be_present,long,subject,be_present__long__1387,1.5052083333333333,27,-0.0008680555555555555
llama32_3b,be_present,long,subject,be_present__long__1430,2.338252314814815,27,0.01244212962962963
llama32_3b,be_present,long,subject,be_present__long__1447,2.634548611111111,27,0.02488425925925926
llama32_3b,be_present,long,subject,be_present__long__1454,3.080439814814815,27,0.020543981481481483
llama32_3b,be_present,long,subject,be_present__long__1459,2.615451388888889,27,0.02199074074074074
llama32_3b,be_present,long,subject,be_present__long__1465,2.6796875,27,0.013599537037037037
llama32_3b,be_present,long,subject,be_present__long__1472,2.7934027777777777,27,0.015625
llama32_3b,be_present,long,subject,be_present__long__1474,2.388310185185185,27,0.007523148148148148
llama32_3b,be_present,long,subject,be_present__long__1475,2.1941550925925926,27,0.021701388888888888
llama32_3b,be_present,long,subject,be_present__long__1511,2.4800347222222223,27,0.009837962962962963
llama32_3b,be_present,long,subject,be_present__long__1568,2.3234953703703702,27,0.0011574074074074073
llama32_3b,be_present,long,subject,be_present__long__1587,2.261863425925926,27,0.006655092592592593
llama32_3b,be_present,long,subject,be_present__long__1622,1.9001736111111112,27,0.001736111111111111
llama32_3b,be_present,long,subject,be_present__long__1630,2.1565393518518516,27,0.003761574074074074
llama32_3b,be_present,long,subject,be_present__long__1639,2.1105324074074074,27,0.0014467592592592592
llama32_3b,be_present,long,subject,be_present__long__186,1.8382523148148149,27,0.01244212962962963
llama32_3b,be_present,long,subject,be_present__long__200,1.9499421296296295,27,0.008969907407407407
llama32_3b,be_present,long,subject,be_present__long__219,2.1906828703703702,27,0.001736111111111111
llama32_3b,be_present,long,subject,be_present__long__227,1.5234375,27,0.006655092592592593
llama32_3b,be_present,long,subject,be_present__long__238,3.044560185185185,27,0.022569444444444444
llama32_3b,be_present,long,subject,be_present__long__276,1.6640625,27,-0.020543981481481483
llama32_3b,be_present,long,subject,be_present__long__287,2.0925925925925926,27,-0.005208333333333333
llama32_3b,be_present,long,subject,be_present__long__293,2.2491319444444446,27,0.0
llama32_3b,be_present,long,subject,be_present__long__298,2.0436921296296298,27,-0.010127314814814815
llama32_3b,be_present,long,subject,be_present__long__307,1.4664351851851851,27,0.004050925925925926
llama32_3b,be_present,long,subject,be_present__long__310,2.2925347222222223,27,0.004918981481481482
llama32_3b,be_present,long,subject,be_present__long__317,1.7019675925925926,27,-0.002025462962962963
llama32_3b,be_present,long,subject,be_present__long__33,2.213252314814815,27,-0.0023148148148148147
llama32_3b,be_present,long,subject,be_present__long__332,2.287326388888889,27,0.030381944444444444
llama32_3b,be_present,long,subject,be_present__long__333,1.9050925925925926,27,0.019675925925925927
llama32_3b,be_present,long,subject,be_present__long__345,1.7213541666666667,27,0.01765046296296296
llama32_3b,be_present,long,subject,be_present__long__351,2.253761574074074,27,0.027488425925925927
llama32_3b,be_present,long,subject,be_present__long__354,1.6513310185185186,27,0.027488425925925927
llama32_3b,be_present,long,subject,be_present__long__355,2.1050347222222223,27,0.017939814814814815
llama32_3b,be_present,long,subject,be_present__long__383,2.4887152777777777,27,0.019386574074074073
llama32_3b,be_present,long,subject,be_present__long__399,2.1359953703703702,27,0.0078125
llama32_3b,be_present,long,subject,be_present__long__415,2.3012152777777777,27,0.0008680555555555555
llama32_3b,be_present,long,subject,be_present__long__421,2.0946180555555554,27,-0.005208333333333333
llama32_3b,be_present,long,subject,be_present__long__44,2.234375,27,0.004050925925925926
llama32_3b,be_present,long,subject,be_present__long__451,2.256365740740741,27,-0.01273148148148148
llama32_3b,be_present,long,subject,be_present__long__452,2.150173611111111,27,-0.0026041666666666665
llama32_3b,be_present,long,subject,be_present__long__487,2.3443287037037037,27,0.015335648148148149
llama32_3b,be_present,long,subject,be_present__long__491,2.497974537037037,27,0.02199074074074074
llama32_3b,be_present,long,subject,be_present__long__496,2.732928240740741,27,0.019675925925925927
llama32_3b,be_present,long,subject,be_present__long__498,2.829571759259259,27,0.03616898148148148
llama32_3b,be_present,long,subject,be_present__long__533,2.2884837962962963,27,0.027777777777777776
llama32_3b,be_present,long,subject,be_present__long__544,1.8287037037037037,27,0.012152777777777778
llama32_3b,be_present,long,subject,be_present__long__549,1.9849537037037037,27,0.012152777777777778
llama32_3b,be_present,long,subject,be_present__long__561,1.7392939814814814,27,0.012152777777777778
llama32_3b,be_present,long,subject,be_present__long__584,1.5784143518518519,27,0.015046296296296295
llama32_3b,be_present,long,subject,be_present__long__655,2.544849537037037,27,0.011574074074074073
llama32_3b,be_present,long,subject,be_present__long__66,2.09375,27,0.006076388888888889
llama32_3b,be_present,long,subject,be_present__long__671,2.544560185185185,27,0.006076388888888889
llama32_3b,be_present,long,subject,be_present__long__68,1.3263888888888888,27,0.0023148148148148147
llama32_3b,be_present,long,subject,be_present__long__705,1.9797453703703705,27,0.0026041666666666665
llama32_3b,be_present,long,subject,be_present__long__722,1.7100694444444444,27,0.013599537037037037
llama32_3b,be_present,long,subject,be_present__long__723,1.8350694444444444,27,0.00028935185185185184
llama32_3b,be_present,long,subject,be_present__long__74,1.529224537037037,27,0.00636574074074074
llama32_3b,be_present,long,subject,be_present__long__760,1.5804398148148149,27,0.015335648148148149
llama32_3b,be_present,long,subject,be_present__long__766,1.7204861111111112,27,0.006655092592592593
llama32_3b,be_present,long,subject,be_present__long__77,1.8810763888888888,27,0.002025462962962963
llama32_3b,be_present,long,subject,be_present__long__79,2.169849537037037,27,0.0008680555555555555
llama32_3b,be_present,long,subject,be_present__long__793,1.6822916666666667,27,0.013599537037037037
llama32_3b,be_present,long,subject,be_present__long__833,1.5341435185185186,27,0.0028935185185185184
llama32_3b,be_present,long,subject,be_present__long__835,1.747974537037037,27,0.008680555555555556
llama32_3b,be_present,long,subject,be_present__long__888,2.550636574074074,27,0.006944444444444444
llama32_3b,be_present,long,subject,be_present__long__916,2.177951388888889,27,0.011863425925925927
llama32_3b,be_present,long,subject,be_present__long__917,2.1247106481481484,27,0.015914351851851853
llama32_3b,be_present,long,subject,be_present__long__922,1.955150462962963,27,0.020543981481481483
llama32_3b,be_present,long,subject,be_present__long__932,1.7340856481481481,27,0.010127314814814815
llama32_3b,be_present,long,subject,be_present__long__984,1.7803819444444444,27,0.011863425925925927
llama32_3b,be_present,long,subject,be_present__long__985,1.8634259259259258,27,0.01099537037037037
llama32_3b,be_present,long,subject,be_present__long__989,2.131076388888889,27,0.023148148148148147
llama32_3b,be_present,medium,between_subject_distractor,be_present__medium__1001,0.3912037037037037,54,-0.011863425925925927
llama32_3b,be_present,medium,between_subject_distractor,be_present__medium__1008,0.5766782407407407,54,-0.020399305555555556
llama32_3b,be_present,medium,between_subject_distractor,be_present__medium__1011,0.3599537037037037,54,-0.007233796296296296
llama32_3b,be_present,medium,between_subject_distractor,be_present__medium__1019,0.3570601851851852,54,-0.007089120370370371
llama32_3b,be_present,medium,between_subject_distractor,be_present__medium__102,0.6192129629629629,54,-0.00014467592592592592
llama32_3b,be_present,medium,between_subject_distractor,be_present__medium__1023,0.5879629629629629,54,-0.01765046296296296
llama32_3b,be_present,medium,between_subject_distractor,be_present__medium__1080,1.2622974537037037,54,-0.001736111111111111
llama32_3b,be_present,medium,between_subject_distractor,be_present__medium__1112,0.7546296296296297,54,0.008391203703703705
llama32_3b,be_present,medium,between_subject_distractor,be_present__medium__1114,0.40726273148148145,54,0.00882523148148148
llama32_3b,be_present,medium,between_subject_distractor,be_present__medium__1119,0.6377314814814815,54,0.010127314814814815
llama32_3b,be_present,medium,between_subject_distractor,be_present__medium__1126,0.8249421296296297,54,0.019675925925925927
llama32_3b,be_present,medium,between_subject_distractor,be_present__medium__1129,0.1918402777777778,54,0.005931712962962963
llama32_3b,be_present,medium,between_subject_distractor,be_present__medium__1132,0.34403935185185186,54,-0.0013020833333333333
llama32_3b,be_present,medium,between_subject_distractor,be_present__medium__1147,0.5163483796296297,54,0.013165509259259259
llama32_3b,be_present,medium,between_subject_distractor,be_present__medium__1156,0.3490547839506173,81,9.645061728395061e-05
llama32_3b,be_present,medium,between_subject_distractor,be_present__medium__1157,0.4700520833333333,54,0.015480324074074073
llama32_3b,be_present,medium,between_subject_distractor,be_present__medium__1179,0.32045717592592593,54,-0.001736111111111111
llama32_3b,be_present,medium,between_subject_distractor,be_present__medium__1183,0.48365162037037035,54,0.004484953703703704
llama32_3b,be_present,medium,between_subject_distractor,be_present__medium__1203,0.9887152777777778,54,0.012586805555555556
llama32_3b,be_present,medium,between_subject_distractor,be_present__medium__1224,0.8269675925925926,54,-0.003616898148148148
llama32_3b,be_present,medium,between_subject_distractor,be_present__medium__125,0.34794560185185186,54,-0.004050925925925926
llama32_3b,be_present,medium,between_subject_distractor,be_present__medium__1272,0.8618344907407407,54,0.010416666666666666
llama32_3b,be_present,medium,between_subject_distractor,be_present__medium__1281,0.8250868055555556,54,0.004050925925925926
llama32_3b,be_present,medium,between_subject_distractor,be_present__medium__1304,0.8046875,54,0.016059027777777776
llama32_3b,be_present,medium,between_subject_distractor,be_present__medium__1312,0.8479456018518519,54,0.008391203703703705
llama32_3b,be_present,medium,between_subject_distractor,be_present__medium__1327,0.5189525462962963,54,-0.004484953703703704
llama32_3b,be_present,medium,between_subject_distractor,be_present__medium__1331,0.49421296296296297,54,0.00014467592592592592
llama32_3b,be_present,medium,between_subject_distractor,be_present__medium__1354,0.32103587962962965,54,-0.008101851851851851
llama32_3b,be_present,medium,between_subject_distractor,be_present__medium__1360,0.8628472222222222,54,0.0010127314814814814
llama32_3b,be_present,medium,between_subject_distractor,be_present__medium__1389,0.46455439814814814,54,0.006799768518518518
llama32_3b,be_present,medium,between_subject_distractor,be_present__medium__1413,0.7507233796296297,54,0.012008101851851851
llama32_3b,be_present,medium,between_subject_distractor,be_present__medium__1433,0.7149884259259259,54,0.015335648148148149
llama32_3b,be_present,medium,between_subject_distractor,be_present__medium__1454,0.7624421296296297,54,0.013165509259259259
llama32_3b,be_present,medium,between_subject_distractor,be_present__medium__1459,0.3722511574074074,54,-0.00043402777777777775
llama32_3b,be_present,medium,between_subject_distractor,be_present__medium__1494,0.6322337962962963,54,0.002459490740740741
llama32_3b,be_present,medium,between_subject_distractor,be_present__medium__1506,0.5120081018518519,54,0.007523148148148148
llama32_3b,be_present,medium,between_subject_distractor,be_present__medium__1587,0.8145254629629629,54,0.008101851851851851
llama32_3b,be_present,medium,between_subject_distractor,be_present__medium__1592,0.9500868055555556,54,0.025607638888888888
llama32_3b,be_present,medium,between_subject_distractor,be_present__medium__1627,0.7845775462962963,54,0.002170138888888889
llama32_3b,be_present,medium,between_subject_distractor,be_present__medium__163,1.0513599537037037,54,0.020109953703703703
llama32_3b,be_present,medium,between_subject_distractor,be_present__medium__1636,0.5296585648148148,54,0.005787037037037037
llama32_3b,be_present,medium,between_subject_distractor,be_present__medium__164,0.5434027777777778,54,0.00853587962962963
llama32_3b,be_present,medium,between_subject_distractor,be_present__medium__185,0.9035011574074074,54,0.020109953703703703
llama32_3b,be_present,medium,between_subject_distractor,be_present__medium__199,0.35908564814814814,54,0.0023148148148148147
llama32_3b,be_present,medium,between_subject_distractor,be_present__medium__200,0.64453125,54,-0.0008680555555555555
llama32_3b,be_present,medium,between_subject_distractor,be_present__medium__219,0.6556712962962963,54,0.0007233796296296296
llama32_3b,be_present,medium,between_subject_distractor,be_present__medium__221,1.0079571759259258,54,0.008969907407407407
llama32_3b,be_present,medium,between_subject_distractor,be_present__medium__248,1.0921585648148149,54,0.007957175925925927
llama32_3b,be_present,medium,between_subject_distractor,be_present__medium__272,0.9192708333333334,54,0.01099537037037037
llama32_3b,be_present,medium,between_subject_distractor,be_present__medium__30,1.3579282407407407,54,0.02546296296296296
llama32_3b,be_present,medium,between_subject_distractor,be_present__medium__304,0.40089699074074076,54,-0.005642361111111111
llama32_3b,be_present,medium,between_subject_distractor,be_present__medium__310,0.8449074074074074,54,0.0028935185185185184
llama32_3b,be_present,medium,between_subject_distractor,be_present__medium__333,0.8806423611111112,54,0.01244212962962963
llama32_3b,be_present,medium,between_subject_distractor,be_present__medium__352,0.6731770833333334,54,0.008680555555555556
llama32_3b,be_present,medium,between_subject_distractor,be_present__medium__353,0.7954282407407407,54,-0.002170138888888889
llama32_3b,be_present,medium,between_subject_distractor,be_present__medium__372,1.0329861111111112,54,0.008246527777777778
llama32_3b,be_present,medium,between_subject_distractor,be_present__medium__375,1.0050636574074074,54,0.00390625
llama32_3b,be_present,medium,between_subject_distractor,be_present__medium__395,1.0436921296296295,54,0.01750578703703704
llama32_3b,be_present,medium,between_subject_distractor,be_present__medium__399,0.9823495370370371,54,0.01461226851851852
llama32_3b,be_present,medium,between_subject_distractor,be_present__medium__409,0.5013020833333334,54,0.005931712962962963
llama32_3b,be_present,medium,between_subject_distractor,be_present__medium__421,0.5149016203703703,54,-0.0007233796296296296
llama32_3b,be_present,medium,between_subject_distractor,be_present__medium__427,0.4644097222222222,54,0.00028935185185185184
llama32_3b,be_present,medium,between_subject_distractor,be_present__medium__439,0.55078125,54,0.001880787037037037
llama32_3b,be_present,medium,between_subject_distractor,be_present__medium__452,0.88671875,54,0.015625
llama32_3b,be_present,medium,between_subject_distractor,be_present__medium__454,0.6802662037037037,54,0.005497685185185185
llama32_3b,be_present,medium,between_subject_distractor,be_present__medium__480,0.8767361111111112,54,-0.00043402777777777775
llama32_3b,be_present,medium,between_subject_distractor,be_present__medium__483,0.8210358796296297,54,0.001591435185185185
llama32_3b,be_present,medium,between_subject_distractor,be_present__medium__484,0.5091145833333334,54,0.0008680555555555555
llama32_3b,be_present,medium,between_subject_distractor,be_present__medium__487,0.5054976851851852,54,0.006655092592592593
llama32_3b,be_present,medium,between_subject_distractor,be_present__medium__494,0.6073495370370371,54,0.0028935185185185184
llama32_3b,be_present,medium,between_subject_distractor,be_present__medium__50,0.8443287037037037,54,0.004484953703703704
llama32_3b,be_present,medium,between_subject_distractor,be_present__medium__523,0.4418402777777778,54,-0.015914351851851853
llama32_3b,be_present,medium,between_subject_distractor,be_present__medium__561,1.0413773148148149,54,0.029947916666666668
llama32_3b,be_present,medium,between_subject_distractor,be_present__medium__562,1.1506076388888888,54,0.028935185185185185
llama32_3b,be_present,medium,between_subject_distractor,be_present__medium__567,1.1344039351851851,54,0.014756944444444444
llama32_3b,be_present,medium,between_subject_distractor,be_present__medium__57,0.90234375,54,0.01765046296296296
llama32_3b,be_present,medium,between_subject_distractor,be_present__medium__576,1.0256076388888888,54,0.02228009259259259
llama32_3b,be_present,medium,between_subject_distractor,be_present__medium__592,1.1047453703703705,54,0.03515625
llama32_3b,be_present,medium,between_subject_distractor,be_present__medium__619,0.6857638888888888,54,-0.010271990740740741
llama32_3b,be_present,medium,between_subject_distractor,be_present__medium__620,0.9052372685185185,54,-0.025028935185185185
llama32_3b,be_present,medium,between_subject_distractor,be_present__medium__629,0.7459490740740741,54,-0.0033275462962962963
llama32_3b,be_present,medium,between_subject_distractor,be_present__medium__630,0.9953703703703703,54,-0.01750578703703704
llama32_3b,be_present,medium,between_subject_distractor,be_present__medium__637,0.6313657407407407,54,0.01070601851851852
llama32_3b,be_present,medium,between_subject_distractor,be_present__medium__64,0.7770543981481481,54,-0.00014467592592592592
llama32_3b,be_present,medium,between_subject_distractor,be_present__medium__651,0.38642939814814814,54,-0.004774305555555556
llama32_3b,be_present,medium,between_subject_distractor,be_present__medium__655,0.3923611111111111,54,-0.0027488425925925927
llama32_3b,be_present,medium,between_subject_distractor,be_present__medium__680,0.8807870370370371,54,0.00882523148148148
llama32_3b,be_present,medium,between_subject_distractor,be_present__medium__713,0.47193287037037035,54,-0.004050925925925926
llama32_3b,be_present,medium,between_subject_distractor,be_present__medium__716,0.5279706790123457,81,0.013599537037037037
llama32_3b,be_present,medium,between_subject_distractor,be_present__medium__725,0.5653935185185185,54,0.004340277777777778
llama32_3b,be_present,medium,between_subject_distractor,be_present__medium__731,0.5425347222222222,54,-0.004918981481481482
llama32_3b,be_present,medium,between_subject_distractor,be_present__medium__755,0.6239872685185185,54,0.005063657407407407
llama32_3b,be_present,medium,between_subject_distractor,be_present__medium__757,0.7518807870370371,54,0.009403935185185185
llama32_3b,be_present,medium,between_subject_distractor,be_present__medium__766,0.48509837962962965,54,-0.010561342592592593
llama32_3b,be_present,medium,between_subject_distractor,be_present__medium__844,0.5535300925925926,54,-0.019675925925925927
llama32_3b,be_present,medium,between_subject_distractor,be_present__medium__862,0.6440972222222222,54,-0.003616898148148148
llama32_3b,be_present,medium,between_subject_distractor,be_present__medium__894,0.7039930555555556,54,0.007957175925925927
llama32_3b,be_present,medium,between_subject_distractor,be_present__medium__907,0.39916087962962965,54,-0.00014467592592592592
llama32_3b,be_present,medium,between_subject_distractor,be_present__medium__922,0.8881655092592593,54,0.010271990740740741
llama32_3b,be_present,medium,between_subject_distractor,be_present__medium__977,0.3871527777777778,54,0.00882523148148148
llama32_3b,be_present,medium,distractor,be_present__medium__1001,0.11429398148148148,27,-0.006655092592592593
llama32_3b,be_present,medium,distractor,be_present__medium__1008,0.2789351851851852,27,-0.015335648148148149
llama32_3b,be_present,medium,distractor,be_present__medium__1011,0.13599537037037038,27,0.005208333333333333
llama32_3b,be_present,medium,distractor,be_present__medium__1019,0.061921296296296294,27,0.008101851851851851
llama32_3b,be_present,medium,distractor,be_present__medium__102,0.36342592592592593,27,0.00318287037037037
llama32_3b,be_present,medium,distractor,be_present__medium__1023,0.25810185185185186,27,-0.023148148148148147
llama32_3b,be_present,medium,distractor,be_present__medium__1080,0.44907407407407407,27,-0.026909722222222224
llama32_3b,be_present,medium,distractor,be_present__medium__1112,0.18344907407407407,27,-0.020543981481481483
llama32_3b,be_present,medium,distractor,be_present__medium__1114,0.08998842592592593,27,0.012152777777777778
llama32_3b,be_present,medium,distractor,be_present__medium__1119,0.10821759259259259,27,-0.00318287037037037
llama32_3b,be_present,medium,distractor,be_present__medium__1126,0.46064814814814814,27,0.00318287037037037
llama32_3b,be_present,medium,distractor,be_present__medium__1129,0.033854166666666664,27,-0.008101851851851851
llama32_3b,be_present,medium,distractor,be_present__medium__1132,0.11168981481481481,27,0.001736111111111111
llama32_3b,be_present,medium,distractor,be_present__medium__1147,0.2916666666666667,27,-0.005208333333333333
llama32_3b,be_present,medium,distractor,be_present__medium__1156,0.23900462962962962,27,-0.015625
llama32_3b,be_present,medium,distractor,be_present__medium__1157,0.2025462962962963,27,-0.03530092592592592
llama32_3b,be_present,medium,distractor,be_present__medium__1179,0.03153935185185185,27,-0.01273148148148148
llama32_3b,be_present,medium,distractor,be_present__medium__1183,0.3289930555555556,27,-0.039641203703703706
llama32_3b,be_present,medium,distractor,be_present__medium__1203,0.12586805555555555,27,-0.005497685185185185
llama32_3b,be_present,medium,distractor,be_present__medium__1224,0.2569444444444444,27,0.005208333333333333
llama32_3b,be_present,medium,distractor,be_present__medium__125,0.20457175925925927,27,-0.009837962962962963
llama32_3b,be_present,medium,distractor,be_present__medium__1272,0.43373842592592593,27,-0.020833333333333332
llama32_3b,be_present,medium,distractor,be_present__medium__1281,0.27835648148148145,27,-0.020543981481481483
llama32_3b,be_present,medium,distractor,be_present__medium__1304,0.30497685185185186,27,0.023726851851851853
llama32_3b,be_present,medium,distractor,be_present__medium__1312,0.36429398148148145,27,-0.029513888888888888
llama32_3b,be_present,medium,distractor,be_present__medium__1327,0.10908564814814815,27,-0.004918981481481482
llama32_3b,be_present,medium,distractor,be_present__medium__1331,0.08362268518518519,27,0.0005787037037037037
llama32_3b,be_present,medium,distractor,be_present__medium__1354,0.07609953703703703,27,-0.004050925925925926
llama32_3b,be_present,medium,distractor,be_present__medium__1360,0.20775462962962962,27,0.0028935185185185184
llama32_3b,be_present,medium,distractor,be_present__medium__1389,0.1657986111111111,27,-0.0011574074074074073
llama32_3b,be_present,medium,distractor,be_present__medium__1413,0.45109953703703703,27,-0.025173611111111112
llama32_3b,be_present,medium,distractor,be_present__medium__1433,0.27054398148148145,27,0.00318287037037037
llama32_3b,be_present,medium,distractor,be_present__medium__1454,0.4039351851851852,27,0.013310185185185185
llama32_3b,be_present,medium,distractor,be_present__medium__1459,0.125,27,0.019675925925925927
llama32_3b,be_present,medium,distractor,be_present__medium__1494,0.1808449074074074,27,-0.010127314814814815
llama32_3b,be_present,medium,distractor,be_present__medium__1506,0.16782407407407407,27,-0.015625
llama32_3b,be_present,medium,distractor,be_present__medium__1587,0.3460648148148148,27,-0.01244212962962963
llama32_3b,be_present,medium,distractor,be_present__medium__1592,0.4777199074074074,27,0.030381944444444444
llama32_3b,be_present,medium,distractor,be_present__medium__1627,0.38078703703703703,27,0.0028935185185185184
llama32_3b,be_present,medium,distractor,be_present__medium__163,0.3333333333333333,27,-0.019675925925925927
llama32_3b,be_present,medium,distractor,be_present__medium__1636,0.2416087962962963,27,0.0008680555555555555
llama32_3b,be_present,medium,distractor,be_present__medium__164,0.09172453703703703,27,-0.01678240740740741
llama32_3b,be_present,medium,distractor,be_present__medium__185,0.3862847222222222,27,-0.06018518518518518
llama32_3b,be_present,medium,distractor,be_present__medium__199,0.07696759259259259,27,-0.015335648148148149
llama32_3b,be_present,medium,distractor,be_present__medium__200,0.16377314814814814,27,-0.033854166666666664
llama32_3b,be_present,medium,distractor,be_present__medium__219,0.44328703703703703,27,-0.002025462962962963
llama32_3b,be_present,medium,distractor,be_present__medium__221,0.5271990740740741,27,0.048900462962962965
llama32_3b,be_present,medium,distractor,be_present__medium__248,0.53125,27,0.018518518518518517
llama32_3b,be_present,medium,distractor,be_present__medium__272,0.34866898148148145,27,-0.012152777777777778
llama32_3b,be_present,medium,distractor,be_present__medium__30,0.5454282407407407,27,0.041666666666666664
llama32_3b,be_present,medium,distractor,be_present__medium__304,0.09606481481481481,27,-0.027777777777777776
llama32_3b,be_present,medium,distractor,be_present__medium__310,0.22974537037037038,27,0.005497685185185185
llama32_3b,be_present,medium,distractor,be_present__medium__333,0.2361111111111111,27,0.00318287037037037
llama32_3b,be_present,medium,distractor,be_present__medium__352,0.20688657407407407,27,0.00636574074074074
llama32_3b,be_present,medium,distractor,be_present__medium__353,0.2259837962962963,27,0.009548611111111112
llama32_3b,be_present,medium,distractor,be_present__medium__372,0.4435763888888889,27,-0.02546296296296296
llama32_3b,be_present,medium,distractor,be_present__medium__375,0.31886574074074076,27,-0.01707175925925926
llama32_3b,be_present,medium,distractor,be_present__medium__395,0.3498263888888889,27,-0.0008680555555555555
llama32_3b,be_present,medium,distractor,be_present__medium__399,0.2604166666666667,27,-0.009259259259259259
llama32_3b,be_present,medium,distractor,be_present__medium__409,0.1791087962962963,27,-0.005208333333333333
llama32_3b,be_present,medium,distractor,be_present__medium__421,0.27835648148148145,27,-0.0014467592592592592
llama32_3b,be_present,medium,distractor,be_present__medium__427,0.22685185185185186,27,-0.025173611111111112
llama32_3b,be_present,medium,distractor,be_present__medium__439,0.20515046296296297,27,-0.025752314814814815
llama32_3b,be_present,medium,distractor,be_present__medium__452,0.46064814814814814,27,-0.053530092592592594
llama32_3b,be_present,medium,distractor,be_present__medium__454,0.26244212962962965,27,-0.033854166666666664
llama32_3b,be_present,medium,distractor,be_present__medium__480,0.35734953703703703,27,-0.03732638888888889
llama32_3b,be_present,medium,distractor,be_present__medium__483,0.24768518518518517,27,-0.006076388888888889
llama32_3b,be_present,medium,distractor,be_present__medium__484,0.10185185185185185,27,-0.0026041666666666665
llama32_3b,be_present,medium,distractor,be_present__medium__487,0.14091435185185186,27,-0.015335648148148149
llama32_3b,be_present,medium,distractor,be_present__medium__494,0.109375,27,-0.0014467592592592592
llama32_3b,be_present,medium,distractor,be_present__medium__50,0.2589699074074074,27,-0.03761574074074074
llama32_3b,be_present,medium,distractor,be_present__medium__523,0.07118055555555555,27,-0.013310185185185185
llama32_3b,be_present,medium,distractor,be_present__medium__561,0.2873263888888889,27,-0.02488425925925926
llama32_3b,be_present,medium,distractor,be_present__medium__562,0.2942708333333333,27,-0.029513888888888888
llama32_3b,be_present,medium,distractor,be_present__medium__567,0.22974537037037038,27,-0.023148148148148147
llama32_3b,be_present,medium,distractor,be_present__medium__57,0.3376736111111111,27,-0.014756944444444444
llama32_3b,be_present,medium,distractor,be_present__medium__576,0.23350694444444445,27,-0.024305555555555556
llama32_3b,be_present,medium,distractor,be_present__medium__592,0.30787037037037035,27,-0.020833333333333332
llama32_3b,be_present,medium,distractor,be_present__medium__619,0.3275462962962963,27,-0.009837962962962963
llama32_3b,be_present,medium,distractor,be_present__medium__620,0.34346064814814814,27,0.014756944444444444
llama32_3b,be_present,medium,distractor,be_present__medium__629,0.25752314814814814,27,0.03819444444444445
llama32_3b,be_present,medium,distractor,be_present__medium__630,0.3064236111111111,27,-0.006076388888888889
llama32_3b,be_present,medium,distractor,be_present__medium__637,0.2745949074074074,27,0.013020833333333334
llama32_3b,be_present,medium,distractor,be_present__medium__64,0.3645833333333333,27,-0.022858796296296297
llama32_3b,be_present,medium,distractor,be_present__medium__651,0.19907407407407407,27,-0.021701388888888888
llama32_3b,be_present,medium,distractor,be_present__medium__655,0.22743055555555555,27,-0.01244212962962963
llama32_3b,be_present,medium,distractor,be_present__medium__680,0.6565393518518519,27,-0.023726851851851853
llama32_3b,be_present,medium,distractor,be_present__medium__713,0.22193287037037038,27,-0.006944444444444444
llama32_3b,be_present,medium,distractor,be_present__medium__716,0.4105902777777778,27,0.014756944444444444
llama32_3b,be_present,medium,distractor,be_present__medium__725,0.27748842592592593,27,-0.014756944444444444
llama32_3b,be_present,medium,distractor,be_present__medium__731,0.17158564814814814,27,0.01273148148148148
llama32_3b,be_present,medium,distractor,be_present__medium__755,0.23032407407407407,27,0.009259259259259259
llama32_3b,be_present,medium,distractor,be_present__medium__757,0.2835648148148148,27,0.015914351851851853
llama32_3b,be_present,medium,distractor,be_present__medium__766,0.13078703703703703,27,-0.006655092592592593
llama32_3b,be_present,medium,distractor,be_present__medium__844,0.11255787037037036,27,-0.021122685185185185
llama32_3b,be_present,medium,distractor,be_present__medium__862,0.25202546296296297,27,-0.002025462962962963
llama32_3b,be_present,medium,distractor,be_present__medium__894,0.09722222222222222,27,-0.008680555555555556
llama32_3b,be_present,medium,distractor,be_present__medium__907,0.14699074074074073,27,-0.01880787037037037
llama32_3b,be_present,medium,distractor,be_present__medium__922,0.3460648148148148,27,-0.02459490740740741
llama32_3b,be_present,medium,distractor,be_present__medium__977,0.09606481481481481,27,0.003761574074074074
llama32_3b,be_present,medium,filler_after_distractor,be_present__medium__1001,0.2760416666666667,81,-0.0036651234567901233
llama32_3b,be_present,medium,filler_after_distractor,be_present__medium__1008,0.37008101851851855,81,0.0073302469135802465
llama32_3b,be_present,medium,filler_after_distractor,be_present__medium__1011,0.3315007716049383,81,0.009934413580246914
llama32_3b,be_present,medium,filler_after_distractor,be_present__medium__1019,0.1987847222222222,81,-0.0021219135802469135
llama32_3b,be_present,medium,filler_after_distractor,be_present__medium__102,0.5063657407407407,81,0.006462191358024691
llama32_3b,be_present,medium,filler_after_distractor,be_present__medium__1023,0.4409722222222222,81,-0.0014467592592592592
llama32_3b,be_present,medium,filler_after_distractor,be_present__medium__1080,1.0802469135802468,81,0.003279320987654321
llama32_3b,be_present,medium,filler_after_distractor,be_present__medium__1112,0.5196759259259259,81,0.008680555555555556
llama32_3b,be_present,medium,filler_after_distractor,be_present__medium__1114,0.24537037037037038,81,0.0011574074074074073
llama32_3b,be_present,medium,filler_after_distractor,be_present__medium__1119,0.37982253086419754,81,-0.003472222222222222
llama32_3b,be_present,medium,filler_after_distractor,be_present__medium__1126,1.2398726851851851,81,0.01716820987654321
llama32_3b,be_present,medium,filler_after_distractor,be_present__medium__1129,0.2023533950617284,81,0.005208333333333333
llama32_3b,be_present,medium,filler_after_distractor,be_present__medium__1132,0.3487654320987654,81,0.0013503086419753086
llama32_3b,be_present,medium,filler_after_distractor,be_present__medium__1147,0.4731867283950617,81,0.012345679012345678
llama32_3b,be_present,medium,filler_after_distractor,be_present__medium__1156,0.4367283950617284,81,9.645061728395061e-05
llama32_3b,be_present,medium,filler_after_distractor,be_present__medium__1157,0.443383487654321,81,-0.005208333333333333
llama32_3b,be_present,medium,filler_after_distractor,be_present__medium__1179,0.2254050925925926,81,-0.007233796296296296
llama32_3b,be_present,medium,filler_after_distractor,be_present__medium__1183,0.4074074074074074,81,9.645061728395061e-05
llama32_3b,be_present,medium,filler_after_distractor,be_present__medium__1203,0.9934413580246914,81,0.016685956790123458
llama32_3b,be_present,medium,filler_after_distractor,be_present__medium__1224,0.6861496913580247,81,0.005304783950617284
llama32_3b,be_present,medium,filler_after_distractor,be_present__medium__125,0.4470486111111111,81,0.009066358024691358
llama32_3b,be_present,medium,filler_after_distractor,be_present__medium__1272,1.0452353395061729,81,0.013117283950617283
llama32_3b,be_present,medium,filler_after_distractor,be_present__medium__1281,0.6940586419753086,81,-0.004533179012345679
llama32_3b,be_present,medium,filler_after_distractor,be_present__medium__1304,0.7395833333333334,81,0.013792438271604939
llama32_3b,be_present,medium,filler_after_distractor,be_present__medium__1312,0.7570408950617284,81,0.0009645061728395061
llama32_3b,be_present,medium,filler_after_distractor,be_present__medium__1327,0.38657407407407407,81,0.0021219135802469135
llama32_3b,be_present,medium,filler_after_distractor,be_present__medium__1331,0.29542824074074076,81,-0.0018325617283950616
llama32_3b,be_present,medium,filler_after_distractor,be_present__medium__1354,0.21585648148148148,81,-0.007619598765432099
llama32_3b,be_present,medium,filler_after_distractor,be_present__medium__1360,0.5181327160493827,81,0.0035686728395061726
llama32_3b,be_present,medium,filler_after_distractor,be_present__medium__1389,0.2419945987654321,81,-0.002700617283950617
llama32_3b,be_present,medium,filler_after_distractor,be_present__medium__1413,0.8091242283950617,81,0.014371141975308642
llama32_3b,be_present,medium,filler_after_distractor,be_present__medium__1433,0.6116898148148148,81,0.013117283950617283
llama32_3b,be_present,medium,filler_after_distractor,be_present__medium__1454,0.8127893518518519,81,0.02025462962962963
llama32_3b,be_present,medium,filler_after_distractor,be_present__medium__1459,0.5032793209876543,81,-0.001253858024691358
llama32_3b,be_present,medium,filler_after_distractor,be_present__medium__1494,0.5125385802469136,81,0.0014467592592592592
llama32_3b,be_present,medium,filler_after_distractor,be_present__medium__1506,0.2984182098765432,81,0.002218364197530864
llama32_3b,be_present,medium,filler_after_distractor,be_present__medium__1587,0.6301118827160493,81,-0.005015432098765432
llama32_3b,be_present,medium,filler_after_distractor,be_present__medium__1592,0.7498070987654321,81,0.013599537037037037
llama32_3b,be_present,medium,filler_after_distractor,be_present__medium__1627,0.8090277777777778,81,0.004533179012345679
llama32_3b,be_present,medium,filler_after_distractor,be_present__medium__163,0.6675347222222222,81,0.011766975308641976
llama32_3b,be_present,medium,filler_after_distractor,be_present__medium__1636,0.5375192901234568,81,0.0074266975308641976
llama32_3b,be_present,medium,filler_after_distractor,be_present__medium__164,0.4234182098765432,81,0.008391203703703705
llama32_3b,be_present,medium,filler_after_distractor,be_present__medium__185,0.5338541666666666,81,0.0038580246913580245
llama32_3b,be_present,medium,filler_after_distractor,be_present__medium__199,0.23244598765432098,81,-0.0009645061728395061
llama32_3b,be_present,medium,filler_after_distractor,be_present__medium__200,0.35619212962962965,81,-0.004340277777777778
llama32_3b,be_present,medium,filler_after_distractor,be_present__medium__219,0.5232445987654321,81,-0.0014467592592592592
llama32_3b,be_present,medium,filler_after_distractor,be_present__medium__221,0.8850308641975309,81,0.015817901234567902
llama32_3b,be_present,medium,filler_after_distractor,be_present__medium__248,0.6141010802469136,81,0.0039544753086419755
llama32_3b,be_present,medium,filler_after_distractor,be_present__medium__272,0.5721450617283951,81,0.011959876543209876
llama32_3b,be_present,medium,filler_after_distractor,be_present__medium__30,1.3043981481481481,81,0.02073688271604938
llama32_3b,be_present,medium,filler_after_distractor,be_present__medium__304,0.17698688271604937,81,-0.006847993827160494
llama32_3b,be_present,medium,filler_after_distractor,be_present__medium__310,0.3900462962962963,81,0.006944444444444444
llama32_3b,be_present,medium,filler_after_distractor,be_present__medium__333,0.6684992283950617,81,0.015142746913580247
llama32_3b,be_present,medium,filler_after_distractor,be_present__medium__352,0.5481288580246914,81,0.004629629629629629
llama32_3b,be_present,medium,filler_after_distractor,be_present__medium__353,0.6098572530864198,81,0.0009645061728395061
llama32_3b,be_present,medium,filler_after_distractor,be_present__medium__372,0.623070987654321,81,0.008487654320987654
llama32_3b,be_present,medium,filler_after_distractor,be_present__medium__375,0.5370370370370371,81,0.0014467592592592592
llama32_3b,be_present,medium,filler_after_distractor,be_present__medium__395,0.6505594135802469,81,0.01244212962962963
llama32_3b,be_present,medium,filler_after_distractor,be_present__medium__399,0.7116126543209876,81,0.011381172839506173
llama32_3b,be_present,medium,filler_after_distractor,be_present__medium__409,0.3220486111111111,81,0.007137345679012345
llama32_3b,be_present,medium,filler_after_distractor,be_present__medium__421,0.40461033950617287,81,-0.0010609567901234567
llama32_3b,be_present,medium,filler_after_distractor,be_present__medium__427,0.40239197530864196,81,0.00472608024691358
llama32_3b,be_present,medium,filler_after_distractor,be_present__medium__439,0.4826388888888889,81,0.008969907407407407
llama32_3b,be_present,medium,filler_after_distractor,be_present__medium__452,0.8216628086419753,81,0.013020833333333334
llama32_3b,be_present,medium,filler_after_distractor,be_present__medium__454,0.4058641975308642,81,0.00048225308641975306
llama32_3b,be_present,medium,filler_after_distractor,be_present__medium__480,0.7320601851851852,81,0.005883487654320988
llama32_3b,be_present,medium,filler_after_distractor,be_present__medium__483,0.9133873456790124,81,0.010416666666666666
llama32_3b,be_present,medium,filler_after_distractor,be_present__medium__484,0.5484182098765432,81,0.006847993827160494
llama32_3b,be_present,medium,filler_after_distractor,be_present__medium__487,0.4737654320987654,81,0.0035686728395061726
llama32_3b,be_present,medium,filler_after_distractor,be_present__medium__494,0.421875,81,-0.0005787037037037037
llama32_3b,be_present,medium,filler_after_distractor,be_present__medium__50,0.691454475308642,81,0.009645061728395061
llama32_3b,be_present,medium,filler_after_distractor,be_present__medium__523,0.29716435185185186,81,0.0005787037037037037
llama32_3b,be_present,medium,filler_after_distractor,be_present__medium__561,0.46739969135802467,81,0.005787037037037037
llama32_3b,be_present,medium,filler_after_distractor,be_present__medium__562,0.5866126543209876,81,0.008680555555555556
llama32_3b,be_present,medium,filler_after_distractor,be_present__medium__567,0.5599922839506173,81,-0.0030864197530864196
llama32_3b,be_present,medium,filler_after_distractor,be_present__medium__57,0.8392168209876543,81,0.01408179012345679
llama32_3b,be_present,medium,filler_after_distractor,be_present__medium__576,0.5072337962962963,81,0.0026041666666666665
llama32_3b,be_present,medium,filler_after_distractor,be_present__medium__592,0.6320408950617284,81,0.0078125
llama32_3b,be_present,medium,filler_after_distractor,be_present__medium__619,0.5961612654320988,81,0.010223765432098766
llama32_3b,be_present,medium,filler_after_distractor,be_present__medium__620,0.6529706790123457,81,0.006462191358024691
llama32_3b,be_present,medium,filler_after_distractor,be_present__medium__629,0.5085841049382716,81,0.002989969135802469
llama32_3b,be_present,medium,filler_after_distractor,be_present__medium__630,0.7778742283950617,81,0.002025462962962963
llama32_3b,be_present,medium,filler_after_distractor,be_present__medium__637,0.40489969135802467,81,0.01890432098765432
llama32_3b,be_present,medium,filler_after_distractor,be_present__medium__64,0.7662037037037037,81,-0.0021219135802469135
llama32_3b,be_present,medium,filler_after_distractor,be_present__medium__651,0.4447337962962963,81,0.00318287037037037
llama32_3b,be_present,medium,filler_after_distractor,be_present__medium__655,0.35397376543209874,81,0.0056905864197530865
llama32_3b,be_present,medium,filler_after_distractor,be_present__medium__680,1.2595486111111112,81,0.017746913580246913
llama32_3b,be_present,medium,filler_after_distractor,be_present__medium__713,0.5849729938271605,81,0.005979938271604938
llama32_3b,be_present,medium,filler_after_distractor,be_present__medium__716,0.7850115740740741,81,0.014564043209876544
llama32_3b,be_present,medium,filler_after_distractor,be_present__medium__725,0.4281442901234568,81,-0.0015432098765432098
llama32_3b,be_present,medium,filler_after_distractor,be_present__medium__731,0.31452546296296297,81,-0.008777006172839507
llama32_3b,be_present,medium,filler_after_distractor,be_present__medium__755,0.3269675925925926,81,0.004918981481481482
llama32_3b,be_present,medium,filler_after_distractor,be_present__medium__757,0.4220679012345679,81,0.008005401234567902
llama32_3b,be_present,medium,filler_after_distractor,be_present__medium__766,0.3037229938271605,81,0.0016396604938271604
llama32_3b,be_present,medium,filler_after_distractor,be_present__medium__844,0.5101273148148148,81,-0.013406635802469136
llama32_3b,be_present,medium,filler_after_distractor,be_present__medium__862,0.3385416666666667,81,-0.0028935185185185184
llama32_3b,be_present,medium,filler_after_distractor,be_present__medium__894,0.5975115740740741,81,0.021508487654320986
llama32_3b,be_present,medium,filler_after_distractor,be_present__medium__907,0.3445216049382716,81,0.0016396604938271604
llama32_3b,be_present,medium,filler_after_distractor,be_present__medium__922,0.6737075617283951,81,-0.00038580246913580245
llama32_3b,be_present,medium,filler_after_distractor,be_present__medium__977,0.19135802469135801,81,0.011188271604938271
llama32_3b,be_present,medium,final,be_present__medium__1001,2.3833912037037037,27,-0.015625
llama32_3b,be_present,medium,final,be_present__medium__1008,2.8466435185185186,27,-0.017939814814814815
llama32_3b,be_present,medium,final,be_present__medium__1011,2.428240740740741,27,-0.00636574074074074
llama32_3b,be_present,medium,final,be_present__medium__1019,2.193576388888889,27,0.00318287037037037
llama32_3b,be_present,medium,final,be_present__medium__102,2.9111689814814814,27,-0.04050925925925926
llama32_3b,be_present,medium,final,be_present__medium__1023,2.8914930555555554,27,-0.03153935185185185
llama32_3b,be_present,medium,final,be_present__medium__1080,4.221643518518518,27,-0.06741898148148148
llama32_3b,be_present,medium,final,be_present__medium__1112,3.2416087962962963,27,-0.05179398148148148
llama32_3b,be_present,medium,final,be_present__medium__1114,2.775462962962963,27,-0.01244212962962963
llama32_3b,be_present,medium,final,be_present__medium__1119,3.2158564814814814,27,-0.04369212962962963
llama32_3b,be_present,medium,final,be_present__medium__1126,4.487268518518518,27,-0.06741898148148148
llama32_3b,be_present,medium,final,be_present__medium__1129,2.5344328703703702,27,0.020833333333333332
llama32_3b,be_present,medium,final,be_present__medium__1132,3.1799768518518516,27,0.0014467592592592592
llama32_3b,be_present,medium,final,be_present__medium__1147,3.349826388888889,27,-0.01244212962962963
llama32_3b,be_present,medium,final,be_present__medium__1156,2.8350694444444446,27,-0.008680555555555556
llama32_3b,be_present,medium,final,be_present__medium__1157,3.0500578703703702,27,-0.02141203703703704
llama32_3b,be_present,medium,final,be_present__medium__1179,2.494212962962963,27,-0.0023148148148148147
llama32_3b,be_present,medium,final,be_present__medium__1183,2.8587962962962963,27,-0.014756944444444444
llama32_3b,be_present,medium,final,be_present__medium__1203,4.627025462962963,27,-0.01765046296296296
llama32_3b,be_present,medium,final,be_present__medium__1224,4.0951967592592595,27,-0.006655092592592593
llama32_3b,be_present,medium,final,be_present__medium__125,2.7569444444444446,27,-0.010416666666666666
llama32_3b,be_present,medium,final,be_present__medium__1272,4.225405092592593,27,-0.029513888888888888
llama32_3b,be_present,medium,final,be_present__medium__1281,3.3194444444444446,27,-0.048032407407407406
llama32_3b,be_present,medium,final,be_present__medium__1304,3.546875,27,-0.005208333333333333
llama32_3b,be_present,medium,final,be_present__medium__1312,3.5052083333333335,27,-0.041087962962962965
llama32_3b,be_present,medium,final,be_present__medium__1327,2.966724537037037,27,-0.013020833333333334
llama32_3b,be_present,medium,final,be_present__medium__1331,2.8211805555555554,27,-0.0014467592592592592
llama32_3b,be_present,medium,final,be_present__medium__1354,2.495949074074074,27,0.001736111111111111
llama32_3b,be_present,medium,final,be_present__medium__1360,3.4068287037037037,27,-0.02806712962962963
llama32_3b,be_present,medium,final,be_present__medium__1389,2.4832175925925926,27,0.002025462962962963
llama32_3b,be_present,medium,final,be_present__medium__1413,3.416377314814815,27,-0.026909722222222224
llama32_3b,be_present,medium,final,be_present__medium__1433,3.0457175925925926,27,-0.029513888888888888
llama32_3b,be_present,medium,final,be_present__medium__1454,3.9878472222222223,27,-0.0787037037037037
llama32_3b,be_present,medium,final,be_present__medium__1459,2.8544560185185186,27,-0.050347222222222224
llama32_3b,be_present,medium,final,be_present__medium__1494,3.5555555555555554,27,-0.04600694444444445
llama32_3b,be_present,medium,final,be_present__medium__1506,2.847800925925926,27,-0.023726851851851853
llama32_3b,be_present,medium,final,be_present__medium__1587,3.456886574074074,27,-0.06278935185185185
llama32_3b,be_present,medium,final,be_present__medium__1592,3.6927083333333335,27,-0.06828703703703703
llama32_3b,be_present,medium,final,be_present__medium__1627,3.932002314814815,27,-0.04832175925925926
llama32_3b,be_present,medium,final,be_present__medium__163,3.650752314814815,27,-0.04398148148148148
llama32_3b,be_present,medium,final,be_present__medium__1636,3.2881944444444446,27,-0.026909722222222224
llama32_3b,be_present,medium,final,be_present__medium__164,2.831886574074074,27,-0.013599537037037037
llama32_3b,be_present,medium,final,be_present__medium__185,3.2578125,27,-0.0011574074074074073
llama32_3b,be_present,medium,final,be_present__medium__199,2.294560185185185,27,-0.02228009259259259
llama32_3b,be_present,medium,final,be_present__medium__200,2.912615740740741,27,-0.019097222222222224
llama32_3b,be_present,medium,final,be_present__medium__219,3.3272569444444446,27,0.0011574074074074073
llama32_3b,be_present,medium,final,be_present__medium__221,4.11400462962963,27,0.004340277777777778
llama32_3b,be_present,medium,final,be_present__medium__248,3.146701388888889,27,-0.07146990740740741
llama32_3b,be_present,medium,final,be_present__medium__272,2.7902199074074074,27,-0.03153935185185185
llama32_3b,be_present,medium,final,be_present__medium__30,5.429976851851852,27,-0.0685763888888889
llama32_3b,be_present,medium,final,be_present__medium__304,2.2222222222222223,27,-0.01678240740740741
llama32_3b,be_present,medium,final,be_present__medium__310,2.7965856481481484,27,-0.04195601851851852
llama32_3b,be_present,medium,final,be_present__medium__333,4.1889467592592595,27,-0.02199074074074074
llama32_3b,be_present,medium,final,be_present__medium__352,3.177372685185185,27,-0.02546296296296296
llama32_3b,be_present,medium,final,be_present__medium__353,3.7847222222222223,27,-0.03501157407407408
llama32_3b,be_present,medium,final,be_present__medium__372,3.282696759259259,27,-0.041666666666666664
llama32_3b,be_present,medium,final,be_present__medium__375,3.161747685185185,27,-0.036458333333333336
llama32_3b,be_present,medium,final,be_present__medium__395,3.3958333333333335,27,-0.03125
llama32_3b,be_present,medium,final,be_present__medium__399,3.3718171296296298,27,-0.041666666666666664
llama32_3b,be_present,medium,final,be_present__medium__409,2.4406828703703702,27,-0.008391203703703705
llama32_3b,be_present,medium,final,be_present__medium__421,2.7783564814814814,27,-0.02662037037037037
llama32_3b,be_present,medium,final,be_present__medium__427,2.5853587962962963,27,-0.035590277777777776
llama32_3b,be_present,medium,final,be_present__medium__439,2.740162037037037,27,-0.032407407407407406
llama32_3b,be_present,medium,final,be_present__medium__452,3.4774305555555554,27,-0.03616898148148148
llama32_3b,be_present,medium,final,be_present__medium__454,2.502025462962963,27,-0.004340277777777778
llama32_3b,be_present,medium,final,be_present__medium__480,3.542824074074074,27,-0.044849537037037035
llama32_3b,be_present,medium,final,be_present__medium__483,3.5891203703703702,27,-0.0787037037037037
llama32_3b,be_present,medium,final,be_present__medium__484,3.168113425925926,27,-0.031828703703703706
llama32_3b,be_present,medium,final,be_present__medium__487,2.8955439814814814,27,-0.03819444444444445
llama32_3b,be_present,medium,final,be_present__medium__494,2.978009259259259,27,-0.021701388888888888
llama32_3b,be_present,medium,final,be_present__medium__50,3.5541087962962963,27,-0.03616898148148148
llama32_3b,be_present,medium,final,be_present__medium__523,2.839699074074074,27,-0.048032407407407406
llama32_3b,be_present,medium,final,be_present__medium__561,2.9464699074074074,27,-0.016493055555555556
llama32_3b,be_present,medium,final,be_present__medium__562,3.433738425925926,27,-0.009548611111111112
llama32_3b,be_present,medium,final,be_present__medium__567,3.360821759259259,27,-0.019097222222222224
llama32_3b,be_present,medium,final,be_present__medium__57,3.4730902777777777,27,-0.03993055555555555
llama32_3b,be_present,medium,final,be_present__medium__576,2.954861111111111,27,-0.015914351851851853
llama32_3b,be_present,medium,final,be_present__medium__592,3.275752314814815,27,-0.03269675925925926
llama32_3b,be_present,medium,final,be_present__medium__619,3.2473958333333335,27,-0.03530092592592592
llama32_3b,be_present,medium,final,be_present__medium__620,3.2120949074074074,27,-0.06799768518518519
llama32_3b,be_present,medium,final,be_present__medium__629,2.9140625,27,-0.060474537037037035
llama32_3b,be_present,medium,final,be_present__medium__630,4.085069444444445,27,-0.05931712962962963
llama32_3b,be_present,medium,final,be_present__medium__637,2.449363425925926,27,-0.026909722222222224
llama32_3b,be_present,medium,final,be_present__medium__64,3.4565972222222223,27,-0.028645833333333332
llama32_3b,be_present,medium,final,be_present__medium__651,3.0384837962962963,27,-0.013888888888888888
llama32_3b,be_present,medium,final,be_present__medium__655,2.8747106481481484,27,-0.005497685185185185
llama32_3b,be_present,medium,final,be_present__medium__680,5.157118055555555,27,-0.044849537037037035
llama32_3b,be_present,medium,final,be_present__medium__713,3.2413194444444446,27,-0.02806712962962963
llama32_3b,be_present,medium,final,be_present__medium__716,3.6712962962962963,27,-0.06163194444444445
llama32_3b,be_present,medium,final,be_present__medium__725,2.5691550925925926,27,-0.014467592592592593
llama32_3b,be_present,medium,final,be_present__medium__731,2.509548611111111,27,-0.007523148148148148
llama32_3b,be_present,medium,final,be_present__medium__755,2.563946759259259,27,-0.003761574074074074
llama32_3b,be_present,medium,final,be_present__medium__757,2.6362847222222223,27,-0.015914351851851853
llama32_3b,be_present,medium,final,be_present__medium__766,2.6171875,27,-0.002025462962962963
llama32_3b,be_present,medium,final,be_present__medium__844,3.2005208333333335,27,-0.02546296296296296
llama32_3b,be_present,medium,final,be_present__medium__862,2.9027777777777777,27,-0.05295138888888889
llama32_3b,be_present,medium,final,be_present__medium__894,3.6455439814814814,27,-0.05873842592592592
llama32_3b,be_present,medium,final,be_present__medium__907,2.7899305555555554,27,-0.02662037037037037
llama32_3b,be_present,medium,final,be_present__medium__922,3.271122685185185,27,-0.0078125
llama32_3b,be_present,medium,final,be_present__medium__977,2.146701388888889,27,0.008680555555555556
llama32_3b,be_present,medium,prefix_before_subject,be_present__medium__1001,0.14699074074074073,27,-0.005497685185185185
llama32_3b,be_present,medium,prefix_before_subject,be_present__medium__1008,0.2277199074074074,27,0.003761574074074074
llama32_3b,be_present,medium,prefix_before_subject,be_present__medium__1011,0.1579861111111111,27,0.002025462962962963
llama32_3b,be_present,medium,prefix_before_subject,be_present__medium__1019,0.13252314814814814,27,-0.003472222222222222
llama32_3b,be_present,medium,prefix_before_subject,be_present__medium__102,0.16898148148148148,27,-0.00028935185185185184
llama32_3b,be_present,medium,prefix_before_subject,be_present__medium__1023,0.18229166666666666,27,-0.008680555555555556
llama32_3b,be_present,medium,prefix_before_subject,be_present__medium__1080,0.19994212962962962,27,-0.0011574074074074073
llama32_3b,be_present,medium,prefix_before_subject,be_present__medium__1112,0.10040509259259259,27,-0.004340277777777778
llama32_3b,be_present,medium,prefix_before_subject,be_present__medium__1114,0.07783564814814815,27,0.006076388888888889
llama32_3b,be_present,medium,prefix_before_subject,be_present__medium__1119,0.09606481481481481,27,0.0014467592592592592
llama32_3b,be_present,medium,prefix_before_subject,be_present__medium__1126,0.12528935185185186,27,0.01070601851851852
llama32_3b,be_present,medium,prefix_before_subject,be_present__medium__1129,0.060474537037037035,27,0.005208333333333333
llama32_3b,be_present,medium,prefix_before_subject,be_present__medium__1132,0.07407407407407407,27,0.00318287037037037
llama32_3b,be_present,medium,prefix_before_subject,be_present__medium__1147,0.109375,27,0.010127314814814815
llama32_3b,be_present,medium,prefix_before_subject,be_present__medium__1156,0.10734953703703703,27,-0.002025462962962963
llama32_3b,be_present,medium,prefix_before_subject,be_present__medium__1157,0.09635416666666667,27,0.005787037037037037
llama32_3b,be_present,medium,prefix_before_subject,be_present__medium__1179,0.06597222222222222,27,-0.006655092592592593
llama32_3b,be_present,medium,prefix_before_subject,be_present__medium__1183,0.1076388888888889,27,-0.0014467592592592592
llama32_3b,be_present,medium,prefix_before_subject,be_present__medium__1203,0.11458333333333333,27,0.0
llama32_3b,be_present,medium,prefix_before_subject,be_present__medium__1224,0.12789351851851852,27,-0.004629629629629629
llama32_3b,be_present,medium,prefix_before_subject,be_present__medium__125,0.08449074074074074,27,-0.0011574074074074073
llama32_3b,be_present,medium,prefix_before_subject,be_present__medium__1272,0.20515046296296297,27,-0.00028935185185185184
llama32_3b,be_present,medium,prefix_before_subject,be_present__medium__1281,0.1495949074074074,27,-0.010416666666666666
llama32_3b,be_present,medium,prefix_before_subject,be_present__medium__1304,0.1958912037037037,27,0.005787037037037037
llama32_3b,be_present,medium,prefix_before_subject,be_present__medium__1312,0.14756944444444445,27,-0.0011574074074074073
llama32_3b,be_present,medium,prefix_before_subject,be_present__medium__1327,0.1009837962962963,27,-0.0005787037037037037
llama32_3b,be_present,medium,prefix_before_subject,be_present__medium__1331,0.09519675925925926,27,-0.0028935185185185184
llama32_3b,be_present,medium,prefix_before_subject,be_present__medium__1354,0.06626157407407407,27,-0.0014467592592592592
llama32_3b,be_present,medium,prefix_before_subject,be_present__medium__1360,0.15162037037037038,27,0.00318287037037037
llama32_3b,be_present,medium,prefix_before_subject,be_present__medium__1389,0.1021412037037037,27,0.003472222222222222
llama32_3b,be_present,medium,prefix_before_subject,be_present__medium__1413,0.1918402777777778,27,0.0
llama32_3b,be_present,medium,prefix_before_subject,be_present__medium__1433,0.17447916666666666,27,0.004918981481481482
llama32_3b,be_present,medium,prefix_before_subject,be_present__medium__1454,0.19010416666666666,27,0.00636574074074074
llama32_3b,be_present,medium,prefix_before_subject,be_present__medium__1459,0.13252314814814814,27,0.0
llama32_3b,be_present,medium,prefix_before_subject,be_present__medium__1494,0.1154513888888889,27,-0.001736111111111111
llama32_3b,be_present,medium,prefix_before_subject,be_present__medium__1506,0.10532407407407407,27,0.004050925925925926
llama32_3b,be_present,medium,prefix_before_subject,be_present__medium__1587,0.1629050925925926,27,-0.009837962962962963
llama32_3b,be_present,medium,prefix_before_subject,be_present__medium__1592,0.23350694444444445,27,0.005787037037037037
llama32_3b,be_present,medium,prefix_before_subject,be_present__medium__1627,0.13831018518518517,27,0.004918981481481482
llama32_3b,be_present,medium,prefix_before_subject,be_present__medium__163,0.18171296296296297,27,0.0026041666666666665
llama32_3b,be_present,medium,prefix_before_subject,be_present__medium__1636,0.1166087962962963,27,0.0
llama32_3b,be_present,medium,prefix_before_subject,be_present__medium__164,0.1087962962962963,27,0.0028935185185185184
llama32_3b,be_present,medium,prefix_before_subject,be_present__medium__185,0.15393518518518517,27,0.005787037037037037
llama32_3b,be_present,medium,prefix_before_subject,be_present__medium__199,0.08998842592592593,27,-0.0023148148148148147
llama32_3b,be_present,medium,prefix_before_subject,be_present__medium__200,0.10677083333333333,27,-0.008969907407407407
llama32_3b,be_present,medium,prefix_before_subject,be_present__medium__219,0.1490162037037037,27,-0.005497685185185185
llama32_3b,be_present,medium,prefix_before_subject,be_present__medium__221,0.1629050925925926,27,0.006076388888888889
llama32_3b,be_present,medium,prefix_before_subject,be_present__medium__248,0.19299768518518517,27,-0.003761574074074074
llama32_3b,be_present,medium,prefix_before_subject,be_present__medium__272,0.16377314814814814,27,0.006944444444444444
llama32_3b,be_present,medium,prefix_before_subject,be_present__medium__30,0.22743055555555555,27,0.015914351851851853
llama32_3b,be_present,medium,prefix_before_subject,be_present__medium__304,0.06626157407407407,27,-0.005787037037037037
llama32_3b,be_present,medium,prefix_before_subject,be_present__medium__310,0.1177662037037037,27,0.0011574074074074073
llama32_3b,be_present,medium,prefix_before_subject,be_present__medium__333,0.13425925925925927,27,0.005787037037037037
llama32_3b,be_present,medium,prefix_before_subject,be_present__medium__352,0.13020833333333334,27,0.005208333333333333
llama32_3b,be_present,medium,prefix_before_subject,be_present__medium__353,0.11950231481481481,27,-0.0023148148148148147
llama32_3b,be_present,medium,prefix_before_subject,be_present__medium__372,0.23929398148148148,27,-0.00318287037037037
llama32_3b,be_present,medium,prefix_before_subject,be_present__medium__375,0.1918402777777778,27,0.00318287037037037
llama32_3b,be_present,medium,prefix_before_subject,be_present__medium__395,0.23177083333333334,27,0.0026041666666666665
llama32_3b,be_present,medium,prefix_before_subject,be_present__medium__399,0.21180555555555555,27,0.0014467592592592592
llama32_3b,be_present,medium,prefix_before_subject,be_present__medium__409,0.1316550925925926,27,0.004340277777777778
llama32_3b,be_present,medium,prefix_before_subject,be_present__medium__421,0.11313657407407407,27,-0.001736111111111111
llama32_3b,be_present,medium,prefix_before_subject,be_present__medium__427,0.12181712962962964,27,0.001736111111111111
llama32_3b,be_present,medium,prefix_before_subject,be_present__medium__439,0.14872685185185186,27,0.00636574074074074
llama32_3b,be_present,medium,prefix_before_subject,be_present__medium__452,0.23900462962962962,27,-0.005787037037037037
llama32_3b,be_present,medium,prefix_before_subject,be_present__medium__454,0.1388888888888889,27,0.004340277777777778
llama32_3b,be_present,medium,prefix_before_subject,be_present__medium__480,0.16174768518518517,27,-0.005208333333333333
llama32_3b,be_present,medium,prefix_before_subject,be_present__medium__483,0.21846064814814814,27,-0.009837962962962963
llama32_3b,be_present,medium,prefix_before_subject,be_present__medium__484,0.1284722222222222,27,-0.002025462962962963
llama32_3b,be_present,medium,prefix_before_subject,be_present__medium__487,0.14525462962962962,27,-0.0005787037037037037
llama32_3b,be_present,medium,prefix_before_subject,be_present__medium__494,0.14988425925925927,27,-0.0014467592592592592
llama32_3b,be_present,medium,prefix_before_subject,be_present__medium__50,0.15335648148148148,27,-0.004918981481481482
llama32_3b,be_present,medium,prefix_before_subject,be_present__medium__523,0.07552083333333333,27,-0.004918981481481482
llama32_3b,be_present,medium,prefix_before_subject,be_present__medium__561,0.07581018518518519,27,0.005497685185185185
llama32_3b,be_present,medium,prefix_before_subject,be_present__medium__562,0.06741898148148148,27,0.0078125
llama32_3b,be_present,medium,prefix_before_subject,be_present__medium__567,0.0697337962962963,27,0.005208333333333333
llama32_3b,be_present,medium,prefix_before_subject,be_present__medium__57,0.15480324074074073,27,0.0026041666666666665
llama32_3b,be_present,medium,prefix_before_subject,be_present__medium__576,0.06741898148148148,27,0.006655092592592593
llama32_3b,be_present,medium,prefix_before_subject,be_present__medium__592,0.07609953703703703,27,0.0005787037037037037
llama32_3b,be_present,medium,prefix_before_subject,be_present__medium__619,0.13512731481481483,27,-0.008101851851851851
llama32_3b,be_present,medium,prefix_before_subject,be_present__medium__620,0.13744212962962962,27,-0.01070601851851852
llama32_3b,be_present,medium,prefix_before_subject,be_present__medium__629,0.1605902777777778,27,-0.007233796296296296
llama32_3b,be_present,medium,prefix_before_subject,be_present__medium__630,0.13368055555555555,27,-0.01244212962962963
llama32_3b,be_present,medium,prefix_before_subject,be_present__medium__637,0.12962962962962962,27,0.009837962962962963
llama32_3b,be_present,medium,prefix_before_subject,be_present__medium__64,0.1322337962962963,27,-0.004050925925925926
llama32_3b,be_present,medium,prefix_before_subject,be_present__medium__651,0.06597222222222222,27,-0.010127314814814815
llama32_3b,be_present,medium,prefix_before_subject,be_present__medium__655,0.0787037037037037,27,-0.001736111111111111
llama32_3b,be_present,medium,prefix_before_subject,be_present__medium__680,0.1310763888888889,27,-0.005208333333333333
llama32_3b,be_present,medium,prefix_before_subject,be_present__medium__713,0.09837962962962964,27,-0.006076388888888889
llama32_3b,be_present,medium,prefix_before_subject,be_present__medium__716,0.1880787037037037,27,0.004340277777777778
llama32_3b,be_present,medium,prefix_before_subject,be_present__medium__725,0.18605324074074073,27,-0.0028935185185185184
llama32_3b,be_present,medium,prefix_before_subject,be_present__medium__731,0.1657986111111111,27,-0.008391203703703705
llama32_3b,be_present,medium,prefix_before_subject,be_present__medium__755,0.1869212962962963,27,0.0023148148148148147
llama32_3b,be_present,medium,prefix_before_subject,be_present__medium__757,0.22395833333333334,27,0.00636574074074074
llama32_3b,be_present,medium,prefix_before_subject,be_present__medium__766,0.08449074074074074,27,-0.003472222222222222
llama32_3b,be_present,medium,prefix_before_subject,be_present__medium__844,0.08506944444444445,27,-0.012152777777777778
llama32_3b,be_present,medium,prefix_before_subject,be_present__medium__862,0.12268518518518519,27,0.0005787037037037037
llama32_3b,be_present,medium,prefix_before_subject,be_present__medium__894,0.11574074074074074,27,0.005208333333333333
llama32_3b,be_present,medium,prefix_before_subject,be_present__medium__907,0.08362268518518519,27,0.0028935185185185184
llama32_3b,be_present,medium,prefix_before_subject,be_present__medium__922,0.19936342592592593,27,-0.006944444444444444
llama32_3b,be_present,medium,prefix_before_subject,be_present__medium__977,0.09288194444444445,27,0.008101851851851851
llama32_3b,be_present,medium,subject,be_present__medium__1001,1.2236689814814814,27,-0.002025462962962963
llama32_3b,be_present,medium,subject,be_present__medium__1008,1.740162037037037,27,0.00636574074074074
llama32_3b,be_present,medium,subject,be_present__medium__1011,1.2152777777777777,27,0.0023148148148148147
llama32_3b,be_present,medium,subject,be_present__medium__1019,1.1851851851851851,27,-0.006944444444444444
llama32_3b,be_present,medium,subject,be_present__medium__102,1.6785300925925926,27,0.020543981481481483
llama32_3b,be_present,medium,subject,be_present__medium__1023,1.7899305555555556,27,-0.0005787037037037037
llama32_3b,be_present,medium,subject,be_present__medium__1080,2.4427083333333335,27,0.011574074074074073
llama32_3b,be_present,medium,subject,be_present__medium__1112,2.0549768518518516,27,0.017939814814814815
llama32_3b,be_present,medium,subject,be_present__medium__1114,1.0500578703703705,27,0.01678240740740741
llama32_3b,be_present,medium,subject,be_present__medium__1119,1.6105324074074074,27,0.015625
llama32_3b,be_present,medium,subject,be_present__medium__1126,3.2896412037037037,27,0.03443287037037037
llama32_3b,be_present,medium,subject,be_present__medium__1129,1.2934027777777777,27,0.02662037037037037
llama32_3b,be_present,medium,subject,be_present__medium__1132,2.2743055555555554,27,0.02141203703703704
llama32_3b,be_present,medium,subject,be_present__medium__1147,2.619212962962963,27,0.0390625
llama32_3b,be_present,medium,subject,be_present__medium__1156,2.4759837962962963,27,0.03269675925925926
llama32_3b,be_present,medium,subject,be_present__medium__1157,2.004050925925926,27,0.027777777777777776
llama32_3b,be_present,medium,subject,be_present__medium__1179,1.3877314814814814,27,0.007233796296296296
llama32_3b,be_present,medium,subject,be_present__medium__1183,1.9152199074074074,27,0.017939814814814815
llama32_3b,be_present,medium,subject,be_present__medium__1203,2.4074074074074074,27,-0.006655092592592593
llama32_3b,be_present,medium,subject,be_present__medium__1224,2.013310185185185,27,-0.009548611111111112
llama32_3b,be_present,medium,subject,be_present__medium__125,1.0112847222222223,27,0.014756944444444444
llama32_3b,be_present,medium,subject,be_present__medium__1272,2.462962962962963,27,0.010127314814814815
llama32_3b,be_present,medium,subject,be_present__medium__1281,1.875,27,0.0011574074074074073
llama32_3b,be_present,medium,subject,be_present__medium__1304,1.8874421296296295,27,0.011574074074074073
llama32_3b,be_present,medium,subject,be_present__medium__1312,1.9620949074074074,27,0.0014467592592592592
llama32_3b,be_present,medium,subject,be_present__medium__1327,1.2705439814814814,27,-0.003472222222222222
llama32_3b,be_present,medium,subject,be_present__medium__1331,1.083912037037037,27,0.002025462962962963
llama32_3b,be_present,medium,subject,be_present__medium__1354,0.7358217592592593,27,0.0008680555555555555
llama32_3b,be_present,medium,subject,be_present__medium__1360,1.5685763888888888,27,-0.004340277777777778
llama32_3b,be_present,medium,subject,be_present__medium__1389,1.2037037037037037,27,0.008680555555555556
llama32_3b,be_present,medium,subject,be_present__medium__1413,2.2118055555555554,27,0.006076388888888889
llama32_3b,be_present,medium,subject,be_present__medium__1433,1.9730902777777777,27,0.017361111111111112
llama32_3b,be_present,medium,subject,be_present__medium__1454,3.4456018518518516,27,0.03211805555555555
llama32_3b,be_present,medium,subject,be_present__medium__1459,2.353587962962963,27,0.011284722222222222
llama32_3b,be_present,medium,subject,be_present__medium__1494,2.396412037037037,27,0.014756944444444444
llama32_3b,be_present,medium,subject,be_present__medium__1506,1.689525462962963,27,0.010127314814814815
llama32_3b,be_present,medium,subject,be_present__medium__1587,2.0859375,27,0.007233796296296296
llama32_3b,be_present,medium,subject,be_present__medium__1592,2.5928819444444446,27,0.018518518518518517
llama32_3b,be_present,medium,subject,be_present__medium__1627,2.275173611111111,27,0.008969907407407407
llama32_3b,be_present,medium,subject,be_present__medium__163,2.6296296296296298,27,0.02806712962962963
llama32_3b,be_present,medium,subject,be_present__medium__1636,1.8602430555555556,27,0.005787037037037037
llama32_3b,be_present,medium,subject,be_present__medium__164,1.2855902777777777,27,0.010127314814814815
llama32_3b,be_present,medium,subject,be_present__medium__185,2.1799768518518516,27,0.025173611111111112
llama32_3b,be_present,medium,subject,be_present__medium__199,0.9916087962962963,27,0.008969907407407407
llama32_3b,be_present,medium,subject,be_present__medium__200,1.5639467592592593,27,0.005497685185185185
llama32_3b,be_present,medium,subject,be_present__medium__219,1.9375,27,0.006076388888888889
llama32_3b,be_present,medium,subject,be_present__medium__221,3.4265046296296298,27,0.035590277777777776
llama32_3b,be_present,medium,subject,be_present__medium__248,1.8758680555555556,27,0.0014467592592592592
llama32_3b,be_present,medium,subject,be_present__medium__272,1.6157407407407407,27,0.006944444444444444
llama32_3b,be_present,medium,subject,be_present__medium__30,2.9059606481481484,27,0.028935185185185185
llama32_3b,be_present,medium,subject,be_present__medium__304,1.0005787037037037,27,-0.006076388888888889
llama32_3b,be_present,medium,subject,be_present__medium__310,1.845775462962963,27,0.0023148148148148147
llama32_3b,be_present,medium,subject,be_present__medium__333,2.3628472222222223,27,0.026909722222222224
llama32_3b,be_present,medium,subject,be_present__medium__352,1.982349537037037,27,0.027488425925925927
llama32_3b,be_present,medium,subject,be_present__medium__353,2.130787037037037,27,0.015914351851851853
llama32_3b,be_present,medium,subject,be_present__medium__372,1.857349537037037,27,0.01070601851851852
llama32_3b,be_present,medium,subject,be_present__medium__375,1.8828125,27,0.016203703703703703
llama32_3b,be_present,medium,subject,be_present__medium__395,2.1119791666666665,27,0.025752314814814815
llama32_3b,be_present,medium,subject,be_present__medium__399,2.050636574074074,27,0.022858796296296297
llama32_3b,be_present,medium,subject,be_present__medium__409,1.5017361111111112,27,0.014467592592592593
llama32_3b,be_present,medium,subject,be_present__medium__421,1.9369212962962963,27,0.0005787037037037037
llama32_3b,be_present,medium,subject,be_present__medium__427,1.5931712962962963,27,0.003472222222222222
llama32_3b,be_present,medium,subject,be_present__medium__439,1.8333333333333333,27,0.005787037037037037
llama32_3b,be_present,medium,subject,be_present__medium__452,2.1553819444444446,27,0.005208333333333333
llama32_3b,be_present,medium,subject,be_present__medium__454,1.4872685185185186,27,-0.025173611111111112
llama32_3b,be_present,medium,subject,be_present__medium__480,2.300636574074074,27,-0.04513888888888889
llama32_3b,be_present,medium,subject,be_present__medium__483,2.2624421296296298,27,-0.0014467592592592592
llama32_3b,be_present,medium,subject,be_present__medium__484,1.8411458333333333,27,0.003761574074074074
llama32_3b,be_present,medium,subject,be_present__medium__487,1.9334490740740742,27,0.013888888888888888
llama32_3b,be_present,medium,subject,be_present__medium__494,2.243634259259259,27,0.020833333333333332
llama32_3b,be_present,medium,subject,be_present__medium__50,2.158275462962963,27,0.01070601851851852
llama32_3b,be_present,medium,subject,be_present__medium__523,1.7647569444444444,27,0.004629629629629629
llama32_3b,be_present,medium,subject,be_present__medium__561,1.4311342592592593,27,0.015046296296296295
llama32_3b,be_present,medium,subject,be_present__medium__562,1.6018518518518519,27,0.011574074074074073
llama32_3b,be_present,medium,subject,be_present__medium__567,1.6944444444444444,27,0.0028935185185185184
llama32_3b,be_present,medium,subject,be_present__medium__57,1.9230324074074074,27,0.01099537037037037
llama32_3b,be_present,medium,subject,be_present__medium__576,1.5240162037037037,27,0.011863425925925927
llama32_3b,be_present,medium,subject,be_present__medium__592,1.3171296296296295,27,0.009548611111111112
llama32_3b,be_present,medium,subject,be_present__medium__619,1.6987847222222223,27,-0.004050925925925926
llama32_3b,be_present,medium,subject,be_present__medium__620,1.9939236111111112,27,-0.023148148148148147
llama32_3b,be_present,medium,subject,be_present__medium__629,1.5992476851851851,27,0.004918981481481482
llama32_3b,be_present,medium,subject,be_present__medium__630,2.5309606481481484,27,0.006655092592592593
llama32_3b,be_present,medium,subject,be_present__medium__637,1.3561921296296295,27,0.016203703703703703
llama32_3b,be_present,medium,subject,be_present__medium__64,2.1090856481481484,27,-0.001736111111111111
llama32_3b,be_present,medium,subject,be_present__medium__651,2.1105324074074074,27,-0.005787037037037037
llama32_3b,be_present,medium,subject,be_present__medium__655,2.029224537037037,27,0.0008680555555555555
llama32_3b,be_present,medium,subject,be_present__medium__680,3.0439814814814814,27,0.0008680555555555555
llama32_3b,be_present,medium,subject,be_present__medium__713,2.0338541666666665,27,0.0028935185185185184
llama32_3b,be_present,medium,subject,be_present__medium__716,2.725115740740741,27,0.02806712962962963
llama32_3b,be_present,medium,subject,be_present__medium__725,1.4985532407407407,27,-0.004918981481481482
llama32_3b,be_present,medium,subject,be_present__medium__731,1.2262731481481481,27,0.0011574074074074073
llama32_3b,be_present,medium,subject,be_present__medium__755,1.4036458333333333,27,0.008969907407407407
llama32_3b,be_present,medium,subject,be_present__medium__757,1.4372106481481481,27,0.014467592592592593
llama32_3b,be_present,medium,subject,be_present__medium__766,1.1860532407407407,27,0.006076388888888889
llama32_3b,be_present,medium,subject,be_present__medium__844,1.4913194444444444,27,-0.0023148148148148147
llama32_3b,be_present,medium,subject,be_present__medium__862,1.8258101851851851,27,0.00636574074074074
llama32_3b,be_present,medium,subject,be_present__medium__894,2.0228587962962963,27,0.013888888888888888
llama32_3b,be_present,medium,subject,be_present__medium__907,1.2627314814814814,27,0.013020833333333334
llama32_3b,be_present,medium,subject,be_present__medium__922,1.8747106481481481,27,0.015914351851851853
llama32_3b,be_present,medium,subject,be_present__medium__977,1.2737268518518519,27,0.01099537037037037
phi2,be_present,extra_long,between_subject_distractor,be_present__extra_long__1035,0.9182147210644137,62,0.0149182504223239
phi2,be_present,extra_long,between_subject_distractor,be_present__extra_long__1062,0.8713563642194194,62,0.013818910045008495
phi2,be_present,extra_long,between_subject_distractor,be_present__extra_long__1074,0.8182998626462875,62,0.012460477890506855
phi2,be_present,extra_long,between_subject_distractor,be_present__extra_long__1079,0.9544391632080078,62,0.017692273662936284
phi2,be_present,extra_long,between_subject_distractor,be_present__extra_long__110,0.9771984777142925,62,0.013630805477019272
phi2,be_present,extra_long,between_subject_distractor,be_present__extra_long__1101,1.2450782406714656,62,0.0247528476099814
phi2,be_present,extra_long,between_subject_distractor,be_present__extra_long__1111,1.1850688842035109,62,0.023923996956117678
phi2,be_present,extra_long,between_subject_distractor,be_present__extra_long__1132,0.8235414720350697,62,0.009313767956149183
phi2,be_present,extra_long,between_subject_distractor,be_present__extra_long__1164,0.7542105797798403,62,0.005605805304742619
phi2,be_present,extra_long,between_subject_distractor,be_present__extra_long__1176,0.7773119557288385,62,-0.001419375019688768
phi2,be_present,extra_long,between_subject_distractor,be_present__extra_long__1179,0.727903796780494,62,-0.0014182059995589801
phi2,be_present,extra_long,between_subject_distractor,be_present__extra_long__1230,0.703984506668583,62,0.010791332490982544
phi2,be_present,extra_long,between_subject_distractor,be_present__extra_long__1240,0.7745764486251339,62,0.004666682212583489
phi2,be_present,extra_long,between_subject_distractor,be_present__extra_long__125,1.3094495804079118,62,0.020447746399910205
phi2,be_present,extra_long,between_subject_distractor,be_present__extra_long__1256,0.9127572890250913,62,0.004005647474719641
phi2,be_present,extra_long,between_subject_distractor,be_present__extra_long__1296,0.7629878751693233,62,0.005306120841733871
phi2,be_present,extra_long,between_subject_distractor,be_present__extra_long__1306,0.6644393397915748,62,0.003192793938421431
phi2,be_present,extra_long,between_subject_distractor,be_present__extra_long__1327,0.8216287089932349,62,0.006711544529084233
phi2,be_present,extra_long,between_subject_distractor,be_present__extra_long__1360,0.877905338041244,62,0.007691321834441148
phi2,be_present,extra_long,between_subject_distractor,be_present__extra_long__1402,1.02382839879682,62,0.01773571198986421
phi2,be_present,extra_long,between_subject_distractor,be_present__extra_long__1413,0.9268305532393917,62,0.019792787490352508
phi2,be_present,extra_long,between_subject_distractor,be_present__extra_long__1430,0.7893203919933688,62,0.011104491449171486
phi2,be_present,extra_long,between_subject_distractor,be_present__extra_long__1447,0.8454254673373315,62,0.009945392608642582
phi2,be_present,extra_long,between_subject_distractor,be_present__extra_long__1473,0.7996882777060231,62,0.01061264161140687
phi2,be_present,extra_long,between_subject_distractor,be_present__extra_long__1475,0.6733453812137726,62,0.007635701087213322
phi2,be_present,extra_long,between_subject_distractor,be_present__extra_long__1488,1.2429687746109501,62,0.016480307425222076
phi2,be_present,extra_long,between_subject_distractor,be_present__extra_long__1494,1.1253950211309618,62,0.01846802619195752
phi2,be_present,extra_long,between_subject_distractor,be_present__extra_long__1526,0.8675941344230406,62,0.024407632889286147
phi2,be_present,extra_long,between_subject_distractor,be_present__extra_long__1580,0.9103164057577809,62,0.013649479035408262
phi2,be_present,extra_long,between_subject_distractor,be_present__extra_long__1583,0.8345797138829385,62,0.01060244344895885
phi2,be_present,extra_long,between_subject_distractor,be_present__extra_long__16,1.0992838028938539,62,0.013391433223601309
phi2,be_present,extra_long,between_subject_distractor,be_present__extra_long__1622,0.811172116187311,62,0.011050055103917262
phi2,be_present,extra_long,between_subject_distractor,be_present__extra_long__1636,0.6963395457113942,62,0.005037215448194921
phi2,be_present,extra_long,between_subject_distractor,be_present__extra_long__185,0.9871805098748976,62,0.015683466388333213
phi2,be_present,extra_long,between_subject_distractor,be_present__extra_long__193,0.8638702515632876,62,0.007036839762041635
phi2,be_present,extra_long,between_subject_distractor,be_present__extra_long__199,1.0452225439010128,62,0.015250452103153341
phi2,be_present,extra_long,between_subject_distractor,be_present__extra_long__204,1.397529202122842,62,0.010906988574612511
phi2,be_present,extra_long,between_subject_distractor,be_present__extra_long__209,1.5346831506298435,62,0.015954786731350794
phi2,be_present,extra_long,between_subject_distractor,be_present__extra_long__252,0.9045800547445974,62,0.01969534350979711
phi2,be_present,extra_long,between_subject_distractor,be_present__extra_long__262,0.8309637346575337,62,0.018283428684357658
phi2,be_present,extra_long,between_subject_distractor,be_present__extra_long__271,0.9127526437082598,62,0.012324117845104579
phi2,be_present,extra_long,between_subject_distractor,be_present__extra_long__299,0.9901875219037456,62,0.015757945276075786
phi2,be_present,extra_long,between_subject_distractor,be_present__extra_long__30,1.0705495342131583,62,0.014968672106342925
phi2,be_present,extra_long,between_subject_distractor,be_present__extra_long__301,1.085697220217797,62,0.01828668963524603
phi2,be_present,extra_long,between_subject_distractor,be_present__extra_long__307,1.1668079591566516,62,0.014922757302561106
phi2,be_present,extra_long,between_subject_distractor,be_present__extra_long__333,0.9956549675233902,62,0.004766833397649929
phi2,be_present,extra_long,between_subject_distractor,be_present__extra_long__352,1.0655614022285707,62,0.0003972976438460814
phi2,be_present,extra_long,between_subject_distractor,be_present__extra_long__372,1.097061126462875,62,0.016358160203503013
phi2,be_present,extra_long,between_subject_distractor,be_present__extra_long__375,1.1929198541948873,62,0.011878167429277966
phi2,be_present,extra_long,between_subject_distractor,be_present__extra_long__382,0.8818248010450794,62,0.010367070474932252
phi2,be_present,extra_long,between_subject_distractor,be_present__extra_long__409,0.9275230899933846,62,0.009456942158360628
phi2,be_present,extra_long,between_subject_distractor,be_present__extra_long__412,0.9276652951394359,62,0.010622455227759568
phi2,be_present,extra_long,between_subject_distractor,be_present__extra_long__421,0.9938610292250111,62,0.014639900576683771
phi2,be_present,extra_long,between_subject_distractor,be_present__extra_long__428,0.9637451940967191,62,0.01438348524032099
phi2,be_present,extra_long,between_subject_distractor,be_present__extra_long__439,1.0436477661132812,62,0.01547368880241148
phi2,be_present,extra_long,between_subject_distractor,be_present__extra_long__45,1.1855889443428285,62,0.021348753283100732
phi2,be_present,extra_long,between_subject_distractor,be_present__extra_long__454,1.031019841471026,62,0.02002606853362052
phi2,be_present,extra_long,between_subject_distractor,be_present__extra_long__465,0.9132411095403856,62,0.019514376117337126
phi2,be_present,extra_long,between_subject_distractor,be_present__extra_long__479,0.9481159640896705,62,0.02328297399705455
phi2,be_present,extra_long,between_subject_distractor,be_present__extra_long__480,0.9714795697119928,62,0.022273294387325157
phi2,be_present,extra_long,between_subject_distractor,be_present__extra_long__482,0.9955304976432554,62,0.01771982254520538
phi2,be_present,extra_long,between_subject_distractor,be_present__extra_long__484,0.9277816587878812,62,0.01838771758540983
phi2,be_present,extra_long,between_subject_distractor,be_present__extra_long__486,0.9812382575004331,62,0.023278390207598268
phi2,be_present,extra_long,between_subject_distractor,be_present__extra_long__487,0.9488969772092758,62,0.01610665167531658
phi2,be_present,extra_long,between_subject_distractor,be_present__extra_long__491,0.9476076710608697,62,0.02144705864690964
phi2,be_present,extra_long,between_subject_distractor,be_present__extra_long__515,0.9091587066650391,62,0.021346307569934463
phi2,be_present,extra_long,between_subject_distractor,be_present__extra_long__523,0.9045497832759735,62,0.006690086856965089
phi2,be_present,extra_long,between_subject_distractor,be_present__extra_long__533,0.942216565532069,62,0.009492289635442913
phi2,be_present,extra_long,between_subject_distractor,be_present__extra_long__536,1.0113363727446525,62,0.007410326311665185
phi2,be_present,extra_long,between_subject_distractor,be_present__extra_long__552,0.9004644886139901,62,0.004125918111493507
phi2,be_present,extra_long,between_subject_distractor,be_present__extra_long__561,1.1432345913302513,62,0.01563788998511529
phi2,be_present,extra_long,between_subject_distractor,be_present__extra_long__576,1.1734379183861516,62,0.01361228573706841
phi2,be_present,extra_long,between_subject_distractor,be_present__extra_long__583,1.0671900318514915,62,0.01996649465253275
phi2,be_present,extra_long,between_subject_distractor,be_present__extra_long__589,1.0692023769501717,62,0.005987905686901465
phi2,be_present,extra_long,between_subject_distractor,be_present__extra_long__592,1.1194993911250946,62,0.012546585452172057
phi2,be_present,extra_long,between_subject_distractor,be_present__extra_long__60,1.0797719493989022,62,0.01631126096171717
phi2,be_present,extra_long,between_subject_distractor,be_present__extra_long__651,0.7903123363371818,62,0.005034585152902909
phi2,be_present,extra_long,between_subject_distractor,be_present__extra_long__652,0.8500052267505277,62,0.00671762035739036
phi2,be_present,extra_long,between_subject_distractor,be_present__extra_long__655,0.9132753341428695,62,0.004810102524295926
phi2,be_present,extra_long,between_subject_distractor,be_present__extra_long__66,1.0617747614460606,62,0.02100993740943169
phi2,be_present,extra_long,between_subject_distractor,be_present__extra_long__661,0.7468947902802499,62,0.005028124778501444
phi2,be_present,extra_long,between_subject_distractor,be_present__extra_long__673,0.7299318005961757,62,0.0051701761061145315
phi2,be_present,extra_long,between_subject_distractor,be_present__extra_long__693,0.7770245459771925,62,0.009472570111674636
phi2,be_present,extra_long,between_subject_distractor,be_present__extra_long__701,0.8142926308416552,62,0.011940540805939691
phi2,be_present,extra_long,between_subject_distractor,be_present__extra_long__725,1.411613525882844,62,0.031186642185334228
phi2,be_present,extra_long,between_subject_distractor,be_present__extra_long__731,1.2904331145748016,62,0.022467767038652966
phi2,be_present,extra_long,between_subject_distractor,be_present__extra_long__760,1.3910124532638057,62,0.0242555679813508
phi2,be_present,extra_long,between_subject_distractor,be_present__extra_long__768,1.3039030721110683,62,0.03871325523622573
phi2,be_present,extra_long,between_subject_distractor,be_present__extra_long__79,1.157084988009545,62,0.020176979803269907
phi2,be_present,extra_long,between_subject_distractor,be_present__extra_long__833,0.6662899755662487,62,0.002407135501984623
phi2,be_present,extra_long,between_subject_distractor,be_present__extra_long__858,0.8007774968301097,62,0.0012987198368195573
phi2,be_present,extra_long,between_subject_distractor,be_present__extra_long__902,1.1366483319190241,62,0.013100916339505088
phi2,be_present,extra_long,between_subject_distractor,be_present__extra_long__904,0.9922729461423813,62,0.006556941616919723
phi2,be_present,extra_long,between_subject_distractor,be_present__extra_long__916,0.7592473696636898,93,0.010633745501118312
phi2,be_present,extra_long,between_subject_distractor,be_present__extra_long__917,1.0952766018529092,62,0.010966131764073518
phi2,be_present,extra_long,between_subject_distractor,be_present__extra_long__919,1.1932930331076346,62,0.011612015385781556
phi2,be_present,extra_long,between_subject_distractor,be_present__extra_long__924,0.6493249554787913,62,0.008602680698517821
phi2,be_present,extra_long,between_subject_distractor,be_present__extra_long__979,0.8457069396972656,62,0.005666671260710668
phi2,be_present,extra_long,between_subject_distractor,be_present__extra_long__987,0.8484717953589654,62,0.009472216329266939
phi2,be_present,extra_long,between_subject_distractor,be_present__extra_long__989,0.8309360781023579,62,0.0057082791482248535
phi2,be_present,extra_long,distractor,be_present__extra_long__1035,0.2866718230708953,31,-0.0018215487080235602
phi2,be_present,extra_long,distractor,be_present__extra_long__1062,0.19295406341552734,31,-2.2949710968995126e-05
phi2,be_present,extra_long,distractor,be_present__extra_long__1074,0.22747325897216797,31,-0.004036195816532255
phi2,be_present,extra_long,distractor,be_present__extra_long__1079,0.26268469902776903,31,0.008262511222593248
phi2,be_present,extra_long,distractor,be_present__extra_long__110,0.22777674275059853,31,-0.011603693808278718
phi2,be_present,extra_long,distractor,be_present__extra_long__1101,0.24603514517507244,31,0.014804778560515361
phi2,be_present,extra_long,distractor,be_present__extra_long__1111,0.35869641457834545,31,-0.005288339430286045
phi2,be_present,extra_long,distractor,be_present__extra_long__1132,0.2807154809274981,31,0.0014920696135490238
phi2,be_present,extra_long,distractor,be_present__extra_long__1164,0.17454061200541832,31,0.0010011119227255542
phi2,be_present,extra_long,distractor,be_present__extra_long__1176,0.2125725899973223,31,0.002805463729366183
phi2,be_present,extra_long,distractor,be_present__extra_long__1179,0.14664982211205263,31,0.002067227517404875
phi2,be_present,extra_long,distractor,be_present__extra_long__1230,0.2487225686350176,31,-0.0075494704707976335
phi2,be_present,extra_long,distractor,be_present__extra_long__1240,0.22425959187169225,31,-0.007165139721285913
phi2,be_present,extra_long,distractor,be_present__extra_long__125,0.31861323695028976,31,-0.004613630233272436
phi2,be_present,extra_long,distractor,be_present__extra_long__1256,0.3322637004237021,31,0.0021708088536416233
phi2,be_present,extra_long,distractor,be_present__extra_long__1296,0.30362132287794547,31,0.016881819694272934
phi2,be_present,extra_long,distractor,be_present__extra_long__1306,0.31054955144082347,31,0.017104056573683208
phi2,be_present,extra_long,distractor,be_present__extra_long__1327,0.18072565140262725,31,0.008797707096222906
phi2,be_present,extra_long,distractor,be_present__extra_long__1360,0.24887989413353703,31,7.367903186429748e-05
phi2,be_present,extra_long,distractor,be_present__extra_long__1402,0.2881442346880513,31,-0.007473668744487136
phi2,be_present,extra_long,distractor,be_present__extra_long__1413,0.26127427624117944,31,-0.0016364435995778704
phi2,be_present,extra_long,distractor,be_present__extra_long__1430,0.2320416358209425,31,-0.015581869309948327
phi2,be_present,extra_long,distractor,be_present__extra_long__1447,0.21620565845120335,31,0.00023371173489479066
phi2,be_present,extra_long,distractor,be_present__extra_long__1473,0.30089396815146163,31,0.0002960082023374455
phi2,be_present,extra_long,distractor,be_present__extra_long__1475,0.26545703026556194,31,-0.00437555005473475
phi2,be_present,extra_long,distractor,be_present__extra_long__1488,0.26058713851436494,31,0.012480366614557072
phi2,be_present,extra_long,distractor,be_present__extra_long__1494,0.3100552712717364,31,0.01287758734918409
phi2,be_present,extra_long,distractor,be_present__extra_long__1526,0.3617286066855154,31,0.01158689683483493
phi2,be_present,extra_long,distractor,be_present__extra_long__1580,0.39230749683995403,31,0.024228803573116183
phi2,be_present,extra_long,distractor,be_present__extra_long__1583,0.3451808498751733,31,0.005920625502063397
phi2,be_present,extra_long,distractor,be_present__extra_long__16,0.28329895388695503,31,0.0034834954046434126
phi2,be_present,extra_long,distractor,be_present__extra_long__1622,0.2622124764227098,31,0.029133673637144
phi2,be_present,extra_long,distractor,be_present__extra_long__1636,0.3402282960953251,31,-0.009610699069115405
phi2,be_present,extra_long,distractor,be_present__extra_long__185,0.26322906248031125,31,0.013690610085764242
phi2,be_present,extra_long,distractor,be_present__extra_long__193,0.2586484724475491,31,0.006599856961158002
phi2,be_present,extra_long,distractor,be_present__extra_long__199,0.2656772675052766,31,0.008027599703881049
phi2,be_present,extra_long,distractor,be_present__extra_long__204,0.31699442094372166,31,-0.005587577819824203
phi2,be_present,extra_long,distractor,be_present__extra_long__209,0.47590348028367563,31,0.029572056185814634
phi2,be_present,extra_long,distractor,be_present__extra_long__252,0.26966347232941656,31,-0.003527333659510444
phi2,be_present,extra_long,distractor,be_present__extra_long__262,0.2847351258800876,31,-0.004907361922725542
phi2,be_present,extra_long,distractor,be_present__extra_long__271,0.3035140191355059,31,0.028225221941547998
phi2,be_present,extra_long,distractor,be_present__extra_long__299,0.2875614473896642,31,-0.0046452860678395875
phi2,be_present,extra_long,distractor,be_present__extra_long__30,0.2922400505312027,31,-0.006308924767278849
phi2,be_present,extra_long,distractor,be_present__extra_long__301,0.22877031756985572,31,-0.008068453881048368
phi2,be_present,extra_long,distractor,be_present__extra_long__307,0.2846829814295615,31,-0.004440369144562735
phi2,be_present,extra_long,distractor,be_present__extra_long__333,0.5149255875618226,31,-0.011840205038747465
phi2,be_present,extra_long,distractor,be_present__extra_long__352,0.3808240275229177,31,0.007513630774713326
phi2,be_present,extra_long,distractor,be_present__extra_long__372,0.2470547153103736,31,0.007675939990628149
phi2,be_present,extra_long,distractor,be_present__extra_long__375,0.2981367726479807,31,0.010310696017357611
phi2,be_present,extra_long,distractor,be_present__extra_long__382,0.33459309608705584,31,0.005669778393160906
phi2,be_present,extra_long,distractor,be_present__extra_long__409,0.29310254127748553,31,-0.015409069676553032
phi2,be_present,extra_long,distractor,be_present__extra_long__412,0.26271952352216166,31,0.0006074597758631635
phi2,be_present,extra_long,distractor,be_present__extra_long__421,0.22561070226853894,31,-0.0033322611162739254
phi2,be_present,extra_long,distractor,be_present__extra_long__428,0.2682747071789157,31,-0.0005119385257843933
phi2,be_present,extra_long,distractor,be_present__extra_long__439,0.32122535090292653,31,0.010512105880245096
phi2,be_present,extra_long,distractor,be_present__extra_long__45,0.3506163627870621,31,0.007446781281502025
phi2,be_present,extra_long,distractor,be_present__extra_long__454,0.2555458007320281,31,0.001472903836158023
phi2,be_present,extra_long,distractor,be_present__extra_long__465,0.32665025034258444,31,0.017914095232563636
phi2,be_present,extra_long,distractor,be_present__extra_long__479,0.3376919223416236,31,0.006136709643948469
phi2,be_present,extra_long,distractor,be_present__extra_long__480,0.2767821588823872,31,0.0017226434523059592
phi2,be_present,extra_long,distractor,be_present__extra_long__482,0.35626408361619516,31,-0.024917879412251112
phi2,be_present,extra_long,distractor,be_present__extra_long__484,0.33149937660463397,31,-0.005938806841450349
phi2,be_present,extra_long,distractor,be_present__extra_long__486,0.38476990115258003,31,0.0019128553328975498
phi2,be_present,extra_long,distractor,be_present__extra_long__487,0.11139411310995777,31,0.0009929595455046671
phi2,be_present,extra_long,distractor,be_present__extra_long__491,0.30115782830022997,31,0.007342123216198348
phi2,be_present,extra_long,distractor,be_present__extra_long__515,0.38056069035683904,31,-0.0002303584929435452
phi2,be_present,extra_long,distractor,be_present__extra_long__523,0.2520439701695596,31,-0.002914028782998358
phi2,be_present,extra_long,distractor,be_present__extra_long__533,0.236091798351657,31,0.01150494237099925
phi2,be_present,extra_long,distractor,be_present__extra_long__536,0.25996082059798703,31,-0.019240871552498106
phi2,be_present,extra_long,distractor,be_present__extra_long__552,0.2281806392054404,31,-0.009467463339528727
phi2,be_present,extra_long,distractor,be_present__extra_long__561,0.3702939248854114,31,-0.007934539548812364
phi2,be_present,extra_long,distractor,be_present__extra_long__576,0.31420895361131235,31,-0.0015414453321887578
phi2,be_present,extra_long,distractor,be_present__extra_long__583,0.36220202907439203,31,0.016243319357595123
phi2,be_present,extra_long,distractor,be_present__extra_long__589,0.2948582249303018,31,-0.008570855663668721
phi2,be_present,extra_long,distractor,be_present__extra_long__592,0.3268125287948116,31,0.008590575187436987
phi2,be_present,extra_long,distractor,be_present__extra_long__60,0.2716410544610793,31,0.005290831288983748
phi2,be_present,extra_long,distractor,be_present__extra_long__651,0.25122645593458603,31,0.01382357074368384
phi2,be_present,extra_long,distractor,be_present__extra_long__652,0.26340819943335747,31,-0.0002527236938476549
phi2,be_present,extra_long,distractor,be_present__extra_long__655,0.21359966647240422,31,-0.0019873957480153717
phi2,be_present,extra_long,distractor,be_present__extra_long__66,0.3168472166984312,31,0.0039010509367911907
phi2,be_present,extra_long,distractor,be_present__extra_long__661,0.30954883944603706,31,0.018679680362824472
phi2,be_present,extra_long,distractor,be_present__extra_long__673,0.35590390236146985,31,0.008918331515404485
phi2,be_present,extra_long,distractor,be_present__extra_long__693,0.3147776203770791,31,0.00395193407612464
phi2,be_present,extra_long,distractor,be_present__extra_long__701,0.34998407671528475,31,0.00614603104129915
phi2,be_present,extra_long,distractor,be_present__extra_long__725,0.2737435064008159,31,0.033621788024902344
phi2,be_present,extra_long,distractor,be_present__extra_long__731,0.21719477253575478,31,0.009147459460842996
phi2,be_present,extra_long,distractor,be_present__extra_long__760,0.26182873018326297,31,0.017494663115470634
phi2,be_present,extra_long,distractor,be_present__extra_long__768,0.2922155318721648,31,-0.005405364498015369
phi2,be_present,extra_long,distractor,be_present__extra_long__79,0.391899908742597,31,0.011929788897114412
phi2,be_present,extra_long,distractor,be_present__extra_long__833,0.24177228250811178,31,0.001972475359516769
phi2,be_present,extra_long,distractor,be_present__extra_long__858,0.12295698350475678,31,-0.006727772374306959
phi2,be_present,extra_long,distractor,be_present__extra_long__902,0.25766145029375626,31,0.011999037957960553
phi2,be_present,extra_long,distractor,be_present__extra_long__904,0.2263314954696163,31,0.008148285650437879
phi2,be_present,extra_long,distractor,be_present__extra_long__916,0.29455381824124244,31,0.013967421747023069
phi2,be_present,extra_long,distractor,be_present__extra_long__917,0.30010632545717303,31,0.020044695946478064
phi2,be_present,extra_long,distractor,be_present__extra_long__919,0.3046153899162046,31,0.03323918004189767
phi2,be_present,extra_long,distractor,be_present__extra_long__924,0.24516570183538622,31,0.0034143078711725183
phi2,be_present,extra_long,distractor,be_present__extra_long__979,0.2818079302387852,31,-0.021937524118731084
phi2,be_present,extra_long,distractor,be_present__extra_long__987,0.20044520593458606,31,-0.010661463583669343
phi2,be_present,extra_long,distractor,be_present__extra_long__989,0.2395336704869424,31,-0.008963308026713707
phi2,be_present,extra_long,filler_after_distractor,be_present__extra_long__1035,0.29555030535626153,558,0.0010567753972972988
phi2,be_present,extra_long,filler_after_distractor,be_present__extra_long__1062,0.24289808136587923,558,0.0009676017214320437
phi2,be_present,extra_long,filler_after_distractor,be_present__extra_long__1074,0.21841980137705372,558,0.002067266826561271
phi2,be_present,extra_long,filler_after_distractor,be_present__extra_long__1079,0.26304757210516155,558,0.0031419261809318227
phi2,be_present,extra_long,filler_after_distractor,be_present__extra_long__110,0.26285454876533976,558,0.0023613095710781685
phi2,be_present,extra_long,filler_after_distractor,be_present__extra_long__1101,0.30113807630368034,558,0.002300267578453142
phi2,be_present,extra_long,filler_after_distractor,be_present__extra_long__1111,0.2734349295229895,558,0.00355902709414027
phi2,be_present,extra_long,filler_after_distractor,be_present__extra_long__1132,0.271286555943096,558,0.0017081435008715529
phi2,be_present,extra_long,filler_after_distractor,be_present__extra_long__1164,0.26302116660661595,558,-0.0012611180650717892
phi2,be_present,extra_long,filler_after_distractor,be_present__extra_long__1176,0.2519167862485386,558,-0.0010663651223678332
phi2,be_present,extra_long,filler_after_distractor,be_present__extra_long__1179,0.26435530741154933,558,-0.001221460253534351
phi2,be_present,extra_long,filler_after_distractor,be_present__extra_long__1230,0.26159674805125027,558,0.0027985948815567887
phi2,be_present,extra_long,filler_after_distractor,be_present__extra_long__1240,0.3135340837594856,558,0.0035206169210454416
phi2,be_present,extra_long,filler_after_distractor,be_present__extra_long__125,0.243264399976286,558,0.001777086633935192
phi2,be_present,extra_long,filler_after_distractor,be_present__extra_long__1256,0.32533999241381134,558,0.0021296316577542147
phi2,be_present,extra_long,filler_after_distractor,be_present__extra_long__1296,0.2807070072406509,558,0.0027322922983477136
phi2,be_present,extra_long,filler_after_distractor,be_present__extra_long__1306,0.2777982544300804,558,0.002470558262213152
phi2,be_present,extra_long,filler_after_distractor,be_present__extra_long__1327,0.3030445225349891,558,0.002075755895252293
phi2,be_present,extra_long,filler_after_distractor,be_present__extra_long__1360,0.2910357923063326,558,0.0022129328874704204
phi2,be_present,extra_long,filler_after_distractor,be_present__extra_long__1402,0.33739741301451104,558,0.004837430933470361
phi2,be_present,extra_long,filler_after_distractor,be_present__extra_long__1413,0.33874493602356176,558,0.00303972921063823
phi2,be_present,extra_long,filler_after_distractor,be_present__extra_long__1430,0.2764772138287944,558,0.002599160731052406
phi2,be_present,extra_long,filler_after_distractor,be_present__extra_long__1447,0.39328727414531095,558,0.0020408630371093707
phi2,be_present,extra_long,filler_after_distractor,be_present__extra_long__1473,0.28384674236338625,558,0.0012496825187436956
phi2,be_present,extra_long,filler_after_distractor,be_present__extra_long__1475,0.2382013823396416,558,0.001960962903969599
phi2,be_present,extra_long,filler_after_distractor,be_present__extra_long__1488,0.37488690755700554,558,0.0015233203928957685
phi2,be_present,extra_long,filler_after_distractor,be_present__extra_long__1494,0.3299917474015212,558,0.0017296780822097589
phi2,be_present,extra_long,filler_after_distractor,be_present__extra_long__1526,0.3096535214386533,558,0.003916902781387378
phi2,be_present,extra_long,filler_after_distractor,be_present__extra_long__1580,0.3317871452659689,558,0.002535828552792999
phi2,be_present,extra_long,filler_after_distractor,be_present__extra_long__1583,0.327564873575737,558,0.0033554945368065997
phi2,be_present,extra_long,filler_after_distractor,be_present__extra_long__16,0.34968481781662153,558,0.0016940127136886717
phi2,be_present,extra_long,filler_after_distractor,be_present__extra_long__1622,0.2998964521620009,558,0.001364631037558275
phi2,be_present,extra_long,filler_after_distractor,be_present__extra_long__1636,0.261339435440665,558,0.0014532526761400183
phi2,be_present,extra_long,filler_after_distractor,be_present__extra_long__185,0.29302875457271454,558,0.001655722177156834
phi2,be_present,extra_long,filler_after_distractor,be_present__extra_long__193,0.239274045472504,558,0.002373498827753097
phi2,be_present,extra_long,filler_after_distractor,be_present__extra_long__199,0.27427718118100186,558,0.003077602728293357
phi2,be_present,extra_long,filler_after_distractor,be_present__extra_long__204,0.30792143011605866,558,-0.000861933581717983
phi2,be_present,extra_long,filler_after_distractor,be_present__extra_long__209,0.4419017812257172,558,0.005400843945028102
phi2,be_present,extra_long,filler_after_distractor,be_present__extra_long__252,0.34499823320723777,558,0.0025828269220167567
phi2,be_present,extra_long,filler_after_distractor,be_present__extra_long__262,0.35627553625346087,558,0.004510852171101443
phi2,be_present,extra_long,filler_after_distractor,be_present__extra_long__271,0.36663244274782025,558,0.004210966035029361
phi2,be_present,extra_long,filler_after_distractor,be_present__extra_long__299,0.2602012148894717,558,0.002412479838162765
phi2,be_present,extra_long,filler_after_distractor,be_present__extra_long__30,0.31409580305913015,558,0.002570924793093001
phi2,be_present,extra_long,filler_after_distractor,be_present__extra_long__301,0.2703306170774617,558,7.151190098041286e-05
phi2,be_present,extra_long,filler_after_distractor,be_present__extra_long__307,0.25979114860616703,558,0.0010240975246634495
phi2,be_present,extra_long,filler_after_distractor,be_present__extra_long__333,0.28956704498619157,558,0.002162707749233449
phi2,be_present,extra_long,filler_after_distractor,be_present__extra_long__352,0.278522879419361,558,0.000739218940871587
phi2,be_present,extra_long,filler_after_distractor,be_present__extra_long__372,0.3151349371906677,558,0.0014737840194428654
phi2,be_present,extra_long,filler_after_distractor,be_present__extra_long__375,0.3114660273316086,558,0.0014444046977600245
phi2,be_present,extra_long,filler_after_distractor,be_present__extra_long__382,0.3342513986813125,558,0.00013625237249558772
phi2,be_present,extra_long,filler_after_distractor,be_present__extra_long__409,0.25509726103915964,558,-7.839613063363081e-06
phi2,be_present,extra_long,filler_after_distractor,be_present__extra_long__412,0.28957061528305,558,0.0012426974525588362
phi2,be_present,extra_long,filler_after_distractor,be_present__extra_long__421,0.26889667545168205,558,0.00027893435570501367
phi2,be_present,extra_long,filler_after_distractor,be_present__extra_long__428,0.3012152282140588,558,0.0008381378693392596
phi2,be_present,extra_long,filler_after_distractor,be_present__extra_long__439,0.30290628590464164,558,0.0027074403660271723
phi2,be_present,extra_long,filler_after_distractor,be_present__extra_long__45,0.36048986578500397,558,0.004264920415844109
phi2,be_present,extra_long,filler_after_distractor,be_present__extra_long__454,0.34514742683766136,558,0.003278180262521173
phi2,be_present,extra_long,filler_after_distractor,be_present__extra_long__465,0.3132359750809208,558,0.002531225963305397
phi2,be_present,extra_long,filler_after_distractor,be_present__extra_long__479,0.3203138826568494,558,0.004369904918055375
phi2,be_present,extra_long,filler_after_distractor,be_present__extra_long__480,0.3405619231603479,558,0.0034494365842538868
phi2,be_present,extra_long,filler_after_distractor,be_present__extra_long__482,0.35168084961539103,558,0.004541550913164687
phi2,be_present,extra_long,filler_after_distractor,be_present__extra_long__484,0.32694599363538956,558,0.002736313795957935
phi2,be_present,extra_long,filler_after_distractor,be_present__extra_long__486,0.3372302978269516,558,0.0037501174489229755
phi2,be_present,extra_long,filler_after_distractor,be_present__extra_long__487,0.4059024386935764,558,0.0023412926649961823
phi2,be_present,extra_long,filler_after_distractor,be_present__extra_long__491,0.34785813840913943,558,0.002590242679828381
phi2,be_present,extra_long,filler_after_distractor,be_present__extra_long__515,0.3461957131662676,558,0.0042271084255642325
phi2,be_present,extra_long,filler_after_distractor,be_present__extra_long__523,0.31342560074235376,558,0.0017146807844920784
phi2,be_present,extra_long,filler_after_distractor,be_present__extra_long__533,0.32941700651654204,558,0.0010201683181161071
phi2,be_present,extra_long,filler_after_distractor,be_present__extra_long__536,0.3078217967864006,558,-0.0001537757107861179
phi2,be_present,extra_long,filler_after_distractor,be_present__extra_long__552,0.23710113443354125,558,-0.00017850287926240112
phi2,be_present,extra_long,filler_after_distractor,be_present__extra_long__561,0.27854722204174187,558,0.004103863965653173
phi2,be_present,extra_long,filler_after_distractor,be_present__extra_long__576,0.32396061531531767,558,0.0024157339526760953
phi2,be_present,extra_long,filler_after_distractor,be_present__extra_long__583,0.3016661879836872,558,0.003930399494786411
phi2,be_present,extra_long,filler_after_distractor,be_present__extra_long__589,0.25250061267593,558,0.0038991247881270587
phi2,be_present,extra_long,filler_after_distractor,be_present__extra_long__592,0.27551607077267004,558,0.0032194045282179272
phi2,be_present,extra_long,filler_after_distractor,be_present__extra_long__60,0.36720941912743355,558,0.0046655405379538
phi2,be_present,extra_long,filler_after_distractor,be_present__extra_long__651,0.3262264566182236,558,-1.8960686140165025e-05
phi2,be_present,extra_long,filler_after_distractor,be_present__extra_long__652,0.32523072834083255,558,0.0017024744368795818
phi2,be_present,extra_long,filler_after_distractor,be_present__extra_long__655,0.3318688126020534,558,0.00016142903262996198
phi2,be_present,extra_long,filler_after_distractor,be_present__extra_long__66,0.3244995899952441,558,0.0044034561375990485
phi2,be_present,extra_long,filler_after_distractor,be_present__extra_long__661,0.3153499907490173,558,0.0009409654952291942
phi2,be_present,extra_long,filler_after_distractor,be_present__extra_long__673,0.32186580986104985,558,0.0029655733416157374
phi2,be_present,extra_long,filler_after_distractor,be_present__extra_long__693,0.30272013483081667,558,-0.0008607560161194098
phi2,be_present,extra_long,filler_after_distractor,be_present__extra_long__701,0.29149665456518903,558,-0.0013686474078872302
phi2,be_present,extra_long,filler_after_distractor,be_present__extra_long__725,0.40049809110634643,558,0.005441245212349835
phi2,be_present,extra_long,filler_after_distractor,be_present__extra_long__731,0.34734964199818164,558,0.002018583290893113
phi2,be_present,extra_long,filler_after_distractor,be_present__extra_long__760,0.3569190510712217,558,0.003304272996909297
phi2,be_present,extra_long,filler_after_distractor,be_present__extra_long__768,0.341388970720298,558,0.002468975641394171
phi2,be_present,extra_long,filler_after_distractor,be_present__extra_long__79,0.35262648093657684,558,0.007015200925984254
phi2,be_present,extra_long,filler_after_distractor,be_present__extra_long__833,0.24557613899203612,558,0.0023122654166272847
phi2,be_present,extra_long,filler_after_distractor,be_present__extra_long__858,0.21091388716065326,558,-0.0006287824295754916
phi2,be_present,extra_long,filler_after_distractor,be_present__extra_long__902,0.2921035862310813,558,0.0017167111878753946
phi2,be_present,extra_long,filler_after_distractor,be_present__extra_long__904,0.26353422287971745,558,0.0005110754334371123
phi2,be_present,extra_long,filler_after_distractor,be_present__extra_long__916,0.298174560710948,558,0.0014607265431393806
phi2,be_present,extra_long,filler_after_distractor,be_present__extra_long__917,0.2951638433668349,558,0.001091610146252483
phi2,be_present,extra_long,filler_after_distractor,be_present__extra_long__919,0.30551423821398005,558,0.0020259153031106465
phi2,be_present,extra_long,filler_after_distractor,be_present__extra_long__924,0.279670407695155,558,0.0015364821239184274
phi2,be_present,extra_long,filler_after_distractor,be_present__extra_long__979,0.2732401646166292,558,0.005086199784364319
phi2,be_present,extra_long,filler_after_distractor,be_present__extra_long__987,0.2581363100304826,558,0.003660114862585577
phi2,be_present,extra_long,filler_after_distractor,be_present__extra_long__989,0.22111856467407662,558,0.003983854820224113
phi2,be_present,extra_long,final,be_present__extra_long__1035,2.528892486326156,31,-0.09654174312468497
phi2,be_present,extra_long,final,be_present__extra_long__1062,2.338773265961678,31,-0.06483579451037992
phi2,be_present,extra_long,final,be_present__extra_long__1074,2.228592718801191,31,-0.0569454623806861
phi2,be_present,extra_long,final,be_present__extra_long__1079,2.5398487583283456,31,-0.06618533595915763
phi2,be_present,extra_long,final,be_present__extra_long__110,2.5256707899032103,31,-0.055250813884119836
phi2,be_present,extra_long,final,be_present__extra_long__1101,2.7056684494018555,31,-0.05497550964355469
phi2,be_present,extra_long,final,be_present__extra_long__1111,2.6752703882032827,31,-0.09401102988950666
phi2,be_present,extra_long,final,be_present__extra_long__1132,2.4829510104271675,31,-0.06215430844214654
phi2,be_present,extra_long,final,be_present__extra_long__1164,2.6118441550962386,31,-0.04767605566209361
phi2,be_present,extra_long,final,be_present__extra_long__1176,2.536639521198888,31,-0.04662199943296371
phi2,be_present,extra_long,final,be_present__extra_long__1179,2.5052695428171465,31,-0.04871617594072895
phi2,be_present,extra_long,final,be_present__extra_long__1230,2.465572049540858,31,-0.07348155975341797
phi2,be_present,extra_long,final,be_present__extra_long__1240,2.7429876019877772,31,-0.07931616998487902
phi2,be_present,extra_long,final,be_present__extra_long__125,2.438202058115313,31,-0.06694572202620966
phi2,be_present,extra_long,final,be_present__extra_long__1256,2.922462063450967,31,-0.06067232931813887
phi2,be_present,extra_long,final,be_present__extra_long__1296,2.591127026465631,31,-0.05543382706180695
phi2,be_present,extra_long,final,be_present__extra_long__1306,2.540920534441548,31,-0.06783768438523813
phi2,be_present,extra_long,final,be_present__extra_long__1327,2.6501481456141316,31,-0.0558995892924647
phi2,be_present,extra_long,final,be_present__extra_long__1360,2.646063712335402,31,-0.06504132670740927
phi2,be_present,extra_long,final,be_present__extra_long__1402,2.806776508208244,31,-0.06250646037440145
phi2,be_present,extra_long,final,be_present__extra_long__1413,2.788512599083685,31,-0.07507225774949597
phi2,be_present,extra_long,final,be_present__extra_long__1430,2.4874772410238943,31,-0.0642898005823935
phi2,be_present,extra_long,final,be_present__extra_long__1447,3.089599547847625,31,-0.03299343970514113
phi2,be_present,extra_long,final,be_present__extra_long__1473,2.799928726688508,31,-0.05481667672434161
phi2,be_present,extra_long,final,be_present__extra_long__1475,2.4657454952116935,31,-0.059559022226641244
phi2,be_present,extra_long,final,be_present__extra_long__1488,2.9248820581743793,31,-0.056618105980657744
phi2,be_present,extra_long,final,be_present__extra_long__1494,2.7961507612659084,31,-0.08150082249795237
phi2,be_present,extra_long,final,be_present__extra_long__1526,2.5946542063067035,31,-0.05450134892617501
phi2,be_present,extra_long,final,be_present__extra_long__1580,2.7089559493526334,31,-0.070564700711158
phi2,be_present,extra_long,final,be_present__extra_long__1583,2.785125240202873,31,-0.07283410718364099
phi2,be_present,extra_long,final,be_present__extra_long__16,2.8844917666527534,31,-0.0750052544378465
phi2,be_present,extra_long,final,be_present__extra_long__1622,2.6164926405875915,31,-0.06498862851050592
phi2,be_present,extra_long,final,be_present__extra_long__1636,2.4885556620936238,31,-0.06944847106933592
phi2,be_present,extra_long,final,be_present__extra_long__185,2.6130697188838834,31,-0.05297208601428616
phi2,be_present,extra_long,final,be_present__extra_long__193,2.367092932424238,31,-0.0538952427525674
phi2,be_present,extra_long,final,be_present__extra_long__199,2.563207749397524,31,-0.04125936569706086
phi2,be_present,extra_long,final,be_present__extra_long__204,2.8106299984839653,31,-0.06564657149776333
phi2,be_present,extra_long,final,be_present__extra_long__209,3.5963247975995465,31,-0.042233682447864164
phi2,be_present,extra_long,final,be_present__extra_long__252,2.880856729322864,31,-0.04959300256544543
phi2,be_present,extra_long,final,be_present__extra_long__262,2.9494765189386185,31,-0.04498481750488279
phi2,be_present,extra_long,final,be_present__extra_long__271,2.95359008542953,31,-0.05099179667811239
phi2,be_present,extra_long,final,be_present__extra_long__299,2.3559707518546813,31,-0.049562946442634835
phi2,be_present,extra_long,final,be_present__extra_long__30,2.8594813193044355,31,-0.08184845216812627
phi2,be_present,extra_long,final,be_present__extra_long__301,2.4007839387462986,31,-0.0538231941961473
phi2,be_present,extra_long,final,be_present__extra_long__307,2.4321581317532446,31,-0.04743222267396988
phi2,be_present,extra_long,final,be_present__extra_long__333,2.6320333173198085,31,-0.09298561465355656
phi2,be_present,extra_long,final,be_present__extra_long__352,2.6271246017948275,31,-0.07770110714820122
phi2,be_present,extra_long,final,be_present__extra_long__372,2.707385863027265,31,-0.06455479898760394
phi2,be_present,extra_long,final,be_present__extra_long__375,2.768322144785235,31,-0.060834207842426914
phi2,be_present,extra_long,final,be_present__extra_long__382,2.81987307148595,31,-0.05733868383592174
phi2,be_present,extra_long,final,be_present__extra_long__409,2.4950494458598476,31,-0.07765880707771546
phi2,be_present,extra_long,final,be_present__extra_long__412,2.6317935143747637,31,-0.07597677169307585
phi2,be_present,extra_long,final,be_present__extra_long__421,2.444407493837418,31,-0.07249549127394153
phi2,be_present,extra_long,final,be_present__extra_long__428,2.627487059562437,31,-0.0684443135415354
phi2,be_present,extra_long,final,be_present__extra_long__439,2.726702905470325,31,-0.0693309845462922
phi2,be_present,extra_long,final,be_present__extra_long__45,2.965289577361076,31,-0.052430675875756026
phi2,be_present,extra_long,final,be_present__extra_long__454,2.8696541940012286,31,-0.06069933983587448
phi2,be_present,extra_long,final,be_present__extra_long__465,2.709558363883726,31,-0.08213916901619202
phi2,be_present,extra_long,final,be_present__extra_long__479,2.8233461380004883,31,-0.07460086576400263
phi2,be_present,extra_long,final,be_present__extra_long__480,2.811453573165401,31,-0.08953694374330583
phi2,be_present,extra_long,final,be_present__extra_long__482,2.8256989140664377,31,-0.07472739681120841
phi2,be_present,extra_long,final,be_present__extra_long__484,2.7670591415897494,31,-0.06722622532998362
phi2,be_present,extra_long,final,be_present__extra_long__486,2.7509605346187467,31,-0.06258823025611138
phi2,be_present,extra_long,final,be_present__extra_long__487,2.9275118920110885,31,-0.0519701434719947
phi2,be_present,extra_long,final,be_present__extra_long__491,2.824885614456669,31,-0.07376483178907824
phi2,be_present,extra_long,final,be_present__extra_long__515,2.8331050257528982,31,-0.07129576898390245
phi2,be_present,extra_long,final,be_present__extra_long__523,2.6342516253071446,31,-0.0746998325470955
phi2,be_present,extra_long,final,be_present__extra_long__533,2.7644996950703282,31,-0.07740989808113344
phi2,be_present,extra_long,final,be_present__extra_long__536,2.5945310592651367,31,-0.0668596452282321
phi2,be_present,extra_long,final,be_present__extra_long__552,2.5145030483122794,31,-0.06981151334701044
phi2,be_present,extra_long,final,be_present__extra_long__561,2.5195618906328754,31,-0.09115016075872606
phi2,be_present,extra_long,final,be_present__extra_long__576,2.585148042248141,31,-0.05930835969986452
phi2,be_present,extra_long,final,be_present__extra_long__583,2.5793966477917087,31,-0.08150211457283266
phi2,be_present,extra_long,final,be_present__extra_long__589,2.3359079976235666,31,-0.06529761898902155
phi2,be_present,extra_long,final,be_present__extra_long__592,2.5307047751642044,31,-0.05750277734571887
phi2,be_present,extra_long,final,be_present__extra_long__60,3.0273859885431107,31,-0.02770734602405179
phi2,be_present,extra_long,final,be_present__extra_long__651,2.6932952327112996,31,-0.0689648658998551
phi2,be_present,extra_long,final,be_present__extra_long__652,2.7761893733855216,31,-0.07409947918307397
phi2,be_present,extra_long,final,be_present__extra_long__655,2.732510043728736,31,-0.048062785979240165
phi2,be_present,extra_long,final,be_present__extra_long__66,2.8797406227357927,31,-0.050805830186413166
phi2,be_present,extra_long,final,be_present__extra_long__661,2.647577962567729,31,-0.07439425683790639
phi2,be_present,extra_long,final,be_present__extra_long__673,2.7402409891928396,31,-0.05681164033951297
phi2,be_present,extra_long,final,be_present__extra_long__693,2.811577304717033,31,-0.04977638490738406
phi2,be_present,extra_long,final,be_present__extra_long__701,2.7317391057168283,31,-0.06663359365155619
phi2,be_present,extra_long,final,be_present__extra_long__725,2.9839860546973442,31,-0.03917328003914125
phi2,be_present,extra_long,final,be_present__extra_long__731,2.6911088574317192,31,-0.0645703654135427
phi2,be_present,extra_long,final,be_present__extra_long__760,2.7568124648063415,31,-0.07785144928962953
phi2,be_present,extra_long,final,be_present__extra_long__768,2.8423341320407007,31,-0.029636413820328257
phi2,be_present,extra_long,final,be_present__extra_long__79,3.043680775550104,31,-0.018784184609690002
phi2,be_present,extra_long,final,be_present__extra_long__833,2.413655804049584,31,-0.06136561978247857
phi2,be_present,extra_long,final,be_present__extra_long__858,2.368301914584252,31,-0.01949919423749371
phi2,be_present,extra_long,final,be_present__extra_long__902,2.659746354626071,31,-0.049256386295441656
phi2,be_present,extra_long,final,be_present__extra_long__904,2.513458159662062,31,-0.05212470023862776
phi2,be_present,extra_long,final,be_present__extra_long__916,2.7869705692414315,31,-0.05384475954117313
phi2,be_present,extra_long,final,be_present__extra_long__917,2.717609159408077,31,-0.06984759915259577
phi2,be_present,extra_long,final,be_present__extra_long__919,2.8532643779631583,31,-0.05162749751921621
phi2,be_present,extra_long,final,be_present__extra_long__924,2.584269154456354,31,-0.06608021643853956
phi2,be_present,extra_long,final,be_present__extra_long__979,2.5105528677663496,31,-0.05610579829062185
phi2,be_present,extra_long,final,be_present__extra_long__987,2.4292463794831307,31,-0.052287224800355976
phi2,be_present,extra_long,final,be_present__extra_long__989,2.2449701063094603,31,-0.06393257264168031
phi2,be_present,extra_long,prefix_before_subject,be_present__extra_long__1035,-0.17013580568375122,31,0.0005418100664692548
phi2,be_present,extra_long,prefix_before_subject,be_present__extra_long__1062,-0.10328551261655741,31,-0.005894753240769909
phi2,be_present,extra_long,prefix_before_subject,be_present__extra_long__1074,-0.08839268838205643,31,-0.007904421898626507
phi2,be_present,extra_long,prefix_before_subject,be_present__extra_long__1079,-0.12994366307412422,31,-0.006792468409384455
phi2,be_present,extra_long,prefix_before_subject,be_present__extra_long__110,-0.16088861034762472,31,-0.0029830317343434902
phi2,be_present,extra_long,prefix_before_subject,be_present__extra_long__1101,-0.0987013232323431,31,0.008194892637191276
phi2,be_present,extra_long,prefix_before_subject,be_present__extra_long__1111,-0.17013057585685482,31,0.0032936834519909177
phi2,be_present,extra_long,prefix_before_subject,be_present__extra_long__1132,-0.13582651076778285,31,-0.0013990709858555965
phi2,be_present,extra_long,prefix_before_subject,be_present__extra_long__1164,-0.14337422770838582,31,-0.0033154026154548874
phi2,be_present,extra_long,prefix_before_subject,be_present__extra_long__1176,-0.13339353376819238,31,-0.005176790298954125
phi2,be_present,extra_long,prefix_before_subject,be_present__extra_long__1179,-0.15772004281320876,31,-0.004888073090584029
phi2,be_present,extra_long,prefix_before_subject,be_present__extra_long__1230,-0.142685797906691,31,-0.004107690626575106
phi2,be_present,extra_long,prefix_before_subject,be_present__extra_long__1240,-0.14525788830172628,31,0.000517383698494207
phi2,be_present,extra_long,prefix_before_subject,be_present__extra_long__125,-0.14972689843946885,31,-0.009596301663306448
phi2,be_present,extra_long,prefix_before_subject,be_present__extra_long__1256,-0.14466694862611829,31,0.00491822150445753
phi2,be_present,extra_long,prefix_before_subject,be_present__extra_long__1296,-0.11174691107965282,31,1.1074927545321495e-06
phi2,be_present,extra_long,prefix_before_subject,be_present__extra_long__1306,-0.12445852833409458,31,0.003761291503906245
phi2,be_present,extra_long,prefix_before_subject,be_present__extra_long__1327,-0.1489166136710874,31,-0.0038926216863816787
phi2,be_present,extra_long,prefix_before_subject,be_present__extra_long__1360,-0.1514580634332472,31,-0.0019223613123739974
phi2,be_present,extra_long,prefix_before_subject,be_present__extra_long__1402,-0.1495760333153509,31,-0.004472455670756667
phi2,be_present,extra_long,prefix_before_subject,be_present__extra_long__1413,-0.14704784270255794,31,-0.005293969185121609
phi2,be_present,extra_long,prefix_before_subject,be_present__extra_long__1430,-0.15083811360020788,31,-0.006958623086252513
phi2,be_present,extra_long,prefix_before_subject,be_present__extra_long__1447,-0.13660027903895222,31,-0.0024447594919512314
phi2,be_present,extra_long,prefix_before_subject,be_present__extra_long__1473,-0.15851882196241807,31,0.0007064573226436403
phi2,be_present,extra_long,prefix_before_subject,be_present__extra_long__1475,-0.11785802533549644,31,-0.005942037028651081
phi2,be_present,extra_long,prefix_before_subject,be_present__extra_long__1488,-0.16861281856413807,31,0.004694108040102058
phi2,be_present,extra_long,prefix_before_subject,be_present__extra_long__1494,-0.19182057534494704,31,-0.0026679192819902965
phi2,be_present,extra_long,prefix_before_subject,be_present__extra_long__1526,-0.17457515962662232,31,-0.005667440352901339
phi2,be_present,extra_long,prefix_before_subject,be_present__extra_long__1580,-0.17795685798891125,31,0.0064526834795551775
phi2,be_present,extra_long,prefix_before_subject,be_present__extra_long__1583,-0.15262496086858932,31,0.0018441600184286684
phi2,be_present,extra_long,prefix_before_subject,be_present__extra_long__16,-0.1523804818430254,31,0.005704572123865924
phi2,be_present,extra_long,prefix_before_subject,be_present__extra_long__1622,-0.10647644535187749,31,-0.003649896191012471
phi2,be_present,extra_long,prefix_before_subject,be_present__extra_long__1636,-0.16350315463158388,31,-0.0055178980673513105
phi2,be_present,extra_long,prefix_before_subject,be_present__extra_long__185,-0.12322216649209297,31,-0.002974141028619587
phi2,be_present,extra_long,prefix_before_subject,be_present__extra_long__193,-0.13861047067949847,31,-0.0038455224806262546
phi2,be_present,extra_long,prefix_before_subject,be_present__extra_long__199,-0.15599447681057835,31,-0.0065690932735320015
phi2,be_present,extra_long,prefix_before_subject,be_present__extra_long__204,-0.18463879246865547,31,0.0015056671634797118
phi2,be_present,extra_long,prefix_before_subject,be_present__extra_long__209,-0.1783135321832472,31,0.01801241597821634
phi2,be_present,extra_long,prefix_before_subject,be_present__extra_long__252,-0.12400990147744452,31,-0.002159949271909663
phi2,be_present,extra_long,prefix_before_subject,be_present__extra_long__262,-0.1339650000295331,31,0.004895364084551403
phi2,be_present,extra_long,prefix_before_subject,be_present__extra_long__271,-0.13695270784439575,31,0.0016860039003433604
phi2,be_present,extra_long,prefix_before_subject,be_present__extra_long__299,-0.19739224833826863,31,0.00048612779186617765
phi2,be_present,extra_long,prefix_before_subject,be_present__extra_long__30,-0.16227509898524128,31,0.0030355145854334543
phi2,be_present,extra_long,prefix_before_subject,be_present__extra_long__301,-0.14024291499968494,31,-0.0009812385805191496
phi2,be_present,extra_long,prefix_before_subject,be_present__extra_long__307,-0.14371945781092488,31,-5.269819690333928e-05
phi2,be_present,extra_long,prefix_before_subject,be_present__extra_long__333,-0.19526844639931953,31,0.00454348902548512
phi2,be_present,extra_long,prefix_before_subject,be_present__extra_long__352,-0.17794409105854647,31,0.006605209842804942
phi2,be_present,extra_long,prefix_before_subject,be_present__extra_long__372,-0.1542153204641034,31,-0.004765756668583055
phi2,be_present,extra_long,prefix_before_subject,be_present__extra_long__375,-0.12807922978555,31,-0.003826233648484746
phi2,be_present,extra_long,prefix_before_subject,be_present__extra_long__382,-0.128896128746771,31,-0.00015621800576487343
phi2,be_present,extra_long,prefix_before_subject,be_present__extra_long__409,-0.16392563235375185,31,0.0024497432093466545
phi2,be_present,extra_long,prefix_before_subject,be_present__extra_long__412,-0.15308272454046432,31,-0.0012990890010710812
phi2,be_present,extra_long,prefix_before_subject,be_present__extra_long__421,-0.14803145008702429,31,-0.001843421689925652
phi2,be_present,extra_long,prefix_before_subject,be_present__extra_long__428,-0.1396818161010742,31,0.0013837814331054553
phi2,be_present,extra_long,prefix_before_subject,be_present__extra_long__439,-0.15527657539613782,31,-9.284480925529905e-05
phi2,be_present,extra_long,prefix_before_subject,be_present__extra_long__45,-0.12824559980823144,31,2.9502376433341397e-05
phi2,be_present,extra_long,prefix_before_subject,be_present__extra_long__454,-0.14877793096726938,31,0.003082060044811617
phi2,be_present,extra_long,prefix_before_subject,be_present__extra_long__465,-0.1633075283419701,31,-0.001409899803899955
phi2,be_present,extra_long,prefix_before_subject,be_present__extra_long__479,-0.18753368623795044,31,-0.004746713945942538
phi2,be_present,extra_long,prefix_before_subject,be_present__extra_long__480,-0.17425410978255731,31,-0.00240356691422001
phi2,be_present,extra_long,prefix_before_subject,be_present__extra_long__482,-0.18529713538385204,31,-0.003754984947942906
phi2,be_present,extra_long,prefix_before_subject,be_present__extra_long__484,-0.15549007538826232,31,-0.00711361054451235
phi2,be_present,extra_long,prefix_before_subject,be_present__extra_long__486,-0.19330978393554685,31,-0.006941610766995343
phi2,be_present,extra_long,prefix_before_subject,be_present__extra_long__487,-0.14514996928553425,31,-0.0039223394086284
phi2,be_present,extra_long,prefix_before_subject,be_present__extra_long__491,-0.14918493455456147,31,0.00018199797599546193
phi2,be_present,extra_long,prefix_before_subject,be_present__extra_long__515,-0.17665632309452178,31,-0.004665467046922248
phi2,be_present,extra_long,prefix_before_subject,be_present__extra_long__523,-0.15390199230563253,31,-0.004941171215426529
phi2,be_present,extra_long,prefix_before_subject,be_present__extra_long__533,-0.14213094403666832,31,-0.0015284630560105886
phi2,be_present,extra_long,prefix_before_subject,be_present__extra_long__536,-0.14595016356437435,31,-0.0025249296619046105
phi2,be_present,extra_long,prefix_before_subject,be_present__extra_long__552,-0.14772827394546997,31,-0.0037354192426127747
phi2,be_present,extra_long,prefix_before_subject,be_present__extra_long__561,-0.17885518843127832,31,-0.0010035114903603785
phi2,be_present,extra_long,prefix_before_subject,be_present__extra_long__576,-0.15135482049757432,31,0.004015091926820803
phi2,be_present,extra_long,prefix_before_subject,be_present__extra_long__583,-0.16603236044606853,31,-0.0016413657895980294
phi2,be_present,extra_long,prefix_before_subject,be_present__extra_long__589,-0.18704752768239666,31,-0.007360766010899687
phi2,be_present,extra_long,prefix_before_subject,be_present__extra_long__592,-0.17544918675576485,31,0.0004367520732264383
phi2,be_present,extra_long,prefix_before_subject,be_present__extra_long__60,-0.1081516204341765,31,0.0005331962339339637
phi2,be_present,extra_long,prefix_before_subject,be_present__extra_long__651,-0.1257907805904265,31,0.0029218735233429837
phi2,be_present,extra_long,prefix_before_subject,be_present__extra_long__652,-0.1445230053317162,31,0.0028624996062247936
phi2,be_present,extra_long,prefix_before_subject,be_present__extra_long__655,-0.1297371156754032,31,0.007115733238958539
phi2,be_present,extra_long,prefix_before_subject,be_present__extra_long__66,-0.13670844416464525,31,0.0008470473750945065
phi2,be_present,extra_long,prefix_before_subject,be_present__extra_long__661,-0.11842081623692663,31,-5.279048796623521e-05
phi2,be_present,extra_long,prefix_before_subject,be_present__extra_long__673,-0.12808316753756613,31,0.0005301813925466225
phi2,be_present,extra_long,prefix_before_subject,be_present__extra_long__693,-0.1839660521476499,31,0.0034443332302954897
phi2,be_present,extra_long,prefix_before_subject,be_present__extra_long__701,-0.16729628655218307,31,0.007139944261120199
phi2,be_present,extra_long,prefix_before_subject,be_present__extra_long__725,-0.11577815394247729,31,-0.0002845641105405813
phi2,be_present,extra_long,prefix_before_subject,be_present__extra_long__731,-0.12120542218608239,31,0.00027871900989163273
phi2,be_present,extra_long,prefix_before_subject,be_present__extra_long__760,-0.1163766614852413,31,0.003496908372448333
phi2,be_present,extra_long,prefix_before_subject,be_present__extra_long__768,-0.16619187016640938,31,0.0014307268204227534
phi2,be_present,extra_long,prefix_before_subject,be_present__extra_long__79,-0.14315685149162044,31,0.0024977960894184753
phi2,be_present,extra_long,prefix_before_subject,be_present__extra_long__833,-0.1271481975432365,31,-0.004759788513183584
phi2,be_present,extra_long,prefix_before_subject,be_present__extra_long__858,-0.10766958421276458,31,-0.006212911298198074
phi2,be_present,extra_long,prefix_before_subject,be_present__extra_long__902,-0.14644887370447957,31,0.0009064212922127002
phi2,be_present,extra_long,prefix_before_subject,be_present__extra_long__904,-0.12078168315272174,31,0.0005729736820344037
phi2,be_present,extra_long,prefix_before_subject,be_present__extra_long__916,-0.14799567191831525,31,0.004640302350444167
phi2,be_present,extra_long,prefix_before_subject,be_present__extra_long__917,-0.16125451364824847,31,0.0009146659604964664
phi2,be_present,extra_long,prefix_before_subject,be_present__extra_long__919,-0.17397726735761085,31,0.00369302688106413
phi2,be_present,extra_long,prefix_before_subject,be_present__extra_long__924,-0.141689823519799,31,-0.005379307654596149
phi2,be_present,extra_long,prefix_before_subject,be_present__extra_long__979,-0.1338451447025422,31,-0.006294619652532764
phi2,be_present,extra_long,prefix_before_subject,be_present__extra_long__987,-0.12851315159951485,31,-0.0019838271602507685
phi2,be_present,extra_long,prefix_before_subject,be_present__extra_long__989,-0.14305865380071822,31,-0.007301422857469129
phi2,be_present,extra_long,subject,be_present__extra_long__1035,1.3742625944076046,31,0.003407293750393757
phi2,be_present,extra_long,subject,be_present__extra_long__1062,1.7576767706101941,31,0.008960816168016006
phi2,be_present,extra_long,subject,be_present__extra_long__1074,1.3846123295445596,31,0.005041030145460539
phi2,be_present,extra_long,subject,be_present__extra_long__1079,1.6774346443914598,31,0.009099314289708272
phi2,be_present,extra_long,subject,be_present__extra_long__110,1.4861178551950762,31,0.00830185797906691
phi2,be_present,extra_long,subject,be_present__extra_long__1101,1.735811048938382,31,0.005514606352775324
phi2,be_present,extra_long,subject,be_present__extra_long__1111,1.5169023698376072,31,0.005294553695186496
phi2,be_present,extra_long,subject,be_present__extra_long__1132,1.8025661283923733,31,0.006237306902485504
phi2,be_present,extra_long,subject,be_present__extra_long__1164,2.583119761559271,31,0.02707502918858682
phi2,be_present,extra_long,subject,be_present__extra_long__1176,2.402874977357926,31,0.022883015294228835
phi2,be_present,extra_long,subject,be_present__extra_long__1179,2.2222483850294545,31,0.016046954739478335
phi2,be_present,extra_long,subject,be_present__extra_long__1230,1.0703692282399824,31,0.0051465495940177545
phi2,be_present,extra_long,subject,be_present__extra_long__1240,1.356888094256001,31,0.007991267788794732
phi2,be_present,extra_long,subject,be_present__extra_long__125,1.162827491760254,31,0.007144743396389858
phi2,be_present,extra_long,subject,be_present__extra_long__1256,2.1961228462957565,31,0.01993905344317036
phi2,be_present,extra_long,subject,be_present__extra_long__1296,2.020137602283109,31,0.004942094126055317
phi2,be_present,extra_long,subject,be_present__extra_long__1306,1.832557032185216,31,0.004378749478247874
phi2,be_present,extra_long,subject,be_present__extra_long__1327,2.171743792872275,31,0.018011246958086556
phi2,be_present,extra_long,subject,be_present__extra_long__1360,2.233393822946856,31,0.018746714438161532
phi2,be_present,extra_long,subject,be_present__extra_long__1402,1.807419592334378,31,0.011820916206605964
phi2,be_present,extra_long,subject,be_present__extra_long__1413,1.808005456001528,31,0.012648674749558962
phi2,be_present,extra_long,subject,be_present__extra_long__1430,1.2672895000826927,31,0.0064051228184853716
phi2,be_present,extra_long,subject,be_present__extra_long__1447,2.190699146639916,31,0.016299493851200216
phi2,be_present,extra_long,subject,be_present__extra_long__1473,2.055910079709945,31,0.016437622808641004
phi2,be_present,extra_long,subject,be_present__extra_long__1475,1.565172472307759,31,0.010035422540480081
phi2,be_present,extra_long,subject,be_present__extra_long__1488,2.3328617157474643,31,0.006131233707551025
phi2,be_present,extra_long,subject,be_present__extra_long__1494,2.139543317979382,31,0.006069398695422758
phi2,be_present,extra_long,subject,be_present__extra_long__1526,1.5268691278273059,31,0.008536831025154342
phi2,be_present,extra_long,subject,be_present__extra_long__1580,1.5550976107197423,31,-0.0006369313886088846
phi2,be_present,extra_long,subject,be_present__extra_long__1583,1.3597668370892924,31,-0.0020697193761025725
phi2,be_present,extra_long,subject,be_present__extra_long__16,2.3179806432416363,31,0.0187517596829322
phi2,be_present,extra_long,subject,be_present__extra_long__1622,1.8402346026512884,31,0.011543520035282242
phi2,be_present,extra_long,subject,be_present__extra_long__1636,1.534572139863045,31,0.008601557823919491
phi2,be_present,extra_long,subject,be_present__extra_long__185,1.027911247745637,31,-5.746656848538363e-05
phi2,be_present,extra_long,subject,be_present__extra_long__193,0.8553532938803395,31,-0.00024127960205077957
phi2,be_present,extra_long,subject,be_present__extra_long__199,0.9926478478216356,31,3.2209580944429494e-05
phi2,be_present,extra_long,subject,be_present__extra_long__204,2.4317424220423542,31,0.023394923056325588
phi2,be_present,extra_long,subject,be_present__extra_long__209,2.849735444591891,31,0.027692333344490283
phi2,be_present,extra_long,subject,be_present__extra_long__252,1.4656697242490706,31,0.011025213426159258
phi2,be_present,extra_long,subject,be_present__extra_long__262,1.262558690963253,31,0.009336779194493439
phi2,be_present,extra_long,subject,be_present__extra_long__271,1.2677873488395446,31,0.006987664007371471
phi2,be_present,extra_long,subject,be_present__extra_long__299,1.4935518695462136,31,0.007927740773847017
phi2,be_present,extra_long,subject,be_present__extra_long__30,2.126067284614809,31,0.018117658553584926
phi2,be_present,extra_long,subject,be_present__extra_long__301,1.7923156369117,31,0.005770929398075215
phi2,be_present,extra_long,subject,be_present__extra_long__307,1.7329430733957598,31,0.005621048711961316
phi2,be_present,extra_long,subject,be_present__extra_long__333,2.02379088247976,31,0.01085392121345765
phi2,be_present,extra_long,subject,be_present__extra_long__352,2.023152812834709,31,0.00910229836740801
phi2,be_present,extra_long,subject,be_present__extra_long__372,1.6303714013868762,31,0.00567885368101057
phi2,be_present,extra_long,subject,be_present__extra_long__375,1.6558711144231981,31,0.006107361085953251
phi2,be_present,extra_long,subject,be_present__extra_long__382,1.3192198353428994,31,0.0033180482925907243
phi2,be_present,extra_long,subject,be_present__extra_long__409,1.6838425051781438,31,0.006092532988517514
phi2,be_present,extra_long,subject,be_present__extra_long__412,1.7984813567130797,31,0.006278161079652838
phi2,be_present,extra_long,subject,be_present__extra_long__421,1.8189142596337102,31,0.006630374539283011
phi2,be_present,extra_long,subject,be_present__extra_long__428,1.7567789939142042,31,0.005273111404911156
phi2,be_present,extra_long,subject,be_present__extra_long__439,1.8689709324990549,31,0.007484128398279981
phi2,be_present,extra_long,subject,be_present__extra_long__45,1.8333204946210306,31,0.011890503668015997
phi2,be_present,extra_long,subject,be_present__extra_long__454,2.1597450317875033,31,0.010852413792763976
phi2,be_present,extra_long,subject,be_present__extra_long__465,1.824465597829511,31,0.008425097311696684
phi2,be_present,extra_long,subject,be_present__extra_long__479,1.8200836181640625,31,0.011540628248645405
phi2,be_present,extra_long,subject,be_present__extra_long__480,1.8969271875196887,31,0.011910469301285276
phi2,be_present,extra_long,subject,be_present__extra_long__482,1.6514028118502708,31,0.004764895285329503
phi2,be_present,extra_long,subject,be_present__extra_long__484,1.6118239125897806,31,0.009645923491447187
phi2,be_present,extra_long,subject,be_present__extra_long__486,1.6368134098668252,31,0.007149481004284262
phi2,be_present,extra_long,subject,be_present__extra_long__487,1.7636202842958513,31,0.007829666137695316
phi2,be_present,extra_long,subject,be_present__extra_long__491,1.7861342276296308,31,0.012306428724719608
phi2,be_present,extra_long,subject,be_present__extra_long__515,1.5342246332476217,31,0.010839554571336292
phi2,be_present,extra_long,subject,be_present__extra_long__523,2.0251966907132055,31,0.01483040471230784
phi2,be_present,extra_long,subject,be_present__extra_long__533,2.222752847979146,31,0.01686742228846396
phi2,be_present,extra_long,subject,be_present__extra_long__536,2.2326304835657917,31,0.02121845368416077
phi2,be_present,extra_long,subject,be_present__extra_long__552,1.9585055997294765,31,0.014764047438098544
phi2,be_present,extra_long,subject,be_present__extra_long__561,1.532947478755828,31,0.01266860961914063
phi2,be_present,extra_long,subject,be_present__extra_long__576,1.7707075303600681,31,0.011427356350806443
phi2,be_present,extra_long,subject,be_present__extra_long__583,1.4937080875519784,31,0.013027283453172256
phi2,be_present,extra_long,subject,be_present__extra_long__589,1.3970449816796087,31,0.008748177559145028
phi2,be_present,extra_long,subject,be_present__extra_long__592,1.539343741632277,31,0.013500552023610748
phi2,be_present,extra_long,subject,be_present__extra_long__60,1.9728707036664408,31,0.013285883011356468
phi2,be_present,extra_long,subject,be_present__extra_long__651,2.488654782695155,31,0.01708233741021925
phi2,be_present,extra_long,subject,be_present__extra_long__652,2.450517685182633,31,0.01763054632371472
phi2,be_present,extra_long,subject,be_present__extra_long__655,2.815874376604634,31,0.016119649333338586
phi2,be_present,extra_long,subject,be_present__extra_long__66,1.7668391812232234,31,0.012891769409179684
phi2,be_present,extra_long,subject,be_present__extra_long__661,2.4656655096238658,31,0.015216550519389485
phi2,be_present,extra_long,subject,be_present__extra_long__673,2.4234583147110476,31,0.01598441216253465
phi2,be_present,extra_long,subject,be_present__extra_long__693,2.7096934164724042,31,0.012096558847735008
phi2,be_present,extra_long,subject,be_present__extra_long__701,2.5954661215505292,31,0.012680822803128142
phi2,be_present,extra_long,subject,be_present__extra_long__725,1.8886796274492819,31,0.008194062017625368
phi2,be_present,extra_long,subject,be_present__extra_long__731,1.7040872881489415,31,0.006814895137663807
phi2,be_present,extra_long,subject,be_present__extra_long__760,1.7265939097250662,31,0.007881472187657506
phi2,be_present,extra_long,subject,be_present__extra_long__768,1.483038225481587,31,0.007147912056215345
phi2,be_present,extra_long,subject,be_present__extra_long__79,1.9177855522401872,31,0.014635947442823831
phi2,be_present,extra_long,subject,be_present__extra_long__833,1.2974069041590537,31,-0.00028456411054057204
phi2,be_present,extra_long,subject,be_present__extra_long__858,1.4776247086063508,31,0.005094897362493693
phi2,be_present,extra_long,subject,be_present__extra_long__902,2.188870276174238,31,0.009654383505544359
phi2,be_present,extra_long,subject,be_present__extra_long__904,2.2026894784742788,31,0.011177678262033764
phi2,be_present,extra_long,subject,be_present__extra_long__916,1.8925637583578787,31,0.009398706497684607
phi2,be_present,extra_long,subject,be_present__extra_long__917,1.9126291890298166,31,0.00694031869211504
phi2,be_present,extra_long,subject,be_present__extra_long__919,2.198273258824502,31,0.011488914489746083
phi2,be_present,extra_long,subject,be_present__extra_long__924,1.9111045714347594,31,0.012367586935720133
phi2,be_present,extra_long,subject,be_present__extra_long__979,1.194647942819903,31,0.003972638037896921
phi2,be_present,extra_long,subject,be_present__extra_long__987,1.2097836463682112,31,0.003786671546197705
phi2,be_present,extra_long,subject,be_present__extra_long__989,1.0783525897610573,31,0.002349638169811612
phi2,be_present,long,between_subject_distractor,be_present__long__101,1.4164995070426696,62,0.024915802863336375
phi2,be_present,long,between_subject_distractor,be_present__long__1011,1.4450167532890075,62,0.01651471660983177
phi2,be_present,long,between_subject_distractor,be_present__long__1024,1.4671520879191737,62,0.010056618721254401
phi2,be_present,long,between_subject_distractor,be_present__long__1062,1.4848265647888184,62,0.029934867735831962
phi2,be_present,long,between_subject_distractor,be_present__long__1074,1.437939090113486,62,0.02625736113517513
phi2,be_present,long,between_subject_distractor,be_present__long__1079,1.5784410661266697,62,0.025463381121235494
phi2,be_present,long,between_subject_distractor,be_present__long__1097,1.8690281221943517,62,0.024876917562177088
phi2,be_present,long,between_subject_distractor,be_present__long__1098,1.9416136741638184,62,0.03424293764175906
phi2,be_present,long,between_subject_distractor,be_present__long__1112,1.9379235236875472,62,0.028678109568934282
phi2,be_present,long,between_subject_distractor,be_present__long__1126,1.1851357952240975,62,0.003180365408620512
phi2,be_present,long,between_subject_distractor,be_present__long__1156,1.0146451355308614,93,0.011906941731770827
phi2,be_present,long,between_subject_distractor,be_present__long__1165,1.2852056411004835,62,-0.008138102869833672
phi2,be_present,long,between_subject_distractor,be_present__long__1178,1.0350050157116306,62,-0.0003598274723176185
phi2,be_present,long,between_subject_distractor,be_present__long__1179,0.9566706226718041,62,-0.011453659303726686
phi2,be_present,long,between_subject_distractor,be_present__long__1202,1.2096423487509451,62,0.0086413198901761
phi2,be_present,long,between_subject_distractor,be_present__long__1203,1.112146177599507,62,0.008019862636443113
phi2,be_present,long,between_subject_distractor,be_present__long__1224,1.0821834533445296,62,0.008744085988690769
phi2,be_present,long,between_subject_distractor,be_present__long__1232,1.2420867950685563,62,0.011691170354043276
phi2,be_present,long,between_subject_distractor,be_present__long__1254,1.115223930728051,62,0.004844280981248426
phi2,be_present,long,between_subject_distractor,be_present__long__1272,1.2448967810600036,62,0.007955797256961942
phi2,be_present,long,between_subject_distractor,be_present__long__1314,1.0673450500734392,62,0.012469260923324081
phi2,be_present,long,between_subject_distractor,be_present__long__1325,1.4669178070560578,62,0.02020375959334834
phi2,be_present,long,between_subject_distractor,be_present__long__1327,1.5041322708129883,62,0.019210600083874114
phi2,be_present,long,between_subject_distractor,be_present__long__1345,1.5221154920516475,62,0.02106189727783202
phi2,be_present,long,between_subject_distractor,be_present__long__1353,1.4035278904822566,62,0.023012192018570424
phi2,be_present,long,between_subject_distractor,be_present__long__1354,1.1386901024849183,62,0.009894570996684407
phi2,be_present,long,between_subject_distractor,be_present__long__1360,1.4751555996556436,62,0.017515782387025888
phi2,be_present,long,between_subject_distractor,be_present__long__1387,1.1216272077252787,62,0.022224503178750295
phi2,be_present,long,between_subject_distractor,be_present__long__1430,1.400336911601405,62,0.020026699189216852
phi2,be_present,long,between_subject_distractor,be_present__long__1447,1.110445330219884,62,0.007592739597443602
phi2,be_present,long,between_subject_distractor,be_present__long__1454,1.2335560860172394,62,0.013582321905320683
phi2,be_present,long,between_subject_distractor,be_present__long__1459,0.9659401985906786,62,0.005507330740651771
phi2,be_present,long,between_subject_distractor,be_present__long__1465,0.9864457038141066,62,0.011918883169850989
phi2,be_present,long,between_subject_distractor,be_present__long__1472,1.0947534807266728,62,0.0116815105561287
phi2,be_present,long,between_subject_distractor,be_present__long__1474,1.050020863932948,62,0.005867588904596138
phi2,be_present,long,between_subject_distractor,be_present__long__1475,1.0720242377250426,62,0.0102335714524792
phi2,be_present,long,between_subject_distractor,be_present__long__1511,1.5856403689230643,62,0.020928336728003698
phi2,be_present,long,between_subject_distractor,be_present__long__1568,1.476789274523335,62,0.01779939282325005
phi2,be_present,long,between_subject_distractor,be_present__long__1587,1.5934919388063493,62,0.024192425512498412
phi2,be_present,long,between_subject_distractor,be_present__long__1622,1.2451175874279392,62,0.012980138101885393
phi2,be_present,long,between_subject_distractor,be_present__long__1630,0.9261953138536022,62,0.005534448931294089
phi2,be_present,long,between_subject_distractor,be_present__long__1639,1.2619681819792716,62,-0.0034334582667197044
phi2,be_present,long,between_subject_distractor,be_present__long__186,1.8052899914403115,62,0.04084119489116052
phi2,be_present,long,between_subject_distractor,be_present__long__200,1.7601083324801536,62,0.04198062035345261
phi2,be_present,long,between_subject_distractor,be_present__long__219,1.9983989654048797,62,0.02415630894322548
phi2,be_present,long,between_subject_distractor,be_present__long__227,1.8891008592421008,62,0.019501793769098084
phi2,be_present,long,between_subject_distractor,be_present__long__238,2.1957575582688853,62,0.022975813957952684
phi2,be_present,long,between_subject_distractor,be_present__long__276,1.0127624696300876,93,0.016063761967484654
phi2,be_present,long,between_subject_distractor,be_present__long__287,1.7814988936147382,62,0.0381837814084945
phi2,be_present,long,between_subject_distractor,be_present__long__293,1.6481568582596318,62,0.021037747783045603
phi2,be_present,long,between_subject_distractor,be_present__long__298,1.6407381334612448,62,0.028782121596797796
phi2,be_present,long,between_subject_distractor,be_present__long__307,1.7327144069056357,62,0.03165911089989445
phi2,be_present,long,between_subject_distractor,be_present__long__310,1.718077213533463,62,0.02985981971986831
phi2,be_present,long,between_subject_distractor,be_present__long__317,1.5537495766916583,62,0.021858522968907498
phi2,be_present,long,between_subject_distractor,be_present__long__33,1.5719172416194793,62,0.011210472353043099
phi2,be_present,long,between_subject_distractor,be_present__long__332,1.716293688743345,62,0.006739770212481099
phi2,be_present,long,between_subject_distractor,be_present__long__333,1.6274078430668,62,0.006431056607154104
phi2,be_present,long,between_subject_distractor,be_present__long__345,1.7449154238547049,62,0.005010589476554626
phi2,be_present,long,between_subject_distractor,be_present__long__351,1.8063256509842411,62,0.0006236568573982498
phi2,be_present,long,between_subject_distractor,be_present__long__354,1.4052503032069052,62,0.009951760691981148
phi2,be_present,long,between_subject_distractor,be_present__long__355,1.7234195739992204,62,0.007426369574762155
phi2,be_present,long,between_subject_distractor,be_present__long__383,1.6089116065732894,62,0.024055542484406483
phi2,be_present,long,between_subject_distractor,be_present__long__399,1.7175524465499385,62,0.02947292020243982
phi2,be_present,long,between_subject_distractor,be_present__long__415,1.4962832389339324,62,0.011316530166133747
phi2,be_present,long,between_subject_distractor,be_present__long__421,1.6070429432776667,62,0.027118436751827107
phi2,be_present,long,between_subject_distractor,be_present__long__44,1.3276929393891366,62,0.010642682352373676
phi2,be_present,long,between_subject_distractor,be_present__long__451,1.5159679997351863,62,0.033359173805482915
phi2,be_present,long,between_subject_distractor,be_present__long__452,1.4539247174416818,62,0.03252315521240232
phi2,be_present,long,between_subject_distractor,be_present__long__487,1.5105849542925436,62,0.02485142984697895
phi2,be_present,long,between_subject_distractor,be_present__long__491,1.498494686618928,62,0.023879666482248596
phi2,be_present,long,between_subject_distractor,be_present__long__496,1.5046673128681798,62,0.015943865622243553
phi2,be_present,long,between_subject_distractor,be_present__long__498,1.2761208934168662,62,0.013997077941894523
phi2,be_present,long,between_subject_distractor,be_present__long__533,1.594942646641885,62,0.013484477996826167
phi2,be_present,long,between_subject_distractor,be_present__long__544,1.404030846011254,62,0.010623362756544531
phi2,be_present,long,between_subject_distractor,be_present__long__549,1.4252806017475743,62,0.005676454113375751
phi2,be_present,long,between_subject_distractor,be_present__long__561,1.9279375845386135,62,0.029772635429136197
phi2,be_present,long,between_subject_distractor,be_present__long__584,1.696768883735903,62,0.011758327484130858
phi2,be_present,long,between_subject_distractor,be_present__long__655,1.6193364051080519,62,0.008310333375007863
phi2,be_present,long,between_subject_distractor,be_present__long__66,1.501151192572809,62,0.02357602888537989
phi2,be_present,long,between_subject_distractor,be_present__long__671,1.502224983707551,62,0.0117402845813382
phi2,be_present,long,between_subject_distractor,be_present__long__68,1.506730556488037,62,0.015649749386695118
phi2,be_present,long,between_subject_distractor,be_present__long__705,1.3209638595581055,62,0.016475923599735365
phi2,be_present,long,between_subject_distractor,be_present__long__722,2.2226850601934616,62,0.050380183804419734
phi2,be_present,long,between_subject_distractor,be_present__long__723,2.054006161228303,62,0.05502117833783549
phi2,be_present,long,between_subject_distractor,be_present__long__74,1.3866717584671513,62,0.01882020888790007
phi2,be_present,long,between_subject_distractor,be_present__long__760,2.2421584129333496,62,0.053021877042708845
phi2,be_present,long,between_subject_distractor,be_present__long__766,1.9109554444589922,62,0.055820926543205
phi2,be_present,long,between_subject_distractor,be_present__long__77,1.5205807224396737,62,0.02133144870881111
phi2,be_present,long,between_subject_distractor,be_present__long__79,1.495242211126512,62,0.016957606038739595
phi2,be_present,long,between_subject_distractor,be_present__long__793,1.591782631412629,62,0.04323333309542747
phi2,be_present,long,between_subject_distractor,be_present__long__833,1.0966216364214498,62,0.009282527431364974
phi2,be_present,long,between_subject_distractor,be_present__long__835,1.2147152500767862,62,0.01871588922316027
phi2,be_present,long,between_subject_distractor,be_present__long__888,1.6567353586996756,62,0.01233650022937404
phi2,be_present,long,between_subject_distractor,be_present__long__916,1.093632431440456,93,0.009244467622490335
phi2,be_present,long,between_subject_distractor,be_present__long__917,1.571306582420103,62,0.012187573217576535
phi2,be_present,long,between_subject_distractor,be_present__long__922,1.133162267746464,62,0.01447483801072643
phi2,be_present,long,between_subject_distractor,be_present__long__932,1.093060185832362,62,0.022111446626724728
phi2,be_present,long,between_subject_distractor,be_present__long__984,1.4288218405938917,62,0.016717772330007232
phi2,be_present,long,between_subject_distractor,be_present__long__985,1.251164359431113,62,0.015248390936082398
phi2,be_present,long,between_subject_distractor,be_present__long__989,1.3911322162997337,62,0.017283485781761893
phi2,be_present,long,distractor,be_present__long__101,0.2949558688748267,31,-0.007054513500582775
phi2,be_present,long,distractor,be_present__long__1011,0.4403268752559539,31,0.0137438005016696
phi2,be_present,long,distractor,be_present__long__1024,0.45416382820375506,31,-0.0023465310373613902
phi2,be_present,long,distractor,be_present__long__1062,0.2833147664223948,31,-0.018148237659085176
phi2,be_present,long,distractor,be_present__long__1074,0.394654550860005,31,-0.01597229126960999
phi2,be_present,long,distractor,be_present__long__1079,0.4250274165984123,31,0.015898304600869467
phi2,be_present,long,distractor,be_present__long__1097,0.5891816846786007,31,0.020375313297394768
phi2,be_present,long,distractor,be_present__long__1098,0.42341995239257807,31,-0.030086086642357596
phi2,be_present,long,distractor,be_present__long__1112,0.5437201838339528,31,-8.40156309066226e-05
phi2,be_present,long,distractor,be_present__long__1126,0.4149460946359942,31,0.0008508005449848809
phi2,be_present,long,distractor,be_present__long__1156,0.41403985792590725,31,0.009980263248566672
phi2,be_present,long,distractor,be_present__long__1165,0.3250270043649981,31,0.03474017112485824
phi2,be_present,long,distractor,be_present__long__1178,0.1555600320139239,31,-0.012215583555160022
phi2,be_present,long,distractor,be_present__long__1179,0.20396029564642135,31,-0.0002912398307554211
phi2,be_present,long,distractor,be_present__long__1202,0.37325059213945944,31,0.0015975582984186093
phi2,be_present,long,distractor,be_present__long__1203,0.3757886578959803,31,0.011786091712213334
phi2,be_present,long,distractor,be_present__long__1224,0.399771967241841,31,0.01361880763884512
phi2,be_present,long,distractor,be_present__long__1232,0.4736288747479839,31,0.016542065528131294
phi2,be_present,long,distractor,be_present__long__1254,0.5591703845608619,31,0.00031834263955394284
phi2,be_present,long,distractor,be_present__long__1272,0.6043158808062153,31,-0.002980632166708667
phi2,be_present,long,distractor,be_present__long__1314,0.38833790440713206,31,-0.010897697940949466
phi2,be_present,long,distractor,be_present__long__1325,0.35940607132450225,31,0.02481235996369393
phi2,be_present,long,distractor,be_present__long__1327,0.39829374128772366,31,0.00840168614541331
phi2,be_present,long,distractor,be_present__long__1345,0.49489559665802985,31,0.008753776550292965
phi2,be_present,long,distractor,be_present__long__1353,0.2773855578514837,31,-0.003925323486328126
phi2,be_present,long,distractor,be_present__long__1354,0.29238873143349925,31,-0.0208120346069336
phi2,be_present,long,distractor,be_present__long__1360,0.37758861049529047,31,-0.002467555384482101
phi2,be_present,long,distractor,be_present__long__1387,0.36810130457724294,31,0.006022730181294092
phi2,be_present,long,distractor,be_present__long__1430,0.3250026087607107,31,-0.025856756394909267
phi2,be_present,long,distractor,be_present__long__1447,0.3682862251035629,31,0.0008314809491557413
phi2,be_present,long,distractor,be_present__long__1454,0.5032163127776115,31,0.007582879835559462
phi2,be_present,long,distractor,be_present__long__1459,0.5306889626287645,31,0.010295960210984757
phi2,be_present,long,distractor,be_present__long__1465,0.48272391288511207,31,-0.018361891469647795
phi2,be_present,long,distractor,be_present__long__1472,0.4598592019850208,31,0.02133624784408076
phi2,be_present,long,distractor,be_present__long__1474,0.5040995690130419,31,0.004895948594616307
phi2,be_present,long,distractor,be_present__long__1475,0.4592034432195848,31,-0.003580062620101437
phi2,be_present,long,distractor,be_present__long__1511,0.4269449787755166,31,0.00538862905194683
phi2,be_present,long,distractor,be_present__long__1568,0.5360856210031817,31,0.0029028923280777514
phi2,be_present,long,distractor,be_present__long__1587,0.5436726539365707,31,0.013661415346207151
phi2,be_present,long,distractor,be_present__long__1622,0.36083381406722526,31,0.0380419454266948
phi2,be_present,long,distractor,be_present__long__1630,0.2772736087922127,31,-0.01852509283250378
phi2,be_present,long,distractor,be_present__long__1639,0.48491028816469256,31,0.01527512458062941
phi2,be_present,long,distractor,be_present__long__186,0.55992187992219,31,0.03810707215339906
phi2,be_present,long,distractor,be_present__long__200,0.4793973738147366,31,-0.0017510690996723741
phi2,be_present,long,distractor,be_present__long__219,0.49376656932215535,31,0.025519463323777726
phi2,be_present,long,distractor,be_present__long__227,0.4985602286554152,31,-0.014816684107626649
phi2,be_present,long,distractor,be_present__long__238,0.6501216580790858,31,-0.004867307601436483
phi2,be_present,long,distractor,be_present__long__276,0.39861755986367503,31,0.008842499025406373
phi2,be_present,long,distractor,be_present__long__287,0.3794506442162298,31,-0.027524209791614157
phi2,be_present,long,distractor,be_present__long__293,0.38753328015727384,31,-0.06695922728507749
phi2,be_present,long,distractor,be_present__long__298,0.529246453315981,31,0.0378534870762979
phi2,be_present,long,distractor,be_present__long__307,0.4041319816343246,31,-0.0014025472825573296
phi2,be_present,long,distractor,be_present__long__310,0.36248880817044166,31,-0.03142449163621472
phi2,be_present,long,distractor,be_present__long__317,0.3418147794661983,31,-0.0624777578538464
phi2,be_present,long,distractor,be_present__long__33,0.4787143891857516,31,-0.007980192861249357
phi2,be_present,long,distractor,be_present__long__332,0.49209517817343434,31,-0.00362971521192982
phi2,be_present,long,distractor,be_present__long__333,0.641215693566107,31,0.0005751886675434782
phi2,be_present,long,distractor,be_present__long__345,0.5091957584504159,31,0.007537226523122482
phi2,be_present,long,distractor,be_present__long__351,0.5602915671563917,31,0.02388594227452432
phi2,be_present,long,distractor,be_present__long__354,0.3955195949923608,31,-0.019117355346679684
phi2,be_present,long,distractor,be_present__long__355,0.5926460450695407,31,-0.007861291208574843
phi2,be_present,long,distractor,be_present__long__383,0.4077268415881741,31,0.019933731325211052
phi2,be_present,long,distractor,be_present__long__399,0.4465276656612273,31,0.028528551901540435
phi2,be_present,long,distractor,be_present__long__415,0.4493966564055412,31,0.015561349930301786
phi2,be_present,long,distractor,be_present__long__421,0.3258058794083134,31,-0.002852286061932963
phi2,be_present,long,distractor,be_present__long__44,0.44344569790747856,31,-0.00929697098270539
phi2,be_present,long,distractor,be_present__long__451,0.49079227447509766,31,0.0085344929848948
phi2,be_present,long,distractor,be_present__long__452,0.36040530666228265,31,-0.0006708637360603631
phi2,be_present,long,distractor,be_present__long__487,0.2672358174477854,31,0.004032011955015125
phi2,be_present,long,distractor,be_present__long__491,0.5733848387195218,31,0.02275922221522177
phi2,be_present,long,distractor,be_present__long__496,0.5668721045217207,31,0.012205400774555829
phi2,be_present,long,distractor,be_present__long__498,0.5886578098420174,31,0.032101231236611655
phi2,be_present,long,distractor,be_present__long__533,0.4221984186480122,31,0.017136204627252394
phi2,be_present,long,distractor,be_present__long__544,0.48794032681372856,31,-0.01686311537219631
phi2,be_present,long,distractor,be_present__long__549,0.26908877588087515,31,-0.04426507026918472
phi2,be_present,long,distractor,be_present__long__561,0.5562243000153573,31,-0.005880909581338201
phi2,be_present,long,distractor,be_present__long__584,0.45154786879016506,31,0.01387731490596648
phi2,be_present,long,distractor,be_present__long__655,0.44526893861832156,31,0.010096334641979591
phi2,be_present,long,distractor,be_present__long__66,0.5366428129134639,31,0.005277202975365413
phi2,be_present,long,distractor,be_present__long__671,0.4805471666397587,31,0.003614856350806449
phi2,be_present,long,distractor,be_present__long__68,0.5029231040708481,31,-0.005938345386135968
phi2,be_present,long,distractor,be_present__long__705,0.6295848046579668,31,0.013232877177576865
phi2,be_present,long,distractor,be_present__long__722,0.46255357803836944,31,0.009922027587890625
phi2,be_present,long,distractor,be_present__long__723,0.5361613304384293,31,0.02675022617463143
phi2,be_present,long,distractor,be_present__long__74,0.4592402673536731,31,-0.013929151719616303
phi2,be_present,long,distractor,be_present__long__760,0.46746103225215785,31,0.029406055327384693
phi2,be_present,long,distractor,be_present__long__766,0.5032534753122637,31,0.011152175164991803
phi2,be_present,long,distractor,be_present__long__77,0.6394608405328566,31,-0.0021488128169890393
phi2,be_present,long,distractor,be_present__long__79,0.5989087935416929,31,0.011467195326282124
phi2,be_present,long,distractor,be_present__long__793,0.47776692913424584,31,-0.024224558184223786
phi2,be_present,long,distractor,be_present__long__833,0.312416015132781,31,-0.0028783736690398275
phi2,be_present,long,distractor,be_present__long__835,0.44542934048560356,31,0.026917734453755025
phi2,be_present,long,distractor,be_present__long__888,0.5514136898902154,31,-0.0017361487111737593
phi2,be_present,long,distractor,be_present__long__916,0.4737989979405557,31,0.02670894130583732
phi2,be_present,long,distractor,be_present__long__917,0.47775283936531315,31,0.026124708114131798
phi2,be_present,long,distractor,be_present__long__922,0.3646941954089749,31,-0.024289008109800267
phi2,be_present,long,distractor,be_present__long__932,0.4505611542732485,31,-0.018094062805175778
phi2,be_present,long,distractor,be_present__long__984,0.3203549538889239,31,0.0007854584724672292
phi2,be_present,long,distractor,be_present__long__985,0.41314786480319116,31,0.0025700907553395944
phi2,be_present,long,distractor,be_present__long__989,0.3465380514821699,31,-0.007386638272193169
phi2,be_present,long,filler_after_distractor,be_present__long__101,0.523178476586564,279,0.0026633218197839675
phi2,be_present,long,filler_after_distractor,be_present__long__1011,0.6590286788120064,279,0.006670712570135735
phi2,be_present,long,filler_after_distractor,be_present__long__1024,0.6178155372646974,279,0.007941078541526652
phi2,be_present,long,filler_after_distractor,be_present__long__1062,0.5166993226629004,279,0.00339159743332948
phi2,be_present,long,filler_after_distractor,be_present__long__1074,0.47631713566386996,279,0.01032664186211042
phi2,be_present,long,filler_after_distractor,be_present__long__1079,0.5064116207929495,279,0.00807002624730482
phi2,be_present,long,filler_after_distractor,be_present__long__1097,0.5917176379952379,279,0.006599282705655658
phi2,be_present,long,filler_after_distractor,be_present__long__1098,0.4952976575461767,279,0.006919754876030813
phi2,be_present,long,filler_after_distractor,be_present__long__1112,0.5405155783485768,279,0.008008338217239648
phi2,be_present,long,filler_after_distractor,be_present__long__1126,0.475222532894449,279,0.0028436414657100535
phi2,be_present,long,filler_after_distractor,be_present__long__1156,0.5720926202753539,279,0.010395870413831476
phi2,be_present,long,filler_after_distractor,be_present__long__1165,0.6648491480017221,279,0.004405113958543343
phi2,be_present,long,filler_after_distractor,be_present__long__1178,0.37880388895670575,279,-0.0017148534029615369
phi2,be_present,long,filler_after_distractor,be_present__long__1179,0.4404380757321594,279,-0.001613350324733285
phi2,be_present,long,filler_after_distractor,be_present__long__1202,0.6456960623409586,279,0.008540437212981625
phi2,be_present,long,filler_after_distractor,be_present__long__1203,0.6344801584879557,279,0.008260867074399006
phi2,be_present,long,filler_after_distractor,be_present__long__1224,0.6065049598721193,279,0.008561681248381137
phi2,be_present,long,filler_after_distractor,be_present__long__1232,0.5788872250519346,279,0.0050581313375931015
phi2,be_present,long,filler_after_distractor,be_present__long__1254,0.6753826824994925,279,0.007906739429760997
phi2,be_present,long,filler_after_distractor,be_present__long__1272,0.6026519549790249,279,0.005987010121772786
phi2,be_present,long,filler_after_distractor,be_present__long__1314,0.4616942388609746,279,0.011108706074376251
phi2,be_present,long,filler_after_distractor,be_present__long__1325,0.6153337212019069,279,0.011883315219674055
phi2,be_present,long,filler_after_distractor,be_present__long__1327,0.6666247733604951,279,0.008751038582094254
phi2,be_present,long,filler_after_distractor,be_present__long__1345,0.6346192992289007,279,0.012708205903302803
phi2,be_present,long,filler_after_distractor,be_present__long__1353,0.47980301012702314,279,0.006885880637767067
phi2,be_present,long,filler_after_distractor,be_present__long__1354,0.41018030378553605,279,0.009765730963812924
phi2,be_present,long,filler_after_distractor,be_present__long__1360,0.6052132678288286,279,0.011738637014956456
phi2,be_present,long,filler_after_distractor,be_present__long__1387,0.5096937405165806,279,0.009344312879774297
phi2,be_present,long,filler_after_distractor,be_present__long__1430,0.5830825853518687,279,0.006534764416328891
phi2,be_present,long,filler_after_distractor,be_present__long__1447,0.6889589302856007,279,0.004199653543451779
phi2,be_present,long,filler_after_distractor,be_present__long__1454,0.6615924390840702,279,0.006237457302736119
phi2,be_present,long,filler_after_distractor,be_present__long__1459,0.5841143618347824,279,0.00491818048620736
phi2,be_present,long,filler_after_distractor,be_present__long__1465,0.6149419558945523,279,0.005132042806208342
phi2,be_present,long,filler_after_distractor,be_present__long__1472,0.6062970588711427,279,0.0048884183275229535
phi2,be_present,long,filler_after_distractor,be_present__long__1474,0.6089911683058653,279,0.007324440932188401
phi2,be_present,long,filler_after_distractor,be_present__long__1475,0.5375577762562741,279,0.0075750453497773745
phi2,be_present,long,filler_after_distractor,be_present__long__1511,0.709023072300846,279,0.0073846864871226665
phi2,be_present,long,filler_after_distractor,be_present__long__1568,0.600150019464527,279,0.0036523333587099543
phi2,be_present,long,filler_after_distractor,be_present__long__1587,0.5696052052214154,279,0.005111427717311401
phi2,be_present,long,filler_after_distractor,be_present__long__1622,0.5575537698670527,279,0.004124197054080207
phi2,be_present,long,filler_after_distractor,be_present__long__1630,0.4093585783435452,279,0.0033313416238326663
phi2,be_present,long,filler_after_distractor,be_present__long__1639,0.5620159060297046,279,0.00734168910638405
phi2,be_present,long,filler_after_distractor,be_present__long__186,0.6531525000021876,279,0.011254607990223866
phi2,be_present,long,filler_after_distractor,be_present__long__200,0.6868625763923891,279,0.011030050161491578
phi2,be_present,long,filler_after_distractor,be_present__long__219,0.6545239793784302,279,0.005381837113356506
phi2,be_present,long,filler_after_distractor,be_present__long__227,0.5576886139462925,279,-0.001123199326163129
phi2,be_present,long,filler_after_distractor,be_present__long__238,0.6870054497940993,279,0.006811808514338664
phi2,be_present,long,filler_after_distractor,be_present__long__276,0.6385086873098941,279,0.009431076733442184
phi2,be_present,long,filler_after_distractor,be_present__long__287,0.6604068851812765,279,0.00608545392217602
phi2,be_present,long,filler_after_distractor,be_present__long__293,0.6017665657945859,279,0.007331099561465685
phi2,be_present,long,filler_after_distractor,be_present__long__298,0.6288087564557256,279,0.009679572129335021
phi2,be_present,long,filler_after_distractor,be_present__long__307,0.5721908863300064,279,0.00743994490647401
phi2,be_present,long,filler_after_distractor,be_present__long__310,0.605468756836375,279,0.004717471351760261
phi2,be_present,long,filler_after_distractor,be_present__long__317,0.46291885581067815,279,0.0007720933592874925
phi2,be_present,long,filler_after_distractor,be_present__long__33,0.6303418648285678,279,0.006304228177634609
phi2,be_present,long,filler_after_distractor,be_present__long__332,0.6175310141724071,279,-0.0011816947690902215
phi2,be_present,long,filler_after_distractor,be_present__long__333,0.6305675267318671,279,0.003372469256001126
phi2,be_present,long,filler_after_distractor,be_present__long__345,0.5899386217944511,279,0.0019564782419512327
phi2,be_present,long,filler_after_distractor,be_present__long__351,0.674637456094065,279,0.003872645798549853
phi2,be_present,long,filler_after_distractor,be_present__long__354,0.4507993404155991,279,0.0066132836017130025
phi2,be_present,long,filler_after_distractor,be_present__long__355,0.5671748875717109,279,0.0006249950778099751
phi2,be_present,long,filler_after_distractor,be_present__long__383,0.5852020496108626,279,0.006614250948779466
phi2,be_present,long,filler_after_distractor,be_present__long__399,0.5738144912172817,279,0.007092906582740037
phi2,be_present,long,filler_after_distractor,be_present__long__415,0.5770987780717965,279,0.006750930594714308
phi2,be_present,long,filler_after_distractor,be_present__long__421,0.5717081391255915,279,0.0015185229667198684
phi2,be_present,long,filler_after_distractor,be_present__long__44,0.723578001863213,279,0.008073078688754821
phi2,be_present,long,filler_after_distractor,be_present__long__451,0.6307982714799997,279,0.006296523582978055
phi2,be_present,long,filler_after_distractor,be_present__long__452,0.647522464875252,279,0.008110336932657435
phi2,be_present,long,filler_after_distractor,be_present__long__487,0.7746981754097887,279,0.006072926264937201
phi2,be_present,long,filler_after_distractor,be_present__long__491,0.6743726320164178,279,0.004979379715458037
phi2,be_present,long,filler_after_distractor,be_present__long__496,0.7553725293887559,279,0.009123754330433394
phi2,be_present,long,filler_after_distractor,be_present__long__498,0.6415641060012216,279,0.005520776181238095
phi2,be_present,long,filler_after_distractor,be_present__long__533,0.6622143612113051,279,0.005749005143360423
phi2,be_present,long,filler_after_distractor,be_present__long__544,0.5909633807383985,279,0.0027899588308026688
phi2,be_present,long,filler_after_distractor,be_present__long__549,0.5212829924826127,279,0.004093706821455323
phi2,be_present,long,filler_after_distractor,be_present__long__561,0.596152469676028,279,0.012693986243244557
phi2,be_present,long,filler_after_distractor,be_present__long__584,0.6606124071237435,279,0.011160782161152056
phi2,be_present,long,filler_after_distractor,be_present__long__655,0.6920158187975592,279,0.003858077483365183
phi2,be_present,long,filler_after_distractor,be_present__long__66,0.636968875871337,279,0.006733323510829686
phi2,be_present,long,filler_after_distractor,be_present__long__671,0.650328485769183,279,0.008926859893251916
phi2,be_present,long,filler_after_distractor,be_present__long__68,0.6403428867299069,279,0.006342665696229551
phi2,be_present,long,filler_after_distractor,be_present__long__705,0.5312534865512643,279,0.0016073138055835573
phi2,be_present,long,filler_after_distractor,be_present__long__722,0.7067460569429569,279,0.009117840866034177
phi2,be_present,long,filler_after_distractor,be_present__long__723,0.71860412884784,279,0.0061986369471396146
phi2,be_present,long,filler_after_distractor,be_present__long__74,0.5881320618386764,279,0.013018532893136403
phi2,be_present,long,filler_after_distractor,be_present__long__760,0.7193113620990493,279,0.007784152970946382
phi2,be_present,long,filler_after_distractor,be_present__long__766,0.6031907536222944,279,0.004400099477460307
phi2,be_present,long,filler_after_distractor,be_present__long__77,0.6249020791822865,279,0.007942893599096586
phi2,be_present,long,filler_after_distractor,be_present__long__79,0.5815425448947482,279,0.007427502703923041
phi2,be_present,long,filler_after_distractor,be_present__long__793,0.5069658559710322,279,0.0053619056619623635
phi2,be_present,long,filler_after_distractor,be_present__long__833,0.5418861826688158,279,0.010338786682347664
phi2,be_present,long,filler_after_distractor,be_present__long__835,0.5924255959022002,279,0.009095608974443108
phi2,be_present,long,filler_after_distractor,be_present__long__888,0.743547490848008,279,0.004521171679206216
phi2,be_present,long,filler_after_distractor,be_present__long__916,0.5931626289121567,279,0.003506916825489325
phi2,be_present,long,filler_after_distractor,be_present__long__917,0.5975699681107716,279,0.001889755221677936
phi2,be_present,long,filler_after_distractor,be_present__long__922,0.6971854001390464,279,0.009991628722050708
phi2,be_present,long,filler_after_distractor,be_present__long__932,0.707072162286355,279,0.010873121172723798
phi2,be_present,long,filler_after_distractor,be_present__long__984,0.5540710264636625,279,0.012527441892999891
phi2,be_present,long,filler_after_distractor,be_present__long__985,0.5246371026534761,279,0.0077884496326514835
phi2,be_present,long,filler_after_distractor,be_present__long__989,0.47152735939162604,279,0.011633408112337934
phi2,be_present,long,final,be_present__long__101,3.304715864119991,31,-0.04728357253536102
phi2,be_present,long,final,be_present__long__1011,4.348807581009403,31,-0.004970335191296001
phi2,be_present,long,final,be_present__long__1024,4.247120365019767,31,-0.0009024835401965726
phi2,be_present,long,final,be_present__long__1062,3.476175062118038,31,-0.008952110044417863
phi2,be_present,long,final,be_present__long__1074,3.4003048866025862,31,-0.015555197192776591
phi2,be_present,long,final,be_present__long__1079,3.9753986481697328,31,-0.014685815380465603
phi2,be_present,long,final,be_present__long__1097,4.261310454337828,31,0.001978412751228557
phi2,be_present,long,final,be_present__long__1098,3.901137290462371,31,-0.03308619222333358
phi2,be_present,long,final,be_present__long__1112,4.137032970305412,31,-0.013532207858177926
phi2,be_present,long,final,be_present__long__1126,3.3691800640475367,31,-0.07062358240927419
phi2,be_present,long,final,be_present__long__1156,3.8671531677246094,31,-0.009439560674851948
phi2,be_present,long,final,be_present__long__1165,4.00724115679341,31,-0.043775619999054945
phi2,be_present,long,final,be_present__long__1178,3.0908048998924995,31,-0.060311871190224915
phi2,be_present,long,final,be_present__long__1179,3.1218197422642864,31,-0.06258675359910533
phi2,be_present,long,final,be_present__long__1202,4.295819836278116,31,-0.005822550865911676
phi2,be_present,long,final,be_present__long__1203,4.303605356524067,31,-0.009404397779895417
phi2,be_present,long,final,be_present__long__1224,4.372547887986706,31,0.000583925554829243
phi2,be_present,long,final,be_present__long__1232,4.332135323555239,31,-0.002259315982941653
phi2,be_present,long,final,be_present__long__1254,4.664491807260821,31,-0.016800019048875386
phi2,be_present,long,final,be_present__long__1272,4.451940413444273,31,-0.03345514112903226
phi2,be_present,long,final,be_present__long__1314,3.337163309897146,31,-0.018694016241258205
phi2,be_present,long,final,be_present__long__1325,3.8698317620062057,31,-0.017536686312767762
phi2,be_present,long,final,be_present__long__1327,4.0931214363344255,31,-0.009075380140735273
phi2,be_present,long,final,be_present__long__1345,4.21372321344191,31,-0.017990389177876136
phi2,be_present,long,final,be_present__long__1353,3.402335536095404,31,-0.045601506387033766
phi2,be_present,long,final,be_present__long__1354,3.0095281293315272,31,-0.038195456227948586
phi2,be_present,long,final,be_present__long__1360,3.7736562605827086,31,-0.04417896270751952
phi2,be_present,long,final,be_present__long__1387,3.5801398369573776,31,-0.0005639599215599933
phi2,be_present,long,final,be_present__long__1430,3.6543583716115644,31,-0.05159817972490865
phi2,be_present,long,final,be_present__long__1447,4.856319365962859,31,0.0035545902867470903
phi2,be_present,long,final,be_present__long__1454,4.757898853671167,31,0.047842087284211174
phi2,be_present,long,final,be_present__long__1459,4.5405338964154645,31,0.0031577079526839665
phi2,be_present,long,final,be_present__long__1465,4.598258664531093,31,0.027071645182947957
phi2,be_present,long,final,be_present__long__1472,4.565283067764774,31,0.012867281513829374
phi2,be_present,long,final,be_present__long__1474,4.442272340097735,31,-0.0024492509903446427
phi2,be_present,long,final,be_present__long__1475,4.060574039336173,31,-0.011540566721270169
phi2,be_present,long,final,be_present__long__1511,4.40056570114628,31,-0.00042032426403415535
phi2,be_present,long,final,be_present__long__1568,4.688318744782479,31,0.009640632137175515
phi2,be_present,long,final,be_present__long__1587,4.755395489354288,31,0.0013223771126039566
phi2,be_present,long,final,be_present__long__1622,3.481407227054719,31,-0.04957014514553931
phi2,be_present,long,final,be_present__long__1630,2.998136366567304,31,-0.058280052677277615
phi2,be_present,long,final,be_present__long__1639,3.7480154037475586,31,-0.04940925105925529
phi2,be_present,long,final,be_present__long__186,4.124225185763452,31,0.0007738297985445898
phi2,be_present,long,final,be_present__long__200,4.1810119075159875,31,-0.02238904276201803
phi2,be_present,long,final,be_present__long__219,4.242805327138593,31,0.006602564165669101
phi2,be_present,long,final,be_present__long__227,3.835241686913275,31,-0.003076430289976073
phi2,be_present,long,final,be_present__long__238,4.569814466661023,31,0.003699271909652216
phi2,be_present,long,final,be_present__long__276,4.551059415263515,31,0.02968323615289502
phi2,be_present,long,final,be_present__long__287,3.8021662927442983,31,0.006659015532462822
phi2,be_present,long,final,be_present__long__293,3.4798689503823557,31,-0.0592967002622543
phi2,be_present,long,final,be_present__long__298,3.8382316404773342,31,0.02284425304782007
phi2,be_present,long,final,be_present__long__307,3.532339742106776,31,0.0011960306475239228
phi2,be_present,long,final,be_present__long__310,3.676154874986218,31,-0.026822120912613406
phi2,be_present,long,final,be_present__long__317,3.291474649983068,31,-0.034115329865486405
phi2,be_present,long,final,be_present__long__33,4.4489101286857355,31,-0.0030447129280336666
phi2,be_present,long,final,be_present__long__332,4.169748244747039,31,-0.06230665022327055
phi2,be_present,long,final,be_present__long__333,4.184889639577558,31,-0.05673623854114164
phi2,be_present,long,final,be_present__long__345,4.135058987525202,31,-0.04344103413243449
phi2,be_present,long,final,be_present__long__351,4.3625512892200105,31,-0.05548781733359061
phi2,be_present,long,final,be_present__long__354,3.2610815417382026,31,-0.04726062282439201
phi2,be_present,long,final,be_present__long__355,4.037764856892247,31,-0.04706127412857547
phi2,be_present,long,final,be_present__long__383,4.485549373011435,31,0.01703240794520222
phi2,be_present,long,final,be_present__long__399,4.233472024240801,31,-0.003929938039472036
phi2,be_present,long,final,be_present__long__415,3.981366188295426,31,-0.010727205584126142
phi2,be_present,long,final,be_present__long__421,3.6617567000850553,31,-0.030896432938114303
phi2,be_present,long,final,be_present__long__44,4.708163876687327,31,0.014009814108571677
phi2,be_present,long,final,be_present__long__451,4.370005023094915,31,0.014491050474105309
phi2,be_present,long,final,be_present__long__452,4.421887243947675,31,0.024079199760190895
phi2,be_present,long,final,be_present__long__487,4.543986966533046,31,0.003931599278603817
phi2,be_present,long,final,be_present__long__491,4.709938172371157,31,0.015411469244187884
phi2,be_present,long,final,be_present__long__496,4.524064679299632,31,-0.014410572667275707
phi2,be_present,long,final,be_present__long__498,4.403936786036337,31,-0.016849425531202746
phi2,be_present,long,final,be_present__long__533,4.449779418206984,31,-0.003616394535187769
phi2,be_present,long,final,be_present__long__544,4.031138604687106,31,-0.017275379550072453
phi2,be_present,long,final,be_present__long__549,3.334780569999449,31,-0.06666380359280494
phi2,be_present,long,final,be_present__long__561,4.108017859920379,31,-0.04017162322998047
phi2,be_present,long,final,be_present__long__584,4.4014128100487495,31,-4.399207330519243e-05
phi2,be_present,long,final,be_present__long__655,4.337982300789125,31,0.00447860840828188
phi2,be_present,long,final,be_present__long__66,4.411005112432664,31,0.0021551193729523526
phi2,be_present,long,final,be_present__long__671,4.268690170780305,31,-0.014380639599215603
phi2,be_present,long,final,be_present__long__68,4.638604164123535,31,0.03317442247944494
phi2,be_present,long,final,be_present__long__705,4.7482421321253625,31,0.04378315710252332
phi2,be_present,long,final,be_present__long__722,4.906053635381883,31,0.03011023613714403
phi2,be_present,long,final,be_present__long__723,4.424927988360005,31,0.0055328492195375455
phi2,be_present,long,final,be_present__long__74,4.015294136539582,31,-0.008022369876984643
phi2,be_present,long,final,be_present__long__760,4.501085835118448,31,-0.0036290076471144172
phi2,be_present,long,final,be_present__long__766,4.16616282924529,31,-0.0029603281328755057
phi2,be_present,long,final,be_present__long__77,4.397196277495353,31,0.0026055612871723755
phi2,be_present,long,final,be_present__long__79,4.464688454904864,31,0.006061400136639986
phi2,be_present,long,final,be_present__long__793,3.5291830493557836,31,-0.005579671552104343
phi2,be_present,long,final,be_present__long__833,3.5035279181695755,31,-0.018893826392389117
phi2,be_present,long,final,be_present__long__835,4.219441813807333,31,0.0329113314228673
phi2,be_present,long,final,be_present__long__888,4.598234791909495,31,-0.014352613879788327
phi2,be_present,long,final,be_present__long__916,4.569728389863045,31,0.0069834186184790726
phi2,be_present,long,final,be_present__long__917,4.289017215851815,31,-0.022333391251102588
phi2,be_present,long,final,be_present__long__922,3.935207397707047,31,-0.017332600009056835
phi2,be_present,long,final,be_present__long__932,4.017318233366935,31,-0.037303432341544866
phi2,be_present,long,final,be_present__long__984,3.9801810479933217,31,-0.00656266366281818
phi2,be_present,long,final,be_present__long__985,3.5919038403418755,31,-0.02362986533872543
phi2,be_present,long,final,be_present__long__989,3.1963130274126605,31,-0.03844387300552863
phi2,be_present,long,prefix_before_subject,be_present__long__101,-0.03825190759474229,31,-0.0027138187039282926
phi2,be_present,long,prefix_before_subject,be_present__long__1011,0.08081186971356791,31,0.010431597309727824
phi2,be_present,long,prefix_before_subject,be_present__long__1024,0.06307069716915006,31,0.009916459360430317
phi2,be_present,long,prefix_before_subject,be_present__long__1062,0.06403310837284211,31,-0.004585942914409009
phi2,be_present,long,prefix_before_subject,be_present__long__1074,0.10256558079873361,31,0.0012305475050403234
phi2,be_present,long,prefix_before_subject,be_present__long__1079,0.09890460968017575,31,0.006828185050718243
phi2,be_present,long,prefix_before_subject,be_present__long__1097,0.08202005201770411,31,0.007918511667559225
phi2,be_present,long,prefix_before_subject,be_present__long__1098,-0.008085896891932329,31,0.00444849075809601
phi2,be_present,long,prefix_before_subject,be_present__long__1112,0.03506171318792527,31,0.0101159926383726
phi2,be_present,long,prefix_before_subject,be_present__long__1126,0.04701208299206149,31,-0.005551061322612146
phi2,be_present,long,prefix_before_subject,be_present__long__1156,0.11162228738107989,31,0.0032500913066248714
phi2,be_present,long,prefix_before_subject,be_present__long__1165,0.1029489271102413,31,0.0031693673902942246
phi2,be_present,long,prefix_before_subject,be_present__long__1178,-0.040853069674584144,31,-0.008343942703739303
phi2,be_present,long,prefix_before_subject,be_present__long__1179,0.009094053699124251,31,-0.00843937166275517
phi2,be_present,long,prefix_before_subject,be_present__long__1202,0.14551233476208103,31,0.00897872063421434
phi2,be_present,long,prefix_before_subject,be_present__long__1203,0.132576419461158,31,0.0111344245172316
phi2,be_present,long,prefix_before_subject,be_present__long__1224,0.1254438277213804,31,0.010482142048497362
phi2,be_present,long,prefix_before_subject,be_present__long__1232,0.12605304102743825,31,0.006957730939311376
phi2,be_present,long,prefix_before_subject,be_present__long__1254,0.11191832634710495,31,0.00981786174158896
phi2,be_present,long,prefix_before_subject,be_present__long__1272,0.08662389939831147,31,0.0060685680758568485
phi2,be_present,long,prefix_before_subject,be_present__long__1314,0.13578156502016125,31,0.005646767154816655
phi2,be_present,long,prefix_before_subject,be_present__long__1325,0.016670319341844132,31,0.0038311558385049124
phi2,be_present,long,prefix_before_subject,be_present__long__1327,0.038392959102507555,31,0.0016148474908644224
phi2,be_present,long,prefix_before_subject,be_present__long__1345,0.06617469172323903,31,0.006917215162707909
phi2,be_present,long,prefix_before_subject,be_present__long__1353,-0.028793796416251873,31,-0.005236194979759947
phi2,be_present,long,prefix_before_subject,be_present__long__1354,0.053538476267168594,31,-0.002861545931908387
phi2,be_present,long,prefix_before_subject,be_present__long__1360,0.03643368136498236,31,-0.005263420843308972
phi2,be_present,long,prefix_before_subject,be_present__long__1387,0.14195568330826294,31,0.004185615047331766
phi2,be_present,long,prefix_before_subject,be_present__long__1430,0.021701812744140618,31,-0.004440861363564762
phi2,be_present,long,prefix_before_subject,be_present__long__1447,0.1977699033675655,31,0.007525536321824604
phi2,be_present,long,prefix_before_subject,be_present__long__1454,0.180630745426301,31,0.00717704526839718
phi2,be_present,long,prefix_before_subject,be_present__long__1459,0.12367946870865358,31,0.002291587091261346
phi2,be_present,long,prefix_before_subject,be_present__long__1465,0.1715004213394657,31,0.010740341678742436
phi2,be_present,long,prefix_before_subject,be_present__long__1472,0.1407375335693359,31,0.0065360223093340435
phi2,be_present,long,prefix_before_subject,be_present__long__1474,0.11549408205093875,31,0.0028761586835307413
phi2,be_present,long,prefix_before_subject,be_present__long__1475,0.13718377390215472,31,0.005242563063098549
phi2,be_present,long,prefix_before_subject,be_present__long__1511,0.0827158958681168,31,0.0057085714032573155
phi2,be_present,long,prefix_before_subject,be_present__long__1568,0.13526116648027972,31,0.013695070820470008
phi2,be_present,long,prefix_before_subject,be_present__long__1587,0.15482508751653853,31,0.015721536451770407
phi2,be_present,long,prefix_before_subject,be_present__long__1622,0.09601097722207344,31,8.090849845641912e-06
phi2,be_present,long,prefix_before_subject,be_present__long__1630,-0.00698384931010584,31,-0.0017485157135994204
phi2,be_present,long,prefix_before_subject,be_present__long__1639,0.07355634627803678,31,0.009336963776619186
phi2,be_present,long,prefix_before_subject,be_present__long__186,0.08132414663991619,31,0.004932372800765497
phi2,be_present,long,prefix_before_subject,be_present__long__200,0.08350116975845828,31,0.0022528556085401976
phi2,be_present,long,prefix_before_subject,be_present__long__219,0.01570027874362083,31,0.0040981846470986676
phi2,be_present,long,prefix_before_subject,be_present__long__227,0.018191799040763602,31,0.013150184385238147
phi2,be_present,long,prefix_before_subject,be_present__long__238,0.037359453016711806,31,0.00974981246456024
phi2,be_present,long,prefix_before_subject,be_present__long__276,0.10752711757536856,31,0.007839910445674761
phi2,be_present,long,prefix_before_subject,be_present__long__287,0.005372047424316403,31,0.0021290625295331367
phi2,be_present,long,prefix_before_subject,be_present__long__293,-0.05355287367297755,31,0.0015962969872259432
phi2,be_present,long,prefix_before_subject,be_present__long__298,0.0327535444690335,31,0.00779318040417087
phi2,be_present,long,prefix_before_subject,be_present__long__307,0.008956047796433976,31,0.002538250338646674
phi2,be_present,long,prefix_before_subject,be_present__long__310,-0.010208345228625874,31,0.004837036132812493
phi2,be_present,long,prefix_before_subject,be_present__long__317,-0.06714965451148246,31,-0.0026929301600302383
phi2,be_present,long,prefix_before_subject,be_present__long__33,0.09465931307884953,31,0.0033359527587890707
phi2,be_present,long,prefix_before_subject,be_present__long__332,0.09146010491155808,31,0.009620389630717608
phi2,be_present,long,prefix_before_subject,be_present__long__333,0.09862819794685608,31,0.012432467552923387
phi2,be_present,long,prefix_before_subject,be_present__long__345,0.096482430734942,31,0.008144717062673262
phi2,be_present,long,prefix_before_subject,be_present__long__351,0.10928255511868383,31,0.010636483469317039
phi2,be_present,long,prefix_before_subject,be_present__long__354,0.11037078980476622,31,0.003070000679262229
phi2,be_present,long,prefix_before_subject,be_present__long__355,0.09377165763608868,31,0.008016124848396549
phi2,be_present,long,prefix_before_subject,be_present__long__383,0.06543420976208099,31,0.007201040944745467
phi2,be_present,long,prefix_before_subject,be_present__long__399,0.06676846165810861,31,0.004192444585984758
phi2,be_present,long,prefix_before_subject,be_present__long__415,0.046115444552513866,31,0.00885738865021737
phi2,be_present,long,prefix_before_subject,be_present__long__421,0.008440079227570564,31,-0.0005833718084519811
phi2,be_present,long,prefix_before_subject,be_present__long__44,0.12850936766593685,31,0.006417274475097667
phi2,be_present,long,prefix_before_subject,be_present__long__451,0.02876973921252835,31,0.007442566656297261
phi2,be_present,long,prefix_before_subject,be_present__long__452,0.04301871022870464,31,0.00556838127874558
phi2,be_present,long,prefix_before_subject,be_present__long__487,0.12339613514561805,31,0.0037703667917559224
phi2,be_present,long,prefix_before_subject,be_present__long__491,0.08922964526760963,31,0.007096198297316022
phi2,be_present,long,prefix_before_subject,be_present__long__496,0.08990213947911413,31,0.0014362950478830645
phi2,be_present,long,prefix_before_subject,be_present__long__498,0.08022551382741618,31,-0.003457223215410781
phi2,be_present,long,prefix_before_subject,be_present__long__533,0.07326584477578439,31,0.007255523435531129
phi2,be_present,long,prefix_before_subject,be_present__long__544,0.0944492278560515,31,0.013758751653855842
phi2,be_present,long,prefix_before_subject,be_present__long__549,-0.01288786242085117,31,-0.008417775554041705
phi2,be_present,long,prefix_before_subject,be_present__long__561,0.022125521013813633,31,0.006227554813508055
phi2,be_present,long,prefix_before_subject,be_present__long__584,0.1188438477054719,31,0.016629526692052046
phi2,be_present,long,prefix_before_subject,be_present__long__655,0.1114248767975838,31,0.007187720268003404
phi2,be_present,long,prefix_before_subject,be_present__long__66,0.11534426289220008,31,0.009035910329511086
phi2,be_present,long,prefix_before_subject,be_present__long__671,0.09182969985469694,31,0.00484315810665007
phi2,be_present,long,prefix_before_subject,be_present__long__68,0.14184727207306894,31,0.01186752319335937
phi2,be_present,long,prefix_before_subject,be_present__long__705,0.10272592113864036,31,0.014452749683010958
phi2,be_present,long,prefix_before_subject,be_present__long__722,0.17079565601964147,31,0.009141214432254914
phi2,be_present,long,prefix_before_subject,be_present__long__723,0.12053649656234247,31,0.006683226554624494
phi2,be_present,long,prefix_before_subject,be_present__long__74,0.1513918292137884,31,0.011273014929986759
phi2,be_present,long,prefix_before_subject,be_present__long__760,0.17054456280123803,31,0.007982438610446067
phi2,be_present,long,prefix_before_subject,be_present__long__766,-0.00660244111091859,31,-0.0005767268519247732
phi2,be_present,long,prefix_before_subject,be_present__long__77,0.09891325427639867,31,0.010980636842789179
phi2,be_present,long,prefix_before_subject,be_present__long__79,0.11002595963016631,31,0.00999619883875693
phi2,be_present,long,prefix_before_subject,be_present__long__793,-0.01198297931301979,31,0.0006460066764585452
phi2,be_present,long,prefix_before_subject,be_present__long__833,0.022149701272287672,31,-0.0038183889081401154
phi2,be_present,long,prefix_before_subject,be_present__long__835,0.08463275048040572,31,0.007417155850318174
phi2,be_present,long,prefix_before_subject,be_present__long__888,0.10765011079849734,31,0.0026213122952369076
phi2,be_present,long,prefix_before_subject,be_present__long__916,0.12750130314980782,31,0.007458102318548396
phi2,be_present,long,prefix_before_subject,be_present__long__917,0.0943193435668945,31,0.002046954247259323
phi2,be_present,long,prefix_before_subject,be_present__long__922,0.07246337398405997,31,0.0017878009426978308
phi2,be_present,long,prefix_before_subject,be_present__long__932,0.04980779463245021,31,0.003758645826770413
phi2,be_present,long,prefix_before_subject,be_present__long__984,0.09535998682821947,31,0.005721307569934464
phi2,be_present,long,prefix_before_subject,be_present__long__985,0.08664186539188506,31,0.005048844122117555
phi2,be_present,long,prefix_before_subject,be_present__long__989,-0.013106130784557704,31,-0.005611881133048755
phi2,be_present,long,subject,be_present__long__101,1.9503551913845925,31,0.005063887565366682
phi2,be_present,long,subject,be_present__long__1011,2.2105523078672347,31,0.005062318617297743
phi2,be_present,long,subject,be_present__long__1024,2.092416701778289,31,0.005051489799253389
phi2,be_present,long,subject,be_present__long__1062,2.2108477930868826,31,0.009275159528178534
phi2,be_present,long,subject,be_present__long__1074,2.021602384505733,31,0.004614307034400191
phi2,be_present,long,subject,be_present__long__1079,2.276855376458937,31,0.006326460069225664
phi2,be_present,long,subject,be_present__long__1097,2.3648714865407636,31,0.0071496963500976545
phi2,be_present,long,subject,be_present__long__1098,2.026095390319824,31,0.0072971159412014795
phi2,be_present,long,subject,be_present__long__1112,2.231135645220357,31,0.008645549897224674
phi2,be_present,long,subject,be_present__long__1126,1.8647861788349767,31,0.002545356750488277
phi2,be_present,long,subject,be_present__long__1156,2.4011682694958103,31,0.009385293529879655
phi2,be_present,long,subject,be_present__long__1165,3.0093050925962386,31,0.025743330678632177
phi2,be_present,long,subject,be_present__long__1178,2.175789894596223,31,0.014769031155493944
phi2,be_present,long,subject,be_present__long__1179,1.9572965252783991,31,0.006318830674694439
phi2,be_present,long,subject,be_present__long__1202,1.8864997433077904,31,0.002558062153477814
phi2,be_present,long,subject,be_present__long__1203,1.829790484520697,31,0.0012730321576518416
phi2,be_present,long,subject,be_present__long__1224,1.5508793553998392,31,0.00013560633505544512
phi2,be_present,long,subject,be_present__long__1232,1.900349832350208,31,-0.0011502235166488254
phi2,be_present,long,subject,be_present__long__1254,2.1646972164030998,31,0.007446412117250503
phi2,be_present,long,subject,be_present__long__1272,2.39477357556743,31,0.013660030980263976
phi2,be_present,long,subject,be_present__long__1314,1.9945354769306798,31,0.005468953040338329
phi2,be_present,long,subject,be_present__long__1325,2.8548316340292654,31,0.026328640599404606
phi2,be_present,long,subject,be_present__long__1327,2.8239051449683403,31,0.018635565234768763
phi2,be_present,long,subject,be_present__long__1345,2.867908816183767,31,0.02280838258804811
phi2,be_present,long,subject,be_present__long__1353,2.506125880825904,31,0.019234411178096645
phi2,be_present,long,subject,be_present__long__1354,2.0676999553557365,31,0.013896142282793593
phi2,be_present,long,subject,be_present__long__1360,2.5341459089709866,31,0.015838469228436867
phi2,be_present,long,subject,be_present__long__1387,2.155182807676254,31,0.0023846472463300134
phi2,be_present,long,subject,be_present__long__1430,1.8335338715584046,31,0.005089390662408638
phi2,be_present,long,subject,be_present__long__1447,2.3529763683196037,31,0.008653179291755917
phi2,be_present,long,subject,be_present__long__1454,2.7064756578014744,31,0.00984844084708921
phi2,be_present,long,subject,be_present__long__1459,2.110793544400123,31,0.008632967548985635
phi2,be_present,long,subject,be_present__long__1465,2.542348584821147,31,0.02029203599499117
phi2,be_present,long,subject,be_present__long__1472,2.1382816068587767,31,0.007240295410156246
phi2,be_present,long,subject,be_present__long__1474,2.2465928600680445,31,0.011235452467395397
phi2,be_present,long,subject,be_present__long__1475,2.0656052558652815,31,0.0076510829310263255
phi2,be_present,long,subject,be_present__long__1511,2.419589134954637,31,0.0069897867018176634
phi2,be_present,long,subject,be_present__long__1568,2.6914730072021484,31,0.00020165597238847727
phi2,be_present,long,subject,be_present__long__1587,2.9691821990474576,31,0.0005094466670866863
phi2,be_present,long,subject,be_present__long__1622,2.0707714634556926,31,0.007827235806372852
phi2,be_present,long,subject,be_present__long__1630,1.41169314230642,31,0.0024795224589686223
phi2,be_present,long,subject,be_present__long__1639,2.248075362174742,31,0.009572767442272543
phi2,be_present,long,subject,be_present__long__186,1.9387038753878685,31,4.0177376039562504e-05
phi2,be_present,long,subject,be_present__long__200,1.7460071194556452,31,0.002817676913353702
phi2,be_present,long,subject,be_present__long__219,2.586917354214576,31,0.01820284320462133
phi2,be_present,long,subject,be_present__long__227,2.6492642433412614,31,0.01384150597356981
phi2,be_present,long,subject,be_present__long__238,3.02059761170418,31,0.02039561733122794
phi2,be_present,long,subject,be_present__long__276,2.0084033781482327,31,0.009015760114116042
phi2,be_present,long,subject,be_present__long__287,2.5741618679415796,31,0.01624808772917715
phi2,be_present,long,subject,be_present__long__293,2.168599651705834,31,0.009708158431514615
phi2,be_present,long,subject,be_present__long__298,2.4109860389463362,31,0.016231567628921993
phi2,be_present,long,subject,be_present__long__307,2.245261376903903,31,0.009152658524051786
phi2,be_present,long,subject,be_present__long__310,2.321967340284778,31,0.01568268191429876
phi2,be_present,long,subject,be_present__long__317,2.0537609900197675,31,0.014616627846994704
phi2,be_present,long,subject,be_present__long__33,2.8522524372223885,31,0.014726331157069046
phi2,be_present,long,subject,be_present__long__332,2.6172911736272995,31,0.0031872103291173096
phi2,be_present,long,subject,be_present__long__333,2.4263132464501167,31,0.006210757840064248
phi2,be_present,long,subject,be_present__long__345,2.572605102292953,31,0.0046399947135679145
phi2,be_present,long,subject,be_present__long__351,2.616529372430617,31,0.005733366935483858
phi2,be_present,long,subject,be_present__long__354,1.9272774111840032,31,-0.0012868758170835456
phi2,be_present,long,subject,be_present__long__355,2.5029900458551224,31,0.0034661446848223204
phi2,be_present,long,subject,be_present__long__383,1.370934424861785,31,0.004863031448856468
phi2,be_present,long,subject,be_present__long__399,1.523901016481461,31,0.0038251876831054705
phi2,be_present,long,subject,be_present__long__415,2.3754619167697046,31,0.004960644629693802
phi2,be_present,long,subject,be_present__long__421,2.451543992565524,31,0.01419854933215725
phi2,be_present,long,subject,be_present__long__44,2.0302865735946165,31,0.004685678789692532
phi2,be_present,long,subject,be_present__long__451,2.5411139765093402,31,0.005137074378228959
phi2,be_present,long,subject,be_present__long__452,2.4176139523906093,31,0.004848880152548506
phi2,be_present,long,subject,be_present__long__487,2.442223302779659,31,0.006781670355027717
phi2,be_present,long,subject,be_present__long__491,2.481703512130245,31,0.009133923438287539
phi2,be_present,long,subject,be_present__long__496,2.4418995457310833,31,0.005161716092017375
phi2,be_present,long,subject,be_present__long__498,2.1747582035679973,31,0.004503957686885697
phi2,be_present,long,subject,be_present__long__533,2.71475161275556,31,0.009056706582346261
phi2,be_present,long,subject,be_present__long__544,2.7429233981717016,31,0.016553940311554924
phi2,be_present,long,subject,be_present__long__549,1.8645230262510237,31,0.005748164269231979
phi2,be_present,long,subject,be_present__long__561,2.389817299381379,31,0.02087980701077368
phi2,be_present,long,subject,be_present__long__584,2.6566230712398404,31,0.023019483012537787
phi2,be_present,long,subject,be_present__long__655,3.300267004197644,31,0.010819927338630929
phi2,be_present,long,subject,be_present__long__66,2.0550667239773657,31,0.003957840704148813
phi2,be_present,long,subject,be_present__long__671,2.993305360117266,31,0.010651465385190897
phi2,be_present,long,subject,be_present__long__68,2.135191886655746,31,0.0008980843328660577
phi2,be_present,long,subject,be_present__long__705,3.3805638590166645,31,0.00606050798969883
phi2,be_present,long,subject,be_present__long__722,2.423720359802246,31,0.007424446844285536
phi2,be_present,long,subject,be_present__long__723,2.129038933784731,31,0.0026130676269531276
phi2,be_present,long,subject,be_present__long__74,1.7720087420555852,31,0.006123173621393017
phi2,be_present,long,subject,be_present__long__760,2.13505058903848,31,0.007116717676962575
phi2,be_present,long,subject,be_present__long__766,1.7415340792748235,31,-0.00840956164944557
phi2,be_present,long,subject,be_present__long__77,1.9542895593950826,31,0.0040413333523658
phi2,be_present,long,subject,be_present__long__79,1.9609429144090222,31,0.00373120461740801
phi2,be_present,long,subject,be_present__long__793,1.469723609185988,31,0.005411148071289054
phi2,be_present,long,subject,be_present__long__833,1.6231002807617188,31,-0.003939320964197966
phi2,be_present,long,subject,be_present__long__835,1.8062738603161228,31,-0.00021885287377143548
phi2,be_present,long,subject,be_present__long__888,2.657870046554073,31,0.002456388165873868
phi2,be_present,long,subject,be_present__long__916,2.6217305275701706,31,0.006634527637112519
phi2,be_present,long,subject,be_present__long__917,2.3717326810283046,31,0.002267345305412042
phi2,be_present,long,subject,be_present__long__922,2.2598891412058184,31,0.0065037204373267436
phi2,be_present,long,subject,be_present__long__932,2.148206341651178,31,0.007173661262758306
phi2,be_present,long,subject,be_present__long__984,2.0311524483465377,31,0.008844621719852567
phi2,be_present,long,subject,be_present__long__985,1.7088809167185137,31,-0.0003497523646200934
phi2,be_present,long,subject,be_present__long__989,1.7414904563657698,31,0.0055995756579983545
phi2,be_present,medium,between_subject_distractor,be_present__medium__1001,1.9781597045160109,62,0.035961797160487
phi2,be_present,medium,between_subject_distractor,be_present__medium__1008,1.859020463881954,62,0.028054283511254073
phi2,be_present,medium,between_subject_distractor,be_present__medium__1011,1.7406375023626512,62,0.029833747494605253
phi2,be_present,medium,between_subject_distractor,be_present__medium__1019,1.6547328579810359,62,0.033775360353531354
phi2,be_present,medium,between_subject_distractor,be_present__medium__102,1.4568105051594396,62,0.02339389247279012
phi2,be_present,medium,between_subject_distractor,be_present__medium__1023,1.8218702654684744,62,0.03803705400036225
phi2,be_present,medium,between_subject_distractor,be_present__medium__1080,1.8528660035902453,62,0.03970260004843434
phi2,be_present,medium,between_subject_distractor,be_present__medium__1112,2.3116330639008553,62,0.03611107795469221
phi2,be_present,medium,between_subject_distractor,be_present__medium__1114,1.8719208625055128,62,0.038228465664771276
phi2,be_present,medium,between_subject_distractor,be_present__medium__1119,2.126915039554719,62,0.04111608382194271
phi2,be_present,medium,between_subject_distractor,be_present__medium__1126,1.614702424695415,62,0.007456764098136645
phi2,be_present,medium,between_subject_distractor,be_present__medium__1129,1.4819046758836316,62,0.014351844787597653
phi2,be_present,medium,between_subject_distractor,be_present__medium__1132,1.8353320244819886,62,0.018948570374519583
phi2,be_present,medium,between_subject_distractor,be_present__medium__1147,1.6887133659855011,62,0.017380668270972472
phi2,be_present,medium,between_subject_distractor,be_present__medium__1156,1.268722072724373,93,0.018137060185914388
phi2,be_present,medium,between_subject_distractor,be_present__medium__1157,1.7026030325120496,62,0.020608440522224675
phi2,be_present,medium,between_subject_distractor,be_present__medium__1179,1.15693998336792,62,-0.010188487268263309
phi2,be_present,medium,between_subject_distractor,be_present__medium__1183,1.0999061061489968,62,-0.00011596372050625016
phi2,be_present,medium,between_subject_distractor,be_present__medium__1203,1.5735820339572044,62,0.02155403937062909
phi2,be_present,medium,between_subject_distractor,be_present__medium__1224,1.4607587322112052,62,0.014253093350318165
phi2,be_present,medium,between_subject_distractor,be_present__medium__125,2.2520901772283737,62,0.04338656702349261
phi2,be_present,medium,between_subject_distractor,be_present__medium__1272,1.535840711285991,62,0.01305320185999716
phi2,be_present,medium,between_subject_distractor,be_present__medium__1281,1.536968784947549,62,0.011605416574785777
phi2,be_present,medium,between_subject_distractor,be_present__medium__1304,1.3953049259801065,62,0.013219941046930129
phi2,be_present,medium,between_subject_distractor,be_present__medium__1312,1.5316668172036447,62,0.017146125916511774
phi2,be_present,medium,between_subject_distractor,be_present__medium__1327,1.7861470714692147,62,0.037103745245164424
phi2,be_present,medium,between_subject_distractor,be_present__medium__1331,1.7929787174347909,62,0.03666465513167842
phi2,be_present,medium,between_subject_distractor,be_present__medium__1354,1.338030722833449,62,0.016845641597624753
phi2,be_present,medium,between_subject_distractor,be_present__medium__1360,1.8320681971888388,62,0.028920512045583407
phi2,be_present,medium,between_subject_distractor,be_present__medium__1389,0.9421414713705739,62,0.019273865607476987
phi2,be_present,medium,between_subject_distractor,be_present__medium__1413,1.919576321878741,62,0.02673432134812877
phi2,be_present,medium,between_subject_distractor,be_present__medium__1433,1.9891601531736312,62,0.030282451260474404
phi2,be_present,medium,between_subject_distractor,be_present__medium__1454,1.3889686215308406,62,0.01028611583094442
phi2,be_present,medium,between_subject_distractor,be_present__medium__1459,1.1585980692217428,62,0.006774640852405163
phi2,be_present,medium,between_subject_distractor,be_present__medium__1494,2.1175285154773342,62,0.031145864917385954
phi2,be_present,medium,between_subject_distractor,be_present__medium__1506,1.874470587699644,62,0.023233382932601434
phi2,be_present,medium,between_subject_distractor,be_present__medium__1587,1.879829914339127,62,0.030721018391270775
phi2,be_present,medium,between_subject_distractor,be_present__medium__1592,1.8957212817284368,62,0.0293129797904722
phi2,be_present,medium,between_subject_distractor,be_present__medium__1627,1.4002610022021877,62,0.013932935653194294
phi2,be_present,medium,between_subject_distractor,be_present__medium__163,1.7945672312090475,62,0.05370698436614005
phi2,be_present,medium,between_subject_distractor,be_present__medium__1636,1.4250607798176427,62,0.016402998278217916
phi2,be_present,medium,between_subject_distractor,be_present__medium__164,1.7698016935779202,62,0.04622091785553962
phi2,be_present,medium,between_subject_distractor,be_present__medium__185,1.884240165833504,62,0.05871449747393205
phi2,be_present,medium,between_subject_distractor,be_present__medium__199,1.7513529408362605,62,0.04347973485146798
phi2,be_present,medium,between_subject_distractor,be_present__medium__200,1.937574294305617,62,0.058315169426702666
phi2,be_present,medium,between_subject_distractor,be_present__medium__219,1.9464767209945186,62,0.030610115297379017
phi2,be_present,medium,between_subject_distractor,be_present__medium__221,2.494743808623283,62,0.06008314317272554
phi2,be_present,medium,between_subject_distractor,be_present__medium__248,1.6893022291121944,62,0.04709955953782603
phi2,be_present,medium,between_subject_distractor,be_present__medium__272,1.7498903735991447,62,0.03446025233114919
phi2,be_present,medium,between_subject_distractor,be_present__medium__30,1.9119010433073966,62,0.026408133968230205
phi2,be_present,medium,between_subject_distractor,be_present__medium__304,1.5651392167614353,62,0.030970235024729058
phi2,be_present,medium,between_subject_distractor,be_present__medium__310,1.8008204429380354,62,0.04039382934570311
phi2,be_present,medium,between_subject_distractor,be_present__medium__333,2.1639352613879788,62,0.02517889391991399
phi2,be_present,medium,between_subject_distractor,be_present__medium__352,2.1799450228291173,62,0.024881808988509637
phi2,be_present,medium,between_subject_distractor,be_present__medium__353,2.100581092219199,62,0.028385316171953747
phi2,be_present,medium,between_subject_distractor,be_present__medium__372,2.0492293296321744,62,0.04919333611765214
phi2,be_present,medium,between_subject_distractor,be_present__medium__375,2.0240736161508868,62,0.037286989150508744
phi2,be_present,medium,between_subject_distractor,be_present__medium__395,2.1662524900128766,62,0.04352118892054403
phi2,be_present,medium,between_subject_distractor,be_present__medium__399,2.1431043840223745,62,0.04401859160392514
phi2,be_present,medium,between_subject_distractor,be_present__medium__409,1.6065469557239163,62,0.01664187831263388
phi2,be_present,medium,between_subject_distractor,be_present__medium__421,1.6614624761766004,62,0.022400717581472086
phi2,be_present,medium,between_subject_distractor,be_present__medium__427,1.8034401555215158,62,0.022395887682514794
phi2,be_present,medium,between_subject_distractor,be_present__medium__439,1.9708843846474924,62,0.02387497501988564
phi2,be_present,medium,between_subject_distractor,be_present__medium__452,1.6681886334573068,62,0.05398973341911067
phi2,be_present,medium,between_subject_distractor,be_present__medium__454,1.7151801509241904,62,0.04692891336256456
phi2,be_present,medium,between_subject_distractor,be_present__medium__480,1.7799965489295222,62,0.057713447078581774
phi2,be_present,medium,between_subject_distractor,be_present__medium__483,1.634660567006757,62,0.03792272075530019
phi2,be_present,medium,between_subject_distractor,be_present__medium__484,1.7146849324626308,62,0.032354877841088064
phi2,be_present,medium,between_subject_distractor,be_present__medium__487,1.8147523633895382,62,0.04455560253512473
phi2,be_present,medium,between_subject_distractor,be_present__medium__494,1.7424162126356555,62,0.031230003603043077
phi2,be_present,medium,between_subject_distractor,be_present__medium__50,1.7675879539981965,62,0.030305708608319683
phi2,be_present,medium,between_subject_distractor,be_present__medium__523,1.581351387885309,62,0.015640243407218687
phi2,be_present,medium,between_subject_distractor,be_present__medium__561,2.169344702074605,62,0.031305482310633494
phi2,be_present,medium,between_subject_distractor,be_present__medium__562,1.9660882949829102,62,0.02277285052884008
phi2,be_present,medium,between_subject_distractor,be_present__medium__567,1.9314942206105878,62,0.022432465707102115
phi2,be_present,medium,between_subject_distractor,be_present__medium__57,1.8938424356522099,62,0.03411696034093055
phi2,be_present,medium,between_subject_distractor,be_present__medium__576,1.9667385162845734,62,0.023468432887907936
phi2,be_present,medium,between_subject_distractor,be_present__medium__592,2.0691713210075133,62,0.02422483505741242
phi2,be_present,medium,between_subject_distractor,be_present__medium__619,1.1859698295593262,62,0.012892984574840899
phi2,be_present,medium,between_subject_distractor,be_present__medium__620,1.5742397154531171,62,0.007407111506308279
phi2,be_present,medium,between_subject_distractor,be_present__medium__629,1.2002127708927277,62,0.012757670494817904
phi2,be_present,medium,between_subject_distractor,be_present__medium__630,1.5306161603619974,62,0.02314319918232578
phi2,be_present,medium,between_subject_distractor,be_present__medium__637,1.293885677091537,62,0.015290567951817659
phi2,be_present,medium,between_subject_distractor,be_present__medium__64,1.568998106064335,62,0.022695479854460666
phi2,be_present,medium,between_subject_distractor,be_present__medium__651,1.7455618919864777,62,0.011553179833196814
phi2,be_present,medium,between_subject_distractor,be_present__medium__655,1.9189367755766837,62,0.012710802016719685
phi2,be_present,medium,between_subject_distractor,be_present__medium__680,1.8295188103952715,62,0.010673338367092982
phi2,be_present,medium,between_subject_distractor,be_present__medium__713,1.6206348480716828,62,0.026462954859579748
phi2,be_present,medium,between_subject_distractor,be_present__medium__716,0.9935117844612368,93,0.012924112299437145
phi2,be_present,medium,between_subject_distractor,be_present__medium__725,2.149019810461229,62,0.0628743786965647
phi2,be_present,medium,between_subject_distractor,be_present__medium__731,2.520347302959811,62,0.062665831658148
phi2,be_present,medium,between_subject_distractor,be_present__medium__755,2.5429807324563303,62,0.06697550127583166
phi2,be_present,medium,between_subject_distractor,be_present__medium__757,2.2494653578727477,62,0.061013190977035024
phi2,be_present,medium,between_subject_distractor,be_present__medium__766,2.008157468611194,62,0.071100773349885
phi2,be_present,medium,between_subject_distractor,be_present__medium__844,1.3794682410455519,62,0.014295885639805935
phi2,be_present,medium,between_subject_distractor,be_present__medium__862,1.2571489426397509,62,0.012655735015869128
phi2,be_present,medium,between_subject_distractor,be_present__medium__894,2.0250434567851405,62,0.006745046184908948
phi2,be_present,medium,between_subject_distractor,be_present__medium__907,2.0285176154105895,62,0.013484954833984365
phi2,be_present,medium,between_subject_distractor,be_present__medium__922,1.369450569152832,62,0.02800732274209298
phi2,be_present,medium,between_subject_distractor,be_present__medium__977,1.3559977931361045,62,0.021416125759001682
phi2,be_present,medium,distractor,be_present__medium__1001,0.5568000731929656,31,-0.00604324956094064
phi2,be_present,medium,distractor,be_present__medium__1008,0.45725708623086253,31,0.013856549416818922
phi2,be_present,medium,distractor,be_present__medium__1011,0.48662890157391947,31,0.02671330974948021
phi2,be_present,medium,distractor,be_present__medium__1019,0.4894138766873267,31,0.030838074222687754
phi2,be_present,medium,distractor,be_present__medium__102,0.4539006756198022,31,-0.005425514713410389
phi2,be_present,medium,distractor,be_present__medium__1023,0.46769745119156375,31,0.01850592705511278
phi2,be_present,medium,distractor,be_present__medium__1080,0.45850409230878275,31,-0.015228425302813122
phi2,be_present,medium,distractor,be_present__medium__1112,0.5661944420106949,31,-0.0037160381194083773
phi2,be_present,medium,distractor,be_present__medium__1114,0.41512993843324725,31,-0.0208857444024855
phi2,be_present,medium,distractor,be_present__medium__1119,0.46556192828762916,31,-0.011553456706385452
phi2,be_present,medium,distractor,be_present__medium__1126,0.5027232323923418,31,0.018447691394436753
phi2,be_present,medium,distractor,be_present__medium__1129,0.36496725390034335,31,-0.003126236700242559
phi2,be_present,medium,distractor,be_present__medium__1132,0.6021999851349862,31,0.015516127309491567
phi2,be_present,medium,distractor,be_present__medium__1147,0.5127395199191186,31,-0.012616342113864025
phi2,be_present,medium,distractor,be_present__medium__1156,0.42087828728460497,31,0.018100553943264867
phi2,be_present,medium,distractor,be_present__medium__1157,0.604384022374307,31,0.04750716301702683
phi2,be_present,medium,distractor,be_present__medium__1179,0.1749938226515247,31,-0.0037595995010868168
phi2,be_present,medium,distractor,be_present__medium__1183,0.22150233484083606,31,-0.006611085707141501
phi2,be_present,medium,distractor,be_present__medium__1203,0.4804084224085654,31,0.030545603844427293
phi2,be_present,medium,distractor,be_present__medium__1224,0.40090767029793034,31,0.009696252884403355
phi2,be_present,medium,distractor,be_present__medium__125,0.5211334228515625,31,-0.015816411664409006
phi2,be_present,medium,distractor,be_present__medium__1272,0.6692582714942193,31,0.011285074295536162
phi2,be_present,medium,distractor,be_present__medium__1281,0.4786339729062973,31,-0.01956456707369896
phi2,be_present,medium,distractor,be_present__medium__1304,0.4486426076581401,31,0.005203646998251651
phi2,be_present,medium,distractor,be_present__medium__1312,0.46082847349105344,31,0.015953494656470526
phi2,be_present,medium,distractor,be_present__medium__1327,0.46070074266003025,31,0.012619387718939022
phi2,be_present,medium,distractor,be_present__medium__1331,0.4813424387285786,31,0.03409348764727193
phi2,be_present,medium,distractor,be_present__medium__1354,0.3688245588733304,31,-0.026403119487147172
phi2,be_present,medium,distractor,be_present__medium__1360,0.4541913309404927,31,-0.005027063431278342
phi2,be_present,medium,distractor,be_present__medium__1389,0.2619315116636215,31,-0.014592509115895906
phi2,be_present,medium,distractor,be_present__medium__1413,0.4254644455448274,31,-0.014075740691154227
phi2,be_present,medium,distractor,be_present__medium__1433,0.43726456549859816,31,-0.009299185968214453
phi2,be_present,medium,distractor,be_present__medium__1454,0.4518105906824912,31,-0.009884834289550783
phi2,be_present,medium,distractor,be_present__medium__1459,0.5149090059341923,31,0.02343119344403667
phi2,be_present,medium,distractor,be_present__medium__1494,0.4907595726751512,31,0.04530362159975114
phi2,be_present,medium,distractor,be_present__medium__1506,0.4944491540232012,31,0.03202958260813067
phi2,be_present,medium,distractor,be_present__medium__1587,0.5647441187212544,31,0.014370825982862897
phi2,be_present,medium,distractor,be_present__medium__1592,0.5026425700033864,31,0.02582113204463835
phi2,be_present,medium,distractor,be_present__medium__1627,0.4617276345529864,31,-0.007331448216592106
phi2,be_present,medium,distractor,be_present__medium__163,0.680268810641381,31,-0.010078522466844132
phi2,be_present,medium,distractor,be_present__medium__1636,0.5217661396149667,31,-0.02874765088481286
phi2,be_present,medium,distractor,be_present__medium__164,0.5230729810653194,31,0.012612496652910789
phi2,be_present,medium,distractor,be_present__medium__185,0.6043926669705298,31,-0.009477922993321564
phi2,be_present,medium,distractor,be_present__medium__199,0.49698663526965725,31,-0.0054601853893649355
phi2,be_present,medium,distractor,be_present__medium__200,0.6274937045189642,31,-0.023399260736280857
phi2,be_present,medium,distractor,be_present__medium__219,0.5294860409152123,31,0.022881292527721787
phi2,be_present,medium,distractor,be_present__medium__221,0.6901622587634672,31,0.0721809325679656
phi2,be_present,medium,distractor,be_present__medium__248,0.46850170627717047,31,-0.04632955981839086
phi2,be_present,medium,distractor,be_present__medium__272,0.5162152321107926,31,0.0021342923564295615
phi2,be_present,medium,distractor,be_present__medium__30,0.46683862132410847,31,0.000531719576927931
phi2,be_present,medium,distractor,be_present__medium__304,0.30067308487430694,31,-0.007803547766900828
phi2,be_present,medium,distractor,be_present__medium__310,0.2828644475629253,31,-0.04475110576998802
phi2,be_present,medium,distractor,be_present__medium__333,0.7272627122940556,31,0.0032772556427986435
phi2,be_present,medium,distractor,be_present__medium__352,0.5749802743234942,31,0.006021130469537566
phi2,be_present,medium,distractor,be_present__medium__353,0.7190724649736958,31,0.026004206749700734
phi2,be_present,medium,distractor,be_present__medium__372,0.3962141775315808,31,0.017218343673213832
phi2,be_present,medium,distractor,be_present__medium__375,0.5144121416153447,31,0.028751896273705273
phi2,be_present,medium,distractor,be_present__medium__395,0.4691660788751418,31,0.0046337804486674804
phi2,be_present,medium,distractor,be_present__medium__399,0.43981386000110256,31,0.02459107675860005
phi2,be_present,medium,distractor,be_present__medium__409,0.3569397464875252,31,-0.03873458985359436
phi2,be_present,medium,distractor,be_present__medium__421,0.32348439001267953,31,-0.010809436921150448
phi2,be_present,medium,distractor,be_present__medium__427,0.5137612742762412,31,0.01420664018200291
phi2,be_present,medium,distractor,be_present__medium__439,0.5507163386191091,31,0.012834456659132448
phi2,be_present,medium,distractor,be_present__medium__452,0.4236029348065776,31,0.006529100479618197
phi2,be_present,medium,distractor,be_present__medium__454,0.5234749701715284,31,0.03442552012781943
phi2,be_present,medium,distractor,be_present__medium__480,0.49664869616108553,31,-0.03720474243164061
phi2,be_present,medium,distractor,be_present__medium__483,0.6093023054061397,31,0.01395102470151841
phi2,be_present,medium,distractor,be_present__medium__484,0.5004001125212638,31,-0.003423660032210809
phi2,be_present,medium,distractor,be_present__medium__487,0.2804172577396516,31,0.021135330200195312
phi2,be_present,medium,distractor,be_present__medium__494,0.5150826669508412,31,0.012471568199896046
phi2,be_present,medium,distractor,be_present__medium__50,0.541106685515373,31,-0.013743708210606715
phi2,be_present,medium,distractor,be_present__medium__523,0.43982275070682647,31,-0.016829059969994314
phi2,be_present,medium,distractor,be_present__medium__561,0.5634984970092773,31,-0.002274913172568037
phi2,be_present,medium,distractor,be_present__medium__562,0.5378665308798513,31,0.020031867488738028
phi2,be_present,medium,distractor,be_present__medium__567,0.46910916605303365,31,0.030091039596065405
phi2,be_present,medium,distractor,be_present__medium__57,0.5758362431680003,31,-0.017256490645870072
phi2,be_present,medium,distractor,be_present__medium__576,0.4917200457665228,31,0.012697865886072957
phi2,be_present,medium,distractor,be_present__medium__592,0.4657890873570596,31,0.007848124350270923
phi2,be_present,medium,distractor,be_present__medium__619,0.2777749338457661,31,-0.009734615202872974
phi2,be_present,medium,distractor,be_present__medium__620,0.4342199448616274,31,-0.08395745677332724
phi2,be_present,medium,distractor,be_present__medium__629,0.38353670797040385,31,-0.03471792897870463
phi2,be_present,medium,distractor,be_present__medium__630,0.43582808586858934,31,-0.025901486796717478
phi2,be_present,medium,distractor,be_present__medium__637,0.3997498789141255,31,-0.04025720780895601
phi2,be_present,medium,distractor,be_present__medium__64,0.5992844796949818,31,-0.0002327580605783759
phi2,be_present,medium,distractor,be_present__medium__651,0.5591097800962387,31,0.028140744855327
phi2,be_present,medium,distractor,be_present__medium__655,0.4621163029824534,31,0.007840618010490174
phi2,be_present,medium,distractor,be_present__medium__680,0.5669943286526588,31,0.00869184924710181
phi2,be_present,medium,distractor,be_present__medium__713,0.8215730113367881,31,0.015232486109579762
phi2,be_present,medium,distractor,be_present__medium__716,0.5243400758312594,31,0.003698687399587331
phi2,be_present,medium,distractor,be_present__medium__725,0.44576192671252834,31,0.049709227777296514
phi2,be_present,medium,distractor,be_present__medium__731,0.45143244343419237,31,0.025138547343592492
phi2,be_present,medium,distractor,be_present__medium__755,0.5924311914751607,31,0.042425278694398945
phi2,be_present,medium,distractor,be_present__medium__757,0.5039643626059255,31,0.011314453617219012
phi2,be_present,medium,distractor,be_present__medium__766,0.5782783877465033,31,0.013261425879693806
phi2,be_present,medium,distractor,be_present__medium__844,0.3429136276245117,31,-0.0038586278115549343
phi2,be_present,medium,distractor,be_present__medium__862,0.3378292514431861,31,-0.012284740324943288
phi2,be_present,medium,distractor,be_present__medium__894,0.5233346569922662,31,0.014859107232862902
phi2,be_present,medium,distractor,be_present__medium__907,0.5502784175257529,31,0.024621748155163183
phi2,be_present,medium,distractor,be_present__medium__922,0.37353774039976056,31,-0.030275037211756544
phi2,be_present,medium,distractor,be_present__medium__977,0.26440672720632247,31,-0.030440453560121598
phi2,be_present,medium,filler_after_distractor,be_present__medium__1001,0.8212412659839917,93,0.007659235308247221
phi2,be_present,medium,filler_after_distractor,be_present__medium__1008,0.9761790408883043,93,0.0009864786619781212
phi2,be_present,medium,filler_after_distractor,be_present__medium__1011,0.8948753828643471,93,0.0032415184923397615
phi2,be_present,medium,filler_after_distractor,be_present__medium__1019,0.9117141333959435,93,0.013663045821651329
phi2,be_present,medium,filler_after_distractor,be_present__medium__102,0.6451876855665638,93,0.004132240049300659
phi2,be_present,medium,filler_after_distractor,be_present__medium__1023,0.8974486730431998,93,0.013393145735545823
phi2,be_present,medium,filler_after_distractor,be_present__medium__1080,0.7682662881830687,93,0.012281992102182036
phi2,be_present,medium,filler_after_distractor,be_present__medium__1112,0.7074068848804761,93,0.0022537887737315034
phi2,be_present,medium,filler_after_distractor,be_present__medium__1114,0.5947991648027974,93,0.01686067478631131
phi2,be_present,medium,filler_after_distractor,be_present__medium__1119,0.6892000218873383,93,-0.001761436462402351
phi2,be_present,medium,filler_after_distractor,be_present__medium__1126,0.7481059720439296,93,0.0007254590270339835
phi2,be_present,medium,filler_after_distractor,be_present__medium__1129,0.6390258009715747,93,-0.0011479777674521167
phi2,be_present,medium,filler_after_distractor,be_present__medium__1132,0.8379988208893807,93,0.020553793958438336
phi2,be_present,medium,filler_after_distractor,be_present__medium__1147,0.855475107828776,93,-0.005712355336835304
phi2,be_present,medium,filler_after_distractor,be_present__medium__1156,0.8899288074944609,93,0.011693933958648348
phi2,be_present,medium,filler_after_distractor,be_present__medium__1157,0.7785792812224357,93,0.012692410458800608
phi2,be_present,medium,filler_after_distractor,be_present__medium__1179,0.6011510254234396,93,-0.001748279858660957
phi2,be_present,medium,filler_after_distractor,be_present__medium__1183,0.5261590916623351,93,-0.011463872848018516
phi2,be_present,medium,filler_after_distractor,be_present__medium__1203,0.8902538976361675,93,0.008832049626176066
phi2,be_present,medium,filler_after_distractor,be_present__medium__1224,0.7622535459456905,93,0.007051560186570682
phi2,be_present,medium,filler_after_distractor,be_present__medium__125,0.6143150021952968,93,0.0016790718160649806
phi2,be_present,medium,filler_after_distractor,be_present__medium__1272,0.7337700115737095,93,0.007270741206343449
phi2,be_present,medium,filler_after_distractor,be_present__medium__1281,0.6865379374514344,93,0.01029919039818548
phi2,be_present,medium,filler_after_distractor,be_present__medium__1304,0.8121554056803385,93,0.015219996052403591
phi2,be_present,medium,filler_after_distractor,be_present__medium__1312,0.7759815031482328,93,0.014786176784064173
phi2,be_present,medium,filler_after_distractor,be_present__medium__1327,0.8222560369840233,93,0.013052027712586104
phi2,be_present,medium,filler_after_distractor,be_present__medium__1331,0.7630884724278604,93,0.012412665992654776
phi2,be_present,medium,filler_after_distractor,be_present__medium__1354,0.49343754142843266,93,0.017024809314358614
phi2,be_present,medium,filler_after_distractor,be_present__medium__1360,0.7433523362682711,93,0.014398287701350383
phi2,be_present,medium,filler_after_distractor,be_present__medium__1389,0.5191326448994298,93,0.006996093257780989
phi2,be_present,medium,filler_after_distractor,be_present__medium__1413,0.7838130458708732,93,0.011974960245111934
phi2,be_present,medium,filler_after_distractor,be_present__medium__1433,0.7556716549781061,93,0.007458799628801242
phi2,be_present,medium,filler_after_distractor,be_present__medium__1454,0.8056219982844527,93,0.005324640581684716
phi2,be_present,medium,filler_after_distractor,be_present__medium__1459,0.8315070265082902,93,0.01314545703190628
phi2,be_present,medium,filler_after_distractor,be_present__medium__1494,0.9531636494462208,93,0.014186366911857349
phi2,be_present,medium,filler_after_distractor,be_present__medium__1506,0.8880451058828702,93,0.008908610190114663
phi2,be_present,medium,filler_after_distractor,be_present__medium__1587,0.6643207816667455,93,0.0029945988808908657
phi2,be_present,medium,filler_after_distractor,be_present__medium__1592,0.7282129103137601,93,0.0055122785670782826
phi2,be_present,medium,filler_after_distractor,be_present__medium__1627,0.6242810731293053,93,0.0008869581325079797
phi2,be_present,medium,filler_after_distractor,be_present__medium__163,0.7332601444695586,93,0.01006586833666729
phi2,be_present,medium,filler_after_distractor,be_present__medium__1636,0.6705866782895981,93,0.005956557489210556
phi2,be_present,medium,filler_after_distractor,be_present__medium__164,0.7765081467167023,93,0.015191662696100052
phi2,be_present,medium,filler_after_distractor,be_present__medium__185,0.8266984365319693,93,0.012057827365013856
phi2,be_present,medium,filler_after_distractor,be_present__medium__199,0.705957874175041,93,0.011888370719007259
phi2,be_present,medium,filler_after_distractor,be_present__medium__200,0.7384521627938876,93,0.01723357169858871
phi2,be_present,medium,filler_after_distractor,be_present__medium__219,0.7976792140673565,93,0.01049482694236181
phi2,be_present,medium,filler_after_distractor,be_present__medium__221,1.0018968479607695,93,0.010254285668814051
phi2,be_present,medium,filler_after_distractor,be_present__medium__248,0.6963508052210654,93,0.0018741853775516586
phi2,be_present,medium,filler_after_distractor,be_present__medium__272,0.7282219445833595,93,0.00354207972044585
phi2,be_present,medium,filler_after_distractor,be_present__medium__30,0.7936643067226615,93,0.005412368364231553
phi2,be_present,medium,filler_after_distractor,be_present__medium__304,0.6756113216441165,93,0.016393784553773938
phi2,be_present,medium,filler_after_distractor,be_present__medium__310,0.7244809571132865,93,0.0024302800496419238
phi2,be_present,medium,filler_after_distractor,be_present__medium__333,0.784405646785613,93,0.014004204862861216
phi2,be_present,medium,filler_after_distractor,be_present__medium__352,0.6825676169446719,93,0.0014078899096417073
phi2,be_present,medium,filler_after_distractor,be_present__medium__353,0.8120735537621283,93,0.009115290898148725
phi2,be_present,medium,filler_after_distractor,be_present__medium__372,0.7266066869099935,93,0.003873917364305062
phi2,be_present,medium,filler_after_distractor,be_present__medium__375,0.6875419616699219,93,0.002534774041944928
phi2,be_present,medium,filler_after_distractor,be_present__medium__395,0.7058589176465107,93,0.006867254934003271
phi2,be_present,medium,filler_after_distractor,be_present__medium__399,0.7027898911506899,93,0.006370739270282042
phi2,be_present,medium,filler_after_distractor,be_present__medium__409,0.6297825844057144,93,0.002058736739620081
phi2,be_present,medium,filler_after_distractor,be_present__medium__421,0.5908817680933143,93,-0.0006404487035607719
phi2,be_present,medium,filler_after_distractor,be_present__medium__427,0.7414677014914892,93,0.006051186592348154
phi2,be_present,medium,filler_after_distractor,be_present__medium__439,0.7260048671435284,93,0.003713700079148817
phi2,be_present,medium,filler_after_distractor,be_present__medium__452,0.7492270623483965,93,0.009842872619628908
phi2,be_present,medium,filler_after_distractor,be_present__medium__454,0.6983814342047578,93,0.00564307551230153
phi2,be_present,medium,filler_after_distractor,be_present__medium__480,0.7546030782884167,93,0.013170109000257264
phi2,be_present,medium,filler_after_distractor,be_present__medium__483,0.8706703493672032,93,0.012823125367523515
phi2,be_present,medium,filler_after_distractor,be_present__medium__484,0.8716952006022135,93,0.013715272308677752
phi2,be_present,medium,filler_after_distractor,be_present__medium__487,1.0500785150835592,93,0.00845358448643838
phi2,be_present,medium,filler_after_distractor,be_present__medium__494,0.8343526881228212,93,0.005125661050119698
phi2,be_present,medium,filler_after_distractor,be_present__medium__50,0.7945583917761362,93,0.004253397705734413
phi2,be_present,medium,filler_after_distractor,be_present__medium__523,0.8304876101914273,93,0.01547452454925865
phi2,be_present,medium,filler_after_distractor,be_present__medium__561,0.7659941334878245,93,0.017017641375141758
phi2,be_present,medium,filler_after_distractor,be_present__medium__562,0.8508375947193433,93,0.014121322221653427
phi2,be_present,medium,filler_after_distractor,be_present__medium__567,0.9940739600889145,93,0.012690472346480177
phi2,be_present,medium,filler_after_distractor,be_present__medium__57,0.7883470699351321,93,0.012105685408397378
phi2,be_present,medium,filler_after_distractor,be_present__medium__576,0.9952812297369844,93,0.010801889563119539
phi2,be_present,medium,filler_after_distractor,be_present__medium__592,0.7993089204193443,93,0.0009688305598433288
phi2,be_present,medium,filler_after_distractor,be_present__medium__619,0.6792395807081654,93,0.011756609844905067
phi2,be_present,medium,filler_after_distractor,be_present__medium__620,0.752669313902496,93,-0.0032712669782741038
phi2,be_present,medium,filler_after_distractor,be_present__medium__629,0.4807252986456758,93,0.006900910408266131
phi2,be_present,medium,filler_after_distractor,be_present__medium__630,0.6993067444011729,93,0.006943528370190687
phi2,be_present,medium,filler_after_distractor,be_present__medium__637,0.5286060148669828,93,-0.0024927713537728846
phi2,be_present,medium,filler_after_distractor,be_present__medium__64,0.7662649564845587,93,0.01201661427815754
phi2,be_present,medium,filler_after_distractor,be_present__medium__651,0.9451538824266003,93,-0.0027979778987105132
phi2,be_present,medium,filler_after_distractor,be_present__medium__655,0.850281007828251,93,-0.00234830507668115
phi2,be_present,medium,filler_after_distractor,be_present__medium__680,0.9585846624066753,93,0.010961583865586143
phi2,be_present,medium,filler_after_distractor,be_present__medium__713,0.7661182854765205,93,0.008113184282856596
phi2,be_present,medium,filler_after_distractor,be_present__medium__716,0.6342478516281292,93,0.00458096945157615
phi2,be_present,medium,filler_after_distractor,be_present__medium__725,0.9319794562555128,93,0.014537872806672127
phi2,be_present,medium,filler_after_distractor,be_present__medium__731,1.0424197822488763,93,0.004243081615817163
phi2,be_present,medium,filler_after_distractor,be_present__medium__755,0.9993306744483209,93,0.008338876949843537
phi2,be_present,medium,filler_after_distractor,be_present__medium__757,0.9150833929738691,93,0.002100800955167383
phi2,be_present,medium,filler_after_distractor,be_present__medium__766,0.7207460300896757,93,0.010976083817020544
phi2,be_present,medium,filler_after_distractor,be_present__medium__844,0.6345463619437269,93,0.009192241135463911
phi2,be_present,medium,filler_after_distractor,be_present__medium__862,0.5493842811994655,93,0.00479114696543704
phi2,be_present,medium,filler_after_distractor,be_present__medium__894,1.0572727982715895,93,0.0048086720128213125
phi2,be_present,medium,filler_after_distractor,be_present__medium__907,0.885107809497464,93,0.0057410578573903704
phi2,be_present,medium,filler_after_distractor,be_present__medium__922,0.9061386867236065,93,0.015951177125336013
phi2,be_present,medium,filler_after_distractor,be_present__medium__977,0.5774826131841188,93,0.017223009499170442
phi2,be_present,medium,final,be_present__medium__1001,5.210994228239982,31,0.07338326977145286
phi2,be_present,medium,final,be_present__medium__1008,5.674619797737368,31,0.020837906868227066
phi2,be_present,medium,final,be_present__medium__1011,5.632325418533817,31,0.05939954326998803
phi2,be_present,medium,final,be_present__medium__1019,5.318040817014633,31,0.0031501708492155845
phi2,be_present,medium,final,be_present__medium__102,4.437500615273753,31,-0.018078988598239046
phi2,be_present,medium,final,be_present__medium__1023,5.37585993736021,31,0.04026991321194557
phi2,be_present,medium,final,be_present__medium__1080,4.985649939506285,31,-0.016438084263955408
phi2,be_present,medium,final,be_present__medium__1112,5.777588721244566,31,0.05718661892798638
phi2,be_present,medium,final,be_present__medium__1114,4.783576811513593,31,0.056041563710858736
phi2,be_present,medium,final,be_present__medium__1119,5.355768449844852,31,0.001994071468230222
phi2,be_present,medium,final,be_present__medium__1126,5.061256654800907,31,-0.04282496052403604
phi2,be_present,medium,final,be_present__medium__1129,4.6928546967044955,31,-0.07844245049261278
phi2,be_present,medium,final,be_present__medium__1132,5.647532124673167,31,-0.04491412255071823
phi2,be_present,medium,final,be_present__medium__1147,5.409047157533707,31,0.03310538876441216
phi2,be_present,medium,final,be_present__medium__1156,5.5965144864974485,31,0.1033462401359312
phi2,be_present,medium,final,be_present__medium__1157,5.545964117973082,31,0.013153568390877021
phi2,be_present,medium,final,be_present__medium__1179,4.46515877016129,31,-0.05949854081676852
phi2,be_present,medium,final,be_present__medium__1183,4.369955585848901,31,-0.04794988324565272
phi2,be_present,medium,final,be_present__medium__1203,5.982755999411306,31,0.035053499283329126
phi2,be_present,medium,final,be_present__medium__1224,5.953410333202731,31,0.05028758510466543
phi2,be_present,medium,final,be_present__medium__125,4.21747176877914,31,-0.0013815664475963908
phi2,be_present,medium,final,be_present__medium__1272,6.469857800391413,31,0.07415645353255733
phi2,be_present,medium,final,be_present__medium__1281,4.45305968869117,31,-0.032961568524760586
phi2,be_present,medium,final,be_present__medium__1304,5.075533590009136,31,0.021152711683704004
phi2,be_present,medium,final,be_present__medium__1312,5.200820984378938,31,0.01625854738297001
phi2,be_present,medium,final,be_present__medium__1327,5.180124036727413,31,0.019855037812263724
phi2,be_present,medium,final,be_present__medium__1331,5.123593853365991,31,0.04167399867888418
phi2,be_present,medium,final,be_present__medium__1354,3.69765386273784,31,0.05195559224774758
phi2,be_present,medium,final,be_present__medium__1360,5.191138452099215,31,0.030887542232390364
phi2,be_present,medium,final,be_present__medium__1389,3.6040098436417116,31,0.018129071881694176
phi2,be_present,medium,final,be_present__medium__1413,5.30822895419213,31,-0.02764569559404926
phi2,be_present,medium,final,be_present__medium__1433,5.1477900781939105,31,-0.032123627201203375
phi2,be_present,medium,final,be_present__medium__1454,6.718493307790449,31,0.11860995138845136
phi2,be_present,medium,final,be_present__medium__1459,6.815479740019767,31,0.0202948970179404
phi2,be_present,medium,final,be_present__medium__1494,6.7312474712248775,31,0.027633236300560755
phi2,be_present,medium,final,be_present__medium__1506,6.334419742707284,31,0.039343618577526454
phi2,be_present,medium,final,be_present__medium__1587,6.983154666039251,31,0.09024290884694745
phi2,be_present,medium,final,be_present__medium__1592,7.114047265821887,31,0.09612732548867503
phi2,be_present,medium,final,be_present__medium__1627,4.486251431126749,31,-0.04771466409006427
phi2,be_present,medium,final,be_present__medium__163,5.0293081960370465,31,-0.007929432776666466
phi2,be_present,medium,final,be_present__medium__1636,4.549447921014601,31,-0.0695217501732611
phi2,be_present,medium,final,be_present__medium__164,4.747430709100539,31,0.015512097266412558
phi2,be_present,medium,final,be_present__medium__185,5.048700394168977,31,0.053719059113533266
phi2,be_present,medium,final,be_present__medium__199,4.5624177994266635,31,-0.019110525808026718
phi2,be_present,medium,final,be_present__medium__200,5.298827017507246,31,0.010018933203912549
phi2,be_present,medium,final,be_present__medium__219,4.882585925440634,31,-0.06807238055813697
phi2,be_present,medium,final,be_present__medium__221,5.778782721488707,31,-0.03961867670859061
phi2,be_present,medium,final,be_present__medium__248,5.005778927956858,31,0.0363614789901241
phi2,be_present,medium,final,be_present__medium__272,5.433249658153903,31,0.07311593332598285
phi2,be_present,medium,final,be_present__medium__30,6.8119735102499686,31,0.07572955469931325
phi2,be_present,medium,final,be_present__medium__304,4.156642452363045,31,-0.012818398014191679
phi2,be_present,medium,final,be_present__medium__310,4.4540594162479525,31,-0.06713365739391695
phi2,be_present,medium,final,be_present__medium__333,5.74712953259868,31,-0.028128685489777597
phi2,be_present,medium,final,be_present__medium__352,5.378164537491337,31,-0.05594265845514113
phi2,be_present,medium,final,be_present__medium__353,5.665446865943171,31,-0.000614197023453252
phi2,be_present,medium,final,be_present__medium__372,5.3955268552226405,31,0.013683072982295864
phi2,be_present,medium,final,be_present__medium__375,5.659830308729602,31,-0.004807872156943045
phi2,be_present,medium,final,be_present__medium__395,5.748730382611675,31,0.029331884076518405
phi2,be_present,medium,final,be_present__medium__399,5.496421321745841,31,0.011109567457629787
phi2,be_present,medium,final,be_present__medium__409,4.282326359902659,31,-0.07542025658392137
phi2,be_present,medium,final,be_present__medium__421,4.216081280862132,31,-0.0557744426112021
phi2,be_present,medium,final,be_present__medium__427,5.108993745619251,31,0.03943941670079385
phi2,be_present,medium,final,be_present__medium__439,5.516510286638813,31,0.004409420874810986
phi2,be_present,medium,final,be_present__medium__452,5.630554229982438,31,0.009292079556372844
phi2,be_present,medium,final,be_present__medium__454,5.779432604389806,31,0.08345994641703942
phi2,be_present,medium,final,be_present__medium__480,5.644215983729208,31,-0.040995567075667844
phi2,be_present,medium,final,be_present__medium__483,5.825358513862856,31,0.027976497527091727
phi2,be_present,medium,final,be_present__medium__484,5.269535064697266,31,-0.018131994432018676
phi2,be_present,medium,final,be_present__medium__487,6.247958613980201,31,0.007152157445107744
phi2,be_present,medium,final,be_present__medium__494,5.734452401438067,31,0.04923906633930821
phi2,be_present,medium,final,be_present__medium__50,6.240173585953251,31,0.05491905827676096
phi2,be_present,medium,final,be_present__medium__523,4.783367587674048,31,-0.06851248587331463
phi2,be_present,medium,final,be_present__medium__561,5.909504521277643,31,0.059532934619534385
phi2,be_present,medium,final,be_present__medium__562,5.890886829745385,31,0.04534223002772178
phi2,be_present,medium,final,be_present__medium__567,6.284394325748567,31,0.021644007775091345
phi2,be_present,medium,final,be_present__medium__57,5.632770446039015,31,0.05759100760183026
phi2,be_present,medium,final,be_present__medium__576,5.781489987527171,31,0.02974694774996849
phi2,be_present,medium,final,be_present__medium__592,5.700414411483273,31,0.03156271288471836
phi2,be_present,medium,final,be_present__medium__619,4.0213293260143645,31,-0.03507426477247669
phi2,be_present,medium,final,be_present__medium__620,4.911980721258348,31,-0.031023210094821077
phi2,be_present,medium,final,be_present__medium__629,3.2813337079940306,31,-0.01814593038251324
phi2,be_present,medium,final,be_present__medium__630,4.375031132851878,31,-0.04770829600672568
phi2,be_present,medium,final,be_present__medium__637,3.4669520470403854,31,-0.01927292731500443
phi2,be_present,medium,final,be_present__medium__64,6.181163172568044,31,0.11798234139719317
phi2,be_present,medium,final,be_present__medium__651,6.645833446133521,31,0.05135194716915007
phi2,be_present,medium,final,be_present__medium__655,6.308496075291788,31,0.05807688928419544
phi2,be_present,medium,final,be_present__medium__680,6.847629823992329,31,0.029661332407305317
phi2,be_present,medium,final,be_present__medium__713,5.682701726113597,31,0.09221027743431828
phi2,be_present,medium,final,be_present__medium__716,6.0214819139049895,31,0.11772164990825036
phi2,be_present,medium,final,be_present__medium__725,6.403928295258553,31,0.07682160408266131
phi2,be_present,medium,final,be_present__medium__731,6.53618723346341,31,0.06725732741817352
phi2,be_present,medium,final,be_present__medium__755,6.472552053390011,31,0.0625966287428333
phi2,be_present,medium,final,be_present__medium__757,5.858350107746739,31,0.06332465141050277
phi2,be_present,medium,final,be_present__medium__766,4.9071491302982455,31,0.001389995698005917
phi2,be_present,medium,final,be_present__medium__844,4.026220290891586,31,-0.034957854978499875
phi2,be_present,medium,final,be_present__medium__862,4.0228463449785785,31,-0.010881147077006699
phi2,be_present,medium,final,be_present__medium__894,7.010392496662755,31,0.03440767718899635
phi2,be_present,medium,final,be_present__medium__907,6.278480345203031,31,0.056638748415054806
phi2,be_present,medium,final,be_present__medium__922,4.860232383974137,31,-0.051268485284620705
phi2,be_present,medium,final,be_present__medium__977,4.282693401459725,31,0.04690908616588962
phi2,be_present,medium,prefix_before_subject,be_present__medium__1001,0.21322711821525328,31,0.009594117441484999
phi2,be_present,medium,prefix_before_subject,be_present__medium__1008,0.2428339681317729,31,0.01780660690799836
phi2,be_present,medium,prefix_before_subject,be_present__medium__1011,0.21707334826069494,31,0.015335759808940258
phi2,be_present,medium,prefix_before_subject,be_present__medium__1019,0.21650400469380038,31,0.01039606525051977
phi2,be_present,medium,prefix_before_subject,be_present__medium__102,0.12390945803734563,31,0.0024642944335937253
phi2,be_present,medium,prefix_before_subject,be_present__medium__1023,0.22759372957291138,31,0.009799834220640121
phi2,be_present,medium,prefix_before_subject,be_present__medium__1080,0.23517085659888484,31,0.0001964261454920606
phi2,be_present,medium,prefix_before_subject,be_present__medium__1112,0.27258460752425656,31,0.01710488719324911
phi2,be_present,medium,prefix_before_subject,be_present__medium__1114,0.25383770850396925,31,0.018306516831920985
phi2,be_present,medium,prefix_before_subject,be_present__medium__1119,0.2100666722943706,31,0.015258819826187623
phi2,be_present,medium,prefix_before_subject,be_present__medium__1126,0.22341036027477634,31,-0.0015591652162613371
phi2,be_present,medium,prefix_before_subject,be_present__medium__1129,0.15159102409116684,31,0.0007289455782982611
phi2,be_present,medium,prefix_before_subject,be_present__medium__1132,0.2032496544622606,31,0.0032988825151997365
phi2,be_present,medium,prefix_before_subject,be_present__medium__1147,0.29265979028517203,31,0.009886772401871215
phi2,be_present,medium,prefix_before_subject,be_present__medium__1156,0.31303196568642894,31,0.010722560267294613
phi2,be_present,medium,prefix_before_subject,be_present__medium__1157,0.2529556212886687,31,0.006204112883537041
phi2,be_present,medium,prefix_before_subject,be_present__medium__1179,0.14802960426576672,31,-0.0005387644613942772
phi2,be_present,medium,prefix_before_subject,be_present__medium__1183,0.11491138704361452,31,0.0015867294803742354
phi2,be_present,medium,prefix_before_subject,be_present__medium__1203,0.28391711942611203,31,0.011703583502000367
phi2,be_present,medium,prefix_before_subject,be_present__medium__1224,0.3047428438740392,31,0.010012442065823466
phi2,be_present,medium,prefix_before_subject,be_present__medium__125,0.11160336771318988,31,-0.004853894633631558
phi2,be_present,medium,prefix_before_subject,be_present__medium__1272,0.3213316086799868,31,0.0043789955877488575
phi2,be_present,medium,prefix_before_subject,be_present__medium__1281,0.18673659909156062,31,0.00012991505284463026
phi2,be_present,medium,prefix_before_subject,be_present__medium__1304,0.24079842721262282,31,0.012249515902611514
phi2,be_present,medium,prefix_before_subject,be_present__medium__1312,0.24806044178624304,31,0.00839854824927545
phi2,be_present,medium,prefix_before_subject,be_present__medium__1327,0.16006398970080957,31,0.0052393636395854344
phi2,be_present,medium,prefix_before_subject,be_present__medium__1331,0.16575019590316278,31,0.008935097725160655
phi2,be_present,medium,prefix_before_subject,be_present__medium__1354,0.17272884615005984,31,0.003226495558215715
phi2,be_present,medium,prefix_before_subject,be_present__medium__1360,0.24816463839623232,31,0.0012327624905493942
phi2,be_present,medium,prefix_before_subject,be_present__medium__1389,0.18917655944824216,31,0.004138577368951609
phi2,be_present,medium,prefix_before_subject,be_present__medium__1413,0.2326736142558436,31,0.014074387088898698
phi2,be_present,medium,prefix_before_subject,be_present__medium__1433,0.15478226446336316,31,0.00518118950628464
phi2,be_present,medium,prefix_before_subject,be_present__medium__1454,0.39419297249086444,31,-0.00024115654730027687
phi2,be_present,medium,prefix_before_subject,be_present__medium__1459,0.3421706845683436,31,0.01111184397051412
phi2,be_present,medium,prefix_before_subject,be_present__medium__1494,0.2987243898453251,31,0.0057850499306955645
phi2,be_present,medium,prefix_before_subject,be_present__medium__1506,0.26500834188153666,31,0.009905445960260212
phi2,be_present,medium,prefix_before_subject,be_present__medium__1587,0.3826787394862021,31,0.011169710466938628
phi2,be_present,medium,prefix_before_subject,be_present__medium__1592,0.36645452437862275,31,0.013477540785266504
phi2,be_present,medium,prefix_before_subject,be_present__medium__1627,0.19310292889994957,31,0.008154284569524939
phi2,be_present,medium,prefix_before_subject,be_present__medium__163,0.17372497435539,31,0.014439275187830758
phi2,be_present,medium,prefix_before_subject,be_present__medium__1636,0.16553684972947644,31,-0.0031265751008064512
phi2,be_present,medium,prefix_before_subject,be_present__medium__164,0.1754385732835339,31,0.007881226078156493
phi2,be_present,medium,prefix_before_subject,be_present__medium__185,0.22218411968600363,31,0.012599022157730599
phi2,be_present,medium,prefix_before_subject,be_present__medium__199,0.12793728613084362,31,0.002345731181483112
phi2,be_present,medium,prefix_before_subject,be_present__medium__200,0.22879938925466228,31,0.007834742146153609
phi2,be_present,medium,prefix_before_subject,be_present__medium__219,0.1527170673493416,31,0.004250311082409271
phi2,be_present,medium,prefix_before_subject,be_present__medium__221,0.29376122259324594,31,0.0065119958692981235
phi2,be_present,medium,prefix_before_subject,be_present__medium__248,0.18277768165834485,31,0.008201476066343236
phi2,be_present,medium,prefix_before_subject,be_present__medium__272,0.20759659428750316,31,0.010076676645586556
phi2,be_present,medium,prefix_before_subject,be_present__medium__30,0.3280824845837009,31,0.001121736341907136
phi2,be_present,medium,prefix_before_subject,be_present__medium__304,0.16573798271917525,31,0.004139592570643257
phi2,be_present,medium,prefix_before_subject,be_present__medium__310,0.09902326522334928,31,0.007930970961047749
phi2,be_present,medium,prefix_before_subject,be_present__medium__333,0.2737412606516192,31,0.0005629139561806853
phi2,be_present,medium,prefix_before_subject,be_present__medium__352,0.22939574333929247,31,0.00908534757552608
phi2,be_present,medium,prefix_before_subject,be_present__medium__353,0.28408241271972656,31,0.0035343170166015616
phi2,be_present,medium,prefix_before_subject,be_present__medium__372,0.2145660461918,31,0.010085198187058955
phi2,be_present,medium,prefix_before_subject,be_present__medium__375,0.26490722164031,31,0.01595903212024318
phi2,be_present,medium,prefix_before_subject,be_present__medium__395,0.22385720283754407,31,0.008998993904359888
phi2,be_present,medium,prefix_before_subject,be_present__medium__399,0.2270824063208795,31,0.004221946962418094
phi2,be_present,medium,prefix_before_subject,be_present__medium__409,0.10459352308704008,31,0.005851437968592484
phi2,be_present,medium,prefix_before_subject,be_present__medium__421,0.10060116552537487,31,0.0007707226660943711
phi2,be_present,medium,prefix_before_subject,be_present__medium__427,0.17706757207070625,31,0.01860833937121975
phi2,be_present,medium,prefix_before_subject,be_present__medium__439,0.19966494652532762,31,0.009089346854917458
phi2,be_present,medium,prefix_before_subject,be_present__medium__452,0.1869848620507025,31,0.014266844718686986
phi2,be_present,medium,prefix_before_subject,be_present__medium__454,0.23743792503110825,31,0.016189544431624864
phi2,be_present,medium,prefix_before_subject,be_present__medium__480,0.19013746323124056,31,0.005866019956527223
phi2,be_present,medium,prefix_before_subject,be_present__medium__483,0.2711624945363691,31,0.011546873277233492
phi2,be_present,medium,prefix_before_subject,be_present__medium__484,0.1997816024288054,31,0.005478305201376629
phi2,be_present,medium,prefix_before_subject,be_present__medium__487,0.2856325334118259,31,0.007330802179151971
phi2,be_present,medium,prefix_before_subject,be_present__medium__494,0.2698403020058909,31,0.01645497352846207
phi2,be_present,medium,prefix_before_subject,be_present__medium__50,0.31583878301805063,31,0.012101819438319053
phi2,be_present,medium,prefix_before_subject,be_present__medium__523,0.13314677822974422,31,0.0022705754926127873
phi2,be_present,medium,prefix_before_subject,be_present__medium__561,0.22422652090749434,31,0.011171064069194178
phi2,be_present,medium,prefix_before_subject,be_present__medium__562,0.2635796147008096,31,0.010528841326313636
phi2,be_present,medium,prefix_before_subject,be_present__medium__567,0.27844469008907197,31,0.014059558991462945
phi2,be_present,medium,prefix_before_subject,be_present__medium__57,0.26480699354602444,31,0.008369076636529738
phi2,be_present,medium,prefix_before_subject,be_present__medium__576,0.2150106430053711,31,0.014735960191296001
phi2,be_present,medium,prefix_before_subject,be_present__medium__592,0.22287805618778353,31,0.01210797217584425
phi2,be_present,medium,prefix_before_subject,be_present__medium__619,0.03891683393909084,31,0.008353294864777589
phi2,be_present,medium,prefix_before_subject,be_present__medium__620,0.07066375978531377,31,0.021900300056703615
phi2,be_present,medium,prefix_before_subject,be_present__medium__629,0.036463645196730086,31,0.006294096669843113
phi2,be_present,medium,prefix_before_subject,be_present__medium__630,0.03935395517656879,31,0.012320826130528597
phi2,be_present,medium,prefix_before_subject,be_present__medium__637,-0.0030486199163621466,31,0.004715211929813503
phi2,be_present,medium,prefix_before_subject,be_present__medium__64,0.31717358866045553,31,0.008492654369723402
phi2,be_present,medium,prefix_before_subject,be_present__medium__651,0.34026327440815585,31,0.009181914790984116
phi2,be_present,medium,prefix_before_subject,be_present__medium__655,0.3033352205830236,31,0.014072079812326733
phi2,be_present,medium,prefix_before_subject,be_present__medium__680,0.3990963966615738,31,0.011546596404044863
phi2,be_present,medium,prefix_before_subject,be_present__medium__713,0.2432365725117345,31,0.009410488990045353
phi2,be_present,medium,prefix_before_subject,be_present__medium__716,0.2958403864214497,31,0.010861027625299276
phi2,be_present,medium,prefix_before_subject,be_present__medium__725,0.37448498510545297,31,0.01950922319965977
phi2,be_present,medium,prefix_before_subject,be_present__medium__731,0.36048218511766,31,0.0195197751445155
phi2,be_present,medium,prefix_before_subject,be_present__medium__755,0.38662030619959675,31,0.018846881005071817
phi2,be_present,medium,prefix_before_subject,be_present__medium__757,0.3315386310700447,31,0.010703117616714976
phi2,be_present,medium,prefix_before_subject,be_present__medium__766,0.08301814909904234,31,0.006215341629520532
phi2,be_present,medium,prefix_before_subject,be_present__medium__844,0.13495331425820625,31,-0.0075314429498487935
phi2,be_present,medium,prefix_before_subject,be_present__medium__862,0.15287710005237207,31,-0.0018664329282699066
phi2,be_present,medium,prefix_before_subject,be_present__medium__894,0.3479593953778667,31,0.00830564191264491
phi2,be_present,medium,prefix_before_subject,be_present__medium__907,0.28437134527391,31,0.013993816991006162
phi2,be_present,medium,prefix_before_subject,be_present__medium__922,0.18567549797796434,31,0.008481548678490413
phi2,be_present,medium,prefix_before_subject,be_present__medium__977,0.20168808967836438,31,0.010055357410061732
phi2,be_present,medium,subject,be_present__medium__1001,2.3273222830987748,31,0.004708043990596634
phi2,be_present,medium,subject,be_present__medium__1008,2.1427269597207346,31,0.0039582406320879514
phi2,be_present,medium,subject,be_present__medium__1011,2.1933170441658265,31,0.0062603796682050026
phi2,be_present,medium,subject,be_present__medium__1019,2.1773322013116654,31,0.00496599751134072
phi2,be_present,medium,subject,be_present__medium__102,1.4542714703467585,31,-0.0004809902560326419
phi2,be_present,medium,subject,be_present__medium__1023,2.0081045704503215,31,0.005417762264128643
phi2,be_present,medium,subject,be_present__medium__1080,2.121149247692477,31,0.0006570508403162837
phi2,be_present,medium,subject,be_present__medium__1112,2.5390217688775834,31,0.011852602804860762
phi2,be_present,medium,subject,be_present__medium__1114,2.0058489461098947,31,0.008467858837496846
phi2,be_present,medium,subject,be_present__medium__1119,2.2872403667819117,31,0.00869541783486643
phi2,be_present,medium,subject,be_present__medium__1126,2.5115440122542845,31,0.007540149073446951
phi2,be_present,medium,subject,be_present__medium__1129,2.235047524975192,31,0.003933937318863406
phi2,be_present,medium,subject,be_present__medium__1132,2.864798330491589,31,0.0058551603747952295
phi2,be_present,medium,subject,be_present__medium__1147,2.688740699521957,31,0.014644561275359125
phi2,be_present,medium,subject,be_present__medium__1156,2.797101051576676,31,0.015520249643633431
phi2,be_present,medium,subject,be_present__medium__1157,2.516624019991967,31,0.008365877213016633
phi2,be_present,medium,subject,be_present__medium__1179,2.2996938766971713,31,0.002284142278855848
phi2,be_present,medium,subject,be_present__medium__1183,2.085878003028131,31,0.001953401873188636
phi2,be_present,medium,subject,be_present__medium__1203,1.9222863720309349,31,-0.0011611753894436802
phi2,be_present,medium,subject,be_present__medium__1224,1.4183677550285094,31,0.0008206213674237582
phi2,be_present,medium,subject,be_present__medium__125,1.7108210286786478,31,-0.0013508950510332546
phi2,be_present,medium,subject,be_present__medium__1272,2.660866214383033,31,0.011657591788999491
phi2,be_present,medium,subject,be_present__medium__1281,2.3911629030781407,31,0.006289359061948707
phi2,be_present,medium,subject,be_present__medium__1304,2.3210625802316973,31,0.005715154832409265
phi2,be_present,medium,subject,be_present__medium__1312,2.3936366419638357,31,0.003832232567571822
phi2,be_present,medium,subject,be_present__medium__1327,2.963671007464009,31,0.01961849581810736
phi2,be_present,medium,subject,be_present__medium__1331,2.995297770346365,31,0.01945729409494707
phi2,be_present,medium,subject,be_present__medium__1354,2.2859430005473476,31,0.012678515526556189
phi2,be_present,medium,subject,be_present__medium__1360,2.5794079380650676,31,0.013351563484437994
phi2,be_present,medium,subject,be_present__medium__1389,1.9169414581791047,31,-0.0009275559456117579
phi2,be_present,medium,subject,be_present__medium__1413,2.2049778969057146,31,0.0019157163558467774
phi2,be_present,medium,subject,be_present__medium__1433,2.5346088717060704,31,0.00018267477712323566
phi2,be_present,medium,subject,be_present__medium__1454,2.915402904633553,31,0.010424521661573854
phi2,be_present,medium,subject,be_present__medium__1459,2.234864850198069,31,0.008536861788841981
phi2,be_present,medium,subject,be_present__medium__1494,2.950383832377772,31,0.010721391247164824
phi2,be_present,medium,subject,be_present__medium__1506,2.654962908837103,31,0.004466610570107736
phi2,be_present,medium,subject,be_present__medium__1587,3.19333371808452,31,-0.0021732391849640974
phi2,be_present,medium,subject,be_present__medium__1592,2.790586256211804,31,-0.00243386914653162
phi2,be_present,medium,subject,be_present__medium__1627,2.110494521356398,31,0.0019212230559318157
phi2,be_present,medium,subject,be_present__medium__163,1.9165854607858965,31,-0.0062875132406911465
phi2,be_present,medium,subject,be_present__medium__1636,2.1552571942729335,31,-0.0019047337193642858
phi2,be_present,medium,subject,be_present__medium__164,1.7565874591950448,31,-0.0017505461169827446
phi2,be_present,medium,subject,be_present__medium__185,2.0384208310034966,31,-0.004939848376858619
phi2,be_present,medium,subject,be_present__medium__199,1.749227523803711,31,-0.00267847122684602
phi2,be_present,medium,subject,be_present__medium__200,1.952919683148784,31,-0.0022300597160093156
phi2,be_present,medium,subject,be_present__medium__219,2.8559852723152406,31,0.01926268300702494
phi2,be_present,medium,subject,be_present__medium__221,3.3807868034608903,31,0.015949495377079133
phi2,be_present,medium,subject,be_present__medium__248,2.029551875206732,31,0.019789880321871834
phi2,be_present,medium,subject,be_present__medium__272,2.231634447651525,31,0.010684843986265114
phi2,be_present,medium,subject,be_present__medium__30,2.7163056096723004,31,0.012480089741368444
phi2,be_present,medium,subject,be_present__medium__304,2.6366678668606665,31,0.01636745083716607
phi2,be_present,medium,subject,be_present__medium__310,2.2576539439539753,31,0.009298324584960943
phi2,be_present,medium,subject,be_present__medium__333,2.8612258049749557,31,0.005090928846789938
phi2,be_present,medium,subject,be_present__medium__352,2.746862596081149,31,-0.0017927231327180134
phi2,be_present,medium,subject,be_present__medium__353,2.795442919577322,31,0.003980452014553917
phi2,be_present,medium,subject,be_present__medium__372,1.7040691991006174,31,0.0032864232217111773
phi2,be_present,medium,subject,be_present__medium__375,1.830875365964828,31,0.0053032598187846445
phi2,be_present,medium,subject,be_present__medium__395,1.6017961809712071,31,0.0005425483949722667
phi2,be_present,medium,subject,be_present__medium__399,1.5050321702034242,31,0.002356867636403725
phi2,be_present,medium,subject,be_present__medium__409,2.204502351822392,31,0.006370082978279357
phi2,be_present,medium,subject,be_present__medium__421,2.472340952965521,31,0.006323045299899198
phi2,be_present,medium,subject,be_present__medium__427,2.47835636138916,31,0.012298368638561612
phi2,be_present,medium,subject,be_present__medium__439,2.8883430419429654,31,0.010464637510238144
phi2,be_present,medium,subject,be_present__medium__452,2.509544587904407,31,0.002071688252110639
phi2,be_present,medium,subject,be_present__medium__454,3.0011362875661542,31,0.009131277761151716
phi2,be_present,medium,subject,be_present__medium__480,2.5897170036069808,31,0.0006460374401461651
phi2,be_present,medium,subject,be_present__medium__483,2.451881162581905,31,0.009735876514065647
phi2,be_present,medium,subject,be_present__medium__484,2.384077810472058,31,0.011438246696226045
phi2,be_present,medium,subject,be_present__medium__487,2.633465059341923,31,0.008553412652784777
phi2,be_present,medium,subject,be_present__medium__494,2.708978037680349,31,0.005093636051301023
phi2,be_present,medium,subject,be_present__medium__50,2.1422380324332946,31,0.0014403866183373259
phi2,be_present,medium,subject,be_present__medium__523,2.4553019000637915,31,0.005716016215662805
phi2,be_present,medium,subject,be_present__medium__561,2.8122354322864163,31,0.024810391087685853
phi2,be_present,medium,subject,be_present__medium__562,2.8042854801301034,31,0.025129041364116048
phi2,be_present,medium,subject,be_present__medium__567,2.742363529820596,31,0.02491791017593874
phi2,be_present,medium,subject,be_present__medium__57,2.0177429260746127,31,0.00286886768956338
phi2,be_present,medium,subject,be_present__medium__576,2.838462737298781,31,0.018435632028887337
phi2,be_present,medium,subject,be_present__medium__592,2.6951772013018207,31,0.024379299532982592
phi2,be_present,medium,subject,be_present__medium__619,1.97730775033274,31,-0.007873196755686106
phi2,be_present,medium,subject,be_present__medium__620,2.639060389611029,31,-0.0042205625964749135
phi2,be_present,medium,subject,be_present__medium__629,2.1670356565906155,31,0.002058921321745835
phi2,be_present,medium,subject,be_present__medium__630,2.184364903357721,31,-0.00451244846467049
phi2,be_present,medium,subject,be_present__medium__637,2.0983086862871723,31,-0.0030971034880607332
phi2,be_present,medium,subject,be_present__medium__64,2.1821130629508727,31,0.005298153046638728
phi2,be_present,medium,subject,be_present__medium__651,3.344308360930412,31,0.007606567875031506
phi2,be_present,medium,subject,be_present__medium__655,3.548639820468041,31,0.004824976767263102
phi2,be_present,medium,subject,be_present__medium__680,3.4815637219336724,31,0.01051782792614351
phi2,be_present,medium,subject,be_present__medium__713,3.497333680429766,31,0.009655367943548385
phi2,be_present,medium,subject,be_present__medium__716,3.1117332212386595,31,0.002797219061082396
phi2,be_present,medium,subject,be_present__medium__725,2.3908734475412676,31,0.002441498541062877
phi2,be_present,medium,subject,be_present__medium__731,2.440875022642074,31,0.00031246677521737197
phi2,be_present,medium,subject,be_present__medium__755,2.3151685653194303,31,-0.005336915293047503
phi2,be_present,medium,subject,be_present__medium__757,1.950244011417512,31,-0.0029967215753370796
phi2,be_present,medium,subject,be_present__medium__766,1.8633146286010742,31,-0.008340497170725159
phi2,be_present,medium,subject,be_present__medium__844,2.320143484300183,31,0.0120797618742912
phi2,be_present,medium,subject,be_present__medium__862,1.8233240496727727,31,0.0021231251378213056
phi2,be_present,medium,subject,be_present__medium__894,3.050688374427057,31,-0.004527614962670096
phi2,be_present,medium,subject,be_present__medium__907,2.9921239729850524,31,-0.0015698709795551853
phi2,be_present,medium,subject,be_present__medium__922,2.0022024031608336,31,0.001040858607138364
phi2,be_present,medium,subject,be_present__medium__977,2.138011163280856,31,0.0038662879697737994
qwen25_3b,be_present,extra_long,between_subject_distractor,be_present__extra_long__1035,1.6715401785714286,70,0.0040178571428571425
qwen25_3b,be_present,extra_long,between_subject_distractor,be_present__extra_long__1062,0.9793526785714286,70,0.011941964285714285
qwen25_3b,be_present,extra_long,between_subject_distractor,be_present__extra_long__1074,1.71953125,70,0.016629464285714286
qwen25_3b,be_present,extra_long,between_subject_distractor,be_present__extra_long__1079,1.5706473214285714,70,0.004352678571428572
qwen25_3b,be_present,extra_long,between_subject_distractor,be_present__extra_long__110,1.3575892857142857,70,0.013839285714285714
qwen25_3b,be_present,extra_long,between_subject_distractor,be_present__extra_long__1101,1.3069196428571428,70,-0.008147321428571429
qwen25_3b,be_present,extra_long,between_subject_distractor,be_present__extra_long__1111,1.3728794642857143,70,-0.007254464285714286
qwen25_3b,be_present,extra_long,between_subject_distractor,be_present__extra_long__1132,1.4887276785714285,70,-0.018080357142857145
qwen25_3b,be_present,extra_long,between_subject_distractor,be_present__extra_long__1164,0.8752232142857143,70,-0.00078125
qwen25_3b,be_present,extra_long,between_subject_distractor,be_present__extra_long__1176,0.7378348214285714,70,-0.00546875
qwen25_3b,be_present,extra_long,between_subject_distractor,be_present__extra_long__1179,0.9890625,70,0.006138392857142857
qwen25_3b,be_present,extra_long,between_subject_distractor,be_present__extra_long__1230,0.92578125,70,-0.019308035714285715
qwen25_3b,be_present,extra_long,between_subject_distractor,be_present__extra_long__1240,0.9160714285714285,70,-0.004910714285714286
qwen25_3b,be_present,extra_long,between_subject_distractor,be_present__extra_long__125,1.1947544642857142,70,0.011607142857142858
qwen25_3b,be_present,extra_long,between_subject_distractor,be_present__extra_long__1256,0.9069196428571429,70,0.0046875
qwen25_3b,be_present,extra_long,between_subject_distractor,be_present__extra_long__1296,1.0848214285714286,70,0.013839285714285714
qwen25_3b,be_present,extra_long,between_subject_distractor,be_present__extra_long__1306,1.00078125,70,-0.0003348214285714286
qwen25_3b,be_present,extra_long,between_subject_distractor,be_present__extra_long__1327,1.8938616071428571,70,0.02578125
qwen25_3b,be_present,extra_long,between_subject_distractor,be_present__extra_long__1360,1.6319196428571427,70,0.0046875
qwen25_3b,be_present,extra_long,between_subject_distractor,be_present__extra_long__1402,1.2756696428571428,70,0.012053571428571429
qwen25_3b,be_present,extra_long,between_subject_distractor,be_present__extra_long__1413,1.2760044642857142,70,0.012053571428571429
qwen25_3b,be_present,extra_long,between_subject_distractor,be_present__extra_long__1430,1.3,70,0.01607142857142857
qwen25_3b,be_present,extra_long,between_subject_distractor,be_present__extra_long__1447,1.3021205357142858,70,-0.003125
qwen25_3b,be_present,extra_long,between_subject_distractor,be_present__extra_long__1473,1.1684151785714285,70,0.009040178571428572
qwen25_3b,be_present,extra_long,between_subject_distractor,be_present__extra_long__1475,1.171986607142857,70,0.009263392857142857
qwen25_3b,be_present,extra_long,between_subject_distractor,be_present__extra_long__1488,1.5868303571428573,70,0.002120535714285714
qwen25_3b,be_present,extra_long,between_subject_distractor,be_present__extra_long__1494,1.4438616071428572,70,0.007142857142857143
qwen25_3b,be_present,extra_long,between_subject_distractor,be_present__extra_long__1526,1.0412946428571428,70,-0.0046875
qwen25_3b,be_present,extra_long,between_subject_distractor,be_present__extra_long__1580,0.9814732142857143,70,-0.03571428571428571
qwen25_3b,be_present,extra_long,between_subject_distractor,be_present__extra_long__1583,1.1910714285714286,70,-0.011383928571428571
qwen25_3b,be_present,extra_long,between_subject_distractor,be_present__extra_long__16,1.90390625,70,0.010267857142857143
qwen25_3b,be_present,extra_long,between_subject_distractor,be_present__extra_long__1622,0.6770089285714286,70,0.012276785714285714
qwen25_3b,be_present,extra_long,between_subject_distractor,be_present__extra_long__1636,0.9953125,70,0.029129464285714286
qwen25_3b,be_present,extra_long,between_subject_distractor,be_present__extra_long__185,2.121875,70,0.0008928571428571428
qwen25_3b,be_present,extra_long,between_subject_distractor,be_present__extra_long__193,2.042075892857143,70,-0.010491071428571428
qwen25_3b,be_present,extra_long,between_subject_distractor,be_present__extra_long__199,1.4729910714285714,70,-0.014174107142857143
qwen25_3b,be_present,extra_long,between_subject_distractor,be_present__extra_long__204,1.4223214285714285,70,-0.014508928571428572
qwen25_3b,be_present,extra_long,between_subject_distractor,be_present__extra_long__209,1.3103794642857143,70,0.004575892857142857
qwen25_3b,be_present,extra_long,between_subject_distractor,be_present__extra_long__252,1.1584821428571428,70,0.01763392857142857
qwen25_3b,be_present,extra_long,between_subject_distractor,be_present__extra_long__262,1.3457589285714286,70,0.018191964285714287
qwen25_3b,be_present,extra_long,between_subject_distractor,be_present__extra_long__271,1.2561383928571428,70,-0.0026785714285714286
qwen25_3b,be_present,extra_long,between_subject_distractor,be_present__extra_long__299,1.3639508928571429,70,0.02466517857142857
qwen25_3b,be_present,extra_long,between_subject_distractor,be_present__extra_long__30,1.8675223214285714,70,0.009040178571428572
qwen25_3b,be_present,extra_long,between_subject_distractor,be_present__extra_long__301,1.0590401785714285,70,-0.0046875
qwen25_3b,be_present,extra_long,between_subject_distractor,be_present__extra_long__307,1.730357142857143,70,0.008035714285714285
qwen25_3b,be_present,extra_long,between_subject_distractor,be_present__extra_long__333,1.8649553571428572,70,-0.011607142857142858
qwen25_3b,be_present,extra_long,between_subject_distractor,be_present__extra_long__352,1.72109375,70,0.00546875
qwen25_3b,be_present,extra_long,between_subject_distractor,be_present__extra_long__372,1.0909598214285714,70,0.00078125
qwen25_3b,be_present,extra_long,between_subject_distractor,be_present__extra_long__375,1.0641741071428572,70,-0.009263392857142857
qwen25_3b,be_present,extra_long,between_subject_distractor,be_present__extra_long__382,1.0505580357142856,70,-0.02421875
qwen25_3b,be_present,extra_long,between_subject_distractor,be_present__extra_long__409,1.1238839285714286,70,0.020535714285714286
qwen25_3b,be_present,extra_long,between_subject_distractor,be_present__extra_long__412,1.0465401785714286,70,0.011160714285714286
qwen25_3b,be_present,extra_long,between_subject_distractor,be_present__extra_long__421,0.9766741071428572,70,0.01685267857142857
qwen25_3b,be_present,extra_long,between_subject_distractor,be_present__extra_long__428,1.20703125,70,0.02220982142857143
qwen25_3b,be_present,extra_long,between_subject_distractor,be_present__extra_long__439,1.2978794642857143,70,0.0015625
qwen25_3b,be_present,extra_long,between_subject_distractor,be_present__extra_long__45,1.1910714285714286,70,0.013950892857142858
qwen25_3b,be_present,extra_long,between_subject_distractor,be_present__extra_long__454,1.4676339285714286,70,0.026450892857142857
qwen25_3b,be_present,extra_long,between_subject_distractor,be_present__extra_long__465,1.6786830357142857,70,0.015178571428571428
qwen25_3b,be_present,extra_long,between_subject_distractor,be_present__extra_long__479,1.7783482142857143,70,0.015178571428571428
qwen25_3b,be_present,extra_long,between_subject_distractor,be_present__extra_long__480,1.8078125,70,0.03415178571428571
qwen25_3b,be_present,extra_long,between_subject_distractor,be_present__extra_long__482,0.9364955357142857,70,-0.018415178571428572
qwen25_3b,be_present,extra_long,between_subject_distractor,be_present__extra_long__484,1.0360491071428573,70,-0.014955357142857144
qwen25_3b,be_present,extra_long,between_subject_distractor,be_present__extra_long__486,1.1753348214285715,70,-0.03169642857142857
qwen25_3b,be_present,extra_long,between_subject_distractor,be_present__extra_long__487,1.0890625,70,-0.020424107142857143
qwen25_3b,be_present,extra_long,between_subject_distractor,be_present__extra_long__491,0.9565848214285714,70,-0.009933035714285714
qwen25_3b,be_present,extra_long,between_subject_distractor,be_present__extra_long__515,0.9577008928571429,70,0.0046875
qwen25_3b,be_present,extra_long,between_subject_distractor,be_present__extra_long__523,1.0448660714285714,70,-0.030580357142857142
qwen25_3b,be_present,extra_long,between_subject_distractor,be_present__extra_long__533,1.5799107142857143,70,-0.005580357142857143
qwen25_3b,be_present,extra_long,between_subject_distractor,be_present__extra_long__536,1.33359375,70,-0.007477678571428572
qwen25_3b,be_present,extra_long,between_subject_distractor,be_present__extra_long__552,1.2135044642857142,70,-0.0060267857142857146
qwen25_3b,be_present,extra_long,between_subject_distractor,be_present__extra_long__561,1.1974330357142857,70,0.0025669642857142857
qwen25_3b,be_present,extra_long,between_subject_distractor,be_present__extra_long__576,1.0863839285714285,70,-0.014955357142857144
qwen25_3b,be_present,extra_long,between_subject_distractor,be_present__extra_long__583,1.2681919642857142,70,0.0029017857142857144
qwen25_3b,be_present,extra_long,between_subject_distractor,be_present__extra_long__589,1.3303571428571428,70,0.013169642857142857
qwen25_3b,be_present,extra_long,between_subject_distractor,be_present__extra_long__592,1.4895089285714285,70,-0.015959821428571427
qwen25_3b,be_present,extra_long,between_subject_distractor,be_present__extra_long__60,0.6340401785714286,70,0.018415178571428572
qwen25_3b,be_present,extra_long,between_subject_distractor,be_present__extra_long__651,1.6977678571428572,70,0.010825892857142857
qwen25_3b,be_present,extra_long,between_subject_distractor,be_present__extra_long__652,1.4545758928571428,70,0.0004464285714285714
qwen25_3b,be_present,extra_long,between_subject_distractor,be_present__extra_long__655,1.2760044642857142,70,0.011495535714285715
qwen25_3b,be_present,extra_long,between_subject_distractor,be_present__extra_long__66,1.2709821428571428,70,0.010267857142857143
qwen25_3b,be_present,extra_long,between_subject_distractor,be_present__extra_long__661,1.3254464285714285,70,0.01484375
qwen25_3b,be_present,extra_long,between_subject_distractor,be_present__extra_long__673,1.25703125,70,0.013839285714285714
qwen25_3b,be_present,extra_long,between_subject_distractor,be_present__extra_long__693,1.1643973214285714,70,0.005357142857142857
qwen25_3b,be_present,extra_long,between_subject_distractor,be_present__extra_long__701,1.0431919642857144,70,0.011383928571428571
qwen25_3b,be_present,extra_long,between_subject_distractor,be_present__extra_long__725,0.7834821428571429,70,-0.053348214285714284
qwen25_3b,be_present,extra_long,between_subject_distractor,be_present__extra_long__731,1.2587053571428573,70,-0.08482142857142858
qwen25_3b,be_present,extra_long,between_subject_distractor,be_present__extra_long__760,0.9888392857142857,70,-0.06004464285714286
qwen25_3b,be_present,extra_long,between_subject_distractor,be_present__extra_long__768,1.5712053571428573,70,-0.023214285714285715
qwen25_3b,be_present,extra_long,between_subject_distractor,be_present__extra_long__79,0.9435267857142857,70,-0.004129464285714286
qwen25_3b,be_present,extra_long,between_subject_distractor,be_present__extra_long__833,1.4533482142857144,70,0.027901785714285716
qwen25_3b,be_present,extra_long,between_subject_distractor,be_present__extra_long__858,0.7832589285714285,70,-0.006696428571428571
qwen25_3b,be_present,extra_long,between_subject_distractor,be_present__extra_long__902,1.1864955357142857,70,-0.008370535714285714
qwen25_3b,be_present,extra_long,between_subject_distractor,be_present__extra_long__904,0.8805803571428571,70,-0.011272321428571428
qwen25_3b,be_present,extra_long,between_subject_distractor,be_present__extra_long__916,0.7037202380952381,105,-0.01011904761904762
qwen25_3b,be_present,extra_long,between_subject_distractor,be_present__extra_long__917,1.1637276785714286,70,-0.019308035714285715
qwen25_3b,be_present,extra_long,between_subject_distractor,be_present__extra_long__919,1.0966517857142857,70,-0.010044642857142858
qwen25_3b,be_present,extra_long,between_subject_distractor,be_present__extra_long__924,1.17890625,70,0.0078125
qwen25_3b,be_present,extra_long,between_subject_distractor,be_present__extra_long__979,1.0925223214285715,70,-0.028459821428571428
qwen25_3b,be_present,extra_long,between_subject_distractor,be_present__extra_long__987,1.72890625,70,0.006473214285714286
qwen25_3b,be_present,extra_long,between_subject_distractor,be_present__extra_long__989,1.6193080357142857,70,-0.0040178571428571425
qwen25_3b,be_present,extra_long,distractor,be_present__extra_long__1035,0.12254464285714285,35,0.04107142857142857
qwen25_3b,be_present,extra_long,distractor,be_present__extra_long__1062,0.15290178571428573,35,0.016517857142857143
qwen25_3b,be_present,extra_long,distractor,be_present__extra_long__1074,0.15379464285714287,35,0.045535714285714284
qwen25_3b,be_present,extra_long,distractor,be_present__extra_long__1079,0.12321428571428572,35,0.006919642857142857
qwen25_3b,be_present,extra_long,distractor,be_present__extra_long__110,0.059821428571428574,35,0.005357142857142857
qwen25_3b,be_present,extra_long,distractor,be_present__extra_long__1101,0.07991071428571428,35,0.018526785714285714
qwen25_3b,be_present,extra_long,distractor,be_present__extra_long__1111,0.06875,35,0.02388392857142857
qwen25_3b,be_present,extra_long,distractor,be_present__extra_long__1132,0.11651785714285715,35,-0.0125
qwen25_3b,be_present,extra_long,distractor,be_present__extra_long__1164,0.015178571428571428,35,0.009151785714285715
qwen25_3b,be_present,extra_long,distractor,be_present__extra_long__1176,0.08013392857142858,35,0.0265625
qwen25_3b,be_present,extra_long,distractor,be_present__extra_long__1179,0.07209821428571428,35,0.023214285714285715
qwen25_3b,be_present,extra_long,distractor,be_present__extra_long__1230,-0.038839285714285715,35,-0.046875
qwen25_3b,be_present,extra_long,distractor,be_present__extra_long__1240,0.030580357142857142,35,-0.002455357142857143
qwen25_3b,be_present,extra_long,distractor,be_present__extra_long__125,0.061160714285714284,35,0.028348214285714286
qwen25_3b,be_present,extra_long,distractor,be_present__extra_long__1256,0.1299107142857143,35,0.02544642857142857
qwen25_3b,be_present,extra_long,distractor,be_present__extra_long__1296,0.10334821428571428,35,0.030580357142857142
qwen25_3b,be_present,extra_long,distractor,be_present__extra_long__1306,0.13683035714285716,35,0.037723214285714284
qwen25_3b,be_present,extra_long,distractor,be_present__extra_long__1327,0.1171875,35,-0.014732142857142857
qwen25_3b,be_present,extra_long,distractor,be_present__extra_long__1360,0.1765625,35,-0.05133928571428571
qwen25_3b,be_present,extra_long,distractor,be_present__extra_long__1402,0.08236607142857143,35,0.02544642857142857
qwen25_3b,be_present,extra_long,distractor,be_present__extra_long__1413,0.11607142857142858,35,0.03415178571428571
qwen25_3b,be_present,extra_long,distractor,be_present__extra_long__1430,0.13839285714285715,35,0.02544642857142857
qwen25_3b,be_present,extra_long,distractor,be_present__extra_long__1447,0.021205357142857144,35,-0.006696428571428571
qwen25_3b,be_present,extra_long,distractor,be_present__extra_long__1473,0.1470982142857143,35,0.019642857142857142
qwen25_3b,be_present,extra_long,distractor,be_present__extra_long__1475,0.11339285714285714,35,0.025
qwen25_3b,be_present,extra_long,distractor,be_present__extra_long__1488,0.06517857142857143,35,0.0203125
qwen25_3b,be_present,extra_long,distractor,be_present__extra_long__1494,0.057366071428571426,35,0.011607142857142858
qwen25_3b,be_present,extra_long,distractor,be_present__extra_long__1526,0.047544642857142855,35,0.011607142857142858
qwen25_3b,be_present,extra_long,distractor,be_present__extra_long__1580,0.020982142857142855,35,-0.03616071428571429
qwen25_3b,be_present,extra_long,distractor,be_present__extra_long__1583,0.14508928571428573,35,0.028125
qwen25_3b,be_present,extra_long,distractor,be_present__extra_long__16,0.12857142857142856,35,0.031473214285714285
qwen25_3b,be_present,extra_long,distractor,be_present__extra_long__1622,0.0328125,35,-0.04330357142857143
qwen25_3b,be_present,extra_long,distractor,be_present__extra_long__1636,0.05424107142857143,35,0.0
qwen25_3b,be_present,extra_long,distractor,be_present__extra_long__185,0.24040178571428572,35,0.046651785714285715
qwen25_3b,be_present,extra_long,distractor,be_present__extra_long__193,0.06763392857142857,35,0.02544642857142857
qwen25_3b,be_present,extra_long,distractor,be_present__extra_long__199,0.08638392857142857,35,-0.04486607142857143
qwen25_3b,be_present,extra_long,distractor,be_present__extra_long__204,0.128125,35,0.025669642857142856
qwen25_3b,be_present,extra_long,distractor,be_present__extra_long__209,0.25736607142857143,35,0.05848214285714286
qwen25_3b,be_present,extra_long,distractor,be_present__extra_long__252,0.12209821428571428,35,0.006919642857142857
qwen25_3b,be_present,extra_long,distractor,be_present__extra_long__262,0.13013392857142858,35,0.0006696428571428571
qwen25_3b,be_present,extra_long,distractor,be_present__extra_long__271,0.08794642857142858,35,-0.017410714285714286
qwen25_3b,be_present,extra_long,distractor,be_present__extra_long__299,0.15357142857142858,35,0.05915178571428571
qwen25_3b,be_present,extra_long,distractor,be_present__extra_long__30,0.15089285714285713,35,0.07053571428571428
qwen25_3b,be_present,extra_long,distractor,be_present__extra_long__301,0.05133928571428571,35,-0.021651785714285714
qwen25_3b,be_present,extra_long,distractor,be_present__extra_long__307,0.10200892857142857,35,0.024107142857142858
qwen25_3b,be_present,extra_long,distractor,be_present__extra_long__333,0.09151785714285714,35,-0.04241071428571429
qwen25_3b,be_present,extra_long,distractor,be_present__extra_long__352,0.17745535714285715,35,0.03370535714285714
qwen25_3b,be_present,extra_long,distractor,be_present__extra_long__372,0.11294642857142857,35,0.045089285714285714
qwen25_3b,be_present,extra_long,distractor,be_present__extra_long__375,0.14174107142857142,35,0.03950892857142857
qwen25_3b,be_present,extra_long,distractor,be_present__extra_long__382,0.15825892857142856,35,0.011160714285714286
qwen25_3b,be_present,extra_long,distractor,be_present__extra_long__409,0.17410714285714285,35,0.03459821428571429
qwen25_3b,be_present,extra_long,distractor,be_present__extra_long__412,0.13169642857142858,35,0.033928571428571426
qwen25_3b,be_present,extra_long,distractor,be_present__extra_long__421,0.17098214285714286,35,0.002232142857142857
qwen25_3b,be_present,extra_long,distractor,be_present__extra_long__428,0.11227678571428572,35,0.06741071428571428
qwen25_3b,be_present,extra_long,distractor,be_present__extra_long__439,0.15647321428571428,35,0.005357142857142857
qwen25_3b,be_present,extra_long,distractor,be_present__extra_long__45,0.08392857142857142,35,0.038839285714285715
qwen25_3b,be_present,extra_long,distractor,be_present__extra_long__454,0.13839285714285715,35,0.011607142857142858
qwen25_3b,be_present,extra_long,distractor,be_present__extra_long__465,0.16852678571428573,35,0.0640625
qwen25_3b,be_present,extra_long,distractor,be_present__extra_long__479,0.11316964285714286,35,0.023214285714285715
qwen25_3b,be_present,extra_long,distractor,be_present__extra_long__480,0.12075892857142857,35,0.025669642857142856
qwen25_3b,be_present,extra_long,distractor,be_present__extra_long__482,0.027901785714285716,35,0.008705357142857143
qwen25_3b,be_present,extra_long,distractor,be_present__extra_long__484,0.06473214285714286,35,0.020535714285714286
qwen25_3b,be_present,extra_long,distractor,be_present__extra_long__486,0.04575892857142857,35,0.005133928571428571
qwen25_3b,be_present,extra_long,distractor,be_present__extra_long__487,0.05066964285714286,35,-0.0020089285714285712
qwen25_3b,be_present,extra_long,distractor,be_present__extra_long__491,0.121875,35,0.006696428571428571
qwen25_3b,be_present,extra_long,distractor,be_present__extra_long__515,0.1314732142857143,35,0.033035714285714286
qwen25_3b,be_present,extra_long,distractor,be_present__extra_long__523,-0.019642857142857142,35,-0.0004464285714285714
qwen25_3b,be_present,extra_long,distractor,be_present__extra_long__533,0.13616071428571427,35,0.038392857142857145
qwen25_3b,be_present,extra_long,distractor,be_present__extra_long__536,0.09553571428571428,35,-0.032589285714285716
qwen25_3b,be_present,extra_long,distractor,be_present__extra_long__552,0.11607142857142858,35,0.017857142857142856
qwen25_3b,be_present,extra_long,distractor,be_present__extra_long__561,0.06763392857142857,35,0.027008928571428573
qwen25_3b,be_present,extra_long,distractor,be_present__extra_long__576,0.1375,35,-0.044196428571428574
qwen25_3b,be_present,extra_long,distractor,be_present__extra_long__583,0.0734375,35,0.00625
qwen25_3b,be_present,extra_long,distractor,be_present__extra_long__589,0.12477678571428572,35,0.017410714285714286
qwen25_3b,be_present,extra_long,distractor,be_present__extra_long__592,0.07075892857142857,35,-0.036830357142857144
qwen25_3b,be_present,extra_long,distractor,be_present__extra_long__60,0.11116071428571428,35,0.04017857142857143
qwen25_3b,be_present,extra_long,distractor,be_present__extra_long__651,0.04888392857142857,35,-0.004464285714285714
qwen25_3b,be_present,extra_long,distractor,be_present__extra_long__652,0.05870535714285714,35,-0.02544642857142857
qwen25_3b,be_present,extra_long,distractor,be_present__extra_long__655,0.0953125,35,-0.015178571428571428
qwen25_3b,be_present,extra_long,distractor,be_present__extra_long__66,0.11049107142857142,35,0.008035714285714285
qwen25_3b,be_present,extra_long,distractor,be_present__extra_long__661,0.11049107142857142,35,0.013169642857142857
qwen25_3b,be_present,extra_long,distractor,be_present__extra_long__673,0.07633928571428572,35,0.0035714285714285713
qwen25_3b,be_present,extra_long,distractor,be_present__extra_long__693,0.10200892857142857,35,0.01763392857142857
qwen25_3b,be_present,extra_long,distractor,be_present__extra_long__701,0.07075892857142857,35,0.013169642857142857
qwen25_3b,be_present,extra_long,distractor,be_present__extra_long__725,-0.004241071428571428,35,-0.025
qwen25_3b,be_present,extra_long,distractor,be_present__extra_long__731,0.046875,35,0.013839285714285714
qwen25_3b,be_present,extra_long,distractor,be_present__extra_long__760,0.015178571428571428,35,0.013839285714285714
qwen25_3b,be_present,extra_long,distractor,be_present__extra_long__768,0.11183035714285715,35,-0.02299107142857143
qwen25_3b,be_present,extra_long,distractor,be_present__extra_long__79,0.025669642857142856,35,-0.0421875
qwen25_3b,be_present,extra_long,distractor,be_present__extra_long__833,0.18303571428571427,35,0.03571428571428571
qwen25_3b,be_present,extra_long,distractor,be_present__extra_long__858,-0.0060267857142857146,35,0.010714285714285714
qwen25_3b,be_present,extra_long,distractor,be_present__extra_long__902,0.056026785714285716,35,0.024776785714285713
qwen25_3b,be_present,extra_long,distractor,be_present__extra_long__904,0.10758928571428572,35,0.008482142857142856
qwen25_3b,be_present,extra_long,distractor,be_present__extra_long__916,0.06383928571428571,35,0.02857142857142857
qwen25_3b,be_present,extra_long,distractor,be_present__extra_long__917,0.046205357142857145,35,0.014955357142857144
qwen25_3b,be_present,extra_long,distractor,be_present__extra_long__919,0.14508928571428573,35,0.010491071428571428
qwen25_3b,be_present,extra_long,distractor,be_present__extra_long__924,0.07366071428571429,35,0.012723214285714286
qwen25_3b,be_present,extra_long,distractor,be_present__extra_long__979,0.007142857142857143,35,0.005357142857142857
qwen25_3b,be_present,extra_long,distractor,be_present__extra_long__987,0.0921875,35,0.019419642857142858
qwen25_3b,be_present,extra_long,distractor,be_present__extra_long__989,0.11183035714285715,35,0.016294642857142858
qwen25_3b,be_present,extra_long,filler_after_distractor,be_present__extra_long__1035,0.20629960317460316,630,0.020808531746031745
qwen25_3b,be_present,extra_long,filler_after_distractor,be_present__extra_long__1062,0.15922619047619047,630,-0.0072048611111111115
qwen25_3b,be_present,extra_long,filler_after_distractor,be_present__extra_long__1074,0.28190724206349205,630,0.010230654761904762
qwen25_3b,be_present,extra_long,filler_after_distractor,be_present__extra_long__1079,0.26924603174603173,630,0.00026041666666666666
qwen25_3b,be_present,extra_long,filler_after_distractor,be_present__extra_long__110,0.2554811507936508,630,0.016666666666666666
qwen25_3b,be_present,extra_long,filler_after_distractor,be_present__extra_long__1101,0.2089905753968254,630,0.016393849206349207
qwen25_3b,be_present,extra_long,filler_after_distractor,be_present__extra_long__1111,0.26257440476190474,630,0.025049603174603176
qwen25_3b,be_present,extra_long,filler_after_distractor,be_present__extra_long__1132,0.20127728174603174,630,0.007998511904761904
qwen25_3b,be_present,extra_long,filler_after_distractor,be_present__extra_long__1164,0.23235367063492063,630,0.0032614087301587303
qwen25_3b,be_present,extra_long,filler_after_distractor,be_present__extra_long__1176,0.2421999007936508,630,0.0036086309523809526
qwen25_3b,be_present,extra_long,filler_after_distractor,be_present__extra_long__1179,0.23976934523809523,630,0.004030257936507937
qwen25_3b,be_present,extra_long,filler_after_distractor,be_present__extra_long__1230,0.24759424603174604,630,0.0035094246031746033
qwen25_3b,be_present,extra_long,filler_after_distractor,be_present__extra_long__1240,0.25947420634920637,630,0.012375992063492063
qwen25_3b,be_present,extra_long,filler_after_distractor,be_present__extra_long__125,0.1734747023809524,630,-0.005766369047619048
qwen25_3b,be_present,extra_long,filler_after_distractor,be_present__extra_long__1256,0.21473214285714284,630,0.006622023809523809
qwen25_3b,be_present,extra_long,filler_after_distractor,be_present__extra_long__1296,0.30896577380952384,630,0.010057043650793651
qwen25_3b,be_present,extra_long,filler_after_distractor,be_present__extra_long__1306,0.3078000992063492,630,0.009561011904761905
qwen25_3b,be_present,extra_long,filler_after_distractor,be_present__extra_long__1327,0.3083581349206349,630,0.022085813492063493
qwen25_3b,be_present,extra_long,filler_after_distractor,be_present__extra_long__1360,0.3303075396825397,630,0.015339781746031745
qwen25_3b,be_present,extra_long,filler_after_distractor,be_present__extra_long__1402,0.1947172619047619,630,0.006609623015873016
qwen25_3b,be_present,extra_long,filler_after_distractor,be_present__extra_long__1413,0.20296378968253967,630,0.006510416666666667
qwen25_3b,be_present,extra_long,filler_after_distractor,be_present__extra_long__1430,0.21923363095238096,630,0.013492063492063493
qwen25_3b,be_present,extra_long,filler_after_distractor,be_present__extra_long__1447,0.23334573412698412,630,-0.0034970238095238097
qwen25_3b,be_present,extra_long,filler_after_distractor,be_present__extra_long__1473,0.22534722222222223,630,0.009387400793650793
qwen25_3b,be_present,extra_long,filler_after_distractor,be_present__extra_long__1475,0.24408482142857144,630,0.002232142857142857
qwen25_3b,be_present,extra_long,filler_after_distractor,be_present__extra_long__1488,0.2513392857142857,630,0.01433531746031746
qwen25_3b,be_present,extra_long,filler_after_distractor,be_present__extra_long__1494,0.27077132936507936,630,0.012338789682539682
qwen25_3b,be_present,extra_long,filler_after_distractor,be_present__extra_long__1526,0.23273809523809524,630,0.000248015873015873
qwen25_3b,be_present,extra_long,filler_after_distractor,be_present__extra_long__1580,0.23412698412698413,630,-0.004315476190476191
qwen25_3b,be_present,extra_long,filler_after_distractor,be_present__extra_long__1583,0.27922867063492063,630,0.003869047619047619
qwen25_3b,be_present,extra_long,filler_after_distractor,be_present__extra_long__16,0.2307043650793651,630,0.023586309523809523
qwen25_3b,be_present,extra_long,filler_after_distractor,be_present__extra_long__1622,0.20124007936507937,630,0.003025793650793651
qwen25_3b,be_present,extra_long,filler_after_distractor,be_present__extra_long__1636,0.23406498015873015,630,0.014930555555555556
qwen25_3b,be_present,extra_long,filler_after_distractor,be_present__extra_long__185,0.30049603174603173,630,0.013392857142857142
qwen25_3b,be_present,extra_long,filler_after_distractor,be_present__extra_long__193,0.31726190476190474,630,0.025347222222222222
qwen25_3b,be_present,extra_long,filler_after_distractor,be_present__extra_long__199,0.2542162698412698,630,0.011954365079365079
qwen25_3b,be_present,extra_long,filler_after_distractor,be_present__extra_long__204,0.2792906746031746,630,0.0012152777777777778
qwen25_3b,be_present,extra_long,filler_after_distractor,be_present__extra_long__209,0.33227926587301587,630,0.0072048611111111115
qwen25_3b,be_present,extra_long,filler_after_distractor,be_present__extra_long__252,0.15052083333333333,630,0.015476190476190477
qwen25_3b,be_present,extra_long,filler_after_distractor,be_present__extra_long__262,0.21810515873015873,630,0.008122519841269842
qwen25_3b,be_present,extra_long,filler_after_distractor,be_present__extra_long__271,0.20197172619047618,630,0.015562996031746032
qwen25_3b,be_present,extra_long,filler_after_distractor,be_present__extra_long__299,0.24397321428571428,630,0.014298115079365079
qwen25_3b,be_present,extra_long,filler_after_distractor,be_present__extra_long__30,0.1994171626984127,630,0.028025793650793652
qwen25_3b,be_present,extra_long,filler_after_distractor,be_present__extra_long__301,0.16593501984126985,630,-0.006299603174603175
qwen25_3b,be_present,extra_long,filler_after_distractor,be_present__extra_long__307,0.265625,630,0.011247519841269841
qwen25_3b,be_present,extra_long,filler_after_distractor,be_present__extra_long__333,0.2911954365079365,630,0.012437996031746031
qwen25_3b,be_present,extra_long,filler_after_distractor,be_present__extra_long__352,0.25250496031746034,630,0.01857638888888889
qwen25_3b,be_present,extra_long,filler_after_distractor,be_present__extra_long__372,0.20576636904761905,630,0.004427083333333333
qwen25_3b,be_present,extra_long,filler_after_distractor,be_present__extra_long__375,0.23117559523809525,630,0.0029885912698412696
qwen25_3b,be_present,extra_long,filler_after_distractor,be_present__extra_long__382,0.30457589285714287,630,0.009387400793650793
qwen25_3b,be_present,extra_long,filler_after_distractor,be_present__extra_long__409,0.27534722222222224,630,0.02224702380952381
qwen25_3b,be_present,extra_long,filler_after_distractor,be_present__extra_long__412,0.2125124007936508,630,0.005009920634920635
qwen25_3b,be_present,extra_long,filler_after_distractor,be_present__extra_long__421,0.17884424603174603,630,-0.0028149801587301587
qwen25_3b,be_present,extra_long,filler_after_distractor,be_present__extra_long__428,0.2713045634920635,630,0.02646329365079365
qwen25_3b,be_present,extra_long,filler_after_distractor,be_present__extra_long__439,0.3684151785714286,630,0.009561011904761905
qwen25_3b,be_present,extra_long,filler_after_distractor,be_present__extra_long__45,0.18125,630,0.014050099206349207
qwen25_3b,be_present,extra_long,filler_after_distractor,be_present__extra_long__454,0.23979414682539682,630,0.014471726190476191
qwen25_3b,be_present,extra_long,filler_after_distractor,be_present__extra_long__465,0.31086309523809524,630,0.01185515873015873
qwen25_3b,be_present,extra_long,filler_after_distractor,be_present__extra_long__479,0.33043154761904764,630,0.010639880952380953
qwen25_3b,be_present,extra_long,filler_after_distractor,be_present__extra_long__480,0.27881944444444445,630,0.012884424603174603
qwen25_3b,be_present,extra_long,filler_after_distractor,be_present__extra_long__482,0.15303819444444444,630,-0.0002232142857142857
qwen25_3b,be_present,extra_long,filler_after_distractor,be_present__extra_long__484,0.1890376984126984,630,0.019543650793650794
qwen25_3b,be_present,extra_long,filler_after_distractor,be_present__extra_long__486,0.25672123015873016,630,-0.0007936507936507937
qwen25_3b,be_present,extra_long,filler_after_distractor,be_present__extra_long__487,0.1853670634920635,630,0.012537202380952382
qwen25_3b,be_present,extra_long,filler_after_distractor,be_present__extra_long__491,0.16454613095238096,630,0.011383928571428571
qwen25_3b,be_present,extra_long,filler_after_distractor,be_present__extra_long__515,0.17101934523809523,630,0.008060515873015874
qwen25_3b,be_present,extra_long,filler_after_distractor,be_present__extra_long__523,0.18251488095238094,630,-0.009660218253968254
qwen25_3b,be_present,extra_long,filler_after_distractor,be_present__extra_long__533,0.2636904761904762,630,0.01314484126984127
qwen25_3b,be_present,extra_long,filler_after_distractor,be_present__extra_long__536,0.2511532738095238,630,-0.0030753968253968253
qwen25_3b,be_present,extra_long,filler_after_distractor,be_present__extra_long__552,0.24742063492063493,630,-0.0011284722222222221
qwen25_3b,be_present,extra_long,filler_after_distractor,be_present__extra_long__561,0.14428323412698413,630,0.008916170634920634
qwen25_3b,be_present,extra_long,filler_after_distractor,be_present__extra_long__576,0.18180803571428572,630,-0.00042162698412698415
qwen25_3b,be_present,extra_long,filler_after_distractor,be_present__extra_long__583,0.17924107142857143,630,0.0022197420634920634
qwen25_3b,be_present,extra_long,filler_after_distractor,be_present__extra_long__589,0.1935515873015873,630,0.016009424603174602
qwen25_3b,be_present,extra_long,filler_after_distractor,be_present__extra_long__592,0.23311011904761905,630,-0.0036458333333333334
qwen25_3b,be_present,extra_long,filler_after_distractor,be_present__extra_long__60,0.18664434523809523,630,0.01956845238095238
qwen25_3b,be_present,extra_long,filler_after_distractor,be_present__extra_long__651,0.19988839285714285,630,0.015190972222222222
qwen25_3b,be_present,extra_long,filler_after_distractor,be_present__extra_long__652,0.14443204365079365,630,0.00648561507936508
qwen25_3b,be_present,extra_long,filler_after_distractor,be_present__extra_long__655,0.1277405753968254,630,0.006572420634920635
qwen25_3b,be_present,extra_long,filler_after_distractor,be_present__extra_long__66,0.21560019841269842,630,0.01134672619047619
qwen25_3b,be_present,extra_long,filler_after_distractor,be_present__extra_long__661,0.1935515873015873,630,0.015525793650793651
qwen25_3b,be_present,extra_long,filler_after_distractor,be_present__extra_long__673,0.16964285714285715,630,0.028038194444444445
qwen25_3b,be_present,extra_long,filler_after_distractor,be_present__extra_long__693,0.19465525793650792,630,0.004613095238095238
qwen25_3b,be_present,extra_long,filler_after_distractor,be_present__extra_long__701,0.1318204365079365,630,0.0030381944444444445
qwen25_3b,be_present,extra_long,filler_after_distractor,be_present__extra_long__725,0.10845734126984127,630,-0.006845238095238095
qwen25_3b,be_present,extra_long,filler_after_distractor,be_present__extra_long__731,0.18608630952380953,630,0.007093253968253968
qwen25_3b,be_present,extra_long,filler_after_distractor,be_present__extra_long__760,0.13901289682539683,630,0.000744047619047619
qwen25_3b,be_present,extra_long,filler_after_distractor,be_present__extra_long__768,0.21393849206349205,630,-0.0016121031746031745
qwen25_3b,be_present,extra_long,filler_after_distractor,be_present__extra_long__79,0.29334077380952384,630,0.007477678571428572
qwen25_3b,be_present,extra_long,filler_after_distractor,be_present__extra_long__833,0.24342757936507936,630,0.012624007936507937
qwen25_3b,be_present,extra_long,filler_after_distractor,be_present__extra_long__858,0.14645337301587302,630,-0.004811507936507937
qwen25_3b,be_present,extra_long,filler_after_distractor,be_present__extra_long__902,0.22524801587301588,630,0.02003968253968254
qwen25_3b,be_present,extra_long,filler_after_distractor,be_present__extra_long__904,0.28857886904761904,630,0.020535714285714286
qwen25_3b,be_present,extra_long,filler_after_distractor,be_present__extra_long__916,0.28757440476190477,630,-0.0006324404761904762
qwen25_3b,be_present,extra_long,filler_after_distractor,be_present__extra_long__917,0.3048363095238095,630,0.008792162698412698
qwen25_3b,be_present,extra_long,filler_after_distractor,be_present__extra_long__919,0.3437624007936508,630,0.0007688492063492063
qwen25_3b,be_present,extra_long,filler_after_distractor,be_present__extra_long__924,0.2835441468253968,630,0.005729166666666666
qwen25_3b,be_present,extra_long,filler_after_distractor,be_present__extra_long__979,0.1986359126984127,630,-0.005295138888888889
qwen25_3b,be_present,extra_long,filler_after_distractor,be_present__extra_long__987,0.3052455357142857,630,0.02197420634920635
qwen25_3b,be_present,extra_long,filler_after_distractor,be_present__extra_long__989,0.2375,630,0.011297123015873016
qwen25_3b,be_present,extra_long,final,be_present__extra_long__1035,1.9113839285714285,35,0.15736607142857142
qwen25_3b,be_present,extra_long,final,be_present__extra_long__1062,1.1435267857142857,35,-0.21540178571428573
qwen25_3b,be_present,extra_long,final,be_present__extra_long__1074,1.7430803571428573,35,0.10379464285714286
qwen25_3b,be_present,extra_long,final,be_present__extra_long__1079,1.6294642857142858,35,0.030357142857142857
qwen25_3b,be_present,extra_long,final,be_present__extra_long__110,1.484375,35,0.0296875
qwen25_3b,be_present,extra_long,final,be_present__extra_long__1101,1.6441964285714286,35,0.08504464285714286
qwen25_3b,be_present,extra_long,final,be_present__extra_long__1111,1.8013392857142858,35,0.09933035714285714
qwen25_3b,be_present,extra_long,final,be_present__extra_long__1132,1.609375,35,0.0859375
qwen25_3b,be_present,extra_long,final,be_present__extra_long__1164,1.7158482142857143,35,0.09486607142857142
qwen25_3b,be_present,extra_long,final,be_present__extra_long__1176,1.6225446428571428,35,0.03549107142857143
qwen25_3b,be_present,extra_long,final,be_present__extra_long__1179,1.6975446428571428,35,0.04196428571428571
qwen25_3b,be_present,extra_long,final,be_present__extra_long__1230,1.665625,35,0.01763392857142857
qwen25_3b,be_present,extra_long,final,be_present__extra_long__1240,1.7084821428571428,35,0.025669642857142856
qwen25_3b,be_present,extra_long,final,be_present__extra_long__125,1.4225446428571429,35,-0.08459821428571429
qwen25_3b,be_present,extra_long,final,be_present__extra_long__1256,1.5830357142857143,35,0.07745535714285715
qwen25_3b,be_present,extra_long,final,be_present__extra_long__1296,1.597544642857143,35,0.06986607142857143
qwen25_3b,be_present,extra_long,final,be_present__extra_long__1306,1.9598214285714286,35,0.1140625
qwen25_3b,be_present,extra_long,final,be_present__extra_long__1327,1.6424107142857143,35,0.07723214285714286
qwen25_3b,be_present,extra_long,final,be_present__extra_long__1360,1.4669642857142857,35,0.023660714285714285
qwen25_3b,be_present,extra_long,final,be_present__extra_long__1402,1.6542410714285714,35,0.060267857142857144
qwen25_3b,be_present,extra_long,final,be_present__extra_long__1413,1.6651785714285714,35,0.07857142857142857
qwen25_3b,be_present,extra_long,final,be_present__extra_long__1430,1.7035714285714285,35,0.09084821428571428
qwen25_3b,be_present,extra_long,final,be_present__extra_long__1447,1.8334821428571428,35,0.06004464285714286
qwen25_3b,be_present,extra_long,final,be_present__extra_long__1473,1.8133928571428573,35,0.04933035714285714
qwen25_3b,be_present,extra_long,final,be_present__extra_long__1475,1.7345982142857144,35,0.04241071428571429
qwen25_3b,be_present,extra_long,final,be_present__extra_long__1488,1.8046875,35,0.11071428571428571
qwen25_3b,be_present,extra_long,final,be_present__extra_long__1494,1.7776785714285714,35,0.03236607142857143
qwen25_3b,be_present,extra_long,final,be_present__extra_long__1526,1.269419642857143,35,-0.029464285714285714
qwen25_3b,be_present,extra_long,final,be_present__extra_long__1580,1.5879464285714286,35,0.04732142857142857
qwen25_3b,be_present,extra_long,final,be_present__extra_long__1583,1.6716517857142856,35,0.026339285714285714
qwen25_3b,be_present,extra_long,final,be_present__extra_long__16,1.6854910714285714,35,0.13549107142857142
qwen25_3b,be_present,extra_long,final,be_present__extra_long__1622,1.2566964285714286,35,-0.030357142857142857
qwen25_3b,be_present,extra_long,final,be_present__extra_long__1636,1.4676339285714286,35,0.029464285714285714
qwen25_3b,be_present,extra_long,final,be_present__extra_long__185,1.9299107142857144,35,0.06607142857142857
qwen25_3b,be_present,extra_long,final,be_present__extra_long__193,1.9783482142857143,35,0.17901785714285715
qwen25_3b,be_present,extra_long,final,be_present__extra_long__199,1.6736607142857143,35,0.062276785714285715
qwen25_3b,be_present,extra_long,final,be_present__extra_long__204,1.7401785714285714,35,0.11919642857142858
qwen25_3b,be_present,extra_long,final,be_present__extra_long__209,1.7258928571428571,35,0.06316964285714285
qwen25_3b,be_present,extra_long,final,be_present__extra_long__252,1.7131696428571428,35,0.12254464285714285
qwen25_3b,be_present,extra_long,final,be_present__extra_long__262,1.7473214285714285,35,0.10267857142857142
qwen25_3b,be_present,extra_long,final,be_present__extra_long__271,1.7140625,35,0.09754464285714286
qwen25_3b,be_present,extra_long,final,be_present__extra_long__299,1.6810267857142858,35,0.0671875
qwen25_3b,be_present,extra_long,final,be_present__extra_long__30,1.675,35,0.12232142857142857
qwen25_3b,be_present,extra_long,final,be_present__extra_long__301,1.3792410714285714,35,-0.09107142857142857
qwen25_3b,be_present,extra_long,final,be_present__extra_long__307,1.7089285714285714,35,0.0703125
qwen25_3b,be_present,extra_long,final,be_present__extra_long__333,1.7549107142857143,35,0.11049107142857142
qwen25_3b,be_present,extra_long,final,be_present__extra_long__352,1.8049107142857144,35,0.09910714285714285
qwen25_3b,be_present,extra_long,final,be_present__extra_long__372,1.5792410714285714,35,0.06049107142857143
qwen25_3b,be_present,extra_long,final,be_present__extra_long__375,1.590625,35,0.08638392857142857
qwen25_3b,be_present,extra_long,final,be_present__extra_long__382,1.7334821428571427,35,0.019866071428571427
qwen25_3b,be_present,extra_long,final,be_present__extra_long__409,1.6875,35,0.10825892857142858
qwen25_3b,be_present,extra_long,final,be_present__extra_long__412,1.6408482142857144,35,0.0453125
qwen25_3b,be_present,extra_long,final,be_present__extra_long__421,1.1957589285714285,35,-0.19642857142857142
qwen25_3b,be_present,extra_long,final,be_present__extra_long__428,1.8328125,35,0.121875
qwen25_3b,be_present,extra_long,final,be_present__extra_long__439,1.8350446428571427,35,0.07433035714285714
qwen25_3b,be_present,extra_long,final,be_present__extra_long__45,1.7267857142857144,35,0.08370535714285714
qwen25_3b,be_present,extra_long,final,be_present__extra_long__454,1.6732142857142858,35,0.07098214285714285
qwen25_3b,be_present,extra_long,final,be_present__extra_long__465,1.7872767857142857,35,0.09888392857142857
qwen25_3b,be_present,extra_long,final,be_present__extra_long__479,1.7707589285714285,35,0.10022321428571429
qwen25_3b,be_present,extra_long,final,be_present__extra_long__480,1.6303571428571428,35,0.07098214285714285
qwen25_3b,be_present,extra_long,final,be_present__extra_long__482,1.6178571428571429,35,0.056473214285714286
qwen25_3b,be_present,extra_long,final,be_present__extra_long__484,1.6696428571428572,35,0.09441964285714285
qwen25_3b,be_present,extra_long,final,be_present__extra_long__486,1.7111607142857144,35,0.022767857142857142
qwen25_3b,be_present,extra_long,final,be_present__extra_long__487,1.7453125,35,0.08125
qwen25_3b,be_present,extra_long,final,be_present__extra_long__491,1.7475446428571428,35,0.0859375
qwen25_3b,be_present,extra_long,final,be_present__extra_long__515,1.7026785714285715,35,0.06651785714285714
qwen25_3b,be_present,extra_long,final,be_present__extra_long__523,1.3042410714285715,35,-0.08995535714285714
qwen25_3b,be_present,extra_long,final,be_present__extra_long__533,1.7234375,35,0.10602678571428571
qwen25_3b,be_present,extra_long,final,be_present__extra_long__536,1.8296875,35,0.11071428571428571
qwen25_3b,be_present,extra_long,final,be_present__extra_long__552,1.7,35,0.041294642857142856
qwen25_3b,be_present,extra_long,final,be_present__extra_long__561,1.4066964285714285,35,-0.015625
qwen25_3b,be_present,extra_long,final,be_present__extra_long__576,1.5752232142857143,35,0.05379464285714286
qwen25_3b,be_present,extra_long,final,be_present__extra_long__583,1.5604910714285714,35,0.030357142857142857
qwen25_3b,be_present,extra_long,final,be_present__extra_long__589,1.7723214285714286,35,0.09642857142857143
qwen25_3b,be_present,extra_long,final,be_present__extra_long__592,1.7002232142857143,35,0.06428571428571428
qwen25_3b,be_present,extra_long,final,be_present__extra_long__60,1.4859375,35,-0.019642857142857142
qwen25_3b,be_present,extra_long,final,be_present__extra_long__651,1.8361607142857144,35,0.09955357142857142
qwen25_3b,be_present,extra_long,final,be_present__extra_long__652,1.6147321428571428,35,0.08504464285714286
qwen25_3b,be_present,extra_long,final,be_present__extra_long__655,1.4729910714285714,35,0.04575892857142857
qwen25_3b,be_present,extra_long,final,be_present__extra_long__66,1.7176339285714286,35,0.09508928571428571
qwen25_3b,be_present,extra_long,final,be_present__extra_long__661,1.5618303571428571,35,0.0546875
qwen25_3b,be_present,extra_long,final,be_present__extra_long__673,1.6698660714285714,35,0.06160714285714286
qwen25_3b,be_present,extra_long,final,be_present__extra_long__693,1.7566964285714286,35,0.05044642857142857
qwen25_3b,be_present,extra_long,final,be_present__extra_long__701,1.5870535714285714,35,0.03861607142857143
qwen25_3b,be_present,extra_long,final,be_present__extra_long__725,1.1095982142857144,35,-0.134375
qwen25_3b,be_present,extra_long,final,be_present__extra_long__731,1.3395089285714286,35,-0.003125
qwen25_3b,be_present,extra_long,final,be_present__extra_long__760,1.2743303571428573,35,-0.01875
qwen25_3b,be_present,extra_long,final,be_present__extra_long__768,1.7051339285714286,35,0.05714285714285714
qwen25_3b,be_present,extra_long,final,be_present__extra_long__79,1.8178571428571428,35,0.08125
qwen25_3b,be_present,extra_long,final,be_present__extra_long__833,1.6113839285714286,35,0.04575892857142857
qwen25_3b,be_present,extra_long,final,be_present__extra_long__858,1.3361607142857144,35,-0.08683035714285714
qwen25_3b,be_present,extra_long,final,be_present__extra_long__902,1.6924107142857143,35,0.11852678571428571
qwen25_3b,be_present,extra_long,final,be_present__extra_long__904,1.8060267857142858,35,0.10513392857142857
qwen25_3b,be_present,extra_long,final,be_present__extra_long__916,1.6904017857142857,35,0.011830357142857142
qwen25_3b,be_present,extra_long,final,be_present__extra_long__917,1.7145089285714286,35,0.02142857142857143
qwen25_3b,be_present,extra_long,final,be_present__extra_long__919,1.7395089285714285,35,0.013839285714285714
qwen25_3b,be_present,extra_long,final,be_present__extra_long__924,1.4761160714285715,35,0.0140625
qwen25_3b,be_present,extra_long,final,be_present__extra_long__979,1.6162946428571427,35,0.07723214285714286
qwen25_3b,be_present,extra_long,final,be_present__extra_long__987,1.8415178571428572,35,0.15
qwen25_3b,be_present,extra_long,final,be_present__extra_long__989,1.8665178571428571,35,0.13392857142857142
qwen25_3b,be_present,extra_long,prefix_before_subject,be_present__extra_long__1035,-0.065625,35,0.0046875
qwen25_3b,be_present,extra_long,prefix_before_subject,be_present__extra_long__1062,-0.05089285714285714,35,-0.007589285714285714
qwen25_3b,be_present,extra_long,prefix_before_subject,be_present__extra_long__1074,-0.045089285714285714,35,0.002455357142857143
qwen25_3b,be_present,extra_long,prefix_before_subject,be_present__extra_long__1079,-0.044642857142857144,35,-0.006696428571428571
qwen25_3b,be_present,extra_long,prefix_before_subject,be_present__extra_long__110,-0.04017857142857143,35,0.002232142857142857
qwen25_3b,be_present,extra_long,prefix_before_subject,be_present__extra_long__1101,-0.0828125,35,-0.007366071428571428
qwen25_3b,be_present,extra_long,prefix_before_subject,be_present__extra_long__1111,-0.07611607142857142,35,-0.0035714285714285713
qwen25_3b,be_present,extra_long,prefix_before_subject,be_present__extra_long__1132,-0.06830357142857142,35,-0.008035714285714285
qwen25_3b,be_present,extra_long,prefix_before_subject,be_present__extra_long__1164,-0.06674107142857143,35,-0.004241071428571428
qwen25_3b,be_present,extra_long,prefix_before_subject,be_present__extra_long__1176,-0.05357142857142857,35,-0.004910714285714286
qwen25_3b,be_present,extra_long,prefix_before_subject,be_present__extra_long__1179,-0.062276785714285715,35,-0.004241071428571428
qwen25_3b,be_present,extra_long,prefix_before_subject,be_present__extra_long__1230,-0.060267857142857144,35,-0.005580357142857143
qwen25_3b,be_present,extra_long,prefix_before_subject,be_present__extra_long__1240,-0.04486607142857143,35,0.003794642857142857
qwen25_3b,be_present,extra_long,prefix_before_subject,be_present__extra_long__125,-0.040401785714285716,35,-0.008705357142857143
qwen25_3b,be_present,extra_long,prefix_before_subject,be_present__extra_long__1256,-0.052901785714285714,35,-0.0011160714285714285
qwen25_3b,be_present,extra_long,prefix_before_subject,be_present__extra_long__1296,-0.031919642857142855,35,0.003125
qwen25_3b,be_present,extra_long,prefix_before_subject,be_present__extra_long__1306,-0.04241071428571429,35,-0.005580357142857143
qwen25_3b,be_present,extra_long,prefix_before_subject,be_present__extra_long__1327,-0.07455357142857143,35,0.0046875
qwen25_3b,be_present,extra_long,prefix_before_subject,be_present__extra_long__1360,-0.045089285714285714,35,0.0
qwen25_3b,be_present,extra_long,prefix_before_subject,be_present__extra_long__1402,-0.07209821428571428,35,-0.0029017857142857144
qwen25_3b,be_present,extra_long,prefix_before_subject,be_present__extra_long__1413,-0.06897321428571429,35,-0.005133928571428571
qwen25_3b,be_present,extra_long,prefix_before_subject,be_present__extra_long__1430,-0.0796875,35,-0.003794642857142857
qwen25_3b,be_present,extra_long,prefix_before_subject,be_present__extra_long__1447,-0.057366071428571426,35,-0.008035714285714285
qwen25_3b,be_present,extra_long,prefix_before_subject,be_present__extra_long__1473,-0.046651785714285715,35,0.0035714285714285713
qwen25_3b,be_present,extra_long,prefix_before_subject,be_present__extra_long__1475,-0.05133928571428571,35,-0.0029017857142857144
qwen25_3b,be_present,extra_long,prefix_before_subject,be_present__extra_long__1488,-0.052901785714285714,35,-0.0008928571428571428
qwen25_3b,be_present,extra_long,prefix_before_subject,be_present__extra_long__1494,-0.047544642857142855,35,0.0035714285714285713
qwen25_3b,be_present,extra_long,prefix_before_subject,be_present__extra_long__1526,-0.06651785714285714,35,-0.003125
qwen25_3b,be_present,extra_long,prefix_before_subject,be_present__extra_long__1580,-0.05357142857142857,35,-0.009375
qwen25_3b,be_present,extra_long,prefix_before_subject,be_present__extra_long__1583,-0.05714285714285714,35,-0.010714285714285714
qwen25_3b,be_present,extra_long,prefix_before_subject,be_present__extra_long__16,-0.08415178571428572,35,0.0008928571428571428
qwen25_3b,be_present,extra_long,prefix_before_subject,be_present__extra_long__1622,-0.05892857142857143,35,-0.0008928571428571428
qwen25_3b,be_present,extra_long,prefix_before_subject,be_present__extra_long__1636,-0.04598214285714286,35,0.0040178571428571425
qwen25_3b,be_present,extra_long,prefix_before_subject,be_present__extra_long__185,-0.04330357142857143,35,-0.004241071428571428
qwen25_3b,be_present,extra_long,prefix_before_subject,be_present__extra_long__193,-0.07075892857142857,35,0.003794642857142857
qwen25_3b,be_present,extra_long,prefix_before_subject,be_present__extra_long__199,-0.045535714285714284,35,0.0013392857142857143
qwen25_3b,be_present,extra_long,prefix_before_subject,be_present__extra_long__204,-0.07611607142857142,35,-0.009821428571428571
qwen25_3b,be_present,extra_long,prefix_before_subject,be_present__extra_long__209,-0.04732142857142857,35,0.0020089285714285712
qwen25_3b,be_present,extra_long,prefix_before_subject,be_present__extra_long__252,-0.053348214285714284,35,0.005580357142857143
qwen25_3b,be_present,extra_long,prefix_before_subject,be_present__extra_long__262,-0.052455357142857144,35,-0.002232142857142857
qwen25_3b,be_present,extra_long,prefix_before_subject,be_present__extra_long__271,-0.05178571428571429,35,-0.0002232142857142857
qwen25_3b,be_present,extra_long,prefix_before_subject,be_present__extra_long__299,-0.0234375,35,0.007589285714285714
qwen25_3b,be_present,extra_long,prefix_before_subject,be_present__extra_long__30,-0.07388392857142857,35,0.006696428571428571
qwen25_3b,be_present,extra_long,prefix_before_subject,be_present__extra_long__301,-0.048214285714285716,35,-0.003794642857142857
qwen25_3b,be_present,extra_long,prefix_before_subject,be_present__extra_long__307,-0.012946428571428572,35,0.0008928571428571428
qwen25_3b,be_present,extra_long,prefix_before_subject,be_present__extra_long__333,-0.07700892857142858,35,0.0040178571428571425
qwen25_3b,be_present,extra_long,prefix_before_subject,be_present__extra_long__352,-0.04642857142857143,35,0.010044642857142858
qwen25_3b,be_present,extra_long,prefix_before_subject,be_present__extra_long__372,-0.048660714285714286,35,-0.0020089285714285712
qwen25_3b,be_present,extra_long,prefix_before_subject,be_present__extra_long__375,-0.052455357142857144,35,-0.0017857142857142857
qwen25_3b,be_present,extra_long,prefix_before_subject,be_present__extra_long__382,-0.020535714285714286,35,0.0013392857142857143
qwen25_3b,be_present,extra_long,prefix_before_subject,be_present__extra_long__409,-0.040401785714285716,35,0.011160714285714286
qwen25_3b,be_present,extra_long,prefix_before_subject,be_present__extra_long__412,-0.059375,35,-0.006696428571428571
qwen25_3b,be_present,extra_long,prefix_before_subject,be_present__extra_long__421,-0.0640625,35,0.0006696428571428571
qwen25_3b,be_present,extra_long,prefix_before_subject,be_present__extra_long__428,-0.05178571428571429,35,0.006919642857142857
qwen25_3b,be_present,extra_long,prefix_before_subject,be_present__extra_long__439,-0.06049107142857143,35,-0.0004464285714285714
qwen25_3b,be_present,extra_long,prefix_before_subject,be_present__extra_long__45,-0.06763392857142857,35,-0.0029017857142857144
qwen25_3b,be_present,extra_long,prefix_before_subject,be_present__extra_long__454,-0.07879464285714285,35,0.004910714285714286
qwen25_3b,be_present,extra_long,prefix_before_subject,be_present__extra_long__465,-0.044642857142857144,35,-0.0011160714285714285
qwen25_3b,be_present,extra_long,prefix_before_subject,be_present__extra_long__479,-0.06473214285714286,35,-0.0015625
qwen25_3b,be_present,extra_long,prefix_before_subject,be_present__extra_long__480,-0.06049107142857143,35,0.0013392857142857143
qwen25_3b,be_present,extra_long,prefix_before_subject,be_present__extra_long__482,-0.07589285714285714,35,-0.010491071428571428
qwen25_3b,be_present,extra_long,prefix_before_subject,be_present__extra_long__484,-0.046205357142857145,35,0.0060267857142857146
qwen25_3b,be_present,extra_long,prefix_before_subject,be_present__extra_long__486,-0.046875,35,-0.005133928571428571
qwen25_3b,be_present,extra_long,prefix_before_subject,be_present__extra_long__487,-0.06339285714285714,35,-0.0008928571428571428
qwen25_3b,be_present,extra_long,prefix_before_subject,be_present__extra_long__491,-0.061160714285714284,35,-0.0013392857142857143
qwen25_3b,be_present,extra_long,prefix_before_subject,be_present__extra_long__515,-0.06428571428571428,35,-0.003794642857142857
qwen25_3b,be_present,extra_long,prefix_before_subject,be_present__extra_long__523,-0.06696428571428571,35,-0.008258928571428572
qwen25_3b,be_present,extra_long,prefix_before_subject,be_present__extra_long__533,-0.05714285714285714,35,0.0020089285714285712
qwen25_3b,be_present,extra_long,prefix_before_subject,be_present__extra_long__536,-0.07209821428571428,35,-0.0125
qwen25_3b,be_present,extra_long,prefix_before_subject,be_present__extra_long__552,-0.052455357142857144,35,-0.007142857142857143
qwen25_3b,be_present,extra_long,prefix_before_subject,be_present__extra_long__561,-0.078125,35,0.0011160714285714285
qwen25_3b,be_present,extra_long,prefix_before_subject,be_present__extra_long__576,-0.06986607142857143,35,-0.009151785714285715
qwen25_3b,be_present,extra_long,prefix_before_subject,be_present__extra_long__583,-0.08102678571428572,35,-0.00625
qwen25_3b,be_present,extra_long,prefix_before_subject,be_present__extra_long__589,-0.07142857142857142,35,0.005133928571428571
qwen25_3b,be_present,extra_long,prefix_before_subject,be_present__extra_long__592,-0.06875,35,-0.011383928571428571
qwen25_3b,be_present,extra_long,prefix_before_subject,be_present__extra_long__60,-0.05870535714285714,35,0.012723214285714286
qwen25_3b,be_present,extra_long,prefix_before_subject,be_present__extra_long__651,-0.06919642857142858,35,-0.007366071428571428
qwen25_3b,be_present,extra_long,prefix_before_subject,be_present__extra_long__652,-0.07053571428571428,35,-0.008705357142857143
qwen25_3b,be_present,extra_long,prefix_before_subject,be_present__extra_long__655,-0.10290178571428571,35,0.0011160714285714285
qwen25_3b,be_present,extra_long,prefix_before_subject,be_present__extra_long__66,-0.05758928571428571,35,0.0002232142857142857
qwen25_3b,be_present,extra_long,prefix_before_subject,be_present__extra_long__661,-0.06383928571428571,35,0.0008928571428571428
qwen25_3b,be_present,extra_long,prefix_before_subject,be_present__extra_long__673,-0.06584821428571429,35,0.004910714285714286
qwen25_3b,be_present,extra_long,prefix_before_subject,be_present__extra_long__693,-0.0359375,35,-0.0015625
qwen25_3b,be_present,extra_long,prefix_before_subject,be_present__extra_long__701,-0.054017857142857145,35,-0.007142857142857143
qwen25_3b,be_present,extra_long,prefix_before_subject,be_present__extra_long__725,-0.038392857142857145,35,-0.004910714285714286
qwen25_3b,be_present,extra_long,prefix_before_subject,be_present__extra_long__731,0.005357142857142857,35,0.0013392857142857143
qwen25_3b,be_present,extra_long,prefix_before_subject,be_present__extra_long__760,-0.017410714285714286,35,0.0035714285714285713
qwen25_3b,be_present,extra_long,prefix_before_subject,be_present__extra_long__768,-0.07120535714285714,35,-0.007366071428571428
qwen25_3b,be_present,extra_long,prefix_before_subject,be_present__extra_long__79,-0.047098214285714285,35,-0.0017857142857142857
qwen25_3b,be_present,extra_long,prefix_before_subject,be_present__extra_long__833,-0.06540178571428572,35,-0.002455357142857143
qwen25_3b,be_present,extra_long,prefix_before_subject,be_present__extra_long__858,-0.021875,35,-0.004464285714285714
qwen25_3b,be_present,extra_long,prefix_before_subject,be_present__extra_long__902,-0.07566964285714285,35,0.0
qwen25_3b,be_present,extra_long,prefix_before_subject,be_present__extra_long__904,-0.08459821428571429,35,0.0013392857142857143
qwen25_3b,be_present,extra_long,prefix_before_subject,be_present__extra_long__916,-0.047544642857142855,35,0.0017857142857142857
qwen25_3b,be_present,extra_long,prefix_before_subject,be_present__extra_long__917,-0.048214285714285716,35,0.006919642857142857
qwen25_3b,be_present,extra_long,prefix_before_subject,be_present__extra_long__919,-0.056919642857142856,35,-0.0006696428571428571
qwen25_3b,be_present,extra_long,prefix_before_subject,be_present__extra_long__924,-0.05669642857142857,35,-0.0020089285714285712
qwen25_3b,be_present,extra_long,prefix_before_subject,be_present__extra_long__979,-0.078125,35,-0.007589285714285714
qwen25_3b,be_present,extra_long,prefix_before_subject,be_present__extra_long__987,-0.053125,35,0.008035714285714285
qwen25_3b,be_present,extra_long,prefix_before_subject,be_present__extra_long__989,-0.06875,35,-0.004464285714285714
qwen25_3b,be_present,extra_long,subject,be_present__extra_long__1035,3.5457589285714284,35,0.009821428571428571
qwen25_3b,be_present,extra_long,subject,be_present__extra_long__1062,2.606919642857143,35,-0.008482142857142856
qwen25_3b,be_present,extra_long,subject,be_present__extra_long__1074,3.5770089285714284,35,-0.008258928571428572
qwen25_3b,be_present,extra_long,subject,be_present__extra_long__1079,2.8604910714285716,35,0.0017857142857142857
qwen25_3b,be_present,extra_long,subject,be_present__extra_long__110,3.2714285714285714,35,0.016294642857142858
qwen25_3b,be_present,extra_long,subject,be_present__extra_long__1101,3.258705357142857,35,0.007589285714285714
qwen25_3b,be_present,extra_long,subject,be_present__extra_long__1111,2.9830357142857142,35,-0.008258928571428572
qwen25_3b,be_present,extra_long,subject,be_present__extra_long__1132,3.440625,35,-0.020535714285714286
qwen25_3b,be_present,extra_long,subject,be_present__extra_long__1164,4.818526785714286,35,0.015625
qwen25_3b,be_present,extra_long,subject,be_present__extra_long__1176,4.000669642857143,35,0.01763392857142857
qwen25_3b,be_present,extra_long,subject,be_present__extra_long__1179,3.9549107142857145,35,0.015401785714285715
qwen25_3b,be_present,extra_long,subject,be_present__extra_long__1230,3.062723214285714,35,-0.025669642857142856
qwen25_3b,be_present,extra_long,subject,be_present__extra_long__1240,3.1033482142857145,35,-0.016517857142857143
qwen25_3b,be_present,extra_long,subject,be_present__extra_long__125,2.586607142857143,35,0.008035714285714285
qwen25_3b,be_present,extra_long,subject,be_present__extra_long__1256,4.162276785714286,35,-0.025223214285714286
qwen25_3b,be_present,extra_long,subject,be_present__extra_long__1296,3.4502232142857143,35,-0.022321428571428572
qwen25_3b,be_present,extra_long,subject,be_present__extra_long__1306,3.2020089285714284,35,-0.0125
qwen25_3b,be_present,extra_long,subject,be_present__extra_long__1327,4.004464285714286,35,0.008035714285714285
qwen25_3b,be_present,extra_long,subject,be_present__extra_long__1360,3.18125,35,-0.039285714285714285
qwen25_3b,be_present,extra_long,subject,be_present__extra_long__1402,3.5638392857142858,35,0.010491071428571428
qwen25_3b,be_present,extra_long,subject,be_present__extra_long__1413,3.3091517857142856,35,0.0040178571428571425
qwen25_3b,be_present,extra_long,subject,be_present__extra_long__1430,3.3421875,35,0.008035714285714285
qwen25_3b,be_present,extra_long,subject,be_present__extra_long__1447,4.343973214285715,35,-0.027678571428571427
qwen25_3b,be_present,extra_long,subject,be_present__extra_long__1473,3.648214285714286,35,-0.0004464285714285714
qwen25_3b,be_present,extra_long,subject,be_present__extra_long__1475,3.9863839285714286,35,-0.011383928571428571
qwen25_3b,be_present,extra_long,subject,be_present__extra_long__1488,4.545089285714286,35,0.008928571428571428
qwen25_3b,be_present,extra_long,subject,be_present__extra_long__1494,3.5316964285714287,35,0.0033482142857142855
qwen25_3b,be_present,extra_long,subject,be_present__extra_long__1526,2.179464285714286,35,0.0
qwen25_3b,be_present,extra_long,subject,be_present__extra_long__1580,2.7995535714285715,35,-0.03616071428571429
qwen25_3b,be_present,extra_long,subject,be_present__extra_long__1583,2.705357142857143,35,-0.028125
qwen25_3b,be_present,extra_long,subject,be_present__extra_long__16,3.4417410714285714,35,0.0040178571428571425
qwen25_3b,be_present,extra_long,subject,be_present__extra_long__1622,2.545982142857143,35,-0.05267857142857143
qwen25_3b,be_present,extra_long,subject,be_present__extra_long__1636,3.3015625,35,-0.04776785714285714
qwen25_3b,be_present,extra_long,subject,be_present__extra_long__185,3.2223214285714286,35,-0.002455357142857143
qwen25_3b,be_present,extra_long,subject,be_present__extra_long__193,3.403125,35,-0.025892857142857145
qwen25_3b,be_present,extra_long,subject,be_present__extra_long__199,1.971875,35,-0.01830357142857143
qwen25_3b,be_present,extra_long,subject,be_present__extra_long__204,3.4796875,35,-0.01830357142857143
qwen25_3b,be_present,extra_long,subject,be_present__extra_long__209,2.803125,35,-0.0040178571428571425
qwen25_3b,be_present,extra_long,subject,be_present__extra_long__252,2.903794642857143,35,0.0375
qwen25_3b,be_present,extra_long,subject,be_present__extra_long__262,2.6223214285714285,35,0.027455357142857142
qwen25_3b,be_present,extra_long,subject,be_present__extra_long__271,2.7640625,35,0.03482142857142857
qwen25_3b,be_present,extra_long,subject,be_present__extra_long__299,3.0551339285714287,35,-0.008705357142857143
qwen25_3b,be_present,extra_long,subject,be_present__extra_long__30,2.907142857142857,35,0.008482142857142856
qwen25_3b,be_present,extra_long,subject,be_present__extra_long__301,2.7245535714285714,35,-0.03660714285714286
qwen25_3b,be_present,extra_long,subject,be_present__extra_long__307,3.3433035714285713,35,-0.022321428571428572
qwen25_3b,be_present,extra_long,subject,be_present__extra_long__333,3.789955357142857,35,-0.03549107142857143
qwen25_3b,be_present,extra_long,subject,be_present__extra_long__352,3.452232142857143,35,-0.013392857142857142
qwen25_3b,be_present,extra_long,subject,be_present__extra_long__372,2.968973214285714,35,0.0060267857142857146
qwen25_3b,be_present,extra_long,subject,be_present__extra_long__375,2.677455357142857,35,-0.0020089285714285712
qwen25_3b,be_present,extra_long,subject,be_present__extra_long__382,2.0046875,35,-0.004241071428571428
qwen25_3b,be_present,extra_long,subject,be_present__extra_long__409,3.3120535714285713,35,0.0125
qwen25_3b,be_present,extra_long,subject,be_present__extra_long__412,3.294642857142857,35,0.009375
qwen25_3b,be_present,extra_long,subject,be_present__extra_long__421,2.9799107142857144,35,0.030357142857142857
qwen25_3b,be_present,extra_long,subject,be_present__extra_long__428,4.121651785714286,35,0.011383928571428571
qwen25_3b,be_present,extra_long,subject,be_present__extra_long__439,3.3292410714285716,35,-0.013616071428571429
qwen25_3b,be_present,extra_long,subject,be_present__extra_long__45,1.6216517857142858,35,0.002455357142857143
qwen25_3b,be_present,extra_long,subject,be_present__extra_long__454,3.1457589285714285,35,-0.013839285714285714
qwen25_3b,be_present,extra_long,subject,be_present__extra_long__465,3.2316964285714285,35,-0.01830357142857143
qwen25_3b,be_present,extra_long,subject,be_present__extra_long__479,3.312276785714286,35,-0.022321428571428572
qwen25_3b,be_present,extra_long,subject,be_present__extra_long__480,3.775892857142857,35,-0.0109375
qwen25_3b,be_present,extra_long,subject,be_present__extra_long__482,2.609598214285714,35,0.02388392857142857
qwen25_3b,be_present,extra_long,subject,be_present__extra_long__484,2.5629464285714287,35,0.013839285714285714
qwen25_3b,be_present,extra_long,subject,be_present__extra_long__486,2.396875,35,0.0013392857142857143
qwen25_3b,be_present,extra_long,subject,be_present__extra_long__487,3.1426339285714286,35,0.013616071428571429
qwen25_3b,be_present,extra_long,subject,be_present__extra_long__491,2.0359375,35,0.005357142857142857
qwen25_3b,be_present,extra_long,subject,be_present__extra_long__515,2.0997767857142855,35,0.010491071428571428
qwen25_3b,be_present,extra_long,subject,be_present__extra_long__523,2.7830357142857145,35,-0.0035714285714285713
qwen25_3b,be_present,extra_long,subject,be_present__extra_long__533,3.8348214285714284,35,0.010044642857142858
qwen25_3b,be_present,extra_long,subject,be_present__extra_long__536,3.330357142857143,35,-0.027901785714285716
qwen25_3b,be_present,extra_long,subject,be_present__extra_long__552,2.759375,35,-0.02299107142857143
qwen25_3b,be_present,extra_long,subject,be_present__extra_long__561,3.319642857142857,35,-0.033035714285714286
qwen25_3b,be_present,extra_long,subject,be_present__extra_long__576,3.1685267857142856,35,-0.036383928571428574
qwen25_3b,be_present,extra_long,subject,be_present__extra_long__583,3.5419642857142857,35,-0.025223214285714286
qwen25_3b,be_present,extra_long,subject,be_present__extra_long__589,3.5308035714285713,35,-0.006473214285714286
qwen25_3b,be_present,extra_long,subject,be_present__extra_long__592,3.3720982142857143,35,-0.055357142857142855
qwen25_3b,be_present,extra_long,subject,be_present__extra_long__60,1.324330357142857,35,0.0203125
qwen25_3b,be_present,extra_long,subject,be_present__extra_long__651,4.408705357142857,35,-0.007142857142857143
qwen25_3b,be_present,extra_long,subject,be_present__extra_long__652,3.9254464285714286,35,-0.008258928571428572
qwen25_3b,be_present,extra_long,subject,be_present__extra_long__655,3.974330357142857,35,0.0026785714285714286
qwen25_3b,be_present,extra_long,subject,be_present__extra_long__66,1.6901785714285715,35,-0.0002232142857142857
qwen25_3b,be_present,extra_long,subject,be_present__extra_long__661,3.443080357142857,35,-0.0011160714285714285
qwen25_3b,be_present,extra_long,subject,be_present__extra_long__673,3.758482142857143,35,0.015178571428571428
qwen25_3b,be_present,extra_long,subject,be_present__extra_long__693,4.194642857142857,35,0.011607142857142858
qwen25_3b,be_present,extra_long,subject,be_present__extra_long__701,3.4245535714285715,35,0.0060267857142857146
qwen25_3b,be_present,extra_long,subject,be_present__extra_long__725,2.0004464285714287,35,-0.033928571428571426
qwen25_3b,be_present,extra_long,subject,be_present__extra_long__731,3.059375,35,-0.03616071428571429
qwen25_3b,be_present,extra_long,subject,be_present__extra_long__760,2.3254464285714285,35,-0.02544642857142857
qwen25_3b,be_present,extra_long,subject,be_present__extra_long__768,2.797544642857143,35,-0.025892857142857145
qwen25_3b,be_present,extra_long,subject,be_present__extra_long__79,1.2258928571428571,35,-0.011607142857142858
qwen25_3b,be_present,extra_long,subject,be_present__extra_long__833,2.663839285714286,35,0.020535714285714286
qwen25_3b,be_present,extra_long,subject,be_present__extra_long__858,1.8660714285714286,35,-0.02924107142857143
qwen25_3b,be_present,extra_long,subject,be_present__extra_long__902,3.3321428571428573,35,0.003794642857142857
qwen25_3b,be_present,extra_long,subject,be_present__extra_long__904,2.905580357142857,35,-0.0046875
qwen25_3b,be_present,extra_long,subject,be_present__extra_long__916,2.468973214285714,35,-0.028125
qwen25_3b,be_present,extra_long,subject,be_present__extra_long__917,3.0529017857142855,35,-0.02075892857142857
qwen25_3b,be_present,extra_long,subject,be_present__extra_long__919,2.7348214285714287,35,-0.021651785714285714
qwen25_3b,be_present,extra_long,subject,be_present__extra_long__924,3.1678571428571427,35,-0.04017857142857143
qwen25_3b,be_present,extra_long,subject,be_present__extra_long__979,2.688392857142857,35,-0.04977678571428571
qwen25_3b,be_present,extra_long,subject,be_present__extra_long__987,3.8736607142857142,35,-0.014955357142857144
qwen25_3b,be_present,extra_long,subject,be_present__extra_long__989,3.9089285714285715,35,-0.02857142857142857
qwen25_3b,be_present,long,between_subject_distractor,be_present__long__101,1.0890625,70,0.010044642857142858
qwen25_3b,be_present,long,between_subject_distractor,be_present__long__1011,1.36875,70,-0.0077008928571428575
qwen25_3b,be_present,long,between_subject_distractor,be_present__long__1024,1.7252232142857142,70,-0.007254464285714286
qwen25_3b,be_present,long,between_subject_distractor,be_present__long__1062,1.25234375,70,0.021205357142857144
qwen25_3b,be_present,long,between_subject_distractor,be_present__long__1074,1.8900669642857142,70,0.018415178571428572
qwen25_3b,be_present,long,between_subject_distractor,be_present__long__1079,1.7129464285714286,70,0.01875
qwen25_3b,be_present,long,between_subject_distractor,be_present__long__1097,1.3549107142857142,70,-0.03136160714285714
qwen25_3b,be_present,long,between_subject_distractor,be_present__long__1098,1.3263392857142857,70,-0.012165178571428572
qwen25_3b,be_present,long,between_subject_distractor,be_present__long__1112,1.5353794642857144,70,-0.014620535714285714
qwen25_3b,be_present,long,between_subject_distractor,be_present__long__1126,1.7736607142857144,70,-0.004464285714285714
qwen25_3b,be_present,long,between_subject_distractor,be_present__long__1156,1.1434523809523809,105,0.0033482142857142855
qwen25_3b,be_present,long,between_subject_distractor,be_present__long__1165,1.1658482142857143,70,-0.0025669642857142857
qwen25_3b,be_present,long,between_subject_distractor,be_present__long__1178,0.8582589285714286,70,-0.022098214285714287
qwen25_3b,be_present,long,between_subject_distractor,be_present__long__1179,1.1637276785714286,70,0.00390625
qwen25_3b,be_present,long,between_subject_distractor,be_present__long__1202,0.8526785714285714,70,-0.004129464285714286
qwen25_3b,be_present,long,between_subject_distractor,be_present__long__1203,0.95703125,70,0.0011160714285714285
qwen25_3b,be_present,long,between_subject_distractor,be_present__long__1224,0.9868303571428572,70,-0.023214285714285715
qwen25_3b,be_present,long,between_subject_distractor,be_present__long__1232,0.9181919642857143,70,-0.009709821428571429
qwen25_3b,be_present,long,between_subject_distractor,be_present__long__1254,1.2347098214285714,70,-0.018861607142857142
qwen25_3b,be_present,long,between_subject_distractor,be_present__long__1272,1.1572544642857143,70,-0.004575892857142857
qwen25_3b,be_present,long,between_subject_distractor,be_present__long__1314,1.410267857142857,70,0.003794642857142857
qwen25_3b,be_present,long,between_subject_distractor,be_present__long__1325,1.6078125,70,0.026227678571428572
qwen25_3b,be_present,long,between_subject_distractor,be_present__long__1327,1.9533482142857144,70,0.019419642857142858
qwen25_3b,be_present,long,between_subject_distractor,be_present__long__1345,1.9208705357142857,70,0.027455357142857142
qwen25_3b,be_present,long,between_subject_distractor,be_present__long__1353,1.5802455357142857,70,0.00625
qwen25_3b,be_present,long,between_subject_distractor,be_present__long__1354,2.1290178571428573,70,0.03950892857142857
qwen25_3b,be_present,long,between_subject_distractor,be_present__long__1360,1.7354910714285714,70,0.0002232142857142857
qwen25_3b,be_present,long,between_subject_distractor,be_present__long__1387,1.835825892857143,70,0.03950892857142857
qwen25_3b,be_present,long,between_subject_distractor,be_present__long__1430,1.34921875,70,0.012388392857142856
qwen25_3b,be_present,long,between_subject_distractor,be_present__long__1447,1.5297991071428572,70,0.0125
qwen25_3b,be_present,long,between_subject_distractor,be_present__long__1454,1.5185267857142857,70,-0.018861607142857142
qwen25_3b,be_present,long,between_subject_distractor,be_present__long__1459,1.3808035714285714,70,0.017299107142857144
qwen25_3b,be_present,long,between_subject_distractor,be_present__long__1465,1.0924107142857142,70,-0.0015625
qwen25_3b,be_present,long,between_subject_distractor,be_present__long__1472,1.4206473214285715,70,0.01763392857142857
qwen25_3b,be_present,long,between_subject_distractor,be_present__long__1474,0.9550223214285715,70,0.012165178571428572
qwen25_3b,be_present,long,between_subject_distractor,be_present__long__1475,1.4600446428571427,70,0.02154017857142857
qwen25_3b,be_present,long,between_subject_distractor,be_present__long__1511,1.3927455357142857,70,0.0002232142857142857
qwen25_3b,be_present,long,between_subject_distractor,be_present__long__1568,1.0848214285714286,70,-0.0125
qwen25_3b,be_present,long,between_subject_distractor,be_present__long__1587,1.3987723214285714,70,-0.01875
qwen25_3b,be_present,long,between_subject_distractor,be_present__long__1622,0.7610491071428571,70,0.012611607142857143
qwen25_3b,be_present,long,between_subject_distractor,be_present__long__1630,0.8169642857142857,70,-0.0015625
qwen25_3b,be_present,long,between_subject_distractor,be_present__long__1639,1.0412946428571428,70,0.020647321428571428
qwen25_3b,be_present,long,between_subject_distractor,be_present__long__186,2.0940848214285714,70,0.016294642857142858
qwen25_3b,be_present,long,between_subject_distractor,be_present__long__200,2.203348214285714,70,0.008147321428571429
qwen25_3b,be_present,long,between_subject_distractor,be_present__long__219,1.0513392857142858,70,-0.024330357142857143
qwen25_3b,be_present,long,between_subject_distractor,be_present__long__227,0.8590401785714286,70,-0.009375
qwen25_3b,be_present,long,between_subject_distractor,be_present__long__238,1.3419642857142857,70,-0.0046875
qwen25_3b,be_present,long,between_subject_distractor,be_present__long__276,1.0877232142857143,105,0.020386904761904762
qwen25_3b,be_present,long,between_subject_distractor,be_present__long__287,1.60390625,70,0.00625
qwen25_3b,be_present,long,between_subject_distractor,be_present__long__293,1.7416294642857142,70,0.01015625
qwen25_3b,be_present,long,between_subject_distractor,be_present__long__298,1.3033482142857142,70,0.0171875
qwen25_3b,be_present,long,between_subject_distractor,be_present__long__307,1.6618303571428572,70,0.015513392857142858
qwen25_3b,be_present,long,between_subject_distractor,be_present__long__310,1.6475446428571427,70,0.0035714285714285713
qwen25_3b,be_present,long,between_subject_distractor,be_present__long__317,1.628794642857143,70,0.008147321428571429
qwen25_3b,be_present,long,between_subject_distractor,be_present__long__33,1.5319196428571429,70,-0.0017857142857142857
qwen25_3b,be_present,long,between_subject_distractor,be_present__long__332,2.424888392857143,70,-0.017299107142857144
qwen25_3b,be_present,long,between_subject_distractor,be_present__long__333,2.2035714285714287,70,-0.023102678571428573
qwen25_3b,be_present,long,between_subject_distractor,be_present__long__345,1.9252232142857142,70,-0.010044642857142858
qwen25_3b,be_present,long,between_subject_distractor,be_present__long__351,2.1495535714285716,70,0.011383928571428571
qwen25_3b,be_present,long,between_subject_distractor,be_present__long__354,2.4044642857142855,70,-0.004464285714285714
qwen25_3b,be_present,long,between_subject_distractor,be_present__long__355,2.271986607142857,70,0.015178571428571428
qwen25_3b,be_present,long,between_subject_distractor,be_present__long__383,1.2886160714285715,70,-0.0109375
qwen25_3b,be_present,long,between_subject_distractor,be_present__long__399,1.2919642857142857,70,-0.021205357142857144
qwen25_3b,be_present,long,between_subject_distractor,be_present__long__415,1.183482142857143,70,0.015401785714285715
qwen25_3b,be_present,long,between_subject_distractor,be_present__long__421,1.144642857142857,70,0.013616071428571429
qwen25_3b,be_present,long,between_subject_distractor,be_present__long__44,1.0697544642857142,70,0.007924107142857142
qwen25_3b,be_present,long,between_subject_distractor,be_present__long__451,1.95546875,70,0.022544642857142857
qwen25_3b,be_present,long,between_subject_distractor,be_present__long__452,1.8381696428571428,70,0.04330357142857143
qwen25_3b,be_present,long,between_subject_distractor,be_present__long__487,1.2897321428571429,70,-0.027455357142857142
qwen25_3b,be_present,long,between_subject_distractor,be_present__long__491,1.2751116071428572,70,-0.012276785714285714
qwen25_3b,be_present,long,between_subject_distractor,be_present__long__496,1.6518973214285715,70,-0.04453125
qwen25_3b,be_present,long,between_subject_distractor,be_present__long__498,1.4135044642857142,70,-0.07678571428571429
qwen25_3b,be_present,long,between_subject_distractor,be_present__long__533,1.976450892857143,70,-0.01997767857142857
qwen25_3b,be_present,long,between_subject_distractor,be_present__long__544,1.8582589285714286,70,0.026339285714285714
qwen25_3b,be_present,long,between_subject_distractor,be_present__long__549,1.8248883928571429,70,0.0015625
qwen25_3b,be_present,long,between_subject_distractor,be_present__long__561,1.1955357142857144,70,-0.009375
qwen25_3b,be_present,long,between_subject_distractor,be_present__long__584,1.1408482142857144,70,-0.005022321428571429
qwen25_3b,be_present,long,between_subject_distractor,be_present__long__655,1.507700892857143,70,0.007924107142857142
qwen25_3b,be_present,long,between_subject_distractor,be_present__long__66,1.3705357142857142,70,0.018638392857142857
qwen25_3b,be_present,long,between_subject_distractor,be_present__long__671,1.7612723214285715,70,0.03136160714285714
qwen25_3b,be_present,long,between_subject_distractor,be_present__long__68,0.7592633928571428,70,0.014620535714285714
qwen25_3b,be_present,long,between_subject_distractor,be_present__long__705,1.3573660714285714,70,0.009821428571428571
qwen25_3b,be_present,long,between_subject_distractor,be_present__long__722,1.14453125,70,-0.07779017857142857
qwen25_3b,be_present,long,between_subject_distractor,be_present__long__723,1.1940848214285715,70,-0.07622767857142858
qwen25_3b,be_present,long,between_subject_distractor,be_present__long__74,1.3775669642857142,70,0.01997767857142857
qwen25_3b,be_present,long,between_subject_distractor,be_present__long__760,1.0676339285714285,70,-0.05970982142857143
qwen25_3b,be_present,long,between_subject_distractor,be_present__long__766,1.8472098214285715,70,-0.009598214285714286
qwen25_3b,be_present,long,between_subject_distractor,be_present__long__77,1.509375,70,0.030245535714285714
qwen25_3b,be_present,long,between_subject_distractor,be_present__long__79,1.11328125,70,0.023102678571428573
qwen25_3b,be_present,long,between_subject_distractor,be_present__long__793,1.5995535714285714,70,0.00390625
qwen25_3b,be_present,long,between_subject_distractor,be_present__long__833,1.3455357142857143,70,0.02142857142857143
qwen25_3b,be_present,long,between_subject_distractor,be_present__long__835,1.914174107142857,70,0.01640625
qwen25_3b,be_present,long,between_subject_distractor,be_present__long__888,1.4369419642857142,70,-0.025669642857142856
qwen25_3b,be_present,long,between_subject_distractor,be_present__long__916,0.9328869047619047,105,-0.018526785714285714
qwen25_3b,be_present,long,between_subject_distractor,be_present__long__917,1.48046875,70,-0.03426339285714286
qwen25_3b,be_present,long,between_subject_distractor,be_present__long__922,1.2911830357142857,70,-0.015625
qwen25_3b,be_present,long,between_subject_distractor,be_present__long__932,1.4268973214285714,70,-0.004129464285714286
qwen25_3b,be_present,long,between_subject_distractor,be_present__long__984,1.929799107142857,70,0.011049107142857144
qwen25_3b,be_present,long,between_subject_distractor,be_present__long__985,1.6065848214285714,70,-0.011049107142857144
qwen25_3b,be_present,long,between_subject_distractor,be_present__long__989,1.6345982142857143,70,0.012276785714285714
qwen25_3b,be_present,long,distractor,be_present__long__101,0.08504464285714286,35,0.0109375
qwen25_3b,be_present,long,distractor,be_present__long__1011,0.14151785714285714,35,0.012053571428571429
qwen25_3b,be_present,long,distractor,be_present__long__1024,0.10357142857142858,35,0.0125
qwen25_3b,be_present,long,distractor,be_present__long__1062,0.1203125,35,0.02544642857142857
qwen25_3b,be_present,long,distractor,be_present__long__1074,0.17232142857142857,35,0.04017857142857143
qwen25_3b,be_present,long,distractor,be_present__long__1079,0.16160714285714287,35,0.008928571428571428
qwen25_3b,be_present,long,distractor,be_present__long__1097,0.3223214285714286,35,0.033482142857142856
qwen25_3b,be_present,long,distractor,be_present__long__1098,0.134375,35,-0.0008928571428571428
qwen25_3b,be_present,long,distractor,be_present__long__1112,0.09107142857142857,35,0.014508928571428572
qwen25_3b,be_present,long,distractor,be_present__long__1126,0.23459821428571428,35,0.039285714285714285
qwen25_3b,be_present,long,distractor,be_present__long__1156,0.019866071428571427,35,0.0328125
qwen25_3b,be_present,long,distractor,be_present__long__1165,0.024107142857142858,35,-0.03459821428571429
qwen25_3b,be_present,long,distractor,be_present__long__1178,0.00625,35,0.03415178571428571
qwen25_3b,be_present,long,distractor,be_present__long__1179,0.08102678571428572,35,0.005580357142857143
qwen25_3b,be_present,long,distractor,be_present__long__1202,0.06830357142857142,35,0.0035714285714285713
qwen25_3b,be_present,long,distractor,be_present__long__1203,0.09821428571428571,35,0.0203125
qwen25_3b,be_present,long,distractor,be_present__long__1224,0.012723214285714286,35,-0.016294642857142858
qwen25_3b,be_present,long,distractor,be_present__long__1232,0.06651785714285714,35,0.010044642857142858
qwen25_3b,be_present,long,distractor,be_present__long__1254,-0.007142857142857143,35,-0.007589285714285714
qwen25_3b,be_present,long,distractor,be_present__long__1272,-0.003794642857142857,35,0.014285714285714285
qwen25_3b,be_present,long,distractor,be_present__long__1314,0.15066964285714285,35,0.07276785714285715
qwen25_3b,be_present,long,distractor,be_present__long__1325,0.0734375,35,0.005133928571428571
qwen25_3b,be_present,long,distractor,be_present__long__1327,0.12388392857142858,35,-0.03526785714285714
qwen25_3b,be_present,long,distractor,be_present__long__1345,0.10133928571428572,35,0.08214285714285714
qwen25_3b,be_present,long,distractor,be_present__long__1353,-0.046651785714285715,35,0.0328125
qwen25_3b,be_present,long,distractor,be_present__long__1354,0.16049107142857144,35,0.065625
qwen25_3b,be_present,long,distractor,be_present__long__1360,0.18727678571428572,35,-0.06763392857142857
qwen25_3b,be_present,long,distractor,be_present__long__1387,0.27254464285714286,35,0.08348214285714285
qwen25_3b,be_present,long,distractor,be_present__long__1430,0.09241071428571429,35,0.011830357142857142
qwen25_3b,be_present,long,distractor,be_present__long__1447,0.08147321428571429,35,0.015625
qwen25_3b,be_present,long,distractor,be_present__long__1454,0.036383928571428574,35,-0.04486607142857143
qwen25_3b,be_present,long,distractor,be_present__long__1459,0.159375,35,0.047098214285714285
qwen25_3b,be_present,long,distractor,be_present__long__1465,0.09151785714285714,35,0.008258928571428572
qwen25_3b,be_present,long,distractor,be_present__long__1472,0.10446428571428572,35,0.019196428571428573
qwen25_3b,be_present,long,distractor,be_present__long__1474,0.07991071428571428,35,0.013616071428571429
qwen25_3b,be_present,long,distractor,be_present__long__1475,0.14330357142857142,35,0.028794642857142855
qwen25_3b,be_present,long,distractor,be_present__long__1511,0.03549107142857143,35,0.0033482142857142855
qwen25_3b,be_present,long,distractor,be_present__long__1568,0.17455357142857142,35,-0.027678571428571427
qwen25_3b,be_present,long,distractor,be_present__long__1587,0.3274553571428571,35,-0.0011160714285714285
qwen25_3b,be_present,long,distractor,be_present__long__1622,0.014508928571428572,35,-0.052901785714285714
qwen25_3b,be_present,long,distractor,be_present__long__1630,0.06383928571428571,35,-0.0035714285714285713
qwen25_3b,be_present,long,distractor,be_present__long__1639,0.13102678571428572,35,0.05803571428571429
qwen25_3b,be_present,long,distractor,be_present__long__186,0.09754464285714286,35,0.012946428571428572
qwen25_3b,be_present,long,distractor,be_present__long__200,0.18928571428571428,35,0.040401785714285716
qwen25_3b,be_present,long,distractor,be_present__long__219,0.13950892857142858,35,0.027901785714285716
qwen25_3b,be_present,long,distractor,be_present__long__227,0.14598214285714287,35,0.018080357142857145
qwen25_3b,be_present,long,distractor,be_present__long__238,0.19933035714285716,35,0.011160714285714286
qwen25_3b,be_present,long,distractor,be_present__long__276,0.11741071428571428,35,0.02857142857142857
qwen25_3b,be_present,long,distractor,be_present__long__287,0.05580357142857143,35,-0.005580357142857143
qwen25_3b,be_present,long,distractor,be_present__long__293,0.07075892857142857,35,0.005357142857142857
qwen25_3b,be_present,long,distractor,be_present__long__298,-0.018080357142857145,35,-0.02924107142857143
qwen25_3b,be_present,long,distractor,be_present__long__307,0.11026785714285714,35,0.016964285714285713
qwen25_3b,be_present,long,distractor,be_present__long__310,0.1234375,35,0.05424107142857143
qwen25_3b,be_present,long,distractor,be_present__long__317,0.08392857142857142,35,0.026785714285714284
qwen25_3b,be_present,long,distractor,be_present__long__33,0.11205357142857143,35,0.056473214285714286
qwen25_3b,be_present,long,distractor,be_present__long__332,0.22254464285714284,35,-0.022544642857142857
qwen25_3b,be_present,long,distractor,be_present__long__333,0.11651785714285715,35,-0.07209821428571428
qwen25_3b,be_present,long,distractor,be_present__long__345,0.25,35,0.009598214285714286
qwen25_3b,be_present,long,distractor,be_present__long__351,0.13392857142857142,35,-0.008482142857142856
qwen25_3b,be_present,long,distractor,be_present__long__354,0.18861607142857142,35,0.015401785714285715
qwen25_3b,be_present,long,distractor,be_present__long__355,0.19196428571428573,35,0.022767857142857142
qwen25_3b,be_present,long,distractor,be_present__long__383,0.10267857142857142,35,0.022544642857142857
qwen25_3b,be_present,long,distractor,be_present__long__399,0.13013392857142858,35,-0.033928571428571426
qwen25_3b,be_present,long,distractor,be_present__long__415,0.09665178571428572,35,0.03482142857142857
qwen25_3b,be_present,long,distractor,be_present__long__421,0.11986607142857143,35,0.016964285714285713
qwen25_3b,be_present,long,distractor,be_present__long__44,0.05379464285714286,35,-0.008258928571428572
qwen25_3b,be_present,long,distractor,be_present__long__451,0.1689732142857143,35,0.019642857142857142
qwen25_3b,be_present,long,distractor,be_present__long__452,0.11629464285714286,35,0.056473214285714286
qwen25_3b,be_present,long,distractor,be_present__long__487,0.05022321428571429,35,-0.007366071428571428
qwen25_3b,be_present,long,distractor,be_present__long__491,0.1575892857142857,35,0.030580357142857142
qwen25_3b,be_present,long,distractor,be_present__long__496,0.21629464285714287,35,-0.008482142857142856
qwen25_3b,be_present,long,distractor,be_present__long__498,-0.05133928571428571,35,0.011607142857142858
qwen25_3b,be_present,long,distractor,be_present__long__533,0.20580357142857142,35,0.047544642857142855
qwen25_3b,be_present,long,distractor,be_present__long__544,0.21495535714285716,35,0.10245535714285714
qwen25_3b,be_present,long,distractor,be_present__long__549,0.12879464285714284,35,0.014955357142857144
qwen25_3b,be_present,long,distractor,be_present__long__561,0.021651785714285714,35,0.0265625
qwen25_3b,be_present,long,distractor,be_present__long__584,0.09017857142857143,35,-0.008258928571428572
qwen25_3b,be_present,long,distractor,be_present__long__655,0.08147321428571429,35,-0.009821428571428571
qwen25_3b,be_present,long,distractor,be_present__long__66,0.08504464285714286,35,0.011160714285714286
qwen25_3b,be_present,long,distractor,be_present__long__671,0.1375,35,0.0828125
qwen25_3b,be_present,long,distractor,be_present__long__68,0.019419642857142858,35,-0.007142857142857143
qwen25_3b,be_present,long,distractor,be_present__long__705,0.11540178571428572,35,0.0109375
qwen25_3b,be_present,long,distractor,be_present__long__722,0.030133928571428572,35,-0.0125
qwen25_3b,be_present,long,distractor,be_present__long__723,0.039285714285714285,35,0.033928571428571426
qwen25_3b,be_present,long,distractor,be_present__long__74,0.10870535714285715,35,0.06004464285714286
qwen25_3b,be_present,long,distractor,be_present__long__760,0.040625,35,0.021875
qwen25_3b,be_present,long,distractor,be_present__long__766,0.06205357142857143,35,-0.03816964285714286
qwen25_3b,be_present,long,distractor,be_present__long__77,0.134375,35,0.032589285714285716
qwen25_3b,be_present,long,distractor,be_present__long__79,0.03660714285714286,35,-0.03080357142857143
qwen25_3b,be_present,long,distractor,be_present__long__793,0.09665178571428572,35,0.004241071428571428
qwen25_3b,be_present,long,distractor,be_present__long__833,0.20424107142857142,35,0.029464285714285714
qwen25_3b,be_present,long,distractor,be_present__long__835,0.1125,35,-0.013616071428571429
qwen25_3b,be_present,long,distractor,be_present__long__888,0.20691964285714284,35,0.04799107142857143
qwen25_3b,be_present,long,distractor,be_present__long__916,0.08013392857142858,35,0.03526785714285714
qwen25_3b,be_present,long,distractor,be_present__long__917,0.10066964285714286,35,0.011383928571428571
qwen25_3b,be_present,long,distractor,be_present__long__922,0.14419642857142856,35,0.03325892857142857
qwen25_3b,be_present,long,distractor,be_present__long__932,0.18950892857142856,35,0.02388392857142857
qwen25_3b,be_present,long,distractor,be_present__long__984,0.20089285714285715,35,0.06205357142857143
qwen25_3b,be_present,long,distractor,be_present__long__985,0.11227678571428572,35,-0.013169642857142857
qwen25_3b,be_present,long,distractor,be_present__long__989,0.11808035714285714,35,0.03080357142857143
qwen25_3b,be_present,long,filler_after_distractor,be_present__long__101,0.3381200396825397,315,-0.0019345238095238096
qwen25_3b,be_present,long,filler_after_distractor,be_present__long__1011,0.33129960317460316,315,0.0035962301587301585
qwen25_3b,be_present,long,filler_after_distractor,be_present__long__1024,0.3828621031746032,315,0.010367063492063492
qwen25_3b,be_present,long,filler_after_distractor,be_present__long__1062,0.4425843253968254,315,0.00625
qwen25_3b,be_present,long,filler_after_distractor,be_present__long__1074,0.5377480158730159,315,0.014905753968253969
qwen25_3b,be_present,long,filler_after_distractor,be_present__long__1079,0.5850694444444444,315,0.018080357142857145
qwen25_3b,be_present,long,filler_after_distractor,be_present__long__1097,0.4664186507936508,315,0.02177579365079365
qwen25_3b,be_present,long,filler_after_distractor,be_present__long__1098,0.40094246031746034,315,0.026959325396825398
qwen25_3b,be_present,long,filler_after_distractor,be_present__long__1112,0.3827380952380952,315,0.006547619047619048
qwen25_3b,be_present,long,filler_after_distractor,be_present__long__1126,0.5774801587301587,315,0.004489087301587301
qwen25_3b,be_present,long,filler_after_distractor,be_present__long__1156,0.3794146825396825,315,0.02502480158730159
qwen25_3b,be_present,long,filler_after_distractor,be_present__long__1165,0.47827380952380955,315,0.02547123015873016
qwen25_3b,be_present,long,filler_after_distractor,be_present__long__1178,0.35012400793650794,315,-0.007514880952380953
qwen25_3b,be_present,long,filler_after_distractor,be_present__long__1179,0.38571428571428573,315,-0.01240079365079365
qwen25_3b,be_present,long,filler_after_distractor,be_present__long__1202,0.34833829365079366,315,0.012301587301587301
qwen25_3b,be_present,long,filler_after_distractor,be_present__long__1203,0.3789434523809524,315,0.019171626984126985
qwen25_3b,be_present,long,filler_after_distractor,be_present__long__1224,0.3378968253968254,315,0.006473214285714286
qwen25_3b,be_present,long,filler_after_distractor,be_present__long__1232,0.3156994047619048,315,0.008333333333333333
qwen25_3b,be_present,long,filler_after_distractor,be_present__long__1254,0.45657242063492065,315,0.010565476190476191
qwen25_3b,be_present,long,filler_after_distractor,be_present__long__1272,0.40161210317460316,315,0.020907738095238094
qwen25_3b,be_present,long,filler_after_distractor,be_present__long__1314,0.6446924603174603,315,0.026984126984126985
qwen25_3b,be_present,long,filler_after_distractor,be_present__long__1325,0.42678571428571427,315,0.023958333333333335
qwen25_3b,be_present,long,filler_after_distractor,be_present__long__1327,0.5474702380952381,315,0.02125496031746032
qwen25_3b,be_present,long,filler_after_distractor,be_present__long__1345,0.6859375,315,0.040401785714285716
qwen25_3b,be_present,long,filler_after_distractor,be_present__long__1353,0.5173363095238095,315,0.01460813492063492
qwen25_3b,be_present,long,filler_after_distractor,be_present__long__1354,0.6223958333333334,315,0.027529761904761904
qwen25_3b,be_present,long,filler_after_distractor,be_present__long__1360,0.6228174603174603,315,0.02594246031746032
qwen25_3b,be_present,long,filler_after_distractor,be_present__long__1387,0.608358134920635,315,0.005902777777777778
qwen25_3b,be_present,long,filler_after_distractor,be_present__long__1430,0.39501488095238096,315,0.021552579365079365
qwen25_3b,be_present,long,filler_after_distractor,be_present__long__1447,0.416468253968254,315,0.023561507936507936
qwen25_3b,be_present,long,filler_after_distractor,be_present__long__1454,0.49387400793650793,315,-0.007242063492063492
qwen25_3b,be_present,long,filler_after_distractor,be_present__long__1459,0.45228174603174603,315,0.0341765873015873
qwen25_3b,be_present,long,filler_after_distractor,be_present__long__1465,0.4634920634920635,315,0.008506944444444444
qwen25_3b,be_present,long,filler_after_distractor,be_present__long__1472,0.44233630952380953,315,0.03630952380952381
qwen25_3b,be_present,long,filler_after_distractor,be_present__long__1474,0.24861111111111112,315,0.012475198412698413
qwen25_3b,be_present,long,filler_after_distractor,be_present__long__1475,0.4348958333333333,315,0.016046626984126983
qwen25_3b,be_present,long,filler_after_distractor,be_present__long__1511,0.4410218253968254,315,0.026264880952380953
qwen25_3b,be_present,long,filler_after_distractor,be_present__long__1568,0.27266865079365077,315,-0.001884920634920635
qwen25_3b,be_present,long,filler_after_distractor,be_present__long__1587,0.5867311507936508,315,0.020163690476190477
qwen25_3b,be_present,long,filler_after_distractor,be_present__long__1622,0.42095734126984125,315,0.00523313492063492
qwen25_3b,be_present,long,filler_after_distractor,be_present__long__1630,0.4273561507936508,315,0.012003968253968255
qwen25_3b,be_present,long,filler_after_distractor,be_present__long__1639,0.508358134920635,315,0.03740079365079365
qwen25_3b,be_present,long,filler_after_distractor,be_present__long__186,0.6040178571428572,315,0.020734126984126983
qwen25_3b,be_present,long,filler_after_distractor,be_present__long__200,0.5093005952380952,315,0.01837797619047619
qwen25_3b,be_present,long,filler_after_distractor,be_present__long__219,0.4226190476190476,315,-0.01597222222222222
qwen25_3b,be_present,long,filler_after_distractor,be_present__long__227,0.348015873015873,315,-0.006473214285714286
qwen25_3b,be_present,long,filler_after_distractor,be_present__long__238,0.6680555555555555,315,0.01589781746031746
qwen25_3b,be_present,long,filler_after_distractor,be_present__long__276,0.3073660714285714,315,0.012872023809523809
qwen25_3b,be_present,long,filler_after_distractor,be_present__long__287,0.36123511904761907,315,0.012624007936507937
qwen25_3b,be_present,long,filler_after_distractor,be_present__long__293,0.3742559523809524,315,0.014905753968253969
qwen25_3b,be_present,long,filler_after_distractor,be_present__long__298,0.27286706349206347,315,0.01029265873015873
qwen25_3b,be_present,long,filler_after_distractor,be_present__long__307,0.4162698412698413,315,0.011011904761904763
qwen25_3b,be_present,long,filler_after_distractor,be_present__long__310,0.3480654761904762,315,0.008010912698412698
qwen25_3b,be_present,long,filler_after_distractor,be_present__long__317,0.3007936507936508,315,0.007837301587301587
qwen25_3b,be_present,long,filler_after_distractor,be_present__long__33,0.28896329365079365,315,0.009970238095238095
qwen25_3b,be_present,long,filler_after_distractor,be_present__long__332,0.4623263888888889,315,0.01507936507936508
qwen25_3b,be_present,long,filler_after_distractor,be_present__long__333,0.5456349206349206,315,0.0019097222222222222
qwen25_3b,be_present,long,filler_after_distractor,be_present__long__345,0.5168154761904762,315,0.013120039682539683
qwen25_3b,be_present,long,filler_after_distractor,be_present__long__351,0.5552579365079365,315,0.0361359126984127
qwen25_3b,be_present,long,filler_after_distractor,be_present__long__354,0.40029761904761907,315,0.007093253968253968
qwen25_3b,be_present,long,filler_after_distractor,be_present__long__355,0.37762896825396824,315,0.026760912698412697
qwen25_3b,be_present,long,filler_after_distractor,be_present__long__383,0.46907242063492066,315,0.011458333333333333
qwen25_3b,be_present,long,filler_after_distractor,be_present__long__399,0.5604910714285715,315,0.01902281746031746
qwen25_3b,be_present,long,filler_after_distractor,be_present__long__415,0.5057291666666667,315,0.017931547619047618
qwen25_3b,be_present,long,filler_after_distractor,be_present__long__421,0.42817460317460315,315,-0.01755952380952381
qwen25_3b,be_present,long,filler_after_distractor,be_present__long__44,0.35865575396825394,315,0.02041170634920635
qwen25_3b,be_present,long,filler_after_distractor,be_present__long__451,0.4780257936507937,315,0.015178571428571428
qwen25_3b,be_present,long,filler_after_distractor,be_present__long__452,0.4802579365079365,315,0.034722222222222224
qwen25_3b,be_present,long,filler_after_distractor,be_present__long__487,0.3409474206349206,315,0.005580357142857143
qwen25_3b,be_present,long,filler_after_distractor,be_present__long__491,0.35406746031746034,315,0.01259920634920635
qwen25_3b,be_present,long,filler_after_distractor,be_present__long__496,0.5400297619047619,315,0.003025793650793651
qwen25_3b,be_present,long,filler_after_distractor,be_present__long__498,0.6730406746031746,315,0.007415674603174603
qwen25_3b,be_present,long,filler_after_distractor,be_present__long__533,0.5043898809523809,315,0.015773809523809523
qwen25_3b,be_present,long,filler_after_distractor,be_present__long__544,0.4946676587301587,315,0.024776785714285713
qwen25_3b,be_present,long,filler_after_distractor,be_present__long__549,0.5677579365079365,315,0.011483134920634921
qwen25_3b,be_present,long,filler_after_distractor,be_present__long__561,0.21478174603174602,315,-0.021875
qwen25_3b,be_present,long,filler_after_distractor,be_present__long__584,0.36314484126984126,315,0.02234623015873016
qwen25_3b,be_present,long,filler_after_distractor,be_present__long__655,0.30793650793650795,315,0.006349206349206349
qwen25_3b,be_present,long,filler_after_distractor,be_present__long__66,0.3506200396825397,315,0.011731150793650794
qwen25_3b,be_present,long,filler_after_distractor,be_present__long__671,0.40014880952380955,315,0.043998015873015876
qwen25_3b,be_present,long,filler_after_distractor,be_present__long__68,0.2517609126984127,315,0.012152777777777778
qwen25_3b,be_present,long,filler_after_distractor,be_present__long__705,0.32904265873015875,315,0.023958333333333335
qwen25_3b,be_present,long,filler_after_distractor,be_present__long__722,0.2023561507936508,315,-0.008581349206349207
qwen25_3b,be_present,long,filler_after_distractor,be_present__long__723,0.2681795634920635,315,0.0033234126984126983
qwen25_3b,be_present,long,filler_after_distractor,be_present__long__74,0.18978174603174602,315,0.010193452380952381
qwen25_3b,be_present,long,filler_after_distractor,be_present__long__760,0.20798611111111112,315,0.003720238095238095
qwen25_3b,be_present,long,filler_after_distractor,be_present__long__766,0.30183531746031744,315,0.007018849206349207
qwen25_3b,be_present,long,filler_after_distractor,be_present__long__77,0.3085813492063492,315,0.01830357142857143
qwen25_3b,be_present,long,filler_after_distractor,be_present__long__79,0.5707589285714286,315,0.028447420634920634
qwen25_3b,be_present,long,filler_after_distractor,be_present__long__793,0.37351190476190477,315,0.013541666666666667
qwen25_3b,be_present,long,filler_after_distractor,be_present__long__833,0.41061507936507935,315,0.020188492063492065
qwen25_3b,be_present,long,filler_after_distractor,be_present__long__835,0.4709573412698413,315,0.014806547619047618
qwen25_3b,be_present,long,filler_after_distractor,be_present__long__888,0.563343253968254,315,0.01847718253968254
qwen25_3b,be_present,long,filler_after_distractor,be_present__long__916,0.5609375,315,0.002232142857142857
qwen25_3b,be_present,long,filler_after_distractor,be_present__long__917,0.5604910714285715,315,0.024379960317460318
qwen25_3b,be_present,long,filler_after_distractor,be_present__long__922,0.6054563492063492,315,0.005505952380952381
qwen25_3b,be_present,long,filler_after_distractor,be_present__long__932,0.6209077380952381,315,-0.005009920634920635
qwen25_3b,be_present,long,filler_after_distractor,be_present__long__984,0.491765873015873,315,0.02452876984126984
qwen25_3b,be_present,long,filler_after_distractor,be_present__long__985,0.41669146825396824,315,-0.0003968253968253968
qwen25_3b,be_present,long,filler_after_distractor,be_present__long__989,0.3459077380952381,315,0.03591269841269841
qwen25_3b,be_present,long,final,be_present__long__101,1.9698660714285714,35,-0.011830357142857142
qwen25_3b,be_present,long,final,be_present__long__1011,2.2125,35,0.11071428571428571
qwen25_3b,be_present,long,final,be_present__long__1024,2.2720982142857142,35,0.12098214285714286
qwen25_3b,be_present,long,final,be_present__long__1062,1.8881696428571428,35,-0.07299107142857143
qwen25_3b,be_present,long,final,be_present__long__1074,2.170982142857143,35,0.12008928571428572
qwen25_3b,be_present,long,final,be_present__long__1079,2.101785714285714,35,0.10200892857142857
qwen25_3b,be_present,long,final,be_present__long__1097,2.2089285714285714,35,0.15089285714285713
qwen25_3b,be_present,long,final,be_present__long__1098,2.2720982142857142,35,0.16160714285714287
qwen25_3b,be_present,long,final,be_present__long__1112,2.1484375,35,0.09308035714285715
qwen25_3b,be_present,long,final,be_present__long__1126,1.9660714285714285,35,0.06897321428571429
qwen25_3b,be_present,long,final,be_present__long__1156,1.8069196428571428,35,0.0484375
qwen25_3b,be_present,long,final,be_present__long__1165,2.4232142857142858,35,0.19107142857142856
qwen25_3b,be_present,long,final,be_present__long__1178,1.9834821428571427,35,-0.006696428571428571
qwen25_3b,be_present,long,final,be_present__long__1179,1.9683035714285715,35,-0.0033482142857142855
qwen25_3b,be_present,long,final,be_present__long__1202,2.3006696428571427,35,0.1392857142857143
qwen25_3b,be_present,long,final,be_present__long__1203,2.2439732142857145,35,0.14642857142857144
qwen25_3b,be_present,long,final,be_present__long__1224,2.2127232142857145,35,0.12589285714285714
qwen25_3b,be_present,long,final,be_present__long__1232,2.1752232142857144,35,0.12946428571428573
qwen25_3b,be_present,long,final,be_present__long__1254,2.0736607142857144,35,0.08482142857142858
qwen25_3b,be_present,long,final,be_present__long__1272,2.2125,35,0.10513392857142857
qwen25_3b,be_present,long,final,be_present__long__1314,2.3395089285714286,35,0.0984375
qwen25_3b,be_present,long,final,be_present__long__1325,2.2462053571428573,35,0.062276785714285715
qwen25_3b,be_present,long,final,be_present__long__1327,2.5122767857142856,35,0.15625
qwen25_3b,be_present,long,final,be_present__long__1345,2.351339285714286,35,0.14866071428571428
qwen25_3b,be_present,long,final,be_present__long__1353,2.1511160714285715,35,0.0375
qwen25_3b,be_present,long,final,be_present__long__1354,2.3933035714285715,35,0.09375
qwen25_3b,be_present,long,final,be_present__long__1360,2.187723214285714,35,0.0828125
qwen25_3b,be_present,long,final,be_present__long__1387,2.0941964285714287,35,0.06205357142857143
qwen25_3b,be_present,long,final,be_present__long__1430,2.3529017857142858,35,0.10558035714285714
qwen25_3b,be_present,long,final,be_present__long__1447,2.6441964285714286,35,0.17566964285714284
qwen25_3b,be_present,long,final,be_present__long__1454,2.1995535714285714,35,-0.012053571428571429
qwen25_3b,be_present,long,final,be_present__long__1459,2.4223214285714287,35,0.21160714285714285
qwen25_3b,be_present,long,final,be_present__long__1465,2.3129464285714287,35,0.10334821428571428
qwen25_3b,be_present,long,final,be_present__long__1472,2.4254464285714286,35,0.22477678571428572
qwen25_3b,be_present,long,final,be_present__long__1474,2.124107142857143,35,0.13638392857142856
qwen25_3b,be_present,long,final,be_present__long__1475,2.4013392857142857,35,0.121875
qwen25_3b,be_present,long,final,be_present__long__1511,2.414732142857143,35,0.17723214285714287
qwen25_3b,be_present,long,final,be_present__long__1568,1.5102678571428572,35,0.038839285714285715
qwen25_3b,be_present,long,final,be_present__long__1587,1.9448660714285715,35,0.054017857142857145
qwen25_3b,be_present,long,final,be_present__long__1622,1.6140625,35,-0.027901785714285716
qwen25_3b,be_present,long,final,be_present__long__1630,2.0984375,35,0.11495535714285714
qwen25_3b,be_present,long,final,be_present__long__1639,2.1131696428571427,35,0.13303571428571428
qwen25_3b,be_present,long,final,be_present__long__186,2.413392857142857,35,0.1669642857142857
qwen25_3b,be_present,long,final,be_present__long__200,2.446205357142857,35,0.1357142857142857
qwen25_3b,be_present,long,final,be_present__long__219,1.6294642857142858,35,0.023214285714285715
qwen25_3b,be_present,long,final,be_present__long__227,1.5522321428571428,35,0.012946428571428572
qwen25_3b,be_present,long,final,be_present__long__238,2.0395089285714287,35,0.022098214285714287
qwen25_3b,be_present,long,final,be_present__long__276,2.5897321428571427,35,0.13392857142857142
qwen25_3b,be_present,long,final,be_present__long__287,2.0194196428571427,35,0.08526785714285715
qwen25_3b,be_present,long,final,be_present__long__293,1.9303571428571429,35,0.09910714285714285
qwen25_3b,be_present,long,final,be_present__long__298,1.5303571428571427,35,0.019196428571428573
qwen25_3b,be_present,long,final,be_present__long__307,1.9928571428571429,35,0.10178571428571428
qwen25_3b,be_present,long,final,be_present__long__310,1.8767857142857143,35,0.071875
qwen25_3b,be_present,long,final,be_present__long__317,1.9044642857142857,35,0.10669642857142857
qwen25_3b,be_present,long,final,be_present__long__33,2.3765625,35,0.17120535714285715
qwen25_3b,be_present,long,final,be_present__long__332,2.468080357142857,35,0.15892857142857142
qwen25_3b,be_present,long,final,be_present__long__333,2.229017857142857,35,0.12053571428571429
qwen25_3b,be_present,long,final,be_present__long__345,2.2459821428571427,35,0.09508928571428571
qwen25_3b,be_present,long,final,be_present__long__351,2.476785714285714,35,0.17589285714285716
qwen25_3b,be_present,long,final,be_present__long__354,2.4535714285714287,35,0.07433035714285714
qwen25_3b,be_present,long,final,be_present__long__355,2.428125,35,0.14441964285714284
qwen25_3b,be_present,long,final,be_present__long__383,2.1444196428571427,35,0.09263392857142858
qwen25_3b,be_present,long,final,be_present__long__399,2.075669642857143,35,0.0421875
qwen25_3b,be_present,long,final,be_present__long__415,2.116294642857143,35,0.1419642857142857
qwen25_3b,be_present,long,final,be_present__long__421,1.7424107142857144,35,-0.11205357142857143
qwen25_3b,be_present,long,final,be_present__long__44,2.515848214285714,35,0.13638392857142856
qwen25_3b,be_present,long,final,be_present__long__451,2.484151785714286,35,0.1453125
qwen25_3b,be_present,long,final,be_present__long__452,2.3220982142857145,35,0.18549107142857144
qwen25_3b,be_present,long,final,be_present__long__487,2.4674107142857142,35,0.09330357142857143
qwen25_3b,be_present,long,final,be_present__long__491,2.399330357142857,35,0.11316964285714286
qwen25_3b,be_present,long,final,be_present__long__496,2.2859375,35,0.11450892857142857
qwen25_3b,be_present,long,final,be_present__long__498,2.070089285714286,35,0.11808035714285714
qwen25_3b,be_present,long,final,be_present__long__533,2.1848214285714285,35,0.13013392857142858
qwen25_3b,be_present,long,final,be_present__long__544,2.4738839285714285,35,0.1549107142857143
qwen25_3b,be_present,long,final,be_present__long__549,2.247544642857143,35,0.09866071428571428
qwen25_3b,be_present,long,final,be_present__long__561,1.4252232142857142,35,-0.07366071428571429
qwen25_3b,be_present,long,final,be_present__long__584,1.9345982142857143,35,0.14241071428571428
qwen25_3b,be_present,long,final,be_present__long__655,2.0301339285714284,35,0.18683035714285715
qwen25_3b,be_present,long,final,be_present__long__66,2.278794642857143,35,0.13080357142857144
qwen25_3b,be_present,long,final,be_present__long__671,2.2783482142857143,35,0.16316964285714286
qwen25_3b,be_present,long,final,be_present__long__68,2.2879464285714284,35,0.06540178571428572
qwen25_3b,be_present,long,final,be_present__long__705,2.1892857142857145,35,0.027901785714285716
qwen25_3b,be_present,long,final,be_present__long__722,1.4618303571428573,35,-0.06941964285714286
qwen25_3b,be_present,long,final,be_present__long__723,1.5620535714285715,35,-0.01607142857142857
qwen25_3b,be_present,long,final,be_present__long__74,2.4761160714285713,35,0.07578125
qwen25_3b,be_present,long,final,be_present__long__760,1.384375,35,-0.02075892857142857
qwen25_3b,be_present,long,final,be_present__long__766,2.200892857142857,35,0.05714285714285714
qwen25_3b,be_present,long,final,be_present__long__77,2.41875,35,0.17767857142857144
qwen25_3b,be_present,long,final,be_present__long__79,2.4457589285714287,35,0.16785714285714284
qwen25_3b,be_present,long,final,be_present__long__793,2.2026785714285713,35,0.12321428571428572
qwen25_3b,be_present,long,final,be_present__long__833,2.2546875,35,0.10424107142857143
qwen25_3b,be_present,long,final,be_present__long__835,2.3399553571428573,35,0.14799107142857143
qwen25_3b,be_present,long,final,be_present__long__888,2.2924107142857144,35,0.12098214285714286
qwen25_3b,be_present,long,final,be_present__long__916,2.3814732142857142,35,0.10401785714285715
qwen25_3b,be_present,long,final,be_present__long__917,2.4953125,35,0.11897321428571428
qwen25_3b,be_present,long,final,be_present__long__922,2.03125,35,0.0029017857142857144
qwen25_3b,be_present,long,final,be_present__long__932,2.0118303571428573,35,-0.03995535714285714
qwen25_3b,be_present,long,final,be_present__long__984,2.3261160714285714,35,0.1888392857142857
qwen25_3b,be_present,long,final,be_present__long__985,2.124776785714286,35,0.08125
qwen25_3b,be_present,long,final,be_present__long__989,2.3816964285714284,35,0.16629464285714285
qwen25_3b,be_present,long,prefix_before_subject,be_present__long__101,-0.10357142857142858,35,-0.0006696428571428571
qwen25_3b,be_present,long,prefix_before_subject,be_present__long__1011,-0.11004464285714285,35,-0.006696428571428571
qwen25_3b,be_present,long,prefix_before_subject,be_present__long__1024,-0.09419642857142857,35,-0.005580357142857143
qwen25_3b,be_present,long,prefix_before_subject,be_present__long__1062,-0.08125,35,-0.0006696428571428571
qwen25_3b,be_present,long,prefix_before_subject,be_present__long__1074,-0.0625,35,0.0008928571428571428
qwen25_3b,be_present,long,prefix_before_subject,be_present__long__1079,-0.060714285714285714,35,-0.006696428571428571
qwen25_3b,be_present,long,prefix_before_subject,be_present__long__1097,-0.06875,35,-0.008482142857142856
qwen25_3b,be_present,long,prefix_before_subject,be_present__long__1098,-0.04441964285714286,35,-0.008258928571428572
qwen25_3b,be_present,long,prefix_before_subject,be_present__long__1112,-0.04732142857142857,35,-0.010714285714285714
qwen25_3b,be_present,long,prefix_before_subject,be_present__long__1126,-0.08883928571428572,35,-0.0015625
qwen25_3b,be_present,long,prefix_before_subject,be_present__long__1156,-0.09397321428571428,35,0.0017857142857142857
qwen25_3b,be_present,long,prefix_before_subject,be_present__long__1165,-0.10334821428571428,35,0.0060267857142857146
qwen25_3b,be_present,long,prefix_before_subject,be_present__long__1178,-0.047544642857142855,35,-0.006473214285714286
qwen25_3b,be_present,long,prefix_before_subject,be_present__long__1179,-0.07589285714285714,35,-0.009375
qwen25_3b,be_present,long,prefix_before_subject,be_present__long__1202,-0.09799107142857143,35,-0.0017857142857142857
qwen25_3b,be_present,long,prefix_before_subject,be_present__long__1203,-0.09129464285714285,35,0.0004464285714285714
qwen25_3b,be_present,long,prefix_before_subject,be_present__long__1224,-0.0890625,35,-0.008035714285714285
qwen25_3b,be_present,long,prefix_before_subject,be_present__long__1232,-0.04888392857142857,35,0.007366071428571428
qwen25_3b,be_present,long,prefix_before_subject,be_present__long__1254,-0.055357142857142855,35,-0.0006696428571428571
qwen25_3b,be_present,long,prefix_before_subject,be_present__long__1272,-0.06696428571428571,35,-0.0015625
qwen25_3b,be_present,long,prefix_before_subject,be_present__long__1314,-0.03571428571428571,35,-0.0006696428571428571
qwen25_3b,be_present,long,prefix_before_subject,be_present__long__1325,-0.11897321428571428,35,-0.002232142857142857
qwen25_3b,be_present,long,prefix_before_subject,be_present__long__1327,-0.11517857142857142,35,-0.011830357142857142
qwen25_3b,be_present,long,prefix_before_subject,be_present__long__1345,-0.0796875,35,-0.003794642857142857
qwen25_3b,be_present,long,prefix_before_subject,be_present__long__1353,-0.07991071428571428,35,-0.009598214285714286
qwen25_3b,be_present,long,prefix_before_subject,be_present__long__1354,-0.0828125,35,-0.0040178571428571425
qwen25_3b,be_present,long,prefix_before_subject,be_present__long__1360,-0.08504464285714286,35,-0.009151785714285715
qwen25_3b,be_present,long,prefix_before_subject,be_present__long__1387,-0.04977678571428571,35,-0.0060267857142857146
qwen25_3b,be_present,long,prefix_before_subject,be_present__long__1430,-0.10022321428571429,35,-0.0020089285714285712
qwen25_3b,be_present,long,prefix_before_subject,be_present__long__1447,-0.08035714285714286,35,-0.0008928571428571428
qwen25_3b,be_present,long,prefix_before_subject,be_present__long__1454,-0.06741071428571428,35,-0.0060267857142857146
qwen25_3b,be_present,long,prefix_before_subject,be_present__long__1459,-0.07455357142857143,35,0.004910714285714286
qwen25_3b,be_present,long,prefix_before_subject,be_present__long__1465,-0.08794642857142858,35,-0.006696428571428571
qwen25_3b,be_present,long,prefix_before_subject,be_present__long__1472,-0.09084821428571428,35,0.0002232142857142857
qwen25_3b,be_present,long,prefix_before_subject,be_present__long__1474,-0.11116071428571428,35,-0.002232142857142857
qwen25_3b,be_present,long,prefix_before_subject,be_present__long__1475,-0.05892857142857143,35,0.006696428571428571
qwen25_3b,be_present,long,prefix_before_subject,be_present__long__1511,-0.05178571428571429,35,0.0060267857142857146
qwen25_3b,be_present,long,prefix_before_subject,be_present__long__1568,-0.05044642857142857,35,0.0
qwen25_3b,be_present,long,prefix_before_subject,be_present__long__1587,-0.09441964285714285,35,-0.006473214285714286
qwen25_3b,be_present,long,prefix_before_subject,be_present__long__1622,-0.08705357142857142,35,0.004910714285714286
qwen25_3b,be_present,long,prefix_before_subject,be_present__long__1630,-0.08638392857142857,35,-0.008705357142857143
qwen25_3b,be_present,long,prefix_before_subject,be_present__long__1639,-0.061830357142857145,35,0.008928571428571428
qwen25_3b,be_present,long,prefix_before_subject,be_present__long__186,-0.07455357142857143,35,-0.0011160714285714285
qwen25_3b,be_present,long,prefix_before_subject,be_present__long__200,-0.06741071428571428,35,-0.011607142857142858
qwen25_3b,be_present,long,prefix_before_subject,be_present__long__219,-0.07767857142857143,35,-0.008035714285714285
qwen25_3b,be_present,long,prefix_before_subject,be_present__long__227,-0.057366071428571426,35,-0.006473214285714286
qwen25_3b,be_present,long,prefix_before_subject,be_present__long__238,-0.07477678571428571,35,0.0078125
qwen25_3b,be_present,long,prefix_before_subject,be_present__long__276,-0.07366071428571429,35,-0.0060267857142857146
qwen25_3b,be_present,long,prefix_before_subject,be_present__long__287,-0.024776785714285713,35,0.004910714285714286
qwen25_3b,be_present,long,prefix_before_subject,be_present__long__293,-0.021205357142857144,35,0.004910714285714286
qwen25_3b,be_present,long,prefix_before_subject,be_present__long__298,-0.027678571428571427,35,0.0017857142857142857
qwen25_3b,be_present,long,prefix_before_subject,be_present__long__307,-0.016294642857142858,35,-0.0011160714285714285
qwen25_3b,be_present,long,prefix_before_subject,be_present__long__310,-0.020535714285714286,35,-0.0035714285714285713
qwen25_3b,be_present,long,prefix_before_subject,be_present__long__317,-0.027678571428571427,35,-0.0004464285714285714
qwen25_3b,be_present,long,prefix_before_subject,be_present__long__33,-0.12589285714285714,35,-0.0046875
qwen25_3b,be_present,long,prefix_before_subject,be_present__long__332,-0.10111607142857143,35,-0.0020089285714285712
qwen25_3b,be_present,long,prefix_before_subject,be_present__long__333,-0.09352678571428572,35,-0.0002232142857142857
qwen25_3b,be_present,long,prefix_before_subject,be_present__long__345,-0.05848214285714286,35,0.012276785714285714
qwen25_3b,be_present,long,prefix_before_subject,be_present__long__351,-0.08013392857142858,35,0.009151785714285715
qwen25_3b,be_present,long,prefix_before_subject,be_present__long__354,-0.05848214285714286,35,-0.0017857142857142857
qwen25_3b,be_present,long,prefix_before_subject,be_present__long__355,-0.08861607142857143,35,0.008035714285714285
qwen25_3b,be_present,long,prefix_before_subject,be_present__long__383,-0.0765625,35,-0.004464285714285714
qwen25_3b,be_present,long,prefix_before_subject,be_present__long__399,-0.038392857142857145,35,0.012946428571428572
qwen25_3b,be_present,long,prefix_before_subject,be_present__long__415,-0.07008928571428572,35,0.0026785714285714286
qwen25_3b,be_present,long,prefix_before_subject,be_present__long__421,-0.10758928571428572,35,-0.004910714285714286
qwen25_3b,be_present,long,prefix_before_subject,be_present__long__44,-0.09776785714285714,35,-0.0029017857142857144
qwen25_3b,be_present,long,prefix_before_subject,be_present__long__451,-0.05089285714285714,35,0.004241071428571428
qwen25_3b,be_present,long,prefix_before_subject,be_present__long__452,-0.0578125,35,0.010267857142857143
qwen25_3b,be_present,long,prefix_before_subject,be_present__long__487,-0.09352678571428572,35,-0.0013392857142857143
qwen25_3b,be_present,long,prefix_before_subject,be_present__long__491,-0.08616071428571428,35,-0.004910714285714286
qwen25_3b,be_present,long,prefix_before_subject,be_present__long__496,-0.054017857142857145,35,-0.004464285714285714
qwen25_3b,be_present,long,prefix_before_subject,be_present__long__498,-0.06049107142857143,35,0.006919642857142857
qwen25_3b,be_present,long,prefix_before_subject,be_present__long__533,-0.06763392857142857,35,-0.0040178571428571425
qwen25_3b,be_present,long,prefix_before_subject,be_present__long__544,-0.07522321428571428,35,0.007366071428571428
qwen25_3b,be_present,long,prefix_before_subject,be_present__long__549,-0.07209821428571428,35,-0.003794642857142857
qwen25_3b,be_present,long,prefix_before_subject,be_present__long__561,-0.0953125,35,-0.0002232142857142857
qwen25_3b,be_present,long,prefix_before_subject,be_present__long__584,-0.1299107142857143,35,0.0046875
qwen25_3b,be_present,long,prefix_before_subject,be_present__long__655,-0.11941964285714286,35,-0.005357142857142857
qwen25_3b,be_present,long,prefix_before_subject,be_present__long__66,-0.07098214285714285,35,-0.0002232142857142857
qwen25_3b,be_present,long,prefix_before_subject,be_present__long__671,-0.06964285714285715,35,0.008035714285714285
qwen25_3b,be_present,long,prefix_before_subject,be_present__long__68,-0.03526785714285714,35,-0.003794642857142857
qwen25_3b,be_present,long,prefix_before_subject,be_present__long__705,-0.00625,35,0.0060267857142857146
qwen25_3b,be_present,long,prefix_before_subject,be_present__long__722,-0.039732142857142855,35,-0.0125
qwen25_3b,be_present,long,prefix_before_subject,be_present__long__723,-0.013392857142857142,35,-0.0017857142857142857
qwen25_3b,be_present,long,prefix_before_subject,be_present__long__74,-0.04933035714285714,35,0.0020089285714285712
qwen25_3b,be_present,long,prefix_before_subject,be_present__long__760,-0.004464285714285714,35,0.0040178571428571425
qwen25_3b,be_present,long,prefix_before_subject,be_present__long__766,-0.05558035714285714,35,-0.0026785714285714286
qwen25_3b,be_present,long,prefix_before_subject,be_present__long__77,-0.07857142857142857,35,0.003794642857142857
qwen25_3b,be_present,long,prefix_before_subject,be_present__long__79,-0.022098214285714287,35,0.015625
qwen25_3b,be_present,long,prefix_before_subject,be_present__long__793,-0.07209821428571428,35,0.0033482142857142855
qwen25_3b,be_present,long,prefix_before_subject,be_present__long__833,-0.09732142857142857,35,-0.006696428571428571
qwen25_3b,be_present,long,prefix_before_subject,be_present__long__835,-0.05066964285714286,35,0.008035714285714285
qwen25_3b,be_present,long,prefix_before_subject,be_present__long__888,-0.053348214285714284,35,0.006473214285714286
qwen25_3b,be_present,long,prefix_before_subject,be_present__long__916,-0.07522321428571428,35,-0.0046875
qwen25_3b,be_present,long,prefix_before_subject,be_present__long__917,-0.07299107142857143,35,0.007589285714285714
qwen25_3b,be_present,long,prefix_before_subject,be_present__long__922,-0.10736607142857142,35,-0.0026785714285714286
qwen25_3b,be_present,long,prefix_before_subject,be_present__long__932,-0.11227678571428572,35,-0.002232142857142857
qwen25_3b,be_present,long,prefix_before_subject,be_present__long__984,-0.08348214285714285,35,0.0006696428571428571
qwen25_3b,be_present,long,prefix_before_subject,be_present__long__985,-0.06383928571428571,35,-0.004910714285714286
qwen25_3b,be_present,long,prefix_before_subject,be_present__long__989,-0.0546875,35,0.009821428571428571
qwen25_3b,be_present,long,subject,be_present__long__101,3.4279017857142855,35,0.013392857142857142
qwen25_3b,be_present,long,subject,be_present__long__1011,4.827455357142857,35,-0.007366071428571428
qwen25_3b,be_present,long,subject,be_present__long__1024,4.8428571428571425,35,-0.0020089285714285712
qwen25_3b,be_present,long,subject,be_present__long__1062,3.383705357142857,35,-0.004241071428571428
qwen25_3b,be_present,long,subject,be_present__long__1074,4.1511160714285715,35,-0.027232142857142858
qwen25_3b,be_present,long,subject,be_present__long__1079,3.6270089285714286,35,-0.0026785714285714286
qwen25_3b,be_present,long,subject,be_present__long__1097,3.9448660714285713,35,0.003125
qwen25_3b,be_present,long,subject,be_present__long__1098,3.2386160714285714,35,-0.014955357142857144
qwen25_3b,be_present,long,subject,be_present__long__1112,3.3796875,35,-0.02611607142857143
qwen25_3b,be_present,long,subject,be_present__long__1126,3.5421875,35,-0.033928571428571426
qwen25_3b,be_present,long,subject,be_present__long__1156,3.625223214285714,35,-0.019866071428571427
qwen25_3b,be_present,long,subject,be_present__long__1165,5.386830357142857,35,0.0609375
qwen25_3b,be_present,long,subject,be_present__long__1178,3.687723214285714,35,0.027678571428571427
qwen25_3b,be_present,long,subject,be_present__long__1179,3.8308035714285715,35,0.002232142857142857
qwen25_3b,be_present,long,subject,be_present__long__1202,4.958705357142857,35,-0.005803571428571429
qwen25_3b,be_present,long,subject,be_present__long__1203,4.840401785714286,35,0.002232142857142857
qwen25_3b,be_present,long,subject,be_present__long__1224,4.756696428571429,35,-0.03370535714285714
qwen25_3b,be_present,long,subject,be_present__long__1232,3.7986607142857145,35,-0.016741071428571428
qwen25_3b,be_present,long,subject,be_present__long__1254,4.411160714285714,35,-0.0453125
qwen25_3b,be_present,long,subject,be_present__long__1272,4.191517857142857,35,-0.025892857142857145
qwen25_3b,be_present,long,subject,be_present__long__1314,4.709821428571429,35,-0.020089285714285716
qwen25_3b,be_present,long,subject,be_present__long__1325,3.5479910714285716,35,0.008705357142857143
qwen25_3b,be_present,long,subject,be_present__long__1327,4.365848214285714,35,-0.006696428571428571
qwen25_3b,be_present,long,subject,be_present__long__1345,3.989955357142857,35,-0.033482142857142856
qwen25_3b,be_present,long,subject,be_present__long__1353,3.3026785714285714,35,-0.0515625
qwen25_3b,be_present,long,subject,be_present__long__1354,4.4582589285714285,35,-0.03370535714285714
qwen25_3b,be_present,long,subject,be_present__long__1360,3.5609375,35,-0.061830357142857145
qwen25_3b,be_present,long,subject,be_present__long__1387,3.3712053571428573,35,-0.0040178571428571425
qwen25_3b,be_present,long,subject,be_present__long__1430,4.115401785714286,35,0.0033482142857142855
qwen25_3b,be_present,long,subject,be_present__long__1447,5.712276785714286,35,-0.0020089285714285712
qwen25_3b,be_present,long,subject,be_present__long__1454,4.629241071428571,35,-0.02857142857142857
qwen25_3b,be_present,long,subject,be_present__long__1459,4.855133928571429,35,0.006696428571428571
qwen25_3b,be_present,long,subject,be_present__long__1465,4.4859375,35,-0.0013392857142857143
qwen25_3b,be_present,long,subject,be_present__long__1472,4.890401785714285,35,0.008705357142857143
qwen25_3b,be_present,long,subject,be_present__long__1474,4.810267857142857,35,0.013839285714285714
qwen25_3b,be_present,long,subject,be_present__long__1475,5.222544642857143,35,0.004464285714285714
qwen25_3b,be_present,long,subject,be_present__long__1511,4.010267857142857,35,-0.002232142857142857
qwen25_3b,be_present,long,subject,be_present__long__1568,2.8267857142857142,35,-0.03125
qwen25_3b,be_present,long,subject,be_present__long__1587,3.2863839285714285,35,-0.052455357142857144
qwen25_3b,be_present,long,subject,be_present__long__1622,2.8475446428571427,35,-0.036830357142857144
qwen25_3b,be_present,long,subject,be_present__long__1630,2.9955357142857144,35,-0.036830357142857144
qwen25_3b,be_present,long,subject,be_present__long__1639,3.606919642857143,35,-0.0011160714285714285
qwen25_3b,be_present,long,subject,be_present__long__186,4.245089285714286,35,-0.02299107142857143
qwen25_3b,be_present,long,subject,be_present__long__200,4.658705357142857,35,-0.029017857142857144
qwen25_3b,be_present,long,subject,be_present__long__219,2.7348214285714287,35,-0.027232142857142858
qwen25_3b,be_present,long,subject,be_present__long__227,2.583482142857143,35,-0.02142857142857143
qwen25_3b,be_present,long,subject,be_present__long__238,3.0484375,35,-0.012276785714285714
qwen25_3b,be_present,long,subject,be_present__long__276,4.373214285714286,35,0.04598214285714286
qwen25_3b,be_present,long,subject,be_present__long__287,3.5816964285714286,35,-0.034375
qwen25_3b,be_present,long,subject,be_present__long__293,3.603125,35,-0.03325892857142857
qwen25_3b,be_present,long,subject,be_present__long__298,2.7457589285714286,35,-0.052008928571428574
qwen25_3b,be_present,long,subject,be_present__long__307,3.471875,35,-0.021205357142857144
qwen25_3b,be_present,long,subject,be_present__long__310,3.5714285714285716,35,-0.037276785714285714
qwen25_3b,be_present,long,subject,be_present__long__317,3.4415178571428573,35,-0.03571428571428571
qwen25_3b,be_present,long,subject,be_present__long__33,3.6676339285714286,35,0.0004464285714285714
qwen25_3b,be_present,long,subject,be_present__long__332,5.291517857142857,35,-0.039285714285714285
qwen25_3b,be_present,long,subject,be_present__long__333,4.363169642857143,35,-0.05223214285714286
qwen25_3b,be_present,long,subject,be_present__long__345,4.476785714285715,35,-0.02075892857142857
qwen25_3b,be_present,long,subject,be_present__long__351,4.4149553571428575,35,-0.026339285714285714
qwen25_3b,be_present,long,subject,be_present__long__354,4.929241071428572,35,-0.023660714285714285
qwen25_3b,be_present,long,subject,be_present__long__355,5.027678571428571,35,-0.010491071428571428
qwen25_3b,be_present,long,subject,be_present__long__383,3.0794642857142858,35,-0.008482142857142856
qwen25_3b,be_present,long,subject,be_present__long__399,2.5919642857142855,35,-0.017857142857142856
qwen25_3b,be_present,long,subject,be_present__long__415,3.696875,35,0.015178571428571428
qwen25_3b,be_present,long,subject,be_present__long__421,3.7640625,35,0.015848214285714285
qwen25_3b,be_present,long,subject,be_present__long__44,2.0198660714285714,35,-0.003794642857142857
qwen25_3b,be_present,long,subject,be_present__long__451,4.269866071428571,35,-0.011830357142857142
qwen25_3b,be_present,long,subject,be_present__long__452,4.257142857142857,35,0.014508928571428572
qwen25_3b,be_present,long,subject,be_present__long__487,3.858482142857143,35,0.052455357142857144
qwen25_3b,be_present,long,subject,be_present__long__491,2.9904017857142855,35,0.03571428571428571
qwen25_3b,be_present,long,subject,be_present__long__496,3.6348214285714286,35,0.022321428571428572
qwen25_3b,be_present,long,subject,be_present__long__498,3.1502232142857145,35,0.029464285714285714
qwen25_3b,be_present,long,subject,be_present__long__533,4.382142857142857,35,0.005357142857142857
qwen25_3b,be_present,long,subject,be_present__long__544,4.6241071428571425,35,0.00625
qwen25_3b,be_present,long,subject,be_present__long__549,4.004017857142857,35,-0.025223214285714286
qwen25_3b,be_present,long,subject,be_present__long__561,3.6372767857142856,35,-0.02388392857142857
qwen25_3b,be_present,long,subject,be_present__long__584,4.242857142857143,35,-0.020089285714285716
qwen25_3b,be_present,long,subject,be_present__long__655,4.840625,35,-0.006473214285714286
qwen25_3b,be_present,long,subject,be_present__long__66,2.3763392857142858,35,0.005803571428571429
qwen25_3b,be_present,long,subject,be_present__long__671,4.543303571428571,35,0.019196428571428573
qwen25_3b,be_present,long,subject,be_present__long__68,3.0200892857142856,35,0.0040178571428571425
qwen25_3b,be_present,long,subject,be_present__long__705,4.033258928571429,35,0.014285714285714285
qwen25_3b,be_present,long,subject,be_present__long__722,2.8424107142857142,35,-0.029910714285714287
qwen25_3b,be_present,long,subject,be_present__long__723,3.0049107142857143,35,-0.03169642857142857
qwen25_3b,be_present,long,subject,be_present__long__74,3.033705357142857,35,0.016294642857142858
qwen25_3b,be_present,long,subject,be_present__long__760,2.5220982142857142,35,-0.01875
qwen25_3b,be_present,long,subject,be_present__long__766,3.187276785714286,35,-0.030580357142857142
qwen25_3b,be_present,long,subject,be_present__long__77,2.643080357142857,35,0.012946428571428572
qwen25_3b,be_present,long,subject,be_present__long__79,2.1705357142857142,35,0.011607142857142858
qwen25_3b,be_present,long,subject,be_present__long__793,3.4082589285714286,35,-0.022321428571428572
qwen25_3b,be_present,long,subject,be_present__long__833,3.283482142857143,35,0.019866071428571427
qwen25_3b,be_present,long,subject,be_present__long__835,3.838169642857143,35,-0.01830357142857143
qwen25_3b,be_present,long,subject,be_present__long__888,4.5453125,35,0.002232142857142857
qwen25_3b,be_present,long,subject,be_present__long__916,3.5279017857142856,35,-0.03482142857142857
qwen25_3b,be_present,long,subject,be_present__long__917,4.1770089285714285,35,-0.020982142857142855
qwen25_3b,be_present,long,subject,be_present__long__922,3.4198660714285714,35,-0.031919642857142855
qwen25_3b,be_present,long,subject,be_present__long__932,3.607142857142857,35,-0.036830357142857144
qwen25_3b,be_present,long,subject,be_present__long__984,5.075,35,-0.03660714285714286
qwen25_3b,be_present,long,subject,be_present__long__985,4.3421875,35,-0.06383928571428571
qwen25_3b,be_present,long,subject,be_present__long__989,4.680357142857143,35,-0.026785714285714284
qwen25_3b,be_present,medium,between_subject_distractor,be_present__medium__1001,1.9555803571428572,70,0.0003348214285714286
qwen25_3b,be_present,medium,between_subject_distractor,be_present__medium__1008,1.9233258928571428,70,0.012053571428571429
qwen25_3b,be_present,medium,between_subject_distractor,be_present__medium__1011,1.9231026785714285,70,0.017075892857142855
qwen25_3b,be_present,medium,between_subject_distractor,be_present__medium__1019,1.6397321428571427,70,0.018191964285714287
qwen25_3b,be_present,medium,between_subject_distractor,be_present__medium__102,1.5002232142857144,70,0.0004464285714285714
qwen25_3b,be_present,medium,between_subject_distractor,be_present__medium__1023,1.90859375,70,-0.006696428571428571
qwen25_3b,be_present,medium,between_subject_distractor,be_present__medium__1080,1.5524553571428572,70,-0.0025669642857142857
qwen25_3b,be_present,medium,between_subject_distractor,be_present__medium__1112,1.5504464285714286,70,-0.015178571428571428
qwen25_3b,be_present,medium,between_subject_distractor,be_present__medium__1114,1.7375,70,0.006138392857142857
qwen25_3b,be_present,medium,between_subject_distractor,be_present__medium__1119,1.402455357142857,70,-0.011830357142857142
qwen25_3b,be_present,medium,between_subject_distractor,be_present__medium__1126,1.7098214285714286,70,0.004799107142857143
qwen25_3b,be_present,medium,between_subject_distractor,be_present__medium__1129,1.3512276785714286,70,-0.00625
qwen25_3b,be_present,medium,between_subject_distractor,be_present__medium__1132,1.75,70,-0.014732142857142857
qwen25_3b,be_present,medium,between_subject_distractor,be_present__medium__1147,1.7849330357142856,70,0.005357142857142857
qwen25_3b,be_present,medium,between_subject_distractor,be_present__medium__1156,1.3,105,0.008779761904761905
qwen25_3b,be_present,medium,between_subject_distractor,be_present__medium__1157,1.0267857142857142,70,-0.0035714285714285713
qwen25_3b,be_present,medium,between_subject_distractor,be_present__medium__1179,1.19453125,70,0.0296875
qwen25_3b,be_present,medium,between_subject_distractor,be_present__medium__1183,0.7229910714285714,70,-0.01875
qwen25_3b,be_present,medium,between_subject_distractor,be_present__medium__1203,1.615625,70,0.013616071428571429
qwen25_3b,be_present,medium,between_subject_distractor,be_present__medium__1224,1.6254464285714285,70,-0.022544642857142857
qwen25_3b,be_present,medium,between_subject_distractor,be_present__medium__125,2.271205357142857,70,0.05412946428571429
qwen25_3b,be_present,medium,between_subject_distractor,be_present__medium__1272,1.293080357142857,70,-0.006919642857142857
qwen25_3b,be_present,medium,between_subject_distractor,be_present__medium__1281,1.2565848214285715,70,-0.010044642857142858
qwen25_3b,be_present,medium,between_subject_distractor,be_present__medium__1304,1.3651785714285714,70,0.010379464285714285
qwen25_3b,be_present,medium,between_subject_distractor,be_present__medium__1312,1.3060267857142858,70,0.013169642857142857
qwen25_3b,be_present,medium,between_subject_distractor,be_present__medium__1327,1.9871651785714286,70,0.04966517857142857
qwen25_3b,be_present,medium,between_subject_distractor,be_present__medium__1331,1.9388392857142858,70,0.02388392857142857
qwen25_3b,be_present,medium,between_subject_distractor,be_present__medium__1354,1.5676339285714285,70,0.025892857142857145
qwen25_3b,be_present,medium,between_subject_distractor,be_present__medium__1360,1.1995535714285714,70,-0.016741071428571428
qwen25_3b,be_present,medium,between_subject_distractor,be_present__medium__1389,1.4678571428571427,70,0.005580357142857143
qwen25_3b,be_present,medium,between_subject_distractor,be_present__medium__1413,2.0652901785714284,70,0.036941964285714286
qwen25_3b,be_present,medium,between_subject_distractor,be_present__medium__1433,1.8850446428571428,70,0.016629464285714286
qwen25_3b,be_present,medium,between_subject_distractor,be_present__medium__1454,1.6595982142857142,70,-0.01685267857142857
qwen25_3b,be_present,medium,between_subject_distractor,be_present__medium__1459,1.5060267857142857,70,0.005022321428571429
qwen25_3b,be_present,medium,between_subject_distractor,be_present__medium__1494,1.9756696428571427,70,-0.009151785714285715
qwen25_3b,be_present,medium,between_subject_distractor,be_present__medium__1506,1.9697544642857143,70,0.011049107142857144
qwen25_3b,be_present,medium,between_subject_distractor,be_present__medium__1587,1.1901785714285715,70,-0.012276785714285714
qwen25_3b,be_present,medium,between_subject_distractor,be_present__medium__1592,1.2662946428571429,70,-0.004910714285714286
qwen25_3b,be_present,medium,between_subject_distractor,be_present__medium__1627,1.160267857142857,70,0.017410714285714286
qwen25_3b,be_present,medium,between_subject_distractor,be_present__medium__163,1.8590401785714286,70,-0.02154017857142857
qwen25_3b,be_present,medium,between_subject_distractor,be_present__medium__1636,0.9810267857142857,70,0.033928571428571426
qwen25_3b,be_present,medium,between_subject_distractor,be_present__medium__164,1.9801339285714286,70,-0.014174107142857143
qwen25_3b,be_present,medium,between_subject_distractor,be_present__medium__185,1.9815848214285714,70,0.034933035714285715
qwen25_3b,be_present,medium,between_subject_distractor,be_present__medium__199,1.1147321428571428,70,-0.009598214285714286
qwen25_3b,be_present,medium,between_subject_distractor,be_present__medium__200,1.7986607142857143,70,0.0078125
qwen25_3b,be_present,medium,between_subject_distractor,be_present__medium__219,0.8225446428571429,70,0.0020089285714285712
qwen25_3b,be_present,medium,between_subject_distractor,be_present__medium__221,1.0314732142857144,70,-0.0033482142857142855
qwen25_3b,be_present,medium,between_subject_distractor,be_present__medium__248,1.7330357142857142,70,0.007142857142857143
qwen25_3b,be_present,medium,between_subject_distractor,be_present__medium__272,1.6981026785714286,70,0.019754464285714285
qwen25_3b,be_present,medium,between_subject_distractor,be_present__medium__30,2.7361607142857145,70,-0.025
qwen25_3b,be_present,medium,between_subject_distractor,be_present__medium__304,1.3908482142857144,70,-0.02075892857142857
qwen25_3b,be_present,medium,between_subject_distractor,be_present__medium__310,1.4796875,70,0.008035714285714285
qwen25_3b,be_present,medium,between_subject_distractor,be_present__medium__333,1.9360491071428572,70,-0.011049107142857144
qwen25_3b,be_present,medium,between_subject_distractor,be_present__medium__352,1.9049107142857142,70,0.0030133928571428573
qwen25_3b,be_present,medium,between_subject_distractor,be_present__medium__353,1.4396205357142857,70,-0.005803571428571429
qwen25_3b,be_present,medium,between_subject_distractor,be_present__medium__372,1.89609375,70,0.018638392857142857
qwen25_3b,be_present,medium,between_subject_distractor,be_present__medium__375,1.8575892857142857,70,0.005133928571428571
qwen25_3b,be_present,medium,between_subject_distractor,be_present__medium__395,1.8885044642857143,70,0.028125
qwen25_3b,be_present,medium,between_subject_distractor,be_present__medium__399,1.1801339285714285,70,-0.0578125
qwen25_3b,be_present,medium,between_subject_distractor,be_present__medium__409,1.3224330357142857,70,0.03125
qwen25_3b,be_present,medium,between_subject_distractor,be_present__medium__421,1.6852678571428572,70,0.06540178571428572
qwen25_3b,be_present,medium,between_subject_distractor,be_present__medium__427,1.5608258928571428,70,-0.005245535714285714
qwen25_3b,be_present,medium,between_subject_distractor,be_present__medium__439,1.2907366071428572,70,0.016629464285714286
qwen25_3b,be_present,medium,between_subject_distractor,be_present__medium__452,2.1565848214285714,70,0.036830357142857144
qwen25_3b,be_present,medium,between_subject_distractor,be_present__medium__454,2.3033482142857142,70,0.04698660714285714
qwen25_3b,be_present,medium,between_subject_distractor,be_present__medium__480,2.1785714285714284,70,0.09899553571428571
qwen25_3b,be_present,medium,between_subject_distractor,be_present__medium__483,1.4106026785714285,70,-0.08504464285714286
qwen25_3b,be_present,medium,between_subject_distractor,be_present__medium__484,1.4813616071428573,70,-0.09241071428571429
qwen25_3b,be_present,medium,between_subject_distractor,be_present__medium__487,1.6237723214285715,70,-0.06640625
qwen25_3b,be_present,medium,between_subject_distractor,be_present__medium__494,1.3368303571428573,70,-0.06752232142857142
qwen25_3b,be_present,medium,between_subject_distractor,be_present__medium__50,1.8276785714285715,70,0.03850446428571429
qwen25_3b,be_present,medium,between_subject_distractor,be_present__medium__523,1.4424107142857143,70,-0.007477678571428572
qwen25_3b,be_present,medium,between_subject_distractor,be_present__medium__561,2.4456473214285714,70,0.03136160714285714
qwen25_3b,be_present,medium,between_subject_distractor,be_present__medium__562,2.214620535714286,70,0.027455357142857142
qwen25_3b,be_present,medium,between_subject_distractor,be_present__medium__567,2.04921875,70,0.0012276785714285714
qwen25_3b,be_present,medium,between_subject_distractor,be_present__medium__57,1.7947544642857143,70,0.029799107142857145
qwen25_3b,be_present,medium,between_subject_distractor,be_present__medium__576,1.1560267857142856,70,0.01015625
qwen25_3b,be_present,medium,between_subject_distractor,be_present__medium__592,1.6891741071428572,70,0.011830357142857142
qwen25_3b,be_present,medium,between_subject_distractor,be_present__medium__619,1.5339285714285715,70,0.06696428571428571
qwen25_3b,be_present,medium,between_subject_distractor,be_present__medium__620,1.695200892857143,70,0.041629464285714284
qwen25_3b,be_present,medium,between_subject_distractor,be_present__medium__629,0.9495535714285714,70,0.0
qwen25_3b,be_present,medium,between_subject_distractor,be_present__medium__630,1.7506696428571429,70,0.03236607142857143
qwen25_3b,be_present,medium,between_subject_distractor,be_present__medium__637,1.4303571428571429,70,0.006696428571428571
qwen25_3b,be_present,medium,between_subject_distractor,be_present__medium__64,1.3683035714285714,70,0.021205357142857144
qwen25_3b,be_present,medium,between_subject_distractor,be_present__medium__651,2.1678571428571427,70,0.014397321428571428
qwen25_3b,be_present,medium,between_subject_distractor,be_present__medium__655,1.95390625,70,0.012723214285714286
qwen25_3b,be_present,medium,between_subject_distractor,be_present__medium__680,2.4293526785714286,70,0.019642857142857142
qwen25_3b,be_present,medium,between_subject_distractor,be_present__medium__713,1.7933035714285714,70,0.012834821428571428
qwen25_3b,be_present,medium,between_subject_distractor,be_present__medium__716,1.2534970238095238,105,0.018526785714285714
qwen25_3b,be_present,medium,between_subject_distractor,be_present__medium__725,0.8011160714285714,70,-0.06272321428571428
qwen25_3b,be_present,medium,between_subject_distractor,be_present__medium__731,1.0375,70,-0.06875
qwen25_3b,be_present,medium,between_subject_distractor,be_present__medium__755,0.9479910714285714,70,-0.05044642857142857
qwen25_3b,be_present,medium,between_subject_distractor,be_present__medium__757,0.9580357142857143,70,-0.06450892857142858
qwen25_3b,be_present,medium,between_subject_distractor,be_present__medium__766,1.5859375,70,-0.018973214285714284
qwen25_3b,be_present,medium,between_subject_distractor,be_present__medium__844,1.3488839285714285,70,-0.003125
qwen25_3b,be_present,medium,between_subject_distractor,be_present__medium__862,0.9785714285714285,70,-0.008705357142857143
qwen25_3b,be_present,medium,between_subject_distractor,be_present__medium__894,1.6466517857142857,70,-0.06830357142857142
qwen25_3b,be_present,medium,between_subject_distractor,be_present__medium__907,1.72109375,70,-0.045200892857142856
qwen25_3b,be_present,medium,between_subject_distractor,be_present__medium__922,1.8920758928571428,70,-0.02142857142857143
qwen25_3b,be_present,medium,between_subject_distractor,be_present__medium__977,1.1388392857142857,70,-0.03359375
qwen25_3b,be_present,medium,distractor,be_present__medium__1001,0.21205357142857142,35,0.045089285714285714
qwen25_3b,be_present,medium,distractor,be_present__medium__1008,0.2794642857142857,35,0.046875
qwen25_3b,be_present,medium,distractor,be_present__medium__1011,0.26473214285714286,35,0.07053571428571428
qwen25_3b,be_present,medium,distractor,be_present__medium__1019,0.14821428571428572,35,0.06205357142857143
qwen25_3b,be_present,medium,distractor,be_present__medium__102,0.15736607142857142,35,0.036830357142857144
qwen25_3b,be_present,medium,distractor,be_present__medium__1023,0.27633928571428573,35,0.07700892857142858
qwen25_3b,be_present,medium,distractor,be_present__medium__1080,-0.004241071428571428,35,-0.09107142857142857
qwen25_3b,be_present,medium,distractor,be_present__medium__1112,0.1921875,35,0.07678571428571429
qwen25_3b,be_present,medium,distractor,be_present__medium__1114,0.11986607142857143,35,0.04397321428571429
qwen25_3b,be_present,medium,distractor,be_present__medium__1119,0.10022321428571429,35,-0.11629464285714286
qwen25_3b,be_present,medium,distractor,be_present__medium__1126,0.26852678571428573,35,0.05022321428571429
qwen25_3b,be_present,medium,distractor,be_present__medium__1129,0.17544642857142856,35,0.05379464285714286
qwen25_3b,be_present,medium,distractor,be_present__medium__1132,0.17566964285714284,35,0.0011160714285714285
qwen25_3b,be_present,medium,distractor,be_present__medium__1147,0.26316964285714284,35,0.08705357142857142
qwen25_3b,be_present,medium,distractor,be_present__medium__1156,0.014285714285714285,35,0.04888392857142857
qwen25_3b,be_present,medium,distractor,be_present__medium__1157,0.0875,35,0.03214285714285714
qwen25_3b,be_present,medium,distractor,be_present__medium__1179,0.20892857142857144,35,0.07589285714285714
qwen25_3b,be_present,medium,distractor,be_present__medium__1183,0.21495535714285716,35,0.013392857142857142
qwen25_3b,be_present,medium,distractor,be_present__medium__1203,0.2138392857142857,35,0.048660714285714286
qwen25_3b,be_present,medium,distractor,be_present__medium__1224,0.048660714285714286,35,0.005357142857142857
qwen25_3b,be_present,medium,distractor,be_present__medium__125,0.159375,35,0.07388392857142857
qwen25_3b,be_present,medium,distractor,be_present__medium__1272,0.02924107142857143,35,0.023660714285714285
qwen25_3b,be_present,medium,distractor,be_present__medium__1281,0.12008928571428572,35,0.05022321428571429
qwen25_3b,be_present,medium,distractor,be_present__medium__1304,0.14598214285714287,35,0.06004464285714286
qwen25_3b,be_present,medium,distractor,be_present__medium__1312,0.18973214285714285,35,0.12209821428571428
qwen25_3b,be_present,medium,distractor,be_present__medium__1327,0.24397321428571428,35,-0.010044642857142858
qwen25_3b,be_present,medium,distractor,be_present__medium__1331,0.28236607142857145,35,0.11294642857142857
qwen25_3b,be_present,medium,distractor,be_present__medium__1354,0.18058035714285714,35,0.05357142857142857
qwen25_3b,be_present,medium,distractor,be_present__medium__1360,0.1455357142857143,35,-0.08839285714285715
qwen25_3b,be_present,medium,distractor,be_present__medium__1389,0.25089285714285714,35,0.03816964285714286
qwen25_3b,be_present,medium,distractor,be_present__medium__1413,0.2875,35,0.09375
qwen25_3b,be_present,medium,distractor,be_present__medium__1433,0.19352678571428572,35,0.11160714285714286
qwen25_3b,be_present,medium,distractor,be_present__medium__1454,0.14642857142857144,35,-0.021875
qwen25_3b,be_present,medium,distractor,be_present__medium__1459,0.2502232142857143,35,0.071875
qwen25_3b,be_present,medium,distractor,be_present__medium__1494,0.11540178571428572,35,0.011607142857142858
qwen25_3b,be_present,medium,distractor,be_present__medium__1506,0.2734375,35,0.09352678571428572
qwen25_3b,be_present,medium,distractor,be_present__medium__1587,0.275,35,-0.002232142857142857
qwen25_3b,be_present,medium,distractor,be_present__medium__1592,0.3125,35,0.06651785714285714
qwen25_3b,be_present,medium,distractor,be_present__medium__1627,0.21517857142857144,35,-0.0017857142857142857
qwen25_3b,be_present,medium,distractor,be_present__medium__163,0.24017857142857144,35,0.06160714285714286
qwen25_3b,be_present,medium,distractor,be_present__medium__1636,0.15200892857142856,35,-0.016294642857142858
qwen25_3b,be_present,medium,distractor,be_present__medium__164,0.1640625,35,0.03950892857142857
qwen25_3b,be_present,medium,distractor,be_present__medium__185,0.534375,35,0.10758928571428572
qwen25_3b,be_present,medium,distractor,be_present__medium__199,0.14151785714285714,35,-0.029464285714285714
qwen25_3b,be_present,medium,distractor,be_present__medium__200,0.346875,35,0.06294642857142857
qwen25_3b,be_present,medium,distractor,be_present__medium__219,0.2279017857142857,35,0.049107142857142856
qwen25_3b,be_present,medium,distractor,be_present__medium__221,0.0011160714285714285,35,-0.012946428571428572
qwen25_3b,be_present,medium,distractor,be_present__medium__248,0.2591517857142857,35,0.06607142857142857
qwen25_3b,be_present,medium,distractor,be_present__medium__272,0.3892857142857143,35,0.05
qwen25_3b,be_present,medium,distractor,be_present__medium__30,0.23370535714285715,35,0.09620535714285715
qwen25_3b,be_present,medium,distractor,be_present__medium__304,0.121875,35,0.05133928571428571
qwen25_3b,be_present,medium,distractor,be_present__medium__310,0.18973214285714285,35,0.06651785714285714
qwen25_3b,be_present,medium,distractor,be_present__medium__333,0.19910714285714284,35,-0.04732142857142857
qwen25_3b,be_present,medium,distractor,be_present__medium__352,0.3513392857142857,35,0.055357142857142855
qwen25_3b,be_present,medium,distractor,be_present__medium__353,0.16495535714285714,35,-0.06294642857142857
qwen25_3b,be_present,medium,distractor,be_present__medium__372,0.3796875,35,0.15602678571428572
qwen25_3b,be_present,medium,distractor,be_present__medium__375,0.3587053571428571,35,0.10357142857142858
qwen25_3b,be_present,medium,distractor,be_present__medium__395,0.34419642857142857,35,0.134375
qwen25_3b,be_present,medium,distractor,be_present__medium__399,0.14486607142857144,35,-0.040625
qwen25_3b,be_present,medium,distractor,be_present__medium__409,0.3236607142857143,35,0.046875
qwen25_3b,be_present,medium,distractor,be_present__medium__421,0.32589285714285715,35,0.06830357142857142
qwen25_3b,be_present,medium,distractor,be_present__medium__427,0.19732142857142856,35,0.01763392857142857
qwen25_3b,be_present,medium,distractor,be_present__medium__439,0.2982142857142857,35,0.027678571428571427
qwen25_3b,be_present,medium,distractor,be_present__medium__452,0.2484375,35,0.05892857142857143
qwen25_3b,be_present,medium,distractor,be_present__medium__454,0.45691964285714287,35,0.15066964285714285
qwen25_3b,be_present,medium,distractor,be_present__medium__480,0.26316964285714284,35,0.04107142857142857
qwen25_3b,be_present,medium,distractor,be_present__medium__483,-0.012946428571428572,35,0.09040178571428571
qwen25_3b,be_present,medium,distractor,be_present__medium__484,0.11183035714285715,35,0.008928571428571428
qwen25_3b,be_present,medium,distractor,be_present__medium__487,0.15625,35,0.025223214285714286
qwen25_3b,be_present,medium,distractor,be_present__medium__494,0.1341517857142857,35,0.007142857142857143
qwen25_3b,be_present,medium,distractor,be_present__medium__50,0.31919642857142855,35,0.08571428571428572
qwen25_3b,be_present,medium,distractor,be_present__medium__523,0.07254464285714286,35,0.07075892857142857
qwen25_3b,be_present,medium,distractor,be_present__medium__561,0.24933035714285715,35,0.12834821428571427
qwen25_3b,be_present,medium,distractor,be_present__medium__562,0.48392857142857143,35,0.12879464285714284
qwen25_3b,be_present,medium,distractor,be_present__medium__567,0.25223214285714285,35,-0.0078125
qwen25_3b,be_present,medium,distractor,be_present__medium__57,0.16763392857142856,35,0.049553571428571426
qwen25_3b,be_present,medium,distractor,be_present__medium__576,0.17723214285714287,35,-0.07544642857142857
qwen25_3b,be_present,medium,distractor,be_present__medium__592,0.11875,35,-0.018526785714285714
qwen25_3b,be_present,medium,distractor,be_present__medium__619,0.3609375,35,0.12008928571428572
qwen25_3b,be_present,medium,distractor,be_present__medium__620,0.22142857142857142,35,0.01763392857142857
qwen25_3b,be_present,medium,distractor,be_present__medium__629,0.026785714285714284,35,0.01875
qwen25_3b,be_present,medium,distractor,be_present__medium__630,0.1575892857142857,35,0.004464285714285714
qwen25_3b,be_present,medium,distractor,be_present__medium__637,0.0017857142857142857,35,-0.08214285714285714
qwen25_3b,be_present,medium,distractor,be_present__medium__64,0.14330357142857142,35,0.014508928571428572
qwen25_3b,be_present,medium,distractor,be_present__medium__651,0.15446428571428572,35,0.05424107142857143
qwen25_3b,be_present,medium,distractor,be_present__medium__655,0.1859375,35,-0.0004464285714285714
qwen25_3b,be_present,medium,distractor,be_present__medium__680,0.3203125,35,0.049107142857142856
qwen25_3b,be_present,medium,distractor,be_present__medium__713,0.2359375,35,-0.012723214285714286
qwen25_3b,be_present,medium,distractor,be_present__medium__716,0.3073660714285714,35,0.037276785714285714
qwen25_3b,be_present,medium,distractor,be_present__medium__725,0.029464285714285714,35,-0.03526785714285714
qwen25_3b,be_present,medium,distractor,be_present__medium__731,0.10669642857142857,35,0.017857142857142856
qwen25_3b,be_present,medium,distractor,be_present__medium__755,0.07410714285714286,35,0.010714285714285714
qwen25_3b,be_present,medium,distractor,be_present__medium__757,0.04151785714285714,35,-0.016517857142857143
qwen25_3b,be_present,medium,distractor,be_present__medium__766,0.20758928571428573,35,-0.004464285714285714
qwen25_3b,be_present,medium,distractor,be_present__medium__844,0.09933035714285714,35,0.009821428571428571
qwen25_3b,be_present,medium,distractor,be_present__medium__862,0.052901785714285714,35,0.020535714285714286
qwen25_3b,be_present,medium,distractor,be_present__medium__894,0.22321428571428573,35,0.03660714285714286
qwen25_3b,be_present,medium,distractor,be_present__medium__907,0.3196428571428571,35,0.05803571428571429
qwen25_3b,be_present,medium,distractor,be_present__medium__922,0.3444196428571429,35,0.08459821428571429
qwen25_3b,be_present,medium,distractor,be_present__medium__977,0.11227678571428572,35,-0.022098214285714287
qwen25_3b,be_present,medium,filler_after_distractor,be_present__medium__1001,0.9866071428571429,105,0.03712797619047619
qwen25_3b,be_present,medium,filler_after_distractor,be_present__medium__1008,0.8888392857142857,105,0.025297619047619048
qwen25_3b,be_present,medium,filler_after_distractor,be_present__medium__1011,1.1637648809523808,105,0.024851190476190475
qwen25_3b,be_present,medium,filler_after_distractor,be_present__medium__1019,0.8581845238095238,105,0.025744047619047618
qwen25_3b,be_present,medium,filler_after_distractor,be_present__medium__102,0.6174107142857143,105,0.03132440476190476
qwen25_3b,be_present,medium,filler_after_distractor,be_present__medium__1023,1.0689732142857142,105,0.03370535714285714
qwen25_3b,be_present,medium,filler_after_distractor,be_present__medium__1080,0.9662946428571428,105,0.030357142857142857
qwen25_3b,be_present,medium,filler_after_distractor,be_present__medium__1112,0.6639136904761904,105,0.025223214285714286
qwen25_3b,be_present,medium,filler_after_distractor,be_present__medium__1114,0.5737351190476191,105,0.06160714285714286
qwen25_3b,be_present,medium,filler_after_distractor,be_present__medium__1119,1.0126488095238095,105,0.06205357142857143
qwen25_3b,be_present,medium,filler_after_distractor,be_present__medium__1126,0.7904017857142858,105,0.0034226190476190476
qwen25_3b,be_present,medium,filler_after_distractor,be_present__medium__1129,0.3984375,105,0.0006696428571428571
qwen25_3b,be_present,medium,filler_after_distractor,be_present__medium__1132,0.47745535714285714,105,-0.01175595238095238
qwen25_3b,be_present,medium,filler_after_distractor,be_present__medium__1147,0.5220238095238096,105,0.04092261904761905
qwen25_3b,be_present,medium,filler_after_distractor,be_present__medium__1156,0.5709821428571429,105,0.03526785714285714
qwen25_3b,be_present,medium,filler_after_distractor,be_present__medium__1157,0.3367559523809524,105,-0.011830357142857142
qwen25_3b,be_present,medium,filler_after_distractor,be_present__medium__1179,0.6482142857142857,105,0.02686011904761905
qwen25_3b,be_present,medium,filler_after_distractor,be_present__medium__1183,0.5919642857142857,105,0.0017857142857142857
qwen25_3b,be_present,medium,filler_after_distractor,be_present__medium__1203,1.0973958333333333,105,0.06212797619047619
qwen25_3b,be_present,medium,filler_after_distractor,be_present__medium__1224,0.9348958333333334,105,0.044642857142857144
qwen25_3b,be_present,medium,filler_after_distractor,be_present__medium__125,0.7599702380952381,105,0.03958333333333333
qwen25_3b,be_present,medium,filler_after_distractor,be_present__medium__1272,0.7249255952380952,105,0.01800595238095238
qwen25_3b,be_present,medium,filler_after_distractor,be_present__medium__1281,0.8593005952380952,105,0.037351190476190475
qwen25_3b,be_present,medium,filler_after_distractor,be_present__medium__1304,1.0774553571428571,105,0.01681547619047619
qwen25_3b,be_present,medium,filler_after_distractor,be_present__medium__1312,0.865922619047619,105,0.02023809523809524
qwen25_3b,be_present,medium,filler_after_distractor,be_present__medium__1327,1.0102678571428572,105,0.024553571428571428
qwen25_3b,be_present,medium,filler_after_distractor,be_present__medium__1331,0.9763392857142857,105,0.020163690476190477
qwen25_3b,be_present,medium,filler_after_distractor,be_present__medium__1354,0.5886904761904762,105,0.024851190476190475
qwen25_3b,be_present,medium,filler_after_distractor,be_present__medium__1360,0.5386904761904762,105,-0.00029761904761904765
qwen25_3b,be_present,medium,filler_after_distractor,be_present__medium__1389,0.6151785714285715,105,0.018898809523809523
qwen25_3b,be_present,medium,filler_after_distractor,be_present__medium__1413,1.1323660714285715,105,0.043675595238095236
qwen25_3b,be_present,medium,filler_after_distractor,be_present__medium__1433,0.8851190476190476,105,0.03519345238095238
qwen25_3b,be_present,medium,filler_after_distractor,be_present__medium__1454,0.8597470238095238,105,0.010416666666666666
qwen25_3b,be_present,medium,filler_after_distractor,be_present__medium__1459,0.7367559523809524,105,0.012946428571428572
qwen25_3b,be_present,medium,filler_after_distractor,be_present__medium__1494,0.8951636904761905,105,0.013392857142857142
qwen25_3b,be_present,medium,filler_after_distractor,be_present__medium__1506,1.1561011904761904,105,0.05066964285714286
qwen25_3b,be_present,medium,filler_after_distractor,be_present__medium__1587,0.7587797619047619,105,0.024553571428571428
qwen25_3b,be_present,medium,filler_after_distractor,be_present__medium__1592,0.6691964285714286,105,0.012946428571428572
qwen25_3b,be_present,medium,filler_after_distractor,be_present__medium__1627,0.7702380952380953,105,0.00625
qwen25_3b,be_present,medium,filler_after_distractor,be_present__medium__163,0.783779761904762,105,0.034523809523809526
qwen25_3b,be_present,medium,filler_after_distractor,be_present__medium__1636,0.5544642857142857,105,0.013541666666666667
qwen25_3b,be_present,medium,filler_after_distractor,be_present__medium__164,0.9039434523809524,105,0.057366071428571426
qwen25_3b,be_present,medium,filler_after_distractor,be_present__medium__185,1.0881696428571428,105,0.07261904761904762
qwen25_3b,be_present,medium,filler_after_distractor,be_present__medium__199,0.44092261904761904,105,0.011607142857142858
qwen25_3b,be_present,medium,filler_after_distractor,be_present__medium__200,0.845014880952381,105,0.04739583333333333
qwen25_3b,be_present,medium,filler_after_distractor,be_present__medium__219,0.47767857142857145,105,-0.006696428571428571
qwen25_3b,be_present,medium,filler_after_distractor,be_present__medium__221,0.46130952380952384,105,0.008482142857142856
qwen25_3b,be_present,medium,filler_after_distractor,be_present__medium__248,0.7039434523809524,105,0.01011904761904762
qwen25_3b,be_present,medium,filler_after_distractor,be_present__medium__272,0.7683035714285714,105,-0.0005208333333333333
qwen25_3b,be_present,medium,filler_after_distractor,be_present__medium__30,0.9094494047619047,105,0.04776785714285714
qwen25_3b,be_present,medium,filler_after_distractor,be_present__medium__304,0.46205357142857145,105,0.0019345238095238096
qwen25_3b,be_present,medium,filler_after_distractor,be_present__medium__310,0.4361607142857143,105,0.003273809523809524
qwen25_3b,be_present,medium,filler_after_distractor,be_present__medium__333,0.60625,105,0.02388392857142857
qwen25_3b,be_present,medium,filler_after_distractor,be_present__medium__352,0.7113095238095238,105,0.04806547619047619
qwen25_3b,be_present,medium,filler_after_distractor,be_present__medium__353,0.7468005952380953,105,0.01681547619047619
qwen25_3b,be_present,medium,filler_after_distractor,be_present__medium__372,1.0869791666666666,105,0.029538690476190475
qwen25_3b,be_present,medium,filler_after_distractor,be_present__medium__375,1.0779017857142856,105,0.029166666666666667
qwen25_3b,be_present,medium,filler_after_distractor,be_present__medium__395,1.080282738095238,105,0.07053571428571428
qwen25_3b,be_present,medium,filler_after_distractor,be_present__medium__399,0.7254464285714286,105,0.003869047619047619
qwen25_3b,be_present,medium,filler_after_distractor,be_present__medium__409,1.108779761904762,105,0.019791666666666666
qwen25_3b,be_present,medium,filler_after_distractor,be_present__medium__421,1.2348214285714285,105,0.0662202380952381
qwen25_3b,be_present,medium,filler_after_distractor,be_present__medium__427,0.9822172619047619,105,0.022544642857142857
qwen25_3b,be_present,medium,filler_after_distractor,be_present__medium__439,1.091592261904762,105,0.02105654761904762
qwen25_3b,be_present,medium,filler_after_distractor,be_present__medium__452,1.0818452380952381,105,0.04598214285714286
qwen25_3b,be_present,medium,filler_after_distractor,be_present__medium__454,1.3108630952380953,105,0.04992559523809524
qwen25_3b,be_present,medium,filler_after_distractor,be_present__medium__480,1.0706101190476192,105,0.07626488095238096
qwen25_3b,be_present,medium,filler_after_distractor,be_present__medium__483,1.1566220238095237,105,0.02544642857142857
qwen25_3b,be_present,medium,filler_after_distractor,be_present__medium__484,0.8763392857142858,105,0.010416666666666666
qwen25_3b,be_present,medium,filler_after_distractor,be_present__medium__487,1.167857142857143,105,0.041741071428571426
qwen25_3b,be_present,medium,filler_after_distractor,be_present__medium__494,0.9040178571428571,105,0.0005208333333333333
qwen25_3b,be_present,medium,filler_after_distractor,be_present__medium__50,0.96875,105,0.05848214285714286
qwen25_3b,be_present,medium,filler_after_distractor,be_present__medium__523,0.5473214285714286,105,0.03311011904761905
qwen25_3b,be_present,medium,filler_after_distractor,be_present__medium__561,0.6230654761904761,105,0.05632440476190476
qwen25_3b,be_present,medium,filler_after_distractor,be_present__medium__562,0.8951636904761905,105,0.05758928571428571
qwen25_3b,be_present,medium,filler_after_distractor,be_present__medium__567,0.5473214285714286,105,0.004836309523809524
qwen25_3b,be_present,medium,filler_after_distractor,be_present__medium__57,0.9901785714285715,105,0.038839285714285715
qwen25_3b,be_present,medium,filler_after_distractor,be_present__medium__576,0.3709077380952381,105,-0.008407738095238095
qwen25_3b,be_present,medium,filler_after_distractor,be_present__medium__592,0.6192708333333333,105,0.01904761904761905
qwen25_3b,be_present,medium,filler_after_distractor,be_present__medium__619,0.8408482142857143,105,0.03080357142857143
qwen25_3b,be_present,medium,filler_after_distractor,be_present__medium__620,0.6282738095238095,105,0.0015625
qwen25_3b,be_present,medium,filler_after_distractor,be_present__medium__629,0.5241071428571429,105,0.003869047619047619
qwen25_3b,be_present,medium,filler_after_distractor,be_present__medium__630,0.4305059523809524,105,0.02023809523809524
qwen25_3b,be_present,medium,filler_after_distractor,be_present__medium__637,0.27395833333333336,105,-0.00744047619047619
qwen25_3b,be_present,medium,filler_after_distractor,be_present__medium__64,1.1406994047619048,105,0.04732142857142857
qwen25_3b,be_present,medium,filler_after_distractor,be_present__medium__651,0.7228422619047619,105,0.06049107142857143
qwen25_3b,be_present,medium,filler_after_distractor,be_present__medium__655,0.6942708333333333,105,0.045089285714285714
qwen25_3b,be_present,medium,filler_after_distractor,be_present__medium__680,0.8304315476190476,105,0.037351190476190475
qwen25_3b,be_present,medium,filler_after_distractor,be_present__medium__713,0.971279761904762,105,0.040625
qwen25_3b,be_present,medium,filler_after_distractor,be_present__medium__716,0.664360119047619,105,0.02351190476190476
qwen25_3b,be_present,medium,filler_after_distractor,be_present__medium__725,0.2220238095238095,105,-0.00818452380952381
qwen25_3b,be_present,medium,filler_after_distractor,be_present__medium__731,0.34151785714285715,105,0.009970238095238095
qwen25_3b,be_present,medium,filler_after_distractor,be_present__medium__755,0.17023809523809524,105,0.006547619047619048
qwen25_3b,be_present,medium,filler_after_distractor,be_present__medium__757,0.1943452380952381,105,0.003869047619047619
qwen25_3b,be_present,medium,filler_after_distractor,be_present__medium__766,0.4089285714285714,105,0.00625
qwen25_3b,be_present,medium,filler_after_distractor,be_present__medium__844,0.665327380952381,105,0.01175595238095238
qwen25_3b,be_present,medium,filler_after_distractor,be_present__medium__862,0.35401785714285716,105,0.0005952380952380953
qwen25_3b,be_present,medium,filler_after_distractor,be_present__medium__894,1.1766369047619047,105,-0.008482142857142856
qwen25_3b,be_present,medium,filler_after_distractor,be_present__medium__907,1.4142113095238096,105,0.03623511904761905
qwen25_3b,be_present,medium,filler_after_distractor,be_present__medium__922,1.4428571428571428,105,0.06383928571428571
qwen25_3b,be_present,medium,filler_after_distractor,be_present__medium__977,0.4455357142857143,105,0.0034226190476190476
qwen25_3b,be_present,medium,final,be_present__medium__1001,2.9591517857142855,35,0.11316964285714286
qwen25_3b,be_present,medium,final,be_present__medium__1008,3.005580357142857,35,0.14129464285714285
qwen25_3b,be_present,medium,final,be_present__medium__1011,3.341517857142857,35,0.12589285714285714
qwen25_3b,be_present,medium,final,be_present__medium__1019,2.710044642857143,35,0.07120535714285714
qwen25_3b,be_present,medium,final,be_present__medium__102,2.2455357142857144,35,0.09754464285714286
qwen25_3b,be_present,medium,final,be_present__medium__1023,3.0421875,35,0.10714285714285714
qwen25_3b,be_present,medium,final,be_present__medium__1080,2.618080357142857,35,0.075
qwen25_3b,be_present,medium,final,be_present__medium__1112,2.8799107142857143,35,0.11071428571428571
qwen25_3b,be_present,medium,final,be_present__medium__1114,3.0095982142857145,35,0.17790178571428572
qwen25_3b,be_present,medium,final,be_present__medium__1119,2.5765625,35,0.08883928571428572
qwen25_3b,be_present,medium,final,be_present__medium__1126,2.96875,35,-0.008035714285714285
qwen25_3b,be_present,medium,final,be_present__medium__1129,2.2098214285714284,35,0.0890625
qwen25_3b,be_present,medium,final,be_present__medium__1132,2.617410714285714,35,0.15558035714285715
qwen25_3b,be_present,medium,final,be_present__medium__1147,2.8075892857142857,35,0.140625
qwen25_3b,be_present,medium,final,be_present__medium__1156,2.8828125,35,0.09955357142857142
qwen25_3b,be_present,medium,final,be_present__medium__1157,2.007142857142857,35,0.008482142857142856
qwen25_3b,be_present,medium,final,be_present__medium__1179,2.9419642857142856,35,0.06540178571428572
qwen25_3b,be_present,medium,final,be_present__medium__1183,2.111607142857143,35,0.061830357142857145
qwen25_3b,be_present,medium,final,be_present__medium__1203,3.7841517857142857,35,0.1890625
qwen25_3b,be_present,medium,final,be_present__medium__1224,3.3095982142857143,35,0.15602678571428572
qwen25_3b,be_present,medium,final,be_present__medium__125,2.9265625,35,0.10602678571428571
qwen25_3b,be_present,medium,final,be_present__medium__1272,2.5667410714285714,35,0.040848214285714286
qwen25_3b,be_present,medium,final,be_present__medium__1281,2.771205357142857,35,0.10714285714285714
qwen25_3b,be_present,medium,final,be_present__medium__1304,2.997767857142857,35,0.06473214285714286
qwen25_3b,be_present,medium,final,be_present__medium__1312,2.7265625,35,0.029910714285714287
qwen25_3b,be_present,medium,final,be_present__medium__1327,3.0823660714285714,35,0.12522321428571428
qwen25_3b,be_present,medium,final,be_present__medium__1331,2.9075892857142858,35,0.12455357142857143
qwen25_3b,be_present,medium,final,be_present__medium__1354,2.3573660714285714,35,0.054017857142857145
qwen25_3b,be_present,medium,final,be_present__medium__1360,2.038392857142857,35,0.004464285714285714
qwen25_3b,be_present,medium,final,be_present__medium__1389,2.1205357142857144,35,-0.005357142857142857
qwen25_3b,be_present,medium,final,be_present__medium__1413,3.408482142857143,35,0.12075892857142857
qwen25_3b,be_present,medium,final,be_present__medium__1433,2.9261160714285714,35,0.07410714285714286
qwen25_3b,be_present,medium,final,be_present__medium__1454,3.215625,35,0.06383928571428571
qwen25_3b,be_present,medium,final,be_present__medium__1459,3.1497767857142858,35,0.07209821428571428
qwen25_3b,be_present,medium,final,be_present__medium__1494,3.0841517857142855,35,0.07991071428571428
qwen25_3b,be_present,medium,final,be_present__medium__1506,3.2774553571428573,35,0.11696428571428572
qwen25_3b,be_present,medium,final,be_present__medium__1587,2.134375,35,0.021651785714285714
qwen25_3b,be_present,medium,final,be_present__medium__1592,2.3214285714285716,35,0.02142857142857143
qwen25_3b,be_present,medium,final,be_present__medium__1627,2.649330357142857,35,0.09866071428571428
qwen25_3b,be_present,medium,final,be_present__medium__163,2.6783482142857142,35,0.03794642857142857
qwen25_3b,be_present,medium,final,be_present__medium__1636,2.147767857142857,35,0.06517857142857143
qwen25_3b,be_present,medium,final,be_present__medium__164,2.7589285714285716,35,0.06272321428571428
qwen25_3b,be_present,medium,final,be_present__medium__185,2.827901785714286,35,0.054464285714285715
qwen25_3b,be_present,medium,final,be_present__medium__199,1.7473214285714285,35,0.014732142857142857
qwen25_3b,be_present,medium,final,be_present__medium__200,2.696875,35,0.1046875
qwen25_3b,be_present,medium,final,be_present__medium__219,1.7075892857142858,35,0.007589285714285714
qwen25_3b,be_present,medium,final,be_present__medium__221,2.1828125,35,0.007366071428571428
qwen25_3b,be_present,medium,final,be_present__medium__248,2.4964285714285714,35,0.06205357142857143
qwen25_3b,be_present,medium,final,be_present__medium__272,2.7136160714285715,35,0.03415178571428571
qwen25_3b,be_present,medium,final,be_present__medium__30,3.6419642857142858,35,0.19263392857142858
qwen25_3b,be_present,medium,final,be_present__medium__304,2.145982142857143,35,0.01607142857142857
qwen25_3b,be_present,medium,final,be_present__medium__310,2.2151785714285714,35,0.04575892857142857
qwen25_3b,be_present,medium,final,be_present__medium__333,2.696205357142857,35,0.12388392857142858
qwen25_3b,be_present,medium,final,be_present__medium__352,2.897767857142857,35,0.09977678571428572
qwen25_3b,be_present,medium,final,be_present__medium__353,2.2986607142857145,35,0.04308035714285714
qwen25_3b,be_present,medium,final,be_present__medium__372,3.1035714285714286,35,0.08147321428571429
qwen25_3b,be_present,medium,final,be_present__medium__375,2.849107142857143,35,0.10066964285714286
qwen25_3b,be_present,medium,final,be_present__medium__395,3.121875,35,0.1109375
qwen25_3b,be_present,medium,final,be_present__medium__399,2.146875,35,0.0015625
qwen25_3b,be_present,medium,final,be_present__medium__409,2.614955357142857,35,0.07053571428571428
qwen25_3b,be_present,medium,final,be_present__medium__421,3.2950892857142855,35,0.08995535714285714
qwen25_3b,be_present,medium,final,be_present__medium__427,3.0238839285714287,35,0.08504464285714286
qwen25_3b,be_present,medium,final,be_present__medium__439,2.625669642857143,35,0.059821428571428574
qwen25_3b,be_present,medium,final,be_present__medium__452,3.1055803571428573,35,0.10848214285714286
qwen25_3b,be_present,medium,final,be_present__medium__454,3.3544642857142857,35,0.15379464285714287
qwen25_3b,be_present,medium,final,be_present__medium__480,3.0738839285714286,35,0.16339285714285715
qwen25_3b,be_present,medium,final,be_present__medium__483,2.8703125,35,0.10491071428571429
qwen25_3b,be_present,medium,final,be_present__medium__484,2.9207589285714284,35,0.11339285714285714
qwen25_3b,be_present,medium,final,be_present__medium__487,3.265848214285714,35,0.1470982142857143
qwen25_3b,be_present,medium,final,be_present__medium__494,2.3995535714285716,35,0.04017857142857143
qwen25_3b,be_present,medium,final,be_present__medium__50,4.1457589285714285,35,0.26941964285714287
qwen25_3b,be_present,medium,final,be_present__medium__523,2.3,35,0.13973214285714286
qwen25_3b,be_present,medium,final,be_present__medium__561,3.025,35,0.259375
qwen25_3b,be_present,medium,final,be_present__medium__562,3.165625,35,0.3111607142857143
qwen25_3b,be_present,medium,final,be_present__medium__567,2.9647321428571427,35,0.2629464285714286
qwen25_3b,be_present,medium,final,be_present__medium__57,3.2348214285714287,35,0.10178571428571428
qwen25_3b,be_present,medium,final,be_present__medium__576,1.9151785714285714,35,0.040625
qwen25_3b,be_present,medium,final,be_present__medium__592,2.4729910714285714,35,0.0953125
qwen25_3b,be_present,medium,final,be_present__medium__619,2.4629464285714286,35,0.06540178571428572
qwen25_3b,be_present,medium,final,be_present__medium__620,2.3223214285714286,35,0.049107142857142856
qwen25_3b,be_present,medium,final,be_present__medium__629,2.0254464285714286,35,0.005357142857142857
qwen25_3b,be_present,medium,final,be_present__medium__630,2.132142857142857,35,0.05825892857142857
qwen25_3b,be_present,medium,final,be_present__medium__637,1.7529017857142857,35,0.011830357142857142
qwen25_3b,be_present,medium,final,be_present__medium__64,3.914955357142857,35,0.103125
qwen25_3b,be_present,medium,final,be_present__medium__651,3.0526785714285714,35,0.09598214285714286
qwen25_3b,be_present,medium,final,be_present__medium__655,2.8267857142857142,35,0.07209821428571428
qwen25_3b,be_present,medium,final,be_present__medium__680,3.6575892857142858,35,0.0953125
qwen25_3b,be_present,medium,final,be_present__medium__713,3.4707589285714286,35,0.11785714285714285
qwen25_3b,be_present,medium,final,be_present__medium__716,2.8066964285714286,35,0.054464285714285715
qwen25_3b,be_present,medium,final,be_present__medium__725,1.5162946428571429,35,-0.01875
qwen25_3b,be_present,medium,final,be_present__medium__731,1.6716517857142856,35,0.014285714285714285
qwen25_3b,be_present,medium,final,be_present__medium__755,1.4558035714285715,35,0.003125
qwen25_3b,be_present,medium,final,be_present__medium__757,1.2953125,35,-0.017857142857142856
qwen25_3b,be_present,medium,final,be_present__medium__766,2.086607142857143,35,0.028348214285714286
qwen25_3b,be_present,medium,final,be_present__medium__844,2.409375,35,0.08616071428571428
qwen25_3b,be_present,medium,final,be_present__medium__862,1.7243303571428572,35,0.013839285714285714
qwen25_3b,be_present,medium,final,be_present__medium__894,2.9473214285714286,35,0.016964285714285713
qwen25_3b,be_present,medium,final,be_present__medium__907,3.072767857142857,35,0.12834821428571427
qwen25_3b,be_present,medium,final,be_present__medium__922,3.325,35,0.103125
qwen25_3b,be_present,medium,final,be_present__medium__977,1.9203125,35,0.013839285714285714
qwen25_3b,be_present,medium,prefix_before_subject,be_present__medium__1001,-0.0013392857142857143,35,-0.0060267857142857146
qwen25_3b,be_present,medium,prefix_before_subject,be_present__medium__1008,-0.006696428571428571,35,-0.008928571428571428
qwen25_3b,be_present,medium,prefix_before_subject,be_present__medium__1011,-0.0004464285714285714,35,-0.005803571428571429
qwen25_3b,be_present,medium,prefix_before_subject,be_present__medium__1019,-0.012723214285714286,35,-0.005133928571428571
qwen25_3b,be_present,medium,prefix_before_subject,be_present__medium__102,0.04375,35,0.008035714285714285
qwen25_3b,be_present,medium,prefix_before_subject,be_present__medium__1023,0.012053571428571429,35,-0.003125
qwen25_3b,be_present,medium,prefix_before_subject,be_present__medium__1080,0.012053571428571429,35,0.0011160714285714285
qwen25_3b,be_present,medium,prefix_before_subject,be_present__medium__1112,-0.03482142857142857,35,-0.0029017857142857144
qwen25_3b,be_present,medium,prefix_before_subject,be_present__medium__1114,-0.031473214285714285,35,-0.009821428571428571
qwen25_3b,be_present,medium,prefix_before_subject,be_present__medium__1119,-0.022767857142857142,35,0.007366071428571428
qwen25_3b,be_present,medium,prefix_before_subject,be_present__medium__1126,-0.019866071428571427,35,0.005803571428571429
qwen25_3b,be_present,medium,prefix_before_subject,be_present__medium__1129,-0.024553571428571428,35,0.005357142857142857
qwen25_3b,be_present,medium,prefix_before_subject,be_present__medium__1132,-0.04598214285714286,35,-0.0008928571428571428
qwen25_3b,be_present,medium,prefix_before_subject,be_present__medium__1147,-0.02142857142857143,35,0.010044642857142858
qwen25_3b,be_present,medium,prefix_before_subject,be_present__medium__1156,-0.04375,35,-0.002455357142857143
qwen25_3b,be_present,medium,prefix_before_subject,be_present__medium__1157,-0.029017857142857144,35,0.009821428571428571
qwen25_3b,be_present,medium,prefix_before_subject,be_present__medium__1179,-0.02857142857142857,35,0.0004464285714285714
qwen25_3b,be_present,medium,prefix_before_subject,be_present__medium__1183,-0.005357142857142857,35,0.007142857142857143
qwen25_3b,be_present,medium,prefix_before_subject,be_present__medium__1203,0.021875,35,0.005133928571428571
qwen25_3b,be_present,medium,prefix_before_subject,be_present__medium__1224,0.005357142857142857,35,0.00625
qwen25_3b,be_present,medium,prefix_before_subject,be_present__medium__125,0.01763392857142857,35,0.008035714285714285
qwen25_3b,be_present,medium,prefix_before_subject,be_present__medium__1272,0.009151785714285715,35,-0.0004464285714285714
qwen25_3b,be_present,medium,prefix_before_subject,be_present__medium__1281,0.03236607142857143,35,-0.009821428571428571
qwen25_3b,be_present,medium,prefix_before_subject,be_present__medium__1304,0.012053571428571429,35,-0.0060267857142857146
qwen25_3b,be_present,medium,prefix_before_subject,be_present__medium__1312,0.02924107142857143,35,-0.008928571428571428
qwen25_3b,be_present,medium,prefix_before_subject,be_present__medium__1327,0.0390625,35,-0.0060267857142857146
qwen25_3b,be_present,medium,prefix_before_subject,be_present__medium__1331,0.0011160714285714285,35,-0.015625
qwen25_3b,be_present,medium,prefix_before_subject,be_present__medium__1354,-0.009151785714285715,35,-0.006696428571428571
qwen25_3b,be_present,medium,prefix_before_subject,be_present__medium__1360,0.013392857142857142,35,-0.015625
qwen25_3b,be_present,medium,prefix_before_subject,be_present__medium__1389,-0.00625,35,-0.008482142857142856
qwen25_3b,be_present,medium,prefix_before_subject,be_present__medium__1413,0.006696428571428571,35,0.0020089285714285712
qwen25_3b,be_present,medium,prefix_before_subject,be_present__medium__1433,-0.009598214285714286,35,-0.007142857142857143
qwen25_3b,be_present,medium,prefix_before_subject,be_present__medium__1454,0.0015625,35,0.0020089285714285712
qwen25_3b,be_present,medium,prefix_before_subject,be_present__medium__1459,-0.0020089285714285712,35,0.0029017857142857144
qwen25_3b,be_present,medium,prefix_before_subject,be_present__medium__1494,-0.010714285714285714,35,-0.0008928571428571428
qwen25_3b,be_present,medium,prefix_before_subject,be_present__medium__1506,0.0140625,35,0.005803571428571429
qwen25_3b,be_present,medium,prefix_before_subject,be_present__medium__1587,-0.014285714285714285,35,0.002232142857142857
qwen25_3b,be_present,medium,prefix_before_subject,be_present__medium__1592,-0.004910714285714286,35,-0.0040178571428571425
qwen25_3b,be_present,medium,prefix_before_subject,be_present__medium__1627,0.01875,35,0.008482142857142856
qwen25_3b,be_present,medium,prefix_before_subject,be_present__medium__163,0.0011160714285714285,35,-0.0040178571428571425
qwen25_3b,be_present,medium,prefix_before_subject,be_present__medium__1636,0.008482142857142856,35,0.005357142857142857
qwen25_3b,be_present,medium,prefix_before_subject,be_present__medium__164,0.02075892857142857,35,0.008035714285714285
qwen25_3b,be_present,medium,prefix_before_subject,be_present__medium__185,0.0026785714285714286,35,0.0008928571428571428
qwen25_3b,be_present,medium,prefix_before_subject,be_present__medium__199,0.0125,35,0.0035714285714285713
qwen25_3b,be_present,medium,prefix_before_subject,be_present__medium__200,0.020982142857142855,35,-0.011830357142857142
qwen25_3b,be_present,medium,prefix_before_subject,be_present__medium__219,-0.0026785714285714286,35,0.005803571428571429
qwen25_3b,be_present,medium,prefix_before_subject,be_present__medium__221,-0.014285714285714285,35,0.005803571428571429
qwen25_3b,be_present,medium,prefix_before_subject,be_present__medium__248,0.020089285714285716,35,0.006473214285714286
qwen25_3b,be_present,medium,prefix_before_subject,be_present__medium__272,0.023214285714285715,35,-0.008258928571428572
qwen25_3b,be_present,medium,prefix_before_subject,be_present__medium__30,0.02142857142857143,35,-0.0013392857142857143
qwen25_3b,be_present,medium,prefix_before_subject,be_present__medium__304,0.0013392857142857143,35,-0.008928571428571428
qwen25_3b,be_present,medium,prefix_before_subject,be_present__medium__310,0.016964285714285713,35,-0.004464285714285714
qwen25_3b,be_present,medium,prefix_before_subject,be_present__medium__333,-0.032589285714285716,35,-0.0020089285714285712
qwen25_3b,be_present,medium,prefix_before_subject,be_present__medium__352,-0.015848214285714285,35,-0.004241071428571428
qwen25_3b,be_present,medium,prefix_before_subject,be_present__medium__353,-0.032589285714285716,35,0.0040178571428571425
qwen25_3b,be_present,medium,prefix_before_subject,be_present__medium__372,0.03571428571428571,35,0.0017857142857142857
qwen25_3b,be_present,medium,prefix_before_subject,be_present__medium__375,0.010044642857142858,35,0.0013392857142857143
qwen25_3b,be_present,medium,prefix_before_subject,be_present__medium__395,0.027455357142857142,35,0.010267857142857143
qwen25_3b,be_present,medium,prefix_before_subject,be_present__medium__399,-0.005803571428571429,35,-0.0013392857142857143
qwen25_3b,be_present,medium,prefix_before_subject,be_present__medium__409,0.019866071428571427,35,0.002232142857142857
qwen25_3b,be_present,medium,prefix_before_subject,be_present__medium__421,-0.005580357142857143,35,-0.0017857142857142857
qwen25_3b,be_present,medium,prefix_before_subject,be_present__medium__427,-0.015401785714285715,35,-0.0006696428571428571
qwen25_3b,be_present,medium,prefix_before_subject,be_present__medium__439,-0.003125,35,0.003794642857142857
qwen25_3b,be_present,medium,prefix_before_subject,be_present__medium__452,0.008705357142857143,35,-0.010044642857142858
qwen25_3b,be_present,medium,prefix_before_subject,be_present__medium__454,0.02142857142857143,35,-0.0040178571428571425
qwen25_3b,be_present,medium,prefix_before_subject,be_present__medium__480,0.036830357142857144,35,0.01875
qwen25_3b,be_present,medium,prefix_before_subject,be_present__medium__483,0.03526785714285714,35,-0.0015625
qwen25_3b,be_present,medium,prefix_before_subject,be_present__medium__484,0.010267857142857143,35,0.0015625
qwen25_3b,be_present,medium,prefix_before_subject,be_present__medium__487,0.037276785714285714,35,0.002232142857142857
qwen25_3b,be_present,medium,prefix_before_subject,be_present__medium__494,0.005133928571428571,35,0.0
qwen25_3b,be_present,medium,prefix_before_subject,be_present__medium__50,0.046205357142857145,35,0.007589285714285714
qwen25_3b,be_present,medium,prefix_before_subject,be_present__medium__523,0.0015625,35,0.0040178571428571425
qwen25_3b,be_present,medium,prefix_before_subject,be_present__medium__561,-0.03816964285714286,35,-0.014285714285714285
qwen25_3b,be_present,medium,prefix_before_subject,be_present__medium__562,-0.01607142857142857,35,-0.0011160714285714285
qwen25_3b,be_present,medium,prefix_before_subject,be_present__medium__567,-0.031919642857142855,35,0.0
qwen25_3b,be_present,medium,prefix_before_subject,be_present__medium__57,0.015625,35,0.0011160714285714285
qwen25_3b,be_present,medium,prefix_before_subject,be_present__medium__576,0.006696428571428571,35,0.005357142857142857
qwen25_3b,be_present,medium,prefix_before_subject,be_present__medium__592,-0.014285714285714285,35,0.008928571428571428
qwen25_3b,be_present,medium,prefix_before_subject,be_present__medium__619,-0.009375,35,0.007142857142857143
qwen25_3b,be_present,medium,prefix_before_subject,be_present__medium__620,-0.025669642857142856,35,-0.007142857142857143
qwen25_3b,be_present,medium,prefix_before_subject,be_present__medium__629,0.013392857142857142,35,-0.0026785714285714286
qwen25_3b,be_present,medium,prefix_before_subject,be_present__medium__630,-0.024553571428571428,35,0.0004464285714285714
qwen25_3b,be_present,medium,prefix_before_subject,be_present__medium__637,-0.014732142857142857,35,-0.0004464285714285714
qwen25_3b,be_present,medium,prefix_before_subject,be_present__medium__64,0.024330357142857143,35,0.0002232142857142857
qwen25_3b,be_present,medium,prefix_before_subject,be_present__medium__651,-0.03125,35,-0.011830357142857142
qwen25_3b,be_present,medium,prefix_before_subject,be_present__medium__655,-0.045089285714285714,35,0.0008928571428571428
qwen25_3b,be_present,medium,prefix_before_subject,be_present__medium__680,-0.022098214285714287,35,-0.0060267857142857146
qwen25_3b,be_present,medium,prefix_before_subject,be_present__medium__713,-0.011160714285714286,35,-0.014955357142857144
qwen25_3b,be_present,medium,prefix_before_subject,be_present__medium__716,0.02544642857142857,35,0.002455357142857143
qwen25_3b,be_present,medium,prefix_before_subject,be_present__medium__725,0.029017857142857144,35,-0.00625
qwen25_3b,be_present,medium,prefix_before_subject,be_present__medium__731,0.05089285714285714,35,0.0035714285714285713
qwen25_3b,be_present,medium,prefix_before_subject,be_present__medium__755,0.04285714285714286,35,-0.0004464285714285714
qwen25_3b,be_present,medium,prefix_before_subject,be_present__medium__757,0.026339285714285714,35,-0.0008928571428571428
qwen25_3b,be_present,medium,prefix_before_subject,be_present__medium__766,-0.0026785714285714286,35,0.008482142857142856
qwen25_3b,be_present,medium,prefix_before_subject,be_present__medium__844,0.0375,35,0.006696428571428571
qwen25_3b,be_present,medium,prefix_before_subject,be_present__medium__862,0.024107142857142858,35,-0.0004464285714285714
qwen25_3b,be_present,medium,prefix_before_subject,be_present__medium__894,-0.0011160714285714285,35,-0.0017857142857142857
qwen25_3b,be_present,medium,prefix_before_subject,be_present__medium__907,-0.015625,35,-0.0004464285714285714
qwen25_3b,be_present,medium,prefix_before_subject,be_present__medium__922,0.030580357142857142,35,-0.0029017857142857144
qwen25_3b,be_present,medium,prefix_before_subject,be_present__medium__977,-0.011160714285714286,35,-0.00625
qwen25_3b,be_present,medium,subject,be_present__medium__1001,4.501116071428571,35,-0.010714285714285714
qwen25_3b,be_present,medium,subject,be_present__medium__1008,4.8234375,35,-0.010491071428571428
qwen25_3b,be_present,medium,subject,be_present__medium__1011,5.000669642857143,35,0.0046875
qwen25_3b,be_present,medium,subject,be_present__medium__1019,3.9073660714285716,35,-0.005580357142857143
qwen25_3b,be_present,medium,subject,be_present__medium__102,3.4571428571428573,35,0.016517857142857143
qwen25_3b,be_present,medium,subject,be_present__medium__1023,4.318080357142857,35,-0.005357142857142857
qwen25_3b,be_present,medium,subject,be_present__medium__1080,3.8330357142857143,35,-0.025
qwen25_3b,be_present,medium,subject,be_present__medium__1112,4.113169642857143,35,-0.014285714285714285
qwen25_3b,be_present,medium,subject,be_present__medium__1114,4.5875,35,-0.010714285714285714
qwen25_3b,be_present,medium,subject,be_present__medium__1119,3.8276785714285713,35,-0.0033482142857142855
qwen25_3b,be_present,medium,subject,be_present__medium__1126,3.4526785714285713,35,-0.027008928571428573
qwen25_3b,be_present,medium,subject,be_present__medium__1129,3.9035714285714285,35,-0.027678571428571427
qwen25_3b,be_present,medium,subject,be_present__medium__1132,4.3734375,35,-0.03169642857142857
qwen25_3b,be_present,medium,subject,be_present__medium__1147,4.524776785714286,35,-0.009375
qwen25_3b,be_present,medium,subject,be_present__medium__1156,3.990625,35,-0.024330357142857143
qwen25_3b,be_present,medium,subject,be_present__medium__1157,2.900669642857143,35,-0.0060267857142857146
qwen25_3b,be_present,medium,subject,be_present__medium__1179,4.835267857142857,35,0.06964285714285715
qwen25_3b,be_present,medium,subject,be_present__medium__1183,4.352678571428571,35,0.07678571428571429
qwen25_3b,be_present,medium,subject,be_present__medium__1203,5.638616071428571,35,0.002232142857142857
qwen25_3b,be_present,medium,subject,be_present__medium__1224,5.018526785714286,35,-0.044642857142857144
qwen25_3b,be_present,medium,subject,be_present__medium__125,3.5296875,35,0.0060267857142857146
qwen25_3b,be_present,medium,subject,be_present__medium__1272,4.5754464285714285,35,-0.04330357142857143
qwen25_3b,be_present,medium,subject,be_present__medium__1281,4.3368303571428575,35,-0.006696428571428571
qwen25_3b,be_present,medium,subject,be_present__medium__1304,4.378794642857143,35,-0.020982142857142855
qwen25_3b,be_present,medium,subject,be_present__medium__1312,4.1901785714285715,35,-0.03660714285714286
qwen25_3b,be_present,medium,subject,be_present__medium__1327,4.9287946428571425,35,0.008705357142857143
qwen25_3b,be_present,medium,subject,be_present__medium__1331,4.491964285714285,35,-0.018526785714285714
qwen25_3b,be_present,medium,subject,be_present__medium__1354,3.695089285714286,35,-0.03459821428571429
qwen25_3b,be_present,medium,subject,be_present__medium__1360,2.9214285714285713,35,-0.049107142857142856
qwen25_3b,be_present,medium,subject,be_present__medium__1389,3.05625,35,-0.022321428571428572
qwen25_3b,be_present,medium,subject,be_present__medium__1413,4.5796875,35,0.020982142857142855
qwen25_3b,be_present,medium,subject,be_present__medium__1433,4.135044642857143,35,0.028125
qwen25_3b,be_present,medium,subject,be_present__medium__1454,5.053125,35,-0.022098214285714287
qwen25_3b,be_present,medium,subject,be_present__medium__1459,4.763169642857143,35,-0.0125
qwen25_3b,be_present,medium,subject,be_present__medium__1494,4.8645089285714285,35,-0.04598214285714286
qwen25_3b,be_present,medium,subject,be_present__medium__1506,5.127008928571429,35,-0.015625
qwen25_3b,be_present,medium,subject,be_present__medium__1587,3.0825892857142856,35,-0.053125
qwen25_3b,be_present,medium,subject,be_present__medium__1592,3.3410714285714285,35,-0.04375
qwen25_3b,be_present,medium,subject,be_present__medium__1627,4.0598214285714285,35,-0.017410714285714286
qwen25_3b,be_present,medium,subject,be_present__medium__163,3.8792410714285714,35,0.0006696428571428571
qwen25_3b,be_present,medium,subject,be_present__medium__1636,3.509375,35,-0.04330357142857143
qwen25_3b,be_present,medium,subject,be_present__medium__164,3.935267857142857,35,0.0020089285714285712
qwen25_3b,be_present,medium,subject,be_present__medium__185,4.154017857142857,35,0.027455357142857142
qwen25_3b,be_present,medium,subject,be_present__medium__199,2.2941964285714285,35,-0.010714285714285714
qwen25_3b,be_present,medium,subject,be_present__medium__200,3.7589285714285716,35,-0.025892857142857145
qwen25_3b,be_present,medium,subject,be_present__medium__219,2.570089285714286,35,-0.0040178571428571425
qwen25_3b,be_present,medium,subject,be_present__medium__221,2.88125,35,-0.020982142857142855
qwen25_3b,be_present,medium,subject,be_present__medium__248,3.3578125,35,0.027008928571428573
qwen25_3b,be_present,medium,subject,be_present__medium__272,3.4551339285714286,35,0.030580357142857142
qwen25_3b,be_present,medium,subject,be_present__medium__30,4.693526785714286,35,-0.01875
qwen25_3b,be_present,medium,subject,be_present__medium__304,3.1075892857142855,35,-0.05223214285714286
qwen25_3b,be_present,medium,subject,be_present__medium__310,3.2410714285714284,35,-0.04776785714285714
qwen25_3b,be_present,medium,subject,be_present__medium__333,4.282589285714286,35,-0.047098214285714285
qwen25_3b,be_present,medium,subject,be_present__medium__352,4.218526785714285,35,-0.03504464285714286
qwen25_3b,be_present,medium,subject,be_present__medium__353,3.7386160714285714,35,-0.046875
qwen25_3b,be_present,medium,subject,be_present__medium__372,3.9895089285714285,35,-0.0125
qwen25_3b,be_present,medium,subject,be_present__medium__375,4.1301339285714285,35,-0.0140625
qwen25_3b,be_present,medium,subject,be_present__medium__395,4.252008928571429,35,0.0017857142857142857
qwen25_3b,be_present,medium,subject,be_present__medium__399,2.4004464285714286,35,-0.060267857142857144
qwen25_3b,be_present,medium,subject,be_present__medium__409,3.7761160714285715,35,0.008928571428571428
qwen25_3b,be_present,medium,subject,be_present__medium__421,4.4328125,35,0.04977678571428571
qwen25_3b,be_present,medium,subject,be_present__medium__427,4.311383928571429,35,-0.011830357142857142
qwen25_3b,be_present,medium,subject,be_present__medium__439,3.608705357142857,35,-0.004464285714285714
qwen25_3b,be_present,medium,subject,be_present__medium__452,4.625446428571428,35,-0.027678571428571427
qwen25_3b,be_present,medium,subject,be_present__medium__454,4.63125,35,-0.025
qwen25_3b,be_present,medium,subject,be_present__medium__480,4.478125,35,0.005803571428571429
qwen25_3b,be_present,medium,subject,be_present__medium__483,3.2533482142857144,35,0.017857142857142856
qwen25_3b,be_present,medium,subject,be_present__medium__484,3.2997767857142857,35,0.02142857142857143
qwen25_3b,be_present,medium,subject,be_present__medium__487,4.088839285714286,35,0.05424107142857143
qwen25_3b,be_present,medium,subject,be_present__medium__494,2.7720982142857142,35,0.01875
qwen25_3b,be_present,medium,subject,be_present__medium__50,2.858482142857143,35,0.010491071428571428
qwen25_3b,be_present,medium,subject,be_present__medium__523,3.9234375,35,0.02544642857142857
qwen25_3b,be_present,medium,subject,be_present__medium__561,5.950892857142857,35,-0.03125
qwen25_3b,be_present,medium,subject,be_present__medium__562,6.305133928571428,35,0.006473214285714286
qwen25_3b,be_present,medium,subject,be_present__medium__567,6.437946428571428,35,-0.028348214285714286
qwen25_3b,be_present,medium,subject,be_present__medium__57,3.344642857142857,35,-0.0004464285714285714
qwen25_3b,be_present,medium,subject,be_present__medium__576,2.9830357142857142,35,-0.03526785714285714
qwen25_3b,be_present,medium,subject,be_present__medium__592,4.144642857142857,35,-0.06964285714285715
qwen25_3b,be_present,medium,subject,be_present__medium__619,3.687723214285714,35,-0.0026785714285714286
qwen25_3b,be_present,medium,subject,be_present__medium__620,3.7390625,35,-0.017857142857142856
qwen25_3b,be_present,medium,subject,be_present__medium__629,2.1276785714285715,35,-0.012053571428571429
qwen25_3b,be_present,medium,subject,be_present__medium__630,3.632142857142857,35,-0.020982142857142855
qwen25_3b,be_present,medium,subject,be_present__medium__637,2.971875,35,-0.017410714285714286
qwen25_3b,be_present,medium,subject,be_present__medium__64,3.5473214285714287,35,0.005580357142857143
qwen25_3b,be_present,medium,subject,be_present__medium__651,5.267857142857143,35,-0.014508928571428572
qwen25_3b,be_present,medium,subject,be_present__medium__655,4.905803571428572,35,-0.0008928571428571428
qwen25_3b,be_present,medium,subject,be_present__medium__680,5.767857142857143,35,-0.003125
qwen25_3b,be_present,medium,subject,be_present__medium__713,5.793303571428571,35,-0.009598214285714286
qwen25_3b,be_present,medium,subject,be_present__medium__716,4.969196428571428,35,-0.011160714285714286
qwen25_3b,be_present,medium,subject,be_present__medium__725,2.7549107142857143,35,-0.008035714285714285
qwen25_3b,be_present,medium,subject,be_present__medium__731,3.0526785714285714,35,-0.007142857142857143
qwen25_3b,be_present,medium,subject,be_present__medium__755,2.654017857142857,35,-0.007142857142857143
qwen25_3b,be_present,medium,subject,be_present__medium__757,2.7924107142857144,35,0.007589285714285714
qwen25_3b,be_present,medium,subject,be_present__medium__766,2.7986607142857145,35,-0.03214285714285714
qwen25_3b,be_present,medium,subject,be_present__medium__844,4.183928571428571,35,-0.0008928571428571428
qwen25_3b,be_present,medium,subject,be_present__medium__862,2.8424107142857142,35,-0.014732142857142857
qwen25_3b,be_present,medium,subject,be_present__medium__894,4.080133928571429,35,-0.046875
qwen25_3b,be_present,medium,subject,be_present__medium__907,4.569642857142857,35,-0.039285714285714285
qwen25_3b,be_present,medium,subject,be_present__medium__922,4.294866071428571,35,-0.05
qwen25_3b,be_present,medium,subject,be_present__medium__977,3.2404017857142855,35,-0.07834821428571428
