item_id,base_item_index,template_id,verb_pair,subject_singular,subject_plural,distractor_singular,distractor_plural,condition,subject_number,distractor_number,prompt,singular_verb,plural_verb,correct_verb,wrong_verb,full_sentence_example,subject_token_start,subject_token_end,distractor_token_start,distractor_token_end,final_token_position,prompt_token_length
agr_0000,0,of_in_question,be_present,reporter,reporters,authority,authorities,SS,singular,singular,The reporter of the authority in question,is,are,is,are,The reporter of the authority in question is responsible for the decision.,1,1,4,4,6,7
agr_0000,0,of_in_question,be_present,reporter,reporters,authority,authorities,SP,singular,plural,The reporter of the authorities in question,is,are,is,are,The reporter of the authorities in question is responsible for the decision.,1,1,4,4,6,7
agr_0000,0,of_in_question,be_present,reporter,reporters,authority,authorities,PS,plural,singular,The reporters of the authority in question,is,are,are,is,The reporters of the authority in question are responsible for the decision.,1,1,4,4,6,7
agr_0000,0,of_in_question,be_present,reporter,reporters,authority,authorities,PP,plural,plural,The reporters of the authorities in question,is,are,are,is,The reporters of the authorities in question are responsible for the decision.,1,1,4,4,6,7
agr_0001,1,of_in_question,be_present,auditor,auditors,branch,branches,SS,singular,singular,The auditor of the branch in question,is,are,is,are,The auditor of the branch in question is responsible for the decision.,1,1,4,4,6,7
agr_0001,1,of_in_question,be_present,auditor,auditors,branch,branches,SP,singular,plural,The auditor of the branches in question,is,are,is,are,The auditor of the branches in question is responsible for the decision.,1,1,4,4,6,7
agr_0001,1,of_in_question,be_present,auditor,auditors,branch,branches,PS,plural,singular,The auditors of the branch in question,is,are,are,is,The auditors of the branch in question are responsible for the decision.,1,2,5,5,7,8
agr_0001,1,of_in_question,be_present,auditor,auditors,branch,branches,PP,plural,plural,The auditors of the branches in question,is,are,are,is,The auditors of the branches in question are responsible for the decision.,1,2,5,5,7,8
agr_0002,2,of_in_question,be_present,auditor,auditors,firm,firms,SS,singular,singular,The auditor of the firm in question,is,are,is,are,The auditor of the firm in question is responsible for the decision.,1,1,4,4,6,7
agr_0002,2,of_in_question,be_present,auditor,auditors,firm,firms,SP,singular,plural,The auditor of the firms in question,is,are,is,are,The auditor of the firms in question is responsible for the decision.,1,1,4,4,6,7
agr_0002,2,of_in_question,be_present,auditor,auditors,firm,firms,PS,plural,singular,The auditors of the firm in question,is,are,are,is,The auditors of the firm in question are responsible for the decision.,1,2,5,5,7,8
agr_0002,2,of_in_question,be_present,auditor,auditors,firm,firms,PP,plural,plural,The auditors of the firms in question,is,are,are,is,The auditors of the firms in question are responsible for the decision.,1,2,5,5,7,8
agr_0003,3,of_in_question,be_present,programmer,programmers,platform,platforms,SS,singular,singular,The programmer of the platform in question,is,are,is,are,The programmer of the platform in question is responsible for the decision.,1,1,4,4,6,7
agr_0003,3,of_in_question,be_present,programmer,programmers,platform,platforms,SP,singular,plural,The programmer of the platforms in question,is,are,is,are,The programmer of the platforms in question is responsible for the decision.,1,1,4,4,6,7
agr_0003,3,of_in_question,be_present,programmer,programmers,platform,platforms,PS,plural,singular,The programmers of the platform in question,is,are,are,is,The programmers of the platform in question are responsible for the decision.,1,1,4,4,6,7
agr_0003,3,of_in_question,be_present,programmer,programmers,platform,platforms,PP,plural,plural,The programmers of the platforms in question,is,are,are,is,The programmers of the platforms in question are responsible for the decision.,1,1,4,4,6,7
agr_0004,4,of_in_question,be_present,lecturer,lecturers,university,universities,SS,singular,singular,The lecturer of the university in question,is,are,is,are,The lecturer of the university in question is responsible for the decision.,1,1,4,4,6,7
agr_0004,4,of_in_question,be_present,lecturer,lecturers,university,universities,SP,singular,plural,The lecturer of the universities in question,is,are,is,are,The lecturer of the universities in question is responsible for the decision.,1,1,4,4,6,7
agr_0004,4,of_in_question,be_present,lecturer,lecturers,university,universities,PS,plural,singular,The lecturers of the university in question,is,are,are,is,The lecturers of the university in question are responsible for the decision.,1,2,5,5,7,8
agr_0004,4,of_in_question,be_present,lecturer,lecturers,university,universities,PP,plural,plural,The lecturers of the universities in question,is,are,are,is,The lecturers of the universities in question are responsible for the decision.,1,2,5,5,7,8
agr_0005,5,of_in_question,be_present,owner,owners,panel,panels,SS,singular,singular,The owner of the panel in question,is,are,is,are,The owner of the panel in question is responsible for the decision.,1,1,4,4,6,7
agr_0005,5,of_in_question,be_present,owner,owners,panel,panels,SP,singular,plural,The owner of the panels in question,is,are,is,are,The owner of the panels in question is responsible for the decision.,1,1,4,4,6,7
agr_0005,5,of_in_question,be_present,owner,owners,panel,panels,PS,plural,singular,The owners of the panel in question,is,are,are,is,The owners of the panel in question are responsible for the decision.,1,1,4,4,6,7
agr_0005,5,of_in_question,be_present,owner,owners,panel,panels,PP,plural,plural,The owners of the panels in question,is,are,are,is,The owners of the panels in question are responsible for the decision.,1,1,4,4,6,7
agr_0006,6,of_in_question,be_present,officer,officers,board,boards,SS,singular,singular,The officer of the board in question,is,are,is,are,The officer of the board in question is responsible for the decision.,1,1,4,4,6,7
agr_0006,6,of_in_question,be_present,officer,officers,board,boards,SP,singular,plural,The officer of the boards in question,is,are,is,are,The officer of the boards in question is responsible for the decision.,1,1,4,4,6,7
agr_0006,6,of_in_question,be_present,officer,officers,board,boards,PS,plural,singular,The officers of the board in question,is,are,are,is,The officers of the board in question are responsible for the decision.,1,1,4,4,6,7
agr_0006,6,of_in_question,be_present,officer,officers,board,boards,PP,plural,plural,The officers of the boards in question,is,are,are,is,The officers of the boards in question are responsible for the decision.,1,1,4,4,6,7
agr_0008,8,of_in_question,be_present,planner,planners,ministry,ministries,SS,singular,singular,The planner of the ministry in question,is,are,is,are,The planner of the ministry in question is responsible for the decision.,1,1,4,4,6,7
agr_0008,8,of_in_question,be_present,planner,planners,ministry,ministries,SP,singular,plural,The planner of the ministries in question,is,are,is,are,The planner of the ministries in question is responsible for the decision.,1,1,4,4,6,7
agr_0008,8,of_in_question,be_present,planner,planners,ministry,ministries,PS,plural,singular,The planners of the ministry in question,is,are,are,is,The planners of the ministry in question are responsible for the decision.,1,1,4,4,6,7
agr_0008,8,of_in_question,be_present,planner,planners,ministry,ministries,PP,plural,plural,The planners of the ministries in question,is,are,are,is,The planners of the ministries in question are responsible for the decision.,1,1,4,4,6,7
agr_0009,9,of_in_question,be_present,representative,representatives,club,clubs,SS,singular,singular,The representative of the club in question,is,are,is,are,The representative of the club in question is responsible for the decision.,1,1,4,4,6,7
agr_0009,9,of_in_question,be_present,representative,representatives,club,clubs,SP,singular,plural,The representative of the clubs in question,is,are,is,are,The representative of the clubs in question is responsible for the decision.,1,1,4,4,6,7
agr_0009,9,of_in_question,be_present,representative,representatives,club,clubs,PS,plural,singular,The representatives of the club in question,is,are,are,is,The representatives of the club in question are responsible for the decision.,1,1,4,4,6,7
agr_0009,9,of_in_question,be_present,representative,representatives,club,clubs,PP,plural,plural,The representatives of the clubs in question,is,are,are,is,The representatives of the clubs in question are responsible for the decision.,1,1,4,4,6,7
agr_0010,10,of_in_question,be_present,author,authors,facility,facilities,SS,singular,singular,The author of the facility in question,is,are,is,are,The author of the facility in question is responsible for the decision.,1,1,4,4,6,7
agr_0010,10,of_in_question,be_present,author,authors,facility,facilities,SP,singular,plural,The author of the facilities in question,is,are,is,are,The author of the facilities in question is responsible for the decision.,1,1,4,4,6,7
agr_0010,10,of_in_question,be_present,author,authors,facility,facilities,PS,plural,singular,The authors of the facility in question,is,are,are,is,The authors of the facility in question are responsible for the decision.,1,1,4,4,6,7
agr_0010,10,of_in_question,be_present,author,authors,facility,facilities,PP,plural,plural,The authors of the facilities in question,is,are,are,is,The authors of the facilities in question are responsible for the decision.,1,1,4,4,6,7
agr_0011,11,of_in_question,be_present,representative,representatives,project,projects,SS,singular,singular,The representative of the project in question,is,are,is,are,The representative of the project in question is responsible for the decision.,1,1,4,4,6,7
agr_0011,11,of_in_question,be_present,representative,representatives,project,projects,SP,singular,plural,The representative of the projects in question,is,are,is,are,The representative of the projects in question is responsible for the decision.,1,1,4,4,6,7
agr_0011,11,of_in_question,be_present,representative,representatives,project,projects,PS,plural,singular,The representatives of the project in question,is,are,are,is,The representatives of the project in question are responsible for the decision.,1,1,4,4,6,7
agr_0011,11,of_in_question,be_present,representative,representatives,project,projects,PP,plural,plural,The representatives of the projects in question,is,are,are,is,The representatives of the projects in question are responsible for the decision.,1,1,4,4,6,7
agr_0012,12,of_in_question,be_present,member,members,bureau,bureaus,SS,singular,singular,The member of the bureau in question,is,are,is,are,The member of the bureau in question is responsible for the decision.,1,1,4,4,6,7
agr_0012,12,of_in_question,be_present,member,members,bureau,bureaus,SP,singular,plural,The member of the bureaus in question,is,are,is,are,The member of the bureaus in question is responsible for the decision.,1,1,4,6,8,9
agr_0012,12,of_in_question,be_present,member,members,bureau,bureaus,PS,plural,singular,The members of the bureau in question,is,are,are,is,The members of the bureau in question are responsible for the decision.,1,1,4,4,6,7
agr_0012,12,of_in_question,be_present,member,members,bureau,bureaus,PP,plural,plural,The members of the bureaus in question,is,are,are,is,The members of the bureaus in question are responsible for the decision.,1,1,4,6,8,9
agr_0013,13,of_in_question,be_present,advisor,advisors,council,councils,SS,singular,singular,The advisor of the council in question,is,are,is,are,The advisor of the council in question is responsible for the decision.,1,1,4,4,6,7
agr_0013,13,of_in_question,be_present,advisor,advisors,council,councils,SP,singular,plural,The advisor of the councils in question,is,are,is,are,The advisor of the councils in question is responsible for the decision.,1,1,4,4,6,7
agr_0013,13,of_in_question,be_present,advisor,advisors,council,councils,PS,plural,singular,The advisors of the council in question,is,are,are,is,The advisors of the council in question are responsible for the decision.,1,1,4,4,6,7
agr_0013,13,of_in_question,be_present,advisor,advisors,council,councils,PP,plural,plural,The advisors of the councils in question,is,are,are,is,The advisors of the councils in question are responsible for the decision.,1,1,4,4,6,7
agr_0014,14,of_in_question,be_present,student,students,organization,organizations,SS,singular,singular,The student of the organization in question,is,are,is,are,The student of the organization in question is responsible for the decision.,1,1,4,4,6,7
agr_0014,14,of_in_question,be_present,student,students,organization,organizations,SP,singular,plural,The student of the organizations in question,is,are,is,are,The student of the organizations in question is responsible for the decision.,1,1,4,4,6,7
agr_0014,14,of_in_question,be_present,student,students,organization,organizations,PS,plural,singular,The students of the organization in question,is,are,are,is,The students of the organization in question are responsible for the decision.,1,1,4,4,6,7
agr_0014,14,of_in_question,be_present,student,students,organization,organizations,PP,plural,plural,The students of the organizations in question,is,are,are,is,The students of the organizations in question are responsible for the decision.,1,1,4,4,6,7
agr_0015,15,of_in_question,be_present,advisor,advisors,service,services,SS,singular,singular,The advisor of the service in question,is,are,is,are,The advisor of the service in question is responsible for the decision.,1,1,4,4,6,7
agr_0015,15,of_in_question,be_present,advisor,advisors,service,services,SP,singular,plural,The advisor of the services in question,is,are,is,are,The advisor of the services in question is responsible for the decision.,1,1,4,4,6,7
agr_0015,15,of_in_question,be_present,advisor,advisors,service,services,PS,plural,singular,The advisors of the service in question,is,are,are,is,The advisors of the service in question are responsible for the decision.,1,1,4,4,6,7
agr_0015,15,of_in_question,be_present,advisor,advisors,service,services,PP,plural,plural,The advisors of the services in question,is,are,are,is,The advisors of the services in question are responsible for the decision.,1,1,4,4,6,7
agr_0016,16,of_in_question,be_present,student,students,department,departments,SS,singular,singular,The student of the department in question,is,are,is,are,The student of the department in question is responsible for the decision.,1,1,4,4,6,7
agr_0016,16,of_in_question,be_present,student,students,department,departments,SP,singular,plural,The student of the departments in question,is,are,is,are,The student of the departments in question is responsible for the decision.,1,1,4,4,6,7
agr_0016,16,of_in_question,be_present,student,students,department,departments,PS,plural,singular,The students of the department in question,is,are,are,is,The students of the department in question are responsible for the decision.,1,1,4,4,6,7
agr_0016,16,of_in_question,be_present,student,students,department,departments,PP,plural,plural,The students of the departments in question,is,are,are,is,The students of the departments in question are responsible for the decision.,1,1,4,4,6,7
agr_0017,17,of_in_question,be_present,journalist,journalists,program,programs,SS,singular,singular,The journalist of the program in question,is,are,is,are,The journalist of the program in question is responsible for the decision.,1,1,4,4,6,7
agr_0017,17,of_in_question,be_present,journalist,journalists,program,programs,SP,singular,plural,The journalist of the programs in question,is,are,is,are,The journalist of the programs in question is responsible for the decision.,1,1,4,4,6,7
agr_0017,17,of_in_question,be_present,journalist,journalists,program,programs,PS,plural,singular,The journalists of the program in question,is,are,are,is,The journalists of the program in question are responsible for the decision.,1,1,4,4,6,7
agr_0017,17,of_in_question,be_present,journalist,journalists,program,programs,PP,plural,plural,The journalists of the programs in question,is,are,are,is,The journalists of the programs in question are responsible for the decision.,1,1,4,4,6,7
agr_0018,18,of_in_question,be_present,director,directors,unit,units,SS,singular,singular,The director of the unit in question,is,are,is,are,The director of the unit in question is responsible for the decision.,1,1,4,4,6,7
agr_0018,18,of_in_question,be_present,director,directors,unit,units,SP,singular,plural,The director of the units in question,is,are,is,are,The director of the units in question is responsible for the decision.,1,1,4,4,6,7
agr_0018,18,of_in_question,be_present,director,directors,unit,units,PS,plural,singular,The directors of the unit in question,is,are,are,is,The directors of the unit in question are responsible for the decision.,1,1,4,4,6,7
agr_0018,18,of_in_question,be_present,director,directors,unit,units,PP,plural,plural,The directors of the units in question,is,are,are,is,The directors of the units in question are responsible for the decision.,1,1,4,4,6,7
agr_0019,19,of_in_question,be_present,candidate,candidates,council,councils,SS,singular,singular,The candidate of the council in question,is,are,is,are,The candidate of the council in question is responsible for the decision.,1,1,4,4,6,7
agr_0019,19,of_in_question,be_present,candidate,candidates,council,councils,SP,singular,plural,The candidate of the councils in question,is,are,is,are,The candidate of the councils in question is responsible for the decision.,1,1,4,4,6,7
agr_0019,19,of_in_question,be_present,candidate,candidates,council,councils,PS,plural,singular,The candidates of the council in question,is,are,are,is,The candidates of the council in question are responsible for the decision.,1,1,4,4,6,7
agr_0019,19,of_in_question,be_present,candidate,candidates,council,councils,PP,plural,plural,The candidates of the councils in question,is,are,are,is,The candidates of the councils in question are responsible for the decision.,1,1,4,4,6,7
agr_0020,20,of_in_question,be_present,scientist,scientists,school,schools,SS,singular,singular,The scientist of the school in question,is,are,is,are,The scientist of the school in question is responsible for the decision.,1,1,4,4,6,7
agr_0020,20,of_in_question,be_present,scientist,scientists,school,schools,SP,singular,plural,The scientist of the schools in question,is,are,is,are,The scientist of the schools in question is responsible for the decision.,1,1,4,4,6,7
agr_0020,20,of_in_question,be_present,scientist,scientists,school,schools,PS,plural,singular,The scientists of the school in question,is,are,are,is,The scientists of the school in question are responsible for the decision.,1,1,4,4,6,7
agr_0020,20,of_in_question,be_present,scientist,scientists,school,schools,PP,plural,plural,The scientists of the schools in question,is,are,are,is,The scientists of the schools in question are responsible for the decision.,1,1,4,4,6,7
agr_0021,21,of_in_question,be_present,painter,painters,alliance,alliances,SS,singular,singular,The painter of the alliance in question,is,are,is,are,The painter of the alliance in question is responsible for the decision.,1,1,4,4,6,7
agr_0021,21,of_in_question,be_present,painter,painters,alliance,alliances,SP,singular,plural,The painter of the alliances in question,is,are,is,are,The painter of the alliances in question is responsible for the decision.,1,1,4,4,6,7
agr_0021,21,of_in_question,be_present,painter,painters,alliance,alliances,PS,plural,singular,The painters of the alliance in question,is,are,are,is,The painters of the alliance in question are responsible for the decision.,1,2,5,5,7,8
agr_0021,21,of_in_question,be_present,painter,painters,alliance,alliances,PP,plural,plural,The painters of the alliances in question,is,are,are,is,The painters of the alliances in question are responsible for the decision.,1,2,5,5,7,8
agr_0022,22,of_in_question,be_present,director,directors,consortium,consortiums,SS,singular,singular,The director of the consortium in question,is,are,is,are,The director of the consortium in question is responsible for the decision.,1,1,4,4,6,7
agr_0022,22,of_in_question,be_present,director,directors,consortium,consortiums,SP,singular,plural,The director of the consortiums in question,is,are,is,are,The director of the consortiums in question is responsible for the decision.,1,1,4,5,7,8
agr_0022,22,of_in_question,be_present,director,directors,consortium,consortiums,PS,plural,singular,The directors of the consortium in question,is,are,are,is,The directors of the consortium in question are responsible for the decision.,1,1,4,4,6,7
agr_0022,22,of_in_question,be_present,director,directors,consortium,consortiums,PP,plural,plural,The directors of the consortiums in question,is,are,are,is,The directors of the consortiums in question are responsible for the decision.,1,1,4,5,7,8
agr_0023,23,of_in_question,be_present,researcher,researchers,partnership,partnerships,SS,singular,singular,The researcher of the partnership in question,is,are,is,are,The researcher of the partnership in question is responsible for the decision.,1,1,4,4,6,7
agr_0023,23,of_in_question,be_present,researcher,researchers,partnership,partnerships,SP,singular,plural,The researcher of the partnerships in question,is,are,is,are,The researcher of the partnerships in question is responsible for the decision.,1,1,4,4,6,7
agr_0023,23,of_in_question,be_present,researcher,researchers,partnership,partnerships,PS,plural,singular,The researchers of the partnership in question,is,are,are,is,The researchers of the partnership in question are responsible for the decision.,1,1,4,4,6,7
agr_0023,23,of_in_question,be_present,researcher,researchers,partnership,partnerships,PP,plural,plural,The researchers of the partnerships in question,is,are,are,is,The researchers of the partnerships in question are responsible for the decision.,1,1,4,4,6,7
agr_0024,24,of_in_question,be_present,leader,leaders,coalition,coalitions,SS,singular,singular,The leader of the coalition in question,is,are,is,are,The leader of the coalition in question is responsible for the decision.,1,1,4,4,6,7
agr_0024,24,of_in_question,be_present,leader,leaders,coalition,coalitions,SP,singular,plural,The leader of the coalitions in question,is,are,is,are,The leader of the coalitions in question is responsible for the decision.,1,1,4,5,7,8
agr_0024,24,of_in_question,be_present,leader,leaders,coalition,coalitions,PS,plural,singular,The leaders of the coalition in question,is,are,are,is,The leaders of the coalition in question are responsible for the decision.,1,1,4,4,6,7
agr_0024,24,of_in_question,be_present,leader,leaders,coalition,coalitions,PP,plural,plural,The leaders of the coalitions in question,is,are,are,is,The leaders of the coalitions in question are responsible for the decision.,1,1,4,5,7,8
agr_0025,25,of_in_question,be_present,engineer,engineers,platform,platforms,SS,singular,singular,The engineer of the platform in question,is,are,is,are,The engineer of the platform in question is responsible for the decision.,1,1,4,4,6,7
agr_0025,25,of_in_question,be_present,engineer,engineers,platform,platforms,SP,singular,plural,The engineer of the platforms in question,is,are,is,are,The engineer of the platforms in question is responsible for the decision.,1,1,4,4,6,7
agr_0025,25,of_in_question,be_present,engineer,engineers,platform,platforms,PS,plural,singular,The engineers of the platform in question,is,are,are,is,The engineers of the platform in question are responsible for the decision.,1,1,4,4,6,7
agr_0025,25,of_in_question,be_present,engineer,engineers,platform,platforms,PP,plural,plural,The engineers of the platforms in question,is,are,are,is,The engineers of the platforms in question are responsible for the decision.,1,1,4,4,6,7
agr_0026,26,of_in_question,be_present,driver,drivers,forum,forums,SS,singular,singular,The driver of the forum in question,is,are,is,are,The driver of the forum in question is responsible for the decision.,1,1,4,4,6,7
agr_0026,26,of_in_question,be_present,driver,drivers,forum,forums,SP,singular,plural,The driver of the forums in question,is,are,is,are,The driver of the forums in question is responsible for the decision.,1,1,4,4,6,7
agr_0026,26,of_in_question,be_present,driver,drivers,forum,forums,PS,plural,singular,The drivers of the forum in question,is,are,are,is,The drivers of the forum in question are responsible for the decision.,1,1,4,4,6,7
agr_0026,26,of_in_question,be_present,driver,drivers,forum,forums,PP,plural,plural,The drivers of the forums in question,is,are,are,is,The drivers of the forums in question are responsible for the decision.,1,1,4,4,6,7
agr_0027,27,of_in_question,be_present,administrator,administrators,region,regions,SS,singular,singular,The administrator of the region in question,is,are,is,are,The administrator of the region in question is responsible for the decision.,1,1,4,4,6,7
agr_0027,27,of_in_question,be_present,administrator,administrators,region,regions,SP,singular,plural,The administrator of the regions in question,is,are,is,are,The administrator of the regions in question is responsible for the decision.,1,1,4,4,6,7
agr_0027,27,of_in_question,be_present,administrator,administrators,region,regions,PS,plural,singular,The administrators of the region in question,is,are,are,is,The administrators of the region in question are responsible for the decision.,1,1,4,4,6,7
agr_0027,27,of_in_question,be_present,administrator,administrators,region,regions,PP,plural,plural,The administrators of the regions in question,is,are,are,is,The administrators of the regions in question are responsible for the decision.,1,1,4,4,6,7
agr_0028,28,of_in_question,be_present,inspector,inspectors,project,projects,SS,singular,singular,The inspector of the project in question,is,are,is,are,The inspector of the project in question is responsible for the decision.,1,1,4,4,6,7
agr_0028,28,of_in_question,be_present,inspector,inspectors,project,projects,SP,singular,plural,The inspector of the projects in question,is,are,is,are,The inspector of the projects in question is responsible for the decision.,1,1,4,4,6,7
agr_0028,28,of_in_question,be_present,inspector,inspectors,project,projects,PS,plural,singular,The inspectors of the project in question,is,are,are,is,The inspectors of the project in question are responsible for the decision.,1,1,4,4,6,7
agr_0028,28,of_in_question,be_present,inspector,inspectors,project,projects,PP,plural,plural,The inspectors of the projects in question,is,are,are,is,The inspectors of the projects in question are responsible for the decision.,1,1,4,4,6,7
agr_0029,29,of_in_question,be_present,technician,technicians,project,projects,SS,singular,singular,The technician of the project in question,is,are,is,are,The technician of the project in question is responsible for the decision.,1,1,4,4,6,7
agr_0029,29,of_in_question,be_present,technician,technicians,project,projects,SP,singular,plural,The technician of the projects in question,is,are,is,are,The technician of the projects in question is responsible for the decision.,1,1,4,4,6,7
agr_0029,29,of_in_question,be_present,technician,technicians,project,projects,PS,plural,singular,The technicians of the project in question,is,are,are,is,The technicians of the project in question are responsible for the decision.,1,1,4,4,6,7
agr_0029,29,of_in_question,be_present,technician,technicians,project,projects,PP,plural,plural,The technicians of the projects in question,is,are,are,is,The technicians of the projects in question are responsible for the decision.,1,1,4,4,6,7
agr_0030,30,of_in_question,be_present,student,students,institution,institutions,SS,singular,singular,The student of the institution in question,is,are,is,are,The student of the institution in question is responsible for the decision.,1,1,4,4,6,7
agr_0030,30,of_in_question,be_present,student,students,institution,institutions,SP,singular,plural,The student of the institutions in question,is,are,is,are,The student of the institutions in question is responsible for the decision.,1,1,4,4,6,7
agr_0030,30,of_in_question,be_present,student,students,institution,institutions,PS,plural,singular,The students of the institution in question,is,are,are,is,The students of the institution in question are responsible for the decision.,1,1,4,4,6,7
agr_0030,30,of_in_question,be_present,student,students,institution,institutions,PP,plural,plural,The students of the institutions in question,is,are,are,is,The students of the institutions in question are responsible for the decision.,1,1,4,4,6,7
agr_0031,31,of_in_question,be_present,doctor,doctors,coalition,coalitions,SS,singular,singular,The doctor of the coalition in question,is,are,is,are,The doctor of the coalition in question is responsible for the decision.,1,1,4,4,6,7
agr_0031,31,of_in_question,be_present,doctor,doctors,coalition,coalitions,SP,singular,plural,The doctor of the coalitions in question,is,are,is,are,The doctor of the coalitions in question is responsible for the decision.,1,1,4,5,7,8
agr_0031,31,of_in_question,be_present,doctor,doctors,coalition,coalitions,PS,plural,singular,The doctors of the coalition in question,is,are,are,is,The doctors of the coalition in question are responsible for the decision.,1,1,4,4,6,7
agr_0031,31,of_in_question,be_present,doctor,doctors,coalition,coalitions,PP,plural,plural,The doctors of the coalitions in question,is,are,are,is,The doctors of the coalitions in question are responsible for the decision.,1,1,4,5,7,8
agr_0032,32,of_in_question,be_present,teacher,teachers,firm,firms,SS,singular,singular,The teacher of the firm in question,is,are,is,are,The teacher of the firm in question is responsible for the decision.,1,1,4,4,6,7
agr_0032,32,of_in_question,be_present,teacher,teachers,firm,firms,SP,singular,plural,The teacher of the firms in question,is,are,is,are,The teacher of the firms in question is responsible for the decision.,1,1,4,4,6,7
agr_0032,32,of_in_question,be_present,teacher,teachers,firm,firms,PS,plural,singular,The teachers of the firm in question,is,are,are,is,The teachers of the firm in question are responsible for the decision.,1,1,4,4,6,7
agr_0032,32,of_in_question,be_present,teacher,teachers,firm,firms,PP,plural,plural,The teachers of the firms in question,is,are,are,is,The teachers of the firms in question are responsible for the decision.,1,1,4,4,6,7
agr_0033,33,of_in_question,be_present,auditor,auditors,district,districts,SS,singular,singular,The auditor of the district in question,is,are,is,are,The auditor of the district in question is responsible for the decision.,1,1,4,4,6,7
agr_0033,33,of_in_question,be_present,auditor,auditors,district,districts,SP,singular,plural,The auditor of the districts in question,is,are,is,are,The auditor of the districts in question is responsible for the decision.,1,1,4,4,6,7
agr_0033,33,of_in_question,be_present,auditor,auditors,district,districts,PS,plural,singular,The auditors of the district in question,is,are,are,is,The auditors of the district in question are responsible for the decision.,1,2,5,5,7,8
agr_0033,33,of_in_question,be_present,auditor,auditors,district,districts,PP,plural,plural,The auditors of the districts in question,is,are,are,is,The auditors of the districts in question are responsible for the decision.,1,2,5,5,7,8
agr_0034,34,of_in_question,be_present,designer,designers,coalition,coalitions,SS,singular,singular,The designer of the coalition in question,is,are,is,are,The designer of the coalition in question is responsible for the decision.,1,1,4,4,6,7
agr_0034,34,of_in_question,be_present,designer,designers,coalition,coalitions,SP,singular,plural,The designer of the coalitions in question,is,are,is,are,The designer of the coalitions in question is responsible for the decision.,1,1,4,5,7,8
agr_0034,34,of_in_question,be_present,designer,designers,coalition,coalitions,PS,plural,singular,The designers of the coalition in question,is,are,are,is,The designers of the coalition in question are responsible for the decision.,1,1,4,4,6,7
agr_0034,34,of_in_question,be_present,designer,designers,coalition,coalitions,PP,plural,plural,The designers of the coalitions in question,is,are,are,is,The designers of the coalitions in question are responsible for the decision.,1,1,4,5,7,8
agr_0035,35,of_in_question,be_present,consultant,consultants,region,regions,SS,singular,singular,The consultant of the region in question,is,are,is,are,The consultant of the region in question is responsible for the decision.,1,1,4,4,6,7
agr_0035,35,of_in_question,be_present,consultant,consultants,region,regions,SP,singular,plural,The consultant of the regions in question,is,are,is,are,The consultant of the regions in question is responsible for the decision.,1,1,4,4,6,7
agr_0035,35,of_in_question,be_present,consultant,consultants,region,regions,PS,plural,singular,The consultants of the region in question,is,are,are,is,The consultants of the region in question are responsible for the decision.,1,1,4,4,6,7
agr_0035,35,of_in_question,be_present,consultant,consultants,region,regions,PP,plural,plural,The consultants of the regions in question,is,are,are,is,The consultants of the regions in question are responsible for the decision.,1,1,4,4,6,7
agr_0036,36,of_in_question,be_present,auditor,auditors,division,divisions,SS,singular,singular,The auditor of the division in question,is,are,is,are,The auditor of the division in question is responsible for the decision.,1,1,4,4,6,7
agr_0036,36,of_in_question,be_present,auditor,auditors,division,divisions,SP,singular,plural,The auditor of the divisions in question,is,are,is,are,The auditor of the divisions in question is responsible for the decision.,1,1,4,4,6,7
agr_0036,36,of_in_question,be_present,auditor,auditors,division,divisions,PS,plural,singular,The auditors of the division in question,is,are,are,is,The auditors of the division in question are responsible for the decision.,1,2,5,5,7,8
agr_0036,36,of_in_question,be_present,auditor,auditors,division,divisions,PP,plural,plural,The auditors of the divisions in question,is,are,are,is,The auditors of the divisions in question are responsible for the decision.,1,2,5,5,7,8
agr_0037,37,of_in_question,be_present,engineer,engineers,institute,institutes,SS,singular,singular,The engineer of the institute in question,is,are,is,are,The engineer of the institute in question is responsible for the decision.,1,1,4,4,6,7
agr_0037,37,of_in_question,be_present,engineer,engineers,institute,institutes,SP,singular,plural,The engineer of the institutes in question,is,are,is,are,The engineer of the institutes in question is responsible for the decision.,1,1,4,5,7,8
agr_0037,37,of_in_question,be_present,engineer,engineers,institute,institutes,PS,plural,singular,The engineers of the institute in question,is,are,are,is,The engineers of the institute in question are responsible for the decision.,1,1,4,4,6,7
agr_0037,37,of_in_question,be_present,engineer,engineers,institute,institutes,PP,plural,plural,The engineers of the institutes in question,is,are,are,is,The engineers of the institutes in question are responsible for the decision.,1,1,4,5,7,8
agr_0038,38,of_in_question,be_present,examiner,examiners,division,divisions,SS,singular,singular,The examiner of the division in question,is,are,is,are,The examiner of the division in question is responsible for the decision.,1,1,4,4,6,7
agr_0038,38,of_in_question,be_present,examiner,examiners,division,divisions,SP,singular,plural,The examiner of the divisions in question,is,are,is,are,The examiner of the divisions in question is responsible for the decision.,1,1,4,4,6,7
agr_0038,38,of_in_question,be_present,examiner,examiners,division,divisions,PS,plural,singular,The examiners of the division in question,is,are,are,is,The examiners of the division in question are responsible for the decision.,1,2,5,5,7,8
agr_0038,38,of_in_question,be_present,examiner,examiners,division,divisions,PP,plural,plural,The examiners of the divisions in question,is,are,are,is,The examiners of the divisions in question are responsible for the decision.,1,2,5,5,7,8
agr_0039,39,of_in_question,be_present,member,members,partnership,partnerships,SS,singular,singular,The member of the partnership in question,is,are,is,are,The member of the partnership in question is responsible for the decision.,1,1,4,4,6,7
agr_0039,39,of_in_question,be_present,member,members,partnership,partnerships,SP,singular,plural,The member of the partnerships in question,is,are,is,are,The member of the partnerships in question is responsible for the decision.,1,1,4,4,6,7
agr_0039,39,of_in_question,be_present,member,members,partnership,partnerships,PS,plural,singular,The members of the partnership in question,is,are,are,is,The members of the partnership in question are responsible for the decision.,1,1,4,4,6,7
agr_0039,39,of_in_question,be_present,member,members,partnership,partnerships,PP,plural,plural,The members of the partnerships in question,is,are,are,is,The members of the partnerships in question are responsible for the decision.,1,1,4,4,6,7
agr_0040,40,of_in_question,be_present,coordinator,coordinators,hospital,hospitals,SS,singular,singular,The coordinator of the hospital in question,is,are,is,are,The coordinator of the hospital in question is responsible for the decision.,1,1,4,4,6,7
agr_0040,40,of_in_question,be_present,coordinator,coordinators,hospital,hospitals,SP,singular,plural,The coordinator of the hospitals in question,is,are,is,are,The coordinator of the hospitals in question is responsible for the decision.,1,1,4,4,6,7
agr_0040,40,of_in_question,be_present,coordinator,coordinators,hospital,hospitals,PS,plural,singular,The coordinators of the hospital in question,is,are,are,is,The coordinators of the hospital in question are responsible for the decision.,1,2,5,5,7,8
agr_0040,40,of_in_question,be_present,coordinator,coordinators,hospital,hospitals,PP,plural,plural,The coordinators of the hospitals in question,is,are,are,is,The coordinators of the hospitals in question are responsible for the decision.,1,2,5,5,7,8
agr_0041,41,of_in_question,be_present,leader,leaders,company,companies,SS,singular,singular,The leader of the company in question,is,are,is,are,The leader of the company in question is responsible for the decision.,1,1,4,4,6,7
agr_0041,41,of_in_question,be_present,leader,leaders,company,companies,SP,singular,plural,The leader of the companies in question,is,are,is,are,The leader of the companies in question is responsible for the decision.,1,1,4,4,6,7
agr_0041,41,of_in_question,be_present,leader,leaders,company,companies,PS,plural,singular,The leaders of the company in question,is,are,are,is,The leaders of the company in question are responsible for the decision.,1,1,4,4,6,7
agr_0041,41,of_in_question,be_present,leader,leaders,company,companies,PP,plural,plural,The leaders of the companies in question,is,are,are,is,The leaders of the companies in question are responsible for the decision.,1,1,4,4,6,7
agr_0042,42,of_in_question,be_present,director,directors,organization,organizations,SS,singular,singular,The director of the organization in question,is,are,is,are,The director of the organization in question is responsible for the decision.,1,1,4,4,6,7
agr_0042,42,of_in_question,be_present,director,directors,organization,organizations,SP,singular,plural,The director of the organizations in question,is,are,is,are,The director of the organizations in question is responsible for the decision.,1,1,4,4,6,7
agr_0042,42,of_in_question,be_present,director,directors,organization,organizations,PS,plural,singular,The directors of the organization in question,is,are,are,is,The directors of the organization in question are responsible for the decision.,1,1,4,4,6,7
agr_0042,42,of_in_question,be_present,director,directors,organization,organizations,PP,plural,plural,The directors of the organizations in question,is,are,are,is,The directors of the organizations in question are responsible for the decision.,1,1,4,4,6,7
agr_0043,43,of_in_question,be_present,manager,managers,centre,centres,SS,singular,singular,The manager of the centre in question,is,are,is,are,The manager of the centre in question is responsible for the decision.,1,1,4,4,6,7
agr_0043,43,of_in_question,be_present,manager,managers,centre,centres,SP,singular,plural,The manager of the centres in question,is,are,is,are,The manager of the centres in question is responsible for the decision.,1,1,4,4,6,7
agr_0043,43,of_in_question,be_present,manager,managers,centre,centres,PS,plural,singular,The managers of the centre in question,is,are,are,is,The managers of the centre in question are responsible for the decision.,1,1,4,4,6,7
agr_0043,43,of_in_question,be_present,manager,managers,centre,centres,PP,plural,plural,The managers of the centres in question,is,are,are,is,The managers of the centres in question are responsible for the decision.,1,1,4,4,6,7
agr_0044,44,of_in_question,be_present,doctor,doctors,board,boards,SS,singular,singular,The doctor of the board in question,is,are,is,are,The doctor of the board in question is responsible for the decision.,1,1,4,4,6,7
agr_0044,44,of_in_question,be_present,doctor,doctors,board,boards,SP,singular,plural,The doctor of the boards in question,is,are,is,are,The doctor of the boards in question is responsible for the decision.,1,1,4,4,6,7
agr_0044,44,of_in_question,be_present,doctor,doctors,board,boards,PS,plural,singular,The doctors of the board in question,is,are,are,is,The doctors of the board in question are responsible for the decision.,1,1,4,4,6,7
agr_0044,44,of_in_question,be_present,doctor,doctors,board,boards,PP,plural,plural,The doctors of the boards in question,is,are,are,is,The doctors of the boards in question are responsible for the decision.,1,1,4,4,6,7
agr_0045,45,of_in_question,be_present,student,students,company,companies,SS,singular,singular,The student of the company in question,is,are,is,are,The student of the company in question is responsible for the decision.,1,1,4,4,6,7
agr_0045,45,of_in_question,be_present,student,students,company,companies,SP,singular,plural,The student of the companies in question,is,are,is,are,The student of the companies in question is responsible for the decision.,1,1,4,4,6,7
agr_0045,45,of_in_question,be_present,student,students,company,companies,PS,plural,singular,The students of the company in question,is,are,are,is,The students of the company in question are responsible for the decision.,1,1,4,4,6,7
agr_0045,45,of_in_question,be_present,student,students,company,companies,PP,plural,plural,The students of the companies in question,is,are,are,is,The students of the companies in question are responsible for the decision.,1,1,4,4,6,7
agr_0046,46,of_in_question,be_present,lecturer,lecturers,alliance,alliances,SS,singular,singular,The lecturer of the alliance in question,is,are,is,are,The lecturer of the alliance in question is responsible for the decision.,1,1,4,4,6,7
agr_0046,46,of_in_question,be_present,lecturer,lecturers,alliance,alliances,SP,singular,plural,The lecturer of the alliances in question,is,are,is,are,The lecturer of the alliances in question is responsible for the decision.,1,1,4,4,6,7
agr_0046,46,of_in_question,be_present,lecturer,lecturers,alliance,alliances,PS,plural,singular,The lecturers of the alliance in question,is,are,are,is,The lecturers of the alliance in question are responsible for the decision.,1,2,5,5,7,8
agr_0046,46,of_in_question,be_present,lecturer,lecturers,alliance,alliances,PP,plural,plural,The lecturers of the alliances in question,is,are,are,is,The lecturers of the alliances in question are responsible for the decision.,1,2,5,5,7,8
agr_0047,47,of_in_question,be_present,consultant,consultants,authority,authorities,SS,singular,singular,The consultant of the authority in question,is,are,is,are,The consultant of the authority in question is responsible for the decision.,1,1,4,4,6,7
agr_0047,47,of_in_question,be_present,consultant,consultants,authority,authorities,SP,singular,plural,The consultant of the authorities in question,is,are,is,are,The consultant of the authorities in question is responsible for the decision.,1,1,4,4,6,7
agr_0047,47,of_in_question,be_present,consultant,consultants,authority,authorities,PS,plural,singular,The consultants of the authority in question,is,are,are,is,The consultants of the authority in question are responsible for the decision.,1,1,4,4,6,7
agr_0047,47,of_in_question,be_present,consultant,consultants,authority,authorities,PP,plural,plural,The consultants of the authorities in question,is,are,are,is,The consultants of the authorities in question are responsible for the decision.,1,1,4,4,6,7
agr_0048,48,of_in_question,be_present,researcher,researchers,group,groups,SS,singular,singular,The researcher of the group in question,is,are,is,are,The researcher of the group in question is responsible for the decision.,1,1,4,4,6,7
agr_0048,48,of_in_question,be_present,researcher,researchers,group,groups,SP,singular,plural,The researcher of the groups in question,is,are,is,are,The researcher of the groups in question is responsible for the decision.,1,1,4,4,6,7
agr_0048,48,of_in_question,be_present,researcher,researchers,group,groups,PS,plural,singular,The researchers of the group in question,is,are,are,is,The researchers of the group in question are responsible for the decision.,1,1,4,4,6,7
agr_0048,48,of_in_question,be_present,researcher,researchers,group,groups,PP,plural,plural,The researchers of the groups in question,is,are,are,is,The researchers of the groups in question are responsible for the decision.,1,1,4,4,6,7
agr_0049,49,of_in_question,be_present,reporter,reporters,college,colleges,SS,singular,singular,The reporter of the college in question,is,are,is,are,The reporter of the college in question is responsible for the decision.,1,1,4,4,6,7
agr_0049,49,of_in_question,be_present,reporter,reporters,college,colleges,SP,singular,plural,The reporter of the colleges in question,is,are,is,are,The reporter of the colleges in question is responsible for the decision.,1,1,4,4,6,7
agr_0049,49,of_in_question,be_present,reporter,reporters,college,colleges,PS,plural,singular,The reporters of the college in question,is,are,are,is,The reporters of the college in question are responsible for the decision.,1,1,4,4,6,7
agr_0049,49,of_in_question,be_present,reporter,reporters,college,colleges,PP,plural,plural,The reporters of the colleges in question,is,are,are,is,The reporters of the colleges in question are responsible for the decision.,1,1,4,4,6,7
agr_0050,50,of_in_question,be_present,reporter,reporters,network,networks,SS,singular,singular,The reporter of the network in question,is,are,is,are,The reporter of the network in question is responsible for the decision.,1,1,4,4,6,7
agr_0050,50,of_in_question,be_present,reporter,reporters,network,networks,SP,singular,plural,The reporter of the networks in question,is,are,is,are,The reporter of the networks in question is responsible for the decision.,1,1,4,4,6,7
agr_0050,50,of_in_question,be_present,reporter,reporters,network,networks,PS,plural,singular,The reporters of the network in question,is,are,are,is,The reporters of the network in question are responsible for the decision.,1,1,4,4,6,7
agr_0050,50,of_in_question,be_present,reporter,reporters,network,networks,PP,plural,plural,The reporters of the networks in question,is,are,are,is,The reporters of the networks in question are responsible for the decision.,1,1,4,4,6,7
agr_0051,51,of_in_question,be_present,lecturer,lecturers,firm,firms,SS,singular,singular,The lecturer of the firm in question,is,are,is,are,The lecturer of the firm in question is responsible for the decision.,1,1,4,4,6,7
agr_0051,51,of_in_question,be_present,lecturer,lecturers,firm,firms,SP,singular,plural,The lecturer of the firms in question,is,are,is,are,The lecturer of the firms in question is responsible for the decision.,1,1,4,4,6,7
agr_0051,51,of_in_question,be_present,lecturer,lecturers,firm,firms,PS,plural,singular,The lecturers of the firm in question,is,are,are,is,The lecturers of the firm in question are responsible for the decision.,1,2,5,5,7,8
agr_0051,51,of_in_question,be_present,lecturer,lecturers,firm,firms,PP,plural,plural,The lecturers of the firms in question,is,are,are,is,The lecturers of the firms in question are responsible for the decision.,1,2,5,5,7,8
agr_0052,52,of_in_question,be_present,artist,artists,facility,facilities,SS,singular,singular,The artist of the facility in question,is,are,is,are,The artist of the facility in question is responsible for the decision.,1,1,4,4,6,7
agr_0052,52,of_in_question,be_present,artist,artists,facility,facilities,SP,singular,plural,The artist of the facilities in question,is,are,is,are,The artist of the facilities in question is responsible for the decision.,1,1,4,4,6,7
agr_0052,52,of_in_question,be_present,artist,artists,facility,facilities,PS,plural,singular,The artists of the facility in question,is,are,are,is,The artists of the facility in question are responsible for the decision.,1,1,4,4,6,7
agr_0052,52,of_in_question,be_present,artist,artists,facility,facilities,PP,plural,plural,The artists of the facilities in question,is,are,are,is,The artists of the facilities in question are responsible for the decision.,1,1,4,4,6,7
agr_0053,53,of_in_question,be_present,editor,editors,institute,institutes,SS,singular,singular,The editor of the institute in question,is,are,is,are,The editor of the institute in question is responsible for the decision.,1,1,4,4,6,7
agr_0053,53,of_in_question,be_present,editor,editors,institute,institutes,SP,singular,plural,The editor of the institutes in question,is,are,is,are,The editor of the institutes in question is responsible for the decision.,1,1,4,5,7,8
agr_0053,53,of_in_question,be_present,editor,editors,institute,institutes,PS,plural,singular,The editors of the institute in question,is,are,are,is,The editors of the institute in question are responsible for the decision.,1,1,4,4,6,7
agr_0053,53,of_in_question,be_present,editor,editors,institute,institutes,PP,plural,plural,The editors of the institutes in question,is,are,are,is,The editors of the institutes in question are responsible for the decision.,1,1,4,5,7,8
agr_0054,54,of_in_question,be_present,employee,employees,agency,agencies,SS,singular,singular,The employee of the agency in question,is,are,is,are,The employee of the agency in question is responsible for the decision.,1,1,4,4,6,7
agr_0054,54,of_in_question,be_present,employee,employees,agency,agencies,SP,singular,plural,The employee of the agencies in question,is,are,is,are,The employee of the agencies in question is responsible for the decision.,1,1,4,4,6,7
agr_0054,54,of_in_question,be_present,employee,employees,agency,agencies,PS,plural,singular,The employees of the agency in question,is,are,are,is,The employees of the agency in question are responsible for the decision.,1,1,4,4,6,7
agr_0054,54,of_in_question,be_present,employee,employees,agency,agencies,PP,plural,plural,The employees of the agencies in question,is,are,are,is,The employees of the agencies in question are responsible for the decision.,1,1,4,4,6,7
agr_0055,55,of_in_question,be_present,planner,planners,district,districts,SS,singular,singular,The planner of the district in question,is,are,is,are,The planner of the district in question is responsible for the decision.,1,1,4,4,6,7
agr_0055,55,of_in_question,be_present,planner,planners,district,districts,SP,singular,plural,The planner of the districts in question,is,are,is,are,The planner of the districts in question is responsible for the decision.,1,1,4,4,6,7
agr_0055,55,of_in_question,be_present,planner,planners,district,districts,PS,plural,singular,The planners of the district in question,is,are,are,is,The planners of the district in question are responsible for the decision.,1,1,4,4,6,7
agr_0055,55,of_in_question,be_present,planner,planners,district,districts,PP,plural,plural,The planners of the districts in question,is,are,are,is,The planners of the districts in question are responsible for the decision.,1,1,4,4,6,7
agr_0056,56,of_in_question,be_present,scientist,scientists,sector,sectors,SS,singular,singular,The scientist of the sector in question,is,are,is,are,The scientist of the sector in question is responsible for the decision.,1,1,4,4,6,7
agr_0056,56,of_in_question,be_present,scientist,scientists,sector,sectors,SP,singular,plural,The scientist of the sectors in question,is,are,is,are,The scientist of the sectors in question is responsible for the decision.,1,1,4,4,6,7
agr_0056,56,of_in_question,be_present,scientist,scientists,sector,sectors,PS,plural,singular,The scientists of the sector in question,is,are,are,is,The scientists of the sector in question are responsible for the decision.,1,1,4,4,6,7
agr_0056,56,of_in_question,be_present,scientist,scientists,sector,sectors,PP,plural,plural,The scientists of the sectors in question,is,are,are,is,The scientists of the sectors in question are responsible for the decision.,1,1,4,4,6,7
agr_0057,57,of_in_question,be_present,doctor,doctors,station,stations,SS,singular,singular,The doctor of the station in question,is,are,is,are,The doctor of the station in question is responsible for the decision.,1,1,4,4,6,7
agr_0057,57,of_in_question,be_present,doctor,doctors,station,stations,SP,singular,plural,The doctor of the stations in question,is,are,is,are,The doctor of the stations in question is responsible for the decision.,1,1,4,4,6,7
agr_0057,57,of_in_question,be_present,doctor,doctors,station,stations,PS,plural,singular,The doctors of the station in question,is,are,are,is,The doctors of the station in question are responsible for the decision.,1,1,4,4,6,7
agr_0057,57,of_in_question,be_present,doctor,doctors,station,stations,PP,plural,plural,The doctors of the stations in question,is,are,are,is,The doctors of the stations in question are responsible for the decision.,1,1,4,4,6,7
agr_0059,59,of_in_question,be_present,administrator,administrators,project,projects,SS,singular,singular,The administrator of the project in question,is,are,is,are,The administrator of the project in question is responsible for the decision.,1,1,4,4,6,7
agr_0059,59,of_in_question,be_present,administrator,administrators,project,projects,SP,singular,plural,The administrator of the projects in question,is,are,is,are,The administrator of the projects in question is responsible for the decision.,1,1,4,4,6,7
agr_0059,59,of_in_question,be_present,administrator,administrators,project,projects,PS,plural,singular,The administrators of the project in question,is,are,are,is,The administrators of the project in question are responsible for the decision.,1,1,4,4,6,7
agr_0059,59,of_in_question,be_present,administrator,administrators,project,projects,PP,plural,plural,The administrators of the projects in question,is,are,are,is,The administrators of the projects in question are responsible for the decision.,1,1,4,4,6,7
agr_0060,60,of_in_question,be_present,supervisor,supervisors,group,groups,SS,singular,singular,The supervisor of the group in question,is,are,is,are,The supervisor of the group in question is responsible for the decision.,1,1,4,4,6,7
agr_0060,60,of_in_question,be_present,supervisor,supervisors,group,groups,SP,singular,plural,The supervisor of the groups in question,is,are,is,are,The supervisor of the groups in question is responsible for the decision.,1,1,4,4,6,7
agr_0060,60,of_in_question,be_present,supervisor,supervisors,group,groups,PS,plural,singular,The supervisors of the group in question,is,are,are,is,The supervisors of the group in question are responsible for the decision.,1,1,4,4,6,7
agr_0060,60,of_in_question,be_present,supervisor,supervisors,group,groups,PP,plural,plural,The supervisors of the groups in question,is,are,are,is,The supervisors of the groups in question are responsible for the decision.,1,1,4,4,6,7
agr_0061,61,of_in_question,be_present,technician,technicians,college,colleges,SS,singular,singular,The technician of the college in question,is,are,is,are,The technician of the college in question is responsible for the decision.,1,1,4,4,6,7
agr_0061,61,of_in_question,be_present,technician,technicians,college,colleges,SP,singular,plural,The technician of the colleges in question,is,are,is,are,The technician of the colleges in question is responsible for the decision.,1,1,4,4,6,7
agr_0061,61,of_in_question,be_present,technician,technicians,college,colleges,PS,plural,singular,The technicians of the college in question,is,are,are,is,The technicians of the college in question are responsible for the decision.,1,1,4,4,6,7
agr_0061,61,of_in_question,be_present,technician,technicians,college,colleges,PP,plural,plural,The technicians of the colleges in question,is,are,are,is,The technicians of the colleges in question are responsible for the decision.,1,1,4,4,6,7
agr_0062,62,of_in_question,be_present,doctor,doctors,facility,facilities,SS,singular,singular,The doctor of the facility in question,is,are,is,are,The doctor of the facility in question is responsible for the decision.,1,1,4,4,6,7
agr_0062,62,of_in_question,be_present,doctor,doctors,facility,facilities,SP,singular,plural,The doctor of the facilities in question,is,are,is,are,The doctor of the facilities in question is responsible for the decision.,1,1,4,4,6,7
agr_0062,62,of_in_question,be_present,doctor,doctors,facility,facilities,PS,plural,singular,The doctors of the facility in question,is,are,are,is,The doctors of the facility in question are responsible for the decision.,1,1,4,4,6,7
agr_0062,62,of_in_question,be_present,doctor,doctors,facility,facilities,PP,plural,plural,The doctors of the facilities in question,is,are,are,is,The doctors of the facilities in question are responsible for the decision.,1,1,4,4,6,7
agr_0063,63,of_in_question,be_present,owner,owners,agency,agencies,SS,singular,singular,The owner of the agency in question,is,are,is,are,The owner of the agency in question is responsible for the decision.,1,1,4,4,6,7
agr_0063,63,of_in_question,be_present,owner,owners,agency,agencies,SP,singular,plural,The owner of the agencies in question,is,are,is,are,The owner of the agencies in question is responsible for the decision.,1,1,4,4,6,7
agr_0063,63,of_in_question,be_present,owner,owners,agency,agencies,PS,plural,singular,The owners of the agency in question,is,are,are,is,The owners of the agency in question are responsible for the decision.,1,1,4,4,6,7
agr_0063,63,of_in_question,be_present,owner,owners,agency,agencies,PP,plural,plural,The owners of the agencies in question,is,are,are,is,The owners of the agencies in question are responsible for the decision.,1,1,4,4,6,7
agr_0064,64,of_in_question,be_present,supervisor,supervisors,district,districts,SS,singular,singular,The supervisor of the district in question,is,are,is,are,The supervisor of the district in question is responsible for the decision.,1,1,4,4,6,7
agr_0064,64,of_in_question,be_present,supervisor,supervisors,district,districts,SP,singular,plural,The supervisor of the districts in question,is,are,is,are,The supervisor of the districts in question is responsible for the decision.,1,1,4,4,6,7
agr_0064,64,of_in_question,be_present,supervisor,supervisors,district,districts,PS,plural,singular,The supervisors of the district in question,is,are,are,is,The supervisors of the district in question are responsible for the decision.,1,1,4,4,6,7
agr_0064,64,of_in_question,be_present,supervisor,supervisors,district,districts,PP,plural,plural,The supervisors of the districts in question,is,are,are,is,The supervisors of the districts in question are responsible for the decision.,1,1,4,4,6,7
agr_0065,65,of_in_question,be_present,analyst,analysts,bureau,bureaus,SS,singular,singular,The analyst of the bureau in question,is,are,is,are,The analyst of the bureau in question is responsible for the decision.,1,1,4,4,6,7
agr_0065,65,of_in_question,be_present,analyst,analysts,bureau,bureaus,SP,singular,plural,The analyst of the bureaus in question,is,are,is,are,The analyst of the bureaus in question is responsible for the decision.,1,1,4,6,8,9
agr_0065,65,of_in_question,be_present,analyst,analysts,bureau,bureaus,PS,plural,singular,The analysts of the bureau in question,is,are,are,is,The analysts of the bureau in question are responsible for the decision.,1,1,4,4,6,7
agr_0065,65,of_in_question,be_present,analyst,analysts,bureau,bureaus,PP,plural,plural,The analysts of the bureaus in question,is,are,are,is,The analysts of the bureaus in question are responsible for the decision.,1,1,4,6,8,9
agr_0066,66,of_in_question,be_present,journalist,journalists,agency,agencies,SS,singular,singular,The journalist of the agency in question,is,are,is,are,The journalist of the agency in question is responsible for the decision.,1,1,4,4,6,7
agr_0066,66,of_in_question,be_present,journalist,journalists,agency,agencies,SP,singular,plural,The journalist of the agencies in question,is,are,is,are,The journalist of the agencies in question is responsible for the decision.,1,1,4,4,6,7
agr_0066,66,of_in_question,be_present,journalist,journalists,agency,agencies,PS,plural,singular,The journalists of the agency in question,is,are,are,is,The journalists of the agency in question are responsible for the decision.,1,1,4,4,6,7
agr_0066,66,of_in_question,be_present,journalist,journalists,agency,agencies,PP,plural,plural,The journalists of the agencies in question,is,are,are,is,The journalists of the agencies in question are responsible for the decision.,1,1,4,4,6,7
agr_0067,67,of_in_question,be_present,driver,drivers,partnership,partnerships,SS,singular,singular,The driver of the partnership in question,is,are,is,are,The driver of the partnership in question is responsible for the decision.,1,1,4,4,6,7
agr_0067,67,of_in_question,be_present,driver,drivers,partnership,partnerships,SP,singular,plural,The driver of the partnerships in question,is,are,is,are,The driver of the partnerships in question is responsible for the decision.,1,1,4,4,6,7
agr_0067,67,of_in_question,be_present,driver,drivers,partnership,partnerships,PS,plural,singular,The drivers of the partnership in question,is,are,are,is,The drivers of the partnership in question are responsible for the decision.,1,1,4,4,6,7
agr_0067,67,of_in_question,be_present,driver,drivers,partnership,partnerships,PP,plural,plural,The drivers of the partnerships in question,is,are,are,is,The drivers of the partnerships in question are responsible for the decision.,1,1,4,4,6,7
agr_0068,68,of_in_question,be_present,designer,designers,university,universities,SS,singular,singular,The designer of the university in question,is,are,is,are,The designer of the university in question is responsible for the decision.,1,1,4,4,6,7
agr_0068,68,of_in_question,be_present,designer,designers,university,universities,SP,singular,plural,The designer of the universities in question,is,are,is,are,The designer of the universities in question is responsible for the decision.,1,1,4,4,6,7
agr_0068,68,of_in_question,be_present,designer,designers,university,universities,PS,plural,singular,The designers of the university in question,is,are,are,is,The designers of the university in question are responsible for the decision.,1,1,4,4,6,7
agr_0068,68,of_in_question,be_present,designer,designers,university,universities,PP,plural,plural,The designers of the universities in question,is,are,are,is,The designers of the universities in question are responsible for the decision.,1,1,4,4,6,7
agr_0069,69,of_in_question,be_present,teacher,teachers,institution,institutions,SS,singular,singular,The teacher of the institution in question,is,are,is,are,The teacher of the institution in question is responsible for the decision.,1,1,4,4,6,7
agr_0069,69,of_in_question,be_present,teacher,teachers,institution,institutions,SP,singular,plural,The teacher of the institutions in question,is,are,is,are,The teacher of the institutions in question is responsible for the decision.,1,1,4,4,6,7
agr_0069,69,of_in_question,be_present,teacher,teachers,institution,institutions,PS,plural,singular,The teachers of the institution in question,is,are,are,is,The teachers of the institution in question are responsible for the decision.,1,1,4,4,6,7
agr_0069,69,of_in_question,be_present,teacher,teachers,institution,institutions,PP,plural,plural,The teachers of the institutions in question,is,are,are,is,The teachers of the institutions in question are responsible for the decision.,1,1,4,4,6,7
agr_0070,70,of_in_question,be_present,supervisor,supervisors,institution,institutions,SS,singular,singular,The supervisor of the institution in question,is,are,is,are,The supervisor of the institution in question is responsible for the decision.,1,1,4,4,6,7
agr_0070,70,of_in_question,be_present,supervisor,supervisors,institution,institutions,SP,singular,plural,The supervisor of the institutions in question,is,are,is,are,The supervisor of the institutions in question is responsible for the decision.,1,1,4,4,6,7
agr_0070,70,of_in_question,be_present,supervisor,supervisors,institution,institutions,PS,plural,singular,The supervisors of the institution in question,is,are,are,is,The supervisors of the institution in question are responsible for the decision.,1,1,4,4,6,7
agr_0070,70,of_in_question,be_present,supervisor,supervisors,institution,institutions,PP,plural,plural,The supervisors of the institutions in question,is,are,are,is,The supervisors of the institutions in question are responsible for the decision.,1,1,4,4,6,7
agr_0071,71,of_in_question,be_present,accountant,accountants,coalition,coalitions,SS,singular,singular,The accountant of the coalition in question,is,are,is,are,The accountant of the coalition in question is responsible for the decision.,1,1,4,4,6,7
agr_0071,71,of_in_question,be_present,accountant,accountants,coalition,coalitions,SP,singular,plural,The accountant of the coalitions in question,is,are,is,are,The accountant of the coalitions in question is responsible for the decision.,1,1,4,5,7,8
agr_0071,71,of_in_question,be_present,accountant,accountants,coalition,coalitions,PS,plural,singular,The accountants of the coalition in question,is,are,are,is,The accountants of the coalition in question are responsible for the decision.,1,2,5,5,7,8
agr_0071,71,of_in_question,be_present,accountant,accountants,coalition,coalitions,PP,plural,plural,The accountants of the coalitions in question,is,are,are,is,The accountants of the coalitions in question are responsible for the decision.,1,2,5,6,8,9
agr_0072,72,of_in_question,be_present,architect,architects,organization,organizations,SS,singular,singular,The architect of the organization in question,is,are,is,are,The architect of the organization in question is responsible for the decision.,1,1,4,4,6,7
agr_0072,72,of_in_question,be_present,architect,architects,organization,organizations,SP,singular,plural,The architect of the organizations in question,is,are,is,are,The architect of the organizations in question is responsible for the decision.,1,1,4,4,6,7
agr_0072,72,of_in_question,be_present,architect,architects,organization,organizations,PS,plural,singular,The architects of the organization in question,is,are,are,is,The architects of the organization in question are responsible for the decision.,1,1,4,4,6,7
agr_0072,72,of_in_question,be_present,architect,architects,organization,organizations,PP,plural,plural,The architects of the organizations in question,is,are,are,is,The architects of the organizations in question are responsible for the decision.,1,1,4,4,6,7
agr_0073,73,of_in_question,be_present,assistant,assistants,district,districts,SS,singular,singular,The assistant of the district in question,is,are,is,are,The assistant of the district in question is responsible for the decision.,1,1,4,4,6,7
agr_0073,73,of_in_question,be_present,assistant,assistants,district,districts,SP,singular,plural,The assistant of the districts in question,is,are,is,are,The assistant of the districts in question is responsible for the decision.,1,1,4,4,6,7
agr_0073,73,of_in_question,be_present,assistant,assistants,district,districts,PS,plural,singular,The assistants of the district in question,is,are,are,is,The assistants of the district in question are responsible for the decision.,1,1,4,4,6,7
agr_0073,73,of_in_question,be_present,assistant,assistants,district,districts,PP,plural,plural,The assistants of the districts in question,is,are,are,is,The assistants of the districts in question are responsible for the decision.,1,1,4,4,6,7
agr_0074,74,of_in_question,be_present,lecturer,lecturers,organization,organizations,SS,singular,singular,The lecturer of the organization in question,is,are,is,are,The lecturer of the organization in question is responsible for the decision.,1,1,4,4,6,7
agr_0074,74,of_in_question,be_present,lecturer,lecturers,organization,organizations,SP,singular,plural,The lecturer of the organizations in question,is,are,is,are,The lecturer of the organizations in question is responsible for the decision.,1,1,4,4,6,7
agr_0074,74,of_in_question,be_present,lecturer,lecturers,organization,organizations,PS,plural,singular,The lecturers of the organization in question,is,are,are,is,The lecturers of the organization in question are responsible for the decision.,1,2,5,5,7,8
agr_0074,74,of_in_question,be_present,lecturer,lecturers,organization,organizations,PP,plural,plural,The lecturers of the organizations in question,is,are,are,is,The lecturers of the organizations in question are responsible for the decision.,1,2,5,5,7,8
agr_0075,75,of_in_question,be_present,inspector,inspectors,centre,centres,SS,singular,singular,The inspector of the centre in question,is,are,is,are,The inspector of the centre in question is responsible for the decision.,1,1,4,4,6,7
agr_0075,75,of_in_question,be_present,inspector,inspectors,centre,centres,SP,singular,plural,The inspector of the centres in question,is,are,is,are,The inspector of the centres in question is responsible for the decision.,1,1,4,4,6,7
agr_0075,75,of_in_question,be_present,inspector,inspectors,centre,centres,PS,plural,singular,The inspectors of the centre in question,is,are,are,is,The inspectors of the centre in question are responsible for the decision.,1,1,4,4,6,7
agr_0075,75,of_in_question,be_present,inspector,inspectors,centre,centres,PP,plural,plural,The inspectors of the centres in question,is,are,are,is,The inspectors of the centres in question are responsible for the decision.,1,1,4,4,6,7
agr_0076,76,of_in_question,be_present,evaluator,evaluators,coalition,coalitions,SS,singular,singular,The evaluator of the coalition in question,is,are,is,are,The evaluator of the coalition in question is responsible for the decision.,1,3,6,6,8,9
agr_0076,76,of_in_question,be_present,evaluator,evaluators,coalition,coalitions,SP,singular,plural,The evaluator of the coalitions in question,is,are,is,are,The evaluator of the coalitions in question is responsible for the decision.,1,3,6,7,9,10
agr_0076,76,of_in_question,be_present,evaluator,evaluators,coalition,coalitions,PS,plural,singular,The evaluators of the coalition in question,is,are,are,is,The evaluators of the coalition in question are responsible for the decision.,1,3,6,6,8,9
agr_0076,76,of_in_question,be_present,evaluator,evaluators,coalition,coalitions,PP,plural,plural,The evaluators of the coalitions in question,is,are,are,is,The evaluators of the coalitions in question are responsible for the decision.,1,3,6,7,9,10
agr_0077,77,of_in_question,be_present,director,directors,team,teams,SS,singular,singular,The director of the team in question,is,are,is,are,The director of the team in question is responsible for the decision.,1,1,4,4,6,7
agr_0077,77,of_in_question,be_present,director,directors,team,teams,SP,singular,plural,The director of the teams in question,is,are,is,are,The director of the teams in question is responsible for the decision.,1,1,4,4,6,7
agr_0077,77,of_in_question,be_present,director,directors,team,teams,PS,plural,singular,The directors of the team in question,is,are,are,is,The directors of the team in question are responsible for the decision.,1,1,4,4,6,7
agr_0077,77,of_in_question,be_present,director,directors,team,teams,PP,plural,plural,The directors of the teams in question,is,are,are,is,The directors of the teams in question are responsible for the decision.,1,1,4,4,6,7
agr_0078,78,of_in_question,be_present,researcher,researchers,forum,forums,SS,singular,singular,The researcher of the forum in question,is,are,is,are,The researcher of the forum in question is responsible for the decision.,1,1,4,4,6,7
agr_0078,78,of_in_question,be_present,researcher,researchers,forum,forums,SP,singular,plural,The researcher of the forums in question,is,are,is,are,The researcher of the forums in question is responsible for the decision.,1,1,4,4,6,7
agr_0078,78,of_in_question,be_present,researcher,researchers,forum,forums,PS,plural,singular,The researchers of the forum in question,is,are,are,is,The researchers of the forum in question are responsible for the decision.,1,1,4,4,6,7
agr_0078,78,of_in_question,be_present,researcher,researchers,forum,forums,PP,plural,plural,The researchers of the forums in question,is,are,are,is,The researchers of the forums in question are responsible for the decision.,1,1,4,4,6,7
agr_0079,79,of_in_question,be_present,evaluator,evaluators,service,services,SS,singular,singular,The evaluator of the service in question,is,are,is,are,The evaluator of the service in question is responsible for the decision.,1,3,6,6,8,9
agr_0079,79,of_in_question,be_present,evaluator,evaluators,service,services,SP,singular,plural,The evaluator of the services in question,is,are,is,are,The evaluator of the services in question is responsible for the decision.,1,3,6,6,8,9
agr_0079,79,of_in_question,be_present,evaluator,evaluators,service,services,PS,plural,singular,The evaluators of the service in question,is,are,are,is,The evaluators of the service in question are responsible for the decision.,1,3,6,6,8,9
agr_0079,79,of_in_question,be_present,evaluator,evaluators,service,services,PP,plural,plural,The evaluators of the services in question,is,are,are,is,The evaluators of the services in question are responsible for the decision.,1,3,6,6,8,9
agr_0080,80,of_in_question,be_present,editor,editors,station,stations,SS,singular,singular,The editor of the station in question,is,are,is,are,The editor of the station in question is responsible for the decision.,1,1,4,4,6,7
agr_0080,80,of_in_question,be_present,editor,editors,station,stations,SP,singular,plural,The editor of the stations in question,is,are,is,are,The editor of the stations in question is responsible for the decision.,1,1,4,4,6,7
agr_0080,80,of_in_question,be_present,editor,editors,station,stations,PS,plural,singular,The editors of the station in question,is,are,are,is,The editors of the station in question are responsible for the decision.,1,1,4,4,6,7
agr_0080,80,of_in_question,be_present,editor,editors,station,stations,PP,plural,plural,The editors of the stations in question,is,are,are,is,The editors of the stations in question are responsible for the decision.,1,1,4,4,6,7
agr_0082,82,of_in_question,be_present,auditor,auditors,consortium,consortiums,SS,singular,singular,The auditor of the consortium in question,is,are,is,are,The auditor of the consortium in question is responsible for the decision.,1,1,4,4,6,7
agr_0082,82,of_in_question,be_present,auditor,auditors,consortium,consortiums,SP,singular,plural,The auditor of the consortiums in question,is,are,is,are,The auditor of the consortiums in question is responsible for the decision.,1,1,4,5,7,8
agr_0082,82,of_in_question,be_present,auditor,auditors,consortium,consortiums,PS,plural,singular,The auditors of the consortium in question,is,are,are,is,The auditors of the consortium in question are responsible for the decision.,1,2,5,5,7,8
agr_0082,82,of_in_question,be_present,auditor,auditors,consortium,consortiums,PP,plural,plural,The auditors of the consortiums in question,is,are,are,is,The auditors of the consortiums in question are responsible for the decision.,1,2,5,6,8,9
agr_0083,83,of_in_question,be_present,painter,painters,division,divisions,SS,singular,singular,The painter of the division in question,is,are,is,are,The painter of the division in question is responsible for the decision.,1,1,4,4,6,7
agr_0083,83,of_in_question,be_present,painter,painters,division,divisions,SP,singular,plural,The painter of the divisions in question,is,are,is,are,The painter of the divisions in question is responsible for the decision.,1,1,4,4,6,7
agr_0083,83,of_in_question,be_present,painter,painters,division,divisions,PS,plural,singular,The painters of the division in question,is,are,are,is,The painters of the division in question are responsible for the decision.,1,2,5,5,7,8
agr_0083,83,of_in_question,be_present,painter,painters,division,divisions,PP,plural,plural,The painters of the divisions in question,is,are,are,is,The painters of the divisions in question are responsible for the decision.,1,2,5,5,7,8
agr_0084,84,of_in_question,be_present,advisor,advisors,group,groups,SS,singular,singular,The advisor of the group in question,is,are,is,are,The advisor of the group in question is responsible for the decision.,1,1,4,4,6,7
agr_0084,84,of_in_question,be_present,advisor,advisors,group,groups,SP,singular,plural,The advisor of the groups in question,is,are,is,are,The advisor of the groups in question is responsible for the decision.,1,1,4,4,6,7
agr_0084,84,of_in_question,be_present,advisor,advisors,group,groups,PS,plural,singular,The advisors of the group in question,is,are,are,is,The advisors of the group in question are responsible for the decision.,1,1,4,4,6,7
agr_0084,84,of_in_question,be_present,advisor,advisors,group,groups,PP,plural,plural,The advisors of the groups in question,is,are,are,is,The advisors of the groups in question are responsible for the decision.,1,1,4,4,6,7
agr_0085,85,of_in_question,be_present,advisor,advisors,network,networks,SS,singular,singular,The advisor of the network in question,is,are,is,are,The advisor of the network in question is responsible for the decision.,1,1,4,4,6,7
agr_0085,85,of_in_question,be_present,advisor,advisors,network,networks,SP,singular,plural,The advisor of the networks in question,is,are,is,are,The advisor of the networks in question is responsible for the decision.,1,1,4,4,6,7
agr_0085,85,of_in_question,be_present,advisor,advisors,network,networks,PS,plural,singular,The advisors of the network in question,is,are,are,is,The advisors of the network in question are responsible for the decision.,1,1,4,4,6,7
agr_0085,85,of_in_question,be_present,advisor,advisors,network,networks,PP,plural,plural,The advisors of the networks in question,is,are,are,is,The advisors of the networks in question are responsible for the decision.,1,1,4,4,6,7
agr_0086,86,of_in_question,be_present,planner,planners,division,divisions,SS,singular,singular,The planner of the division in question,is,are,is,are,The planner of the division in question is responsible for the decision.,1,1,4,4,6,7
agr_0086,86,of_in_question,be_present,planner,planners,division,divisions,SP,singular,plural,The planner of the divisions in question,is,are,is,are,The planner of the divisions in question is responsible for the decision.,1,1,4,4,6,7
agr_0086,86,of_in_question,be_present,planner,planners,division,divisions,PS,plural,singular,The planners of the division in question,is,are,are,is,The planners of the division in question are responsible for the decision.,1,1,4,4,6,7
agr_0086,86,of_in_question,be_present,planner,planners,division,divisions,PP,plural,plural,The planners of the divisions in question,is,are,are,is,The planners of the divisions in question are responsible for the decision.,1,1,4,4,6,7
agr_0087,87,of_in_question,be_present,supervisor,supervisors,company,companies,SS,singular,singular,The supervisor of the company in question,is,are,is,are,The supervisor of the company in question is responsible for the decision.,1,1,4,4,6,7
agr_0087,87,of_in_question,be_present,supervisor,supervisors,company,companies,SP,singular,plural,The supervisor of the companies in question,is,are,is,are,The supervisor of the companies in question is responsible for the decision.,1,1,4,4,6,7
agr_0087,87,of_in_question,be_present,supervisor,supervisors,company,companies,PS,plural,singular,The supervisors of the company in question,is,are,are,is,The supervisors of the company in question are responsible for the decision.,1,1,4,4,6,7
agr_0087,87,of_in_question,be_present,supervisor,supervisors,company,companies,PP,plural,plural,The supervisors of the companies in question,is,are,are,is,The supervisors of the companies in question are responsible for the decision.,1,1,4,4,6,7
agr_0088,88,of_in_question,be_present,consultant,consultants,forum,forums,SS,singular,singular,The consultant of the forum in question,is,are,is,are,The consultant of the forum in question is responsible for the decision.,1,1,4,4,6,7
agr_0088,88,of_in_question,be_present,consultant,consultants,forum,forums,SP,singular,plural,The consultant of the forums in question,is,are,is,are,The consultant of the forums in question is responsible for the decision.,1,1,4,4,6,7
agr_0088,88,of_in_question,be_present,consultant,consultants,forum,forums,PS,plural,singular,The consultants of the forum in question,is,are,are,is,The consultants of the forum in question are responsible for the decision.,1,1,4,4,6,7
agr_0088,88,of_in_question,be_present,consultant,consultants,forum,forums,PP,plural,plural,The consultants of the forums in question,is,are,are,is,The consultants of the forums in question are responsible for the decision.,1,1,4,4,6,7
agr_0089,89,of_in_question,be_present,candidate,candidates,hospital,hospitals,SS,singular,singular,The candidate of the hospital in question,is,are,is,are,The candidate of the hospital in question is responsible for the decision.,1,1,4,4,6,7
agr_0089,89,of_in_question,be_present,candidate,candidates,hospital,hospitals,SP,singular,plural,The candidate of the hospitals in question,is,are,is,are,The candidate of the hospitals in question is responsible for the decision.,1,1,4,4,6,7
agr_0089,89,of_in_question,be_present,candidate,candidates,hospital,hospitals,PS,plural,singular,The candidates of the hospital in question,is,are,are,is,The candidates of the hospital in question are responsible for the decision.,1,1,4,4,6,7
agr_0089,89,of_in_question,be_present,candidate,candidates,hospital,hospitals,PP,plural,plural,The candidates of the hospitals in question,is,are,are,is,The candidates of the hospitals in question are responsible for the decision.,1,1,4,4,6,7
agr_0090,90,of_in_question,be_present,architect,architects,ministry,ministries,SS,singular,singular,The architect of the ministry in question,is,are,is,are,The architect of the ministry in question is responsible for the decision.,1,1,4,4,6,7
agr_0090,90,of_in_question,be_present,architect,architects,ministry,ministries,SP,singular,plural,The architect of the ministries in question,is,are,is,are,The architect of the ministries in question is responsible for the decision.,1,1,4,4,6,7
agr_0090,90,of_in_question,be_present,architect,architects,ministry,ministries,PS,plural,singular,The architects of the ministry in question,is,are,are,is,The architects of the ministry in question are responsible for the decision.,1,1,4,4,6,7
agr_0090,90,of_in_question,be_present,architect,architects,ministry,ministries,PP,plural,plural,The architects of the ministries in question,is,are,are,is,The architects of the ministries in question are responsible for the decision.,1,1,4,4,6,7
agr_0092,92,of_in_question,be_present,evaluator,evaluators,authority,authorities,SS,singular,singular,The evaluator of the authority in question,is,are,is,are,The evaluator of the authority in question is responsible for the decision.,1,3,6,6,8,9
agr_0092,92,of_in_question,be_present,evaluator,evaluators,authority,authorities,SP,singular,plural,The evaluator of the authorities in question,is,are,is,are,The evaluator of the authorities in question is responsible for the decision.,1,3,6,6,8,9
agr_0092,92,of_in_question,be_present,evaluator,evaluators,authority,authorities,PS,plural,singular,The evaluators of the authority in question,is,are,are,is,The evaluators of the authority in question are responsible for the decision.,1,3,6,6,8,9
agr_0092,92,of_in_question,be_present,evaluator,evaluators,authority,authorities,PP,plural,plural,The evaluators of the authorities in question,is,are,are,is,The evaluators of the authorities in question are responsible for the decision.,1,3,6,6,8,9
agr_0093,93,of_in_question,be_present,builder,builders,organization,organizations,SS,singular,singular,The builder of the organization in question,is,are,is,are,The builder of the organization in question is responsible for the decision.,1,1,4,4,6,7
agr_0093,93,of_in_question,be_present,builder,builders,organization,organizations,SP,singular,plural,The builder of the organizations in question,is,are,is,are,The builder of the organizations in question is responsible for the decision.,1,1,4,4,6,7
agr_0093,93,of_in_question,be_present,builder,builders,organization,organizations,PS,plural,singular,The builders of the organization in question,is,are,are,is,The builders of the organization in question are responsible for the decision.,1,1,4,4,6,7
agr_0093,93,of_in_question,be_present,builder,builders,organization,organizations,PP,plural,plural,The builders of the organizations in question,is,are,are,is,The builders of the organizations in question are responsible for the decision.,1,1,4,4,6,7
agr_0094,94,of_in_question,be_present,operator,operators,team,teams,SS,singular,singular,The operator of the team in question,is,are,is,are,The operator of the team in question is responsible for the decision.,1,1,4,4,6,7
agr_0094,94,of_in_question,be_present,operator,operators,team,teams,SP,singular,plural,The operator of the teams in question,is,are,is,are,The operator of the teams in question is responsible for the decision.,1,1,4,4,6,7
agr_0094,94,of_in_question,be_present,operator,operators,team,teams,PS,plural,singular,The operators of the team in question,is,are,are,is,The operators of the team in question are responsible for the decision.,1,1,4,4,6,7
agr_0094,94,of_in_question,be_present,operator,operators,team,teams,PP,plural,plural,The operators of the teams in question,is,are,are,is,The operators of the teams in question are responsible for the decision.,1,1,4,4,6,7
agr_0095,95,of_in_question,be_present,painter,painters,unit,units,SS,singular,singular,The painter of the unit in question,is,are,is,are,The painter of the unit in question is responsible for the decision.,1,1,4,4,6,7
agr_0095,95,of_in_question,be_present,painter,painters,unit,units,SP,singular,plural,The painter of the units in question,is,are,is,are,The painter of the units in question is responsible for the decision.,1,1,4,4,6,7
agr_0095,95,of_in_question,be_present,painter,painters,unit,units,PS,plural,singular,The painters of the unit in question,is,are,are,is,The painters of the unit in question are responsible for the decision.,1,2,5,5,7,8
agr_0095,95,of_in_question,be_present,painter,painters,unit,units,PP,plural,plural,The painters of the units in question,is,are,are,is,The painters of the units in question are responsible for the decision.,1,2,5,5,7,8
agr_0096,96,of_in_question,be_present,officer,officers,laboratory,laboratories,SS,singular,singular,The officer of the laboratory in question,is,are,is,are,The officer of the laboratory in question is responsible for the decision.,1,1,4,4,6,7
agr_0096,96,of_in_question,be_present,officer,officers,laboratory,laboratories,SP,singular,plural,The officer of the laboratories in question,is,are,is,are,The officer of the laboratories in question is responsible for the decision.,1,1,4,4,6,7
agr_0096,96,of_in_question,be_present,officer,officers,laboratory,laboratories,PS,plural,singular,The officers of the laboratory in question,is,are,are,is,The officers of the laboratory in question are responsible for the decision.,1,1,4,4,6,7
agr_0096,96,of_in_question,be_present,officer,officers,laboratory,laboratories,PP,plural,plural,The officers of the laboratories in question,is,are,are,is,The officers of the laboratories in question are responsible for the decision.,1,1,4,4,6,7
agr_0097,97,of_in_question,be_present,accountant,accountants,network,networks,SS,singular,singular,The accountant of the network in question,is,are,is,are,The accountant of the network in question is responsible for the decision.,1,1,4,4,6,7
agr_0097,97,of_in_question,be_present,accountant,accountants,network,networks,SP,singular,plural,The accountant of the networks in question,is,are,is,are,The accountant of the networks in question is responsible for the decision.,1,1,4,4,6,7
agr_0097,97,of_in_question,be_present,accountant,accountants,network,networks,PS,plural,singular,The accountants of the network in question,is,are,are,is,The accountants of the network in question are responsible for the decision.,1,2,5,5,7,8
agr_0097,97,of_in_question,be_present,accountant,accountants,network,networks,PP,plural,plural,The accountants of the networks in question,is,are,are,is,The accountants of the networks in question are responsible for the decision.,1,2,5,5,7,8
agr_0098,98,of_in_question,be_present,candidate,candidates,organization,organizations,SS,singular,singular,The candidate of the organization in question,is,are,is,are,The candidate of the organization in question is responsible for the decision.,1,1,4,4,6,7
agr_0098,98,of_in_question,be_present,candidate,candidates,organization,organizations,SP,singular,plural,The candidate of the organizations in question,is,are,is,are,The candidate of the organizations in question is responsible for the decision.,1,1,4,4,6,7
agr_0098,98,of_in_question,be_present,candidate,candidates,organization,organizations,PS,plural,singular,The candidates of the organization in question,is,are,are,is,The candidates of the organization in question are responsible for the decision.,1,1,4,4,6,7
agr_0098,98,of_in_question,be_present,candidate,candidates,organization,organizations,PP,plural,plural,The candidates of the organizations in question,is,are,are,is,The candidates of the organizations in question are responsible for the decision.,1,1,4,4,6,7
agr_0099,99,of_in_question,be_present,architect,architects,corporation,corporations,SS,singular,singular,The architect of the corporation in question,is,are,is,are,The architect of the corporation in question is responsible for the decision.,1,1,4,4,6,7
agr_0099,99,of_in_question,be_present,architect,architects,corporation,corporations,SP,singular,plural,The architect of the corporations in question,is,are,is,are,The architect of the corporations in question is responsible for the decision.,1,1,4,4,6,7
agr_0099,99,of_in_question,be_present,architect,architects,corporation,corporations,PS,plural,singular,The architects of the corporation in question,is,are,are,is,The architects of the corporation in question are responsible for the decision.,1,1,4,4,6,7
agr_0099,99,of_in_question,be_present,architect,architects,corporation,corporations,PP,plural,plural,The architects of the corporations in question,is,are,are,is,The architects of the corporations in question are responsible for the decision.,1,1,4,4,6,7
agr_0100,100,of_in_question,be_present,director,directors,station,stations,SS,singular,singular,The director of the station in question,is,are,is,are,The director of the station in question is responsible for the decision.,1,1,4,4,6,7
agr_0100,100,of_in_question,be_present,director,directors,station,stations,SP,singular,plural,The director of the stations in question,is,are,is,are,The director of the stations in question is responsible for the decision.,1,1,4,4,6,7
agr_0100,100,of_in_question,be_present,director,directors,station,stations,PS,plural,singular,The directors of the station in question,is,are,are,is,The directors of the station in question are responsible for the decision.,1,1,4,4,6,7
agr_0100,100,of_in_question,be_present,director,directors,station,stations,PP,plural,plural,The directors of the stations in question,is,are,are,is,The directors of the stations in question are responsible for the decision.,1,1,4,4,6,7
agr_0102,102,of_in_question,be_present,researcher,researchers,authority,authorities,SS,singular,singular,The researcher of the authority in question,is,are,is,are,The researcher of the authority in question is responsible for the decision.,1,1,4,4,6,7
agr_0102,102,of_in_question,be_present,researcher,researchers,authority,authorities,SP,singular,plural,The researcher of the authorities in question,is,are,is,are,The researcher of the authorities in question is responsible for the decision.,1,1,4,4,6,7
agr_0102,102,of_in_question,be_present,researcher,researchers,authority,authorities,PS,plural,singular,The researchers of the authority in question,is,are,are,is,The researchers of the authority in question are responsible for the decision.,1,1,4,4,6,7
agr_0102,102,of_in_question,be_present,researcher,researchers,authority,authorities,PP,plural,plural,The researchers of the authorities in question,is,are,are,is,The researchers of the authorities in question are responsible for the decision.,1,1,4,4,6,7
agr_0103,103,of_in_question,be_present,planner,planners,laboratory,laboratories,SS,singular,singular,The planner of the laboratory in question,is,are,is,are,The planner of the laboratory in question is responsible for the decision.,1,1,4,4,6,7
agr_0103,103,of_in_question,be_present,planner,planners,laboratory,laboratories,SP,singular,plural,The planner of the laboratories in question,is,are,is,are,The planner of the laboratories in question is responsible for the decision.,1,1,4,4,6,7
agr_0103,103,of_in_question,be_present,planner,planners,laboratory,laboratories,PS,plural,singular,The planners of the laboratory in question,is,are,are,is,The planners of the laboratory in question are responsible for the decision.,1,1,4,4,6,7
agr_0103,103,of_in_question,be_present,planner,planners,laboratory,laboratories,PP,plural,plural,The planners of the laboratories in question,is,are,are,is,The planners of the laboratories in question are responsible for the decision.,1,1,4,4,6,7
agr_0104,104,of_in_question,be_present,editor,editors,association,associations,SS,singular,singular,The editor of the association in question,is,are,is,are,The editor of the association in question is responsible for the decision.,1,1,4,4,6,7
agr_0104,104,of_in_question,be_present,editor,editors,association,associations,SP,singular,plural,The editor of the associations in question,is,are,is,are,The editor of the associations in question is responsible for the decision.,1,1,4,4,6,7
agr_0104,104,of_in_question,be_present,editor,editors,association,associations,PS,plural,singular,The editors of the association in question,is,are,are,is,The editors of the association in question are responsible for the decision.,1,1,4,4,6,7
agr_0104,104,of_in_question,be_present,editor,editors,association,associations,PP,plural,plural,The editors of the associations in question,is,are,are,is,The editors of the associations in question are responsible for the decision.,1,1,4,4,6,7
agr_0105,105,of_in_question,be_present,painter,painters,group,groups,SS,singular,singular,The painter of the group in question,is,are,is,are,The painter of the group in question is responsible for the decision.,1,1,4,4,6,7
agr_0105,105,of_in_question,be_present,painter,painters,group,groups,SP,singular,plural,The painter of the groups in question,is,are,is,are,The painter of the groups in question is responsible for the decision.,1,1,4,4,6,7
agr_0105,105,of_in_question,be_present,painter,painters,group,groups,PS,plural,singular,The painters of the group in question,is,are,are,is,The painters of the group in question are responsible for the decision.,1,2,5,5,7,8
agr_0105,105,of_in_question,be_present,painter,painters,group,groups,PP,plural,plural,The painters of the groups in question,is,are,are,is,The painters of the groups in question are responsible for the decision.,1,2,5,5,7,8
agr_0106,106,of_in_question,be_present,employee,employees,corporation,corporations,SS,singular,singular,The employee of the corporation in question,is,are,is,are,The employee of the corporation in question is responsible for the decision.,1,1,4,4,6,7
agr_0106,106,of_in_question,be_present,employee,employees,corporation,corporations,SP,singular,plural,The employee of the corporations in question,is,are,is,are,The employee of the corporations in question is responsible for the decision.,1,1,4,4,6,7
agr_0106,106,of_in_question,be_present,employee,employees,corporation,corporations,PS,plural,singular,The employees of the corporation in question,is,are,are,is,The employees of the corporation in question are responsible for the decision.,1,1,4,4,6,7
agr_0106,106,of_in_question,be_present,employee,employees,corporation,corporations,PP,plural,plural,The employees of the corporations in question,is,are,are,is,The employees of the corporations in question are responsible for the decision.,1,1,4,4,6,7
agr_0107,107,of_in_question,be_present,consultant,consultants,school,schools,SS,singular,singular,The consultant of the school in question,is,are,is,are,The consultant of the school in question is responsible for the decision.,1,1,4,4,6,7
agr_0107,107,of_in_question,be_present,consultant,consultants,school,schools,SP,singular,plural,The consultant of the schools in question,is,are,is,are,The consultant of the schools in question is responsible for the decision.,1,1,4,4,6,7
agr_0107,107,of_in_question,be_present,consultant,consultants,school,schools,PS,plural,singular,The consultants of the school in question,is,are,are,is,The consultants of the school in question are responsible for the decision.,1,1,4,4,6,7
agr_0107,107,of_in_question,be_present,consultant,consultants,school,schools,PP,plural,plural,The consultants of the schools in question,is,are,are,is,The consultants of the schools in question are responsible for the decision.,1,1,4,4,6,7
agr_0108,108,of_in_question,be_present,programmer,programmers,enterprise,enterprises,SS,singular,singular,The programmer of the enterprise in question,is,are,is,are,The programmer of the enterprise in question is responsible for the decision.,1,1,4,4,6,7
agr_0108,108,of_in_question,be_present,programmer,programmers,enterprise,enterprises,SP,singular,plural,The programmer of the enterprises in question,is,are,is,are,The programmer of the enterprises in question is responsible for the decision.,1,1,4,4,6,7
agr_0108,108,of_in_question,be_present,programmer,programmers,enterprise,enterprises,PS,plural,singular,The programmers of the enterprise in question,is,are,are,is,The programmers of the enterprise in question are responsible for the decision.,1,1,4,4,6,7
agr_0108,108,of_in_question,be_present,programmer,programmers,enterprise,enterprises,PP,plural,plural,The programmers of the enterprises in question,is,are,are,is,The programmers of the enterprises in question are responsible for the decision.,1,1,4,4,6,7
agr_0109,109,of_in_question,be_present,journalist,journalists,corporation,corporations,SS,singular,singular,The journalist of the corporation in question,is,are,is,are,The journalist of the corporation in question is responsible for the decision.,1,1,4,4,6,7
agr_0109,109,of_in_question,be_present,journalist,journalists,corporation,corporations,SP,singular,plural,The journalist of the corporations in question,is,are,is,are,The journalist of the corporations in question is responsible for the decision.,1,1,4,4,6,7
agr_0109,109,of_in_question,be_present,journalist,journalists,corporation,corporations,PS,plural,singular,The journalists of the corporation in question,is,are,are,is,The journalists of the corporation in question are responsible for the decision.,1,1,4,4,6,7
agr_0109,109,of_in_question,be_present,journalist,journalists,corporation,corporations,PP,plural,plural,The journalists of the corporations in question,is,are,are,is,The journalists of the corporations in question are responsible for the decision.,1,1,4,4,6,7
agr_0110,110,of_in_question,be_present,artist,artists,board,boards,SS,singular,singular,The artist of the board in question,is,are,is,are,The artist of the board in question is responsible for the decision.,1,1,4,4,6,7
agr_0110,110,of_in_question,be_present,artist,artists,board,boards,SP,singular,plural,The artist of the boards in question,is,are,is,are,The artist of the boards in question is responsible for the decision.,1,1,4,4,6,7
agr_0110,110,of_in_question,be_present,artist,artists,board,boards,PS,plural,singular,The artists of the board in question,is,are,are,is,The artists of the board in question are responsible for the decision.,1,1,4,4,6,7
agr_0110,110,of_in_question,be_present,artist,artists,board,boards,PP,plural,plural,The artists of the boards in question,is,are,are,is,The artists of the boards in question are responsible for the decision.,1,1,4,4,6,7
agr_0111,111,of_in_question,be_present,administrator,administrators,organization,organizations,SS,singular,singular,The administrator of the organization in question,is,are,is,are,The administrator of the organization in question is responsible for the decision.,1,1,4,4,6,7
agr_0111,111,of_in_question,be_present,administrator,administrators,organization,organizations,SP,singular,plural,The administrator of the organizations in question,is,are,is,are,The administrator of the organizations in question is responsible for the decision.,1,1,4,4,6,7
agr_0111,111,of_in_question,be_present,administrator,administrators,organization,organizations,PS,plural,singular,The administrators of the organization in question,is,are,are,is,The administrators of the organization in question are responsible for the decision.,1,1,4,4,6,7
agr_0111,111,of_in_question,be_present,administrator,administrators,organization,organizations,PP,plural,plural,The administrators of the organizations in question,is,are,are,is,The administrators of the organizations in question are responsible for the decision.,1,1,4,4,6,7
agr_0112,112,of_in_question,be_present,student,students,foundation,foundations,SS,singular,singular,The student of the foundation in question,is,are,is,are,The student of the foundation in question is responsible for the decision.,1,1,4,4,6,7
agr_0112,112,of_in_question,be_present,student,students,foundation,foundations,SP,singular,plural,The student of the foundations in question,is,are,is,are,The student of the foundations in question is responsible for the decision.,1,1,4,4,6,7
agr_0112,112,of_in_question,be_present,student,students,foundation,foundations,PS,plural,singular,The students of the foundation in question,is,are,are,is,The students of the foundation in question are responsible for the decision.,1,1,4,4,6,7
agr_0112,112,of_in_question,be_present,student,students,foundation,foundations,PP,plural,plural,The students of the foundations in question,is,are,are,is,The students of the foundations in question are responsible for the decision.,1,1,4,4,6,7
agr_0113,113,of_in_question,be_present,operator,operators,company,companies,SS,singular,singular,The operator of the company in question,is,are,is,are,The operator of the company in question is responsible for the decision.,1,1,4,4,6,7
agr_0113,113,of_in_question,be_present,operator,operators,company,companies,SP,singular,plural,The operator of the companies in question,is,are,is,are,The operator of the companies in question is responsible for the decision.,1,1,4,4,6,7
agr_0113,113,of_in_question,be_present,operator,operators,company,companies,PS,plural,singular,The operators of the company in question,is,are,are,is,The operators of the company in question are responsible for the decision.,1,1,4,4,6,7
agr_0113,113,of_in_question,be_present,operator,operators,company,companies,PP,plural,plural,The operators of the companies in question,is,are,are,is,The operators of the companies in question are responsible for the decision.,1,1,4,4,6,7
agr_0114,114,of_in_question,be_present,builder,builders,unit,units,SS,singular,singular,The builder of the unit in question,is,are,is,are,The builder of the unit in question is responsible for the decision.,1,1,4,4,6,7
agr_0114,114,of_in_question,be_present,builder,builders,unit,units,SP,singular,plural,The builder of the units in question,is,are,is,are,The builder of the units in question is responsible for the decision.,1,1,4,4,6,7
agr_0114,114,of_in_question,be_present,builder,builders,unit,units,PS,plural,singular,The builders of the unit in question,is,are,are,is,The builders of the unit in question are responsible for the decision.,1,1,4,4,6,7
agr_0114,114,of_in_question,be_present,builder,builders,unit,units,PP,plural,plural,The builders of the units in question,is,are,are,is,The builders of the units in question are responsible for the decision.,1,1,4,4,6,7
agr_0115,115,of_in_question,be_present,engineer,engineers,program,programs,SS,singular,singular,The engineer of the program in question,is,are,is,are,The engineer of the program in question is responsible for the decision.,1,1,4,4,6,7
agr_0115,115,of_in_question,be_present,engineer,engineers,program,programs,SP,singular,plural,The engineer of the programs in question,is,are,is,are,The engineer of the programs in question is responsible for the decision.,1,1,4,4,6,7
agr_0115,115,of_in_question,be_present,engineer,engineers,program,programs,PS,plural,singular,The engineers of the program in question,is,are,are,is,The engineers of the program in question are responsible for the decision.,1,1,4,4,6,7
agr_0115,115,of_in_question,be_present,engineer,engineers,program,programs,PP,plural,plural,The engineers of the programs in question,is,are,are,is,The engineers of the programs in question are responsible for the decision.,1,1,4,4,6,7
agr_0116,116,of_in_question,be_present,architect,architects,committee,committees,SS,singular,singular,The architect of the committee in question,is,are,is,are,The architect of the committee in question is responsible for the decision.,1,1,4,4,6,7
agr_0116,116,of_in_question,be_present,architect,architects,committee,committees,SP,singular,plural,The architect of the committees in question,is,are,is,are,The architect of the committees in question is responsible for the decision.,1,1,4,4,6,7
agr_0116,116,of_in_question,be_present,architect,architects,committee,committees,PS,plural,singular,The architects of the committee in question,is,are,are,is,The architects of the committee in question are responsible for the decision.,1,1,4,4,6,7
agr_0116,116,of_in_question,be_present,architect,architects,committee,committees,PP,plural,plural,The architects of the committees in question,is,are,are,is,The architects of the committees in question are responsible for the decision.,1,1,4,4,6,7
agr_0117,117,of_in_question,be_present,commissioner,commissioners,division,divisions,SS,singular,singular,The commissioner of the division in question,is,are,is,are,The commissioner of the division in question is responsible for the decision.,1,1,4,4,6,7
agr_0117,117,of_in_question,be_present,commissioner,commissioners,division,divisions,SP,singular,plural,The commissioner of the divisions in question,is,are,is,are,The commissioner of the divisions in question is responsible for the decision.,1,1,4,4,6,7
agr_0117,117,of_in_question,be_present,commissioner,commissioners,division,divisions,PS,plural,singular,The commissioners of the division in question,is,are,are,is,The commissioners of the division in question are responsible for the decision.,1,1,4,4,6,7
agr_0117,117,of_in_question,be_present,commissioner,commissioners,division,divisions,PP,plural,plural,The commissioners of the divisions in question,is,are,are,is,The commissioners of the divisions in question are responsible for the decision.,1,1,4,4,6,7
agr_0118,118,of_in_question,be_present,representative,representatives,university,universities,SS,singular,singular,The representative of the university in question,is,are,is,are,The representative of the university in question is responsible for the decision.,1,1,4,4,6,7
agr_0118,118,of_in_question,be_present,representative,representatives,university,universities,SP,singular,plural,The representative of the universities in question,is,are,is,are,The representative of the universities in question is responsible for the decision.,1,1,4,4,6,7
agr_0118,118,of_in_question,be_present,representative,representatives,university,universities,PS,plural,singular,The representatives of the university in question,is,are,are,is,The representatives of the university in question are responsible for the decision.,1,1,4,4,6,7
agr_0118,118,of_in_question,be_present,representative,representatives,university,universities,PP,plural,plural,The representatives of the universities in question,is,are,are,is,The representatives of the universities in question are responsible for the decision.,1,1,4,4,6,7
agr_0119,119,of_in_question,be_present,programmer,programmers,ministry,ministries,SS,singular,singular,The programmer of the ministry in question,is,are,is,are,The programmer of the ministry in question is responsible for the decision.,1,1,4,4,6,7
agr_0119,119,of_in_question,be_present,programmer,programmers,ministry,ministries,SP,singular,plural,The programmer of the ministries in question,is,are,is,are,The programmer of the ministries in question is responsible for the decision.,1,1,4,4,6,7
agr_0119,119,of_in_question,be_present,programmer,programmers,ministry,ministries,PS,plural,singular,The programmers of the ministry in question,is,are,are,is,The programmers of the ministry in question are responsible for the decision.,1,1,4,4,6,7
agr_0119,119,of_in_question,be_present,programmer,programmers,ministry,ministries,PP,plural,plural,The programmers of the ministries in question,is,are,are,is,The programmers of the ministries in question are responsible for the decision.,1,1,4,4,6,7
agr_0120,120,of_in_question,be_present,student,students,network,networks,SS,singular,singular,The student of the network in question,is,are,is,are,The student of the network in question is responsible for the decision.,1,1,4,4,6,7
agr_0120,120,of_in_question,be_present,student,students,network,networks,SP,singular,plural,The student of the networks in question,is,are,is,are,The student of the networks in question is responsible for the decision.,1,1,4,4,6,7
agr_0120,120,of_in_question,be_present,student,students,network,networks,PS,plural,singular,The students of the network in question,is,are,are,is,The students of the network in question are responsible for the decision.,1,1,4,4,6,7
agr_0120,120,of_in_question,be_present,student,students,network,networks,PP,plural,plural,The students of the networks in question,is,are,are,is,The students of the networks in question are responsible for the decision.,1,1,4,4,6,7
agr_0121,121,of_in_question,be_present,manager,managers,company,companies,SS,singular,singular,The manager of the company in question,is,are,is,are,The manager of the company in question is responsible for the decision.,1,1,4,4,6,7
agr_0121,121,of_in_question,be_present,manager,managers,company,companies,SP,singular,plural,The manager of the companies in question,is,are,is,are,The manager of the companies in question is responsible for the decision.,1,1,4,4,6,7
agr_0121,121,of_in_question,be_present,manager,managers,company,companies,PS,plural,singular,The managers of the company in question,is,are,are,is,The managers of the company in question are responsible for the decision.,1,1,4,4,6,7
agr_0121,121,of_in_question,be_present,manager,managers,company,companies,PP,plural,plural,The managers of the companies in question,is,are,are,is,The managers of the companies in question are responsible for the decision.,1,1,4,4,6,7
agr_0122,122,of_in_question,be_present,consultant,consultants,sector,sectors,SS,singular,singular,The consultant of the sector in question,is,are,is,are,The consultant of the sector in question is responsible for the decision.,1,1,4,4,6,7
agr_0122,122,of_in_question,be_present,consultant,consultants,sector,sectors,SP,singular,plural,The consultant of the sectors in question,is,are,is,are,The consultant of the sectors in question is responsible for the decision.,1,1,4,4,6,7
agr_0122,122,of_in_question,be_present,consultant,consultants,sector,sectors,PS,plural,singular,The consultants of the sector in question,is,are,are,is,The consultants of the sector in question are responsible for the decision.,1,1,4,4,6,7
agr_0122,122,of_in_question,be_present,consultant,consultants,sector,sectors,PP,plural,plural,The consultants of the sectors in question,is,are,are,is,The consultants of the sectors in question are responsible for the decision.,1,1,4,4,6,7
agr_0123,123,of_in_question,be_present,professor,professors,firm,firms,SS,singular,singular,The professor of the firm in question,is,are,is,are,The professor of the firm in question is responsible for the decision.,1,1,4,4,6,7
agr_0123,123,of_in_question,be_present,professor,professors,firm,firms,SP,singular,plural,The professor of the firms in question,is,are,is,are,The professor of the firms in question is responsible for the decision.,1,1,4,4,6,7
agr_0123,123,of_in_question,be_present,professor,professors,firm,firms,PS,plural,singular,The professors of the firm in question,is,are,are,is,The professors of the firm in question are responsible for the decision.,1,1,4,4,6,7
agr_0123,123,of_in_question,be_present,professor,professors,firm,firms,PP,plural,plural,The professors of the firms in question,is,are,are,is,The professors of the firms in question are responsible for the decision.,1,1,4,4,6,7
agr_0124,124,of_in_question,be_present,consultant,consultants,foundation,foundations,SS,singular,singular,The consultant of the foundation in question,is,are,is,are,The consultant of the foundation in question is responsible for the decision.,1,1,4,4,6,7
agr_0124,124,of_in_question,be_present,consultant,consultants,foundation,foundations,SP,singular,plural,The consultant of the foundations in question,is,are,is,are,The consultant of the foundations in question is responsible for the decision.,1,1,4,4,6,7
agr_0124,124,of_in_question,be_present,consultant,consultants,foundation,foundations,PS,plural,singular,The consultants of the foundation in question,is,are,are,is,The consultants of the foundation in question are responsible for the decision.,1,1,4,4,6,7
agr_0124,124,of_in_question,be_present,consultant,consultants,foundation,foundations,PP,plural,plural,The consultants of the foundations in question,is,are,are,is,The consultants of the foundations in question are responsible for the decision.,1,1,4,4,6,7
agr_0125,125,of_in_question,be_present,instructor,instructors,forum,forums,SS,singular,singular,The instructor of the forum in question,is,are,is,are,The instructor of the forum in question is responsible for the decision.,1,1,4,4,6,7
agr_0125,125,of_in_question,be_present,instructor,instructors,forum,forums,SP,singular,plural,The instructor of the forums in question,is,are,is,are,The instructor of the forums in question is responsible for the decision.,1,1,4,4,6,7
agr_0125,125,of_in_question,be_present,instructor,instructors,forum,forums,PS,plural,singular,The instructors of the forum in question,is,are,are,is,The instructors of the forum in question are responsible for the decision.,1,1,4,4,6,7
agr_0125,125,of_in_question,be_present,instructor,instructors,forum,forums,PP,plural,plural,The instructors of the forums in question,is,are,are,is,The instructors of the forums in question are responsible for the decision.,1,1,4,4,6,7
agr_0126,126,of_in_question,be_present,trainer,trainers,centre,centres,SS,singular,singular,The trainer of the centre in question,is,are,is,are,The trainer of the centre in question is responsible for the decision.,1,1,4,4,6,7
agr_0126,126,of_in_question,be_present,trainer,trainers,centre,centres,SP,singular,plural,The trainer of the centres in question,is,are,is,are,The trainer of the centres in question is responsible for the decision.,1,1,4,4,6,7
agr_0126,126,of_in_question,be_present,trainer,trainers,centre,centres,PS,plural,singular,The trainers of the centre in question,is,are,are,is,The trainers of the centre in question are responsible for the decision.,1,1,4,4,6,7
agr_0126,126,of_in_question,be_present,trainer,trainers,centre,centres,PP,plural,plural,The trainers of the centres in question,is,are,are,is,The trainers of the centres in question are responsible for the decision.,1,1,4,4,6,7
agr_0127,127,of_in_question,be_present,employee,employees,committee,committees,SS,singular,singular,The employee of the committee in question,is,are,is,are,The employee of the committee in question is responsible for the decision.,1,1,4,4,6,7
agr_0127,127,of_in_question,be_present,employee,employees,committee,committees,SP,singular,plural,The employee of the committees in question,is,are,is,are,The employee of the committees in question is responsible for the decision.,1,1,4,4,6,7
agr_0127,127,of_in_question,be_present,employee,employees,committee,committees,PS,plural,singular,The employees of the committee in question,is,are,are,is,The employees of the committee in question are responsible for the decision.,1,1,4,4,6,7
agr_0127,127,of_in_question,be_present,employee,employees,committee,committees,PP,plural,plural,The employees of the committees in question,is,are,are,is,The employees of the committees in question are responsible for the decision.,1,1,4,4,6,7
agr_0128,128,of_in_question,be_present,painter,painters,program,programs,SS,singular,singular,The painter of the program in question,is,are,is,are,The painter of the program in question is responsible for the decision.,1,1,4,4,6,7
agr_0128,128,of_in_question,be_present,painter,painters,program,programs,SP,singular,plural,The painter of the programs in question,is,are,is,are,The painter of the programs in question is responsible for the decision.,1,1,4,4,6,7
agr_0128,128,of_in_question,be_present,painter,painters,program,programs,PS,plural,singular,The painters of the program in question,is,are,are,is,The painters of the program in question are responsible for the decision.,1,2,5,5,7,8
agr_0128,128,of_in_question,be_present,painter,painters,program,programs,PP,plural,plural,The painters of the programs in question,is,are,are,is,The painters of the programs in question are responsible for the decision.,1,2,5,5,7,8
agr_0129,129,of_in_question,be_present,analyst,analysts,enterprise,enterprises,SS,singular,singular,The analyst of the enterprise in question,is,are,is,are,The analyst of the enterprise in question is responsible for the decision.,1,1,4,4,6,7
agr_0129,129,of_in_question,be_present,analyst,analysts,enterprise,enterprises,SP,singular,plural,The analyst of the enterprises in question,is,are,is,are,The analyst of the enterprises in question is responsible for the decision.,1,1,4,4,6,7
agr_0129,129,of_in_question,be_present,analyst,analysts,enterprise,enterprises,PS,plural,singular,The analysts of the enterprise in question,is,are,are,is,The analysts of the enterprise in question are responsible for the decision.,1,1,4,4,6,7
agr_0129,129,of_in_question,be_present,analyst,analysts,enterprise,enterprises,PP,plural,plural,The analysts of the enterprises in question,is,are,are,is,The analysts of the enterprises in question are responsible for the decision.,1,1,4,4,6,7
agr_0130,130,of_in_question,be_present,student,students,committee,committees,SS,singular,singular,The student of the committee in question,is,are,is,are,The student of the committee in question is responsible for the decision.,1,1,4,4,6,7
agr_0130,130,of_in_question,be_present,student,students,committee,committees,SP,singular,plural,The student of the committees in question,is,are,is,are,The student of the committees in question is responsible for the decision.,1,1,4,4,6,7
agr_0130,130,of_in_question,be_present,student,students,committee,committees,PS,plural,singular,The students of the committee in question,is,are,are,is,The students of the committee in question are responsible for the decision.,1,1,4,4,6,7
agr_0130,130,of_in_question,be_present,student,students,committee,committees,PP,plural,plural,The students of the committees in question,is,are,are,is,The students of the committees in question are responsible for the decision.,1,1,4,4,6,7
agr_0131,131,of_in_question,be_present,painter,painters,platform,platforms,SS,singular,singular,The painter of the platform in question,is,are,is,are,The painter of the platform in question is responsible for the decision.,1,1,4,4,6,7
agr_0131,131,of_in_question,be_present,painter,painters,platform,platforms,SP,singular,plural,The painter of the platforms in question,is,are,is,are,The painter of the platforms in question is responsible for the decision.,1,1,4,4,6,7
agr_0131,131,of_in_question,be_present,painter,painters,platform,platforms,PS,plural,singular,The painters of the platform in question,is,are,are,is,The painters of the platform in question are responsible for the decision.,1,2,5,5,7,8
agr_0131,131,of_in_question,be_present,painter,painters,platform,platforms,PP,plural,plural,The painters of the platforms in question,is,are,are,is,The painters of the platforms in question are responsible for the decision.,1,2,5,5,7,8
agr_0132,132,of_in_question,be_present,consultant,consultants,organization,organizations,SS,singular,singular,The consultant of the organization in question,is,are,is,are,The consultant of the organization in question is responsible for the decision.,1,1,4,4,6,7
agr_0132,132,of_in_question,be_present,consultant,consultants,organization,organizations,SP,singular,plural,The consultant of the organizations in question,is,are,is,are,The consultant of the organizations in question is responsible for the decision.,1,1,4,4,6,7
agr_0132,132,of_in_question,be_present,consultant,consultants,organization,organizations,PS,plural,singular,The consultants of the organization in question,is,are,are,is,The consultants of the organization in question are responsible for the decision.,1,1,4,4,6,7
agr_0132,132,of_in_question,be_present,consultant,consultants,organization,organizations,PP,plural,plural,The consultants of the organizations in question,is,are,are,is,The consultants of the organizations in question are responsible for the decision.,1,1,4,4,6,7
agr_0133,133,of_in_question,be_present,advisor,advisors,alliance,alliances,SS,singular,singular,The advisor of the alliance in question,is,are,is,are,The advisor of the alliance in question is responsible for the decision.,1,1,4,4,6,7
agr_0133,133,of_in_question,be_present,advisor,advisors,alliance,alliances,SP,singular,plural,The advisor of the alliances in question,is,are,is,are,The advisor of the alliances in question is responsible for the decision.,1,1,4,4,6,7
agr_0133,133,of_in_question,be_present,advisor,advisors,alliance,alliances,PS,plural,singular,The advisors of the alliance in question,is,are,are,is,The advisors of the alliance in question are responsible for the decision.,1,1,4,4,6,7
agr_0133,133,of_in_question,be_present,advisor,advisors,alliance,alliances,PP,plural,plural,The advisors of the alliances in question,is,are,are,is,The advisors of the alliances in question are responsible for the decision.,1,1,4,4,6,7
agr_0134,134,of_in_question,be_present,author,authors,college,colleges,SS,singular,singular,The author of the college in question,is,are,is,are,The author of the college in question is responsible for the decision.,1,1,4,4,6,7
agr_0134,134,of_in_question,be_present,author,authors,college,colleges,SP,singular,plural,The author of the colleges in question,is,are,is,are,The author of the colleges in question is responsible for the decision.,1,1,4,4,6,7
agr_0134,134,of_in_question,be_present,author,authors,college,colleges,PS,plural,singular,The authors of the college in question,is,are,are,is,The authors of the college in question are responsible for the decision.,1,1,4,4,6,7
agr_0134,134,of_in_question,be_present,author,authors,college,colleges,PP,plural,plural,The authors of the colleges in question,is,are,are,is,The authors of the colleges in question are responsible for the decision.,1,1,4,4,6,7
agr_0135,135,of_in_question,be_present,reporter,reporters,club,clubs,SS,singular,singular,The reporter of the club in question,is,are,is,are,The reporter of the club in question is responsible for the decision.,1,1,4,4,6,7
agr_0135,135,of_in_question,be_present,reporter,reporters,club,clubs,SP,singular,plural,The reporter of the clubs in question,is,are,is,are,The reporter of the clubs in question is responsible for the decision.,1,1,4,4,6,7
agr_0135,135,of_in_question,be_present,reporter,reporters,club,clubs,PS,plural,singular,The reporters of the club in question,is,are,are,is,The reporters of the club in question are responsible for the decision.,1,1,4,4,6,7
agr_0135,135,of_in_question,be_present,reporter,reporters,club,clubs,PP,plural,plural,The reporters of the clubs in question,is,are,are,is,The reporters of the clubs in question are responsible for the decision.,1,1,4,4,6,7
agr_0136,136,of_in_question,be_present,administrator,administrators,agency,agencies,SS,singular,singular,The administrator of the agency in question,is,are,is,are,The administrator of the agency in question is responsible for the decision.,1,1,4,4,6,7
agr_0136,136,of_in_question,be_present,administrator,administrators,agency,agencies,SP,singular,plural,The administrator of the agencies in question,is,are,is,are,The administrator of the agencies in question is responsible for the decision.,1,1,4,4,6,7
agr_0136,136,of_in_question,be_present,administrator,administrators,agency,agencies,PS,plural,singular,The administrators of the agency in question,is,are,are,is,The administrators of the agency in question are responsible for the decision.,1,1,4,4,6,7
agr_0136,136,of_in_question,be_present,administrator,administrators,agency,agencies,PP,plural,plural,The administrators of the agencies in question,is,are,are,is,The administrators of the agencies in question are responsible for the decision.,1,1,4,4,6,7
agr_0137,137,of_in_question,be_present,author,authors,agency,agencies,SS,singular,singular,The author of the agency in question,is,are,is,are,The author of the agency in question is responsible for the decision.,1,1,4,4,6,7
agr_0137,137,of_in_question,be_present,author,authors,agency,agencies,SP,singular,plural,The author of the agencies in question,is,are,is,are,The author of the agencies in question is responsible for the decision.,1,1,4,4,6,7
agr_0137,137,of_in_question,be_present,author,authors,agency,agencies,PS,plural,singular,The authors of the agency in question,is,are,are,is,The authors of the agency in question are responsible for the decision.,1,1,4,4,6,7
agr_0137,137,of_in_question,be_present,author,authors,agency,agencies,PP,plural,plural,The authors of the agencies in question,is,are,are,is,The authors of the agencies in question are responsible for the decision.,1,1,4,4,6,7
agr_0138,138,of_in_question,be_present,supervisor,supervisors,office,offices,SS,singular,singular,The supervisor of the office in question,is,are,is,are,The supervisor of the office in question is responsible for the decision.,1,1,4,4,6,7
agr_0138,138,of_in_question,be_present,supervisor,supervisors,office,offices,SP,singular,plural,The supervisor of the offices in question,is,are,is,are,The supervisor of the offices in question is responsible for the decision.,1,1,4,4,6,7
agr_0138,138,of_in_question,be_present,supervisor,supervisors,office,offices,PS,plural,singular,The supervisors of the office in question,is,are,are,is,The supervisors of the office in question are responsible for the decision.,1,1,4,4,6,7
agr_0138,138,of_in_question,be_present,supervisor,supervisors,office,offices,PP,plural,plural,The supervisors of the offices in question,is,are,are,is,The supervisors of the offices in question are responsible for the decision.,1,1,4,4,6,7
agr_0139,139,of_in_question,be_present,supervisor,supervisors,ministry,ministries,SS,singular,singular,The supervisor of the ministry in question,is,are,is,are,The supervisor of the ministry in question is responsible for the decision.,1,1,4,4,6,7
agr_0139,139,of_in_question,be_present,supervisor,supervisors,ministry,ministries,SP,singular,plural,The supervisor of the ministries in question,is,are,is,are,The supervisor of the ministries in question is responsible for the decision.,1,1,4,4,6,7
agr_0139,139,of_in_question,be_present,supervisor,supervisors,ministry,ministries,PS,plural,singular,The supervisors of the ministry in question,is,are,are,is,The supervisors of the ministry in question are responsible for the decision.,1,1,4,4,6,7
agr_0139,139,of_in_question,be_present,supervisor,supervisors,ministry,ministries,PP,plural,plural,The supervisors of the ministries in question,is,are,are,is,The supervisors of the ministries in question are responsible for the decision.,1,1,4,4,6,7
agr_0140,140,of_in_question,be_present,trainer,trainers,committee,committees,SS,singular,singular,The trainer of the committee in question,is,are,is,are,The trainer of the committee in question is responsible for the decision.,1,1,4,4,6,7
agr_0140,140,of_in_question,be_present,trainer,trainers,committee,committees,SP,singular,plural,The trainer of the committees in question,is,are,is,are,The trainer of the committees in question is responsible for the decision.,1,1,4,4,6,7
agr_0140,140,of_in_question,be_present,trainer,trainers,committee,committees,PS,plural,singular,The trainers of the committee in question,is,are,are,is,The trainers of the committee in question are responsible for the decision.,1,1,4,4,6,7
agr_0140,140,of_in_question,be_present,trainer,trainers,committee,committees,PP,plural,plural,The trainers of the committees in question,is,are,are,is,The trainers of the committees in question are responsible for the decision.,1,1,4,4,6,7
agr_0141,141,of_in_question,be_present,scientist,scientists,forum,forums,SS,singular,singular,The scientist of the forum in question,is,are,is,are,The scientist of the forum in question is responsible for the decision.,1,1,4,4,6,7
agr_0141,141,of_in_question,be_present,scientist,scientists,forum,forums,SP,singular,plural,The scientist of the forums in question,is,are,is,are,The scientist of the forums in question is responsible for the decision.,1,1,4,4,6,7
agr_0141,141,of_in_question,be_present,scientist,scientists,forum,forums,PS,plural,singular,The scientists of the forum in question,is,are,are,is,The scientists of the forum in question are responsible for the decision.,1,1,4,4,6,7
agr_0141,141,of_in_question,be_present,scientist,scientists,forum,forums,PP,plural,plural,The scientists of the forums in question,is,are,are,is,The scientists of the forums in question are responsible for the decision.,1,1,4,4,6,7
agr_0142,142,of_in_question,be_present,executive,executives,service,services,SS,singular,singular,The executive of the service in question,is,are,is,are,The executive of the service in question is responsible for the decision.,1,1,4,4,6,7
agr_0142,142,of_in_question,be_present,executive,executives,service,services,SP,singular,plural,The executive of the services in question,is,are,is,are,The executive of the services in question is responsible for the decision.,1,1,4,4,6,7
agr_0142,142,of_in_question,be_present,executive,executives,service,services,PS,plural,singular,The executives of the service in question,is,are,are,is,The executives of the service in question are responsible for the decision.,1,1,4,4,6,7
agr_0142,142,of_in_question,be_present,executive,executives,service,services,PP,plural,plural,The executives of the services in question,is,are,are,is,The executives of the services in question are responsible for the decision.,1,1,4,4,6,7
agr_0143,143,of_in_question,be_present,consultant,consultants,association,associations,SS,singular,singular,The consultant of the association in question,is,are,is,are,The consultant of the association in question is responsible for the decision.,1,1,4,4,6,7
agr_0143,143,of_in_question,be_present,consultant,consultants,association,associations,SP,singular,plural,The consultant of the associations in question,is,are,is,are,The consultant of the associations in question is responsible for the decision.,1,1,4,4,6,7
agr_0143,143,of_in_question,be_present,consultant,consultants,association,associations,PS,plural,singular,The consultants of the association in question,is,are,are,is,The consultants of the association in question are responsible for the decision.,1,1,4,4,6,7
agr_0143,143,of_in_question,be_present,consultant,consultants,association,associations,PP,plural,plural,The consultants of the associations in question,is,are,are,is,The consultants of the associations in question are responsible for the decision.,1,1,4,4,6,7
agr_0144,144,of_in_question,be_present,commissioner,commissioners,university,universities,SS,singular,singular,The commissioner of the university in question,is,are,is,are,The commissioner of the university in question is responsible for the decision.,1,1,4,4,6,7
agr_0144,144,of_in_question,be_present,commissioner,commissioners,university,universities,SP,singular,plural,The commissioner of the universities in question,is,are,is,are,The commissioner of the universities in question is responsible for the decision.,1,1,4,4,6,7
agr_0144,144,of_in_question,be_present,commissioner,commissioners,university,universities,PS,plural,singular,The commissioners of the university in question,is,are,are,is,The commissioners of the university in question are responsible for the decision.,1,1,4,4,6,7
agr_0144,144,of_in_question,be_present,commissioner,commissioners,university,universities,PP,plural,plural,The commissioners of the universities in question,is,are,are,is,The commissioners of the universities in question are responsible for the decision.,1,1,4,4,6,7
agr_0145,145,of_in_question,be_present,director,directors,branch,branches,SS,singular,singular,The director of the branch in question,is,are,is,are,The director of the branch in question is responsible for the decision.,1,1,4,4,6,7
agr_0145,145,of_in_question,be_present,director,directors,branch,branches,SP,singular,plural,The director of the branches in question,is,are,is,are,The director of the branches in question is responsible for the decision.,1,1,4,4,6,7
agr_0145,145,of_in_question,be_present,director,directors,branch,branches,PS,plural,singular,The directors of the branch in question,is,are,are,is,The directors of the branch in question are responsible for the decision.,1,1,4,4,6,7
agr_0145,145,of_in_question,be_present,director,directors,branch,branches,PP,plural,plural,The directors of the branches in question,is,are,are,is,The directors of the branches in question are responsible for the decision.,1,1,4,4,6,7
agr_0146,146,of_in_question,be_present,inspector,inspectors,laboratory,laboratories,SS,singular,singular,The inspector of the laboratory in question,is,are,is,are,The inspector of the laboratory in question is responsible for the decision.,1,1,4,4,6,7
agr_0146,146,of_in_question,be_present,inspector,inspectors,laboratory,laboratories,SP,singular,plural,The inspector of the laboratories in question,is,are,is,are,The inspector of the laboratories in question is responsible for the decision.,1,1,4,4,6,7
agr_0146,146,of_in_question,be_present,inspector,inspectors,laboratory,laboratories,PS,plural,singular,The inspectors of the laboratory in question,is,are,are,is,The inspectors of the laboratory in question are responsible for the decision.,1,1,4,4,6,7
agr_0146,146,of_in_question,be_present,inspector,inspectors,laboratory,laboratories,PP,plural,plural,The inspectors of the laboratories in question,is,are,are,is,The inspectors of the laboratories in question are responsible for the decision.,1,1,4,4,6,7
agr_0147,147,of_in_question,be_present,auditor,auditors,program,programs,SS,singular,singular,The auditor of the program in question,is,are,is,are,The auditor of the program in question is responsible for the decision.,1,1,4,4,6,7
agr_0147,147,of_in_question,be_present,auditor,auditors,program,programs,SP,singular,plural,The auditor of the programs in question,is,are,is,are,The auditor of the programs in question is responsible for the decision.,1,1,4,4,6,7
agr_0147,147,of_in_question,be_present,auditor,auditors,program,programs,PS,plural,singular,The auditors of the program in question,is,are,are,is,The auditors of the program in question are responsible for the decision.,1,2,5,5,7,8
agr_0147,147,of_in_question,be_present,auditor,auditors,program,programs,PP,plural,plural,The auditors of the programs in question,is,are,are,is,The auditors of the programs in question are responsible for the decision.,1,2,5,5,7,8
agr_0148,148,of_in_question,be_present,director,directors,board,boards,SS,singular,singular,The director of the board in question,is,are,is,are,The director of the board in question is responsible for the decision.,1,1,4,4,6,7
agr_0148,148,of_in_question,be_present,director,directors,board,boards,SP,singular,plural,The director of the boards in question,is,are,is,are,The director of the boards in question is responsible for the decision.,1,1,4,4,6,7
agr_0148,148,of_in_question,be_present,director,directors,board,boards,PS,plural,singular,The directors of the board in question,is,are,are,is,The directors of the board in question are responsible for the decision.,1,1,4,4,6,7
agr_0148,148,of_in_question,be_present,director,directors,board,boards,PP,plural,plural,The directors of the boards in question,is,are,are,is,The directors of the boards in question are responsible for the decision.,1,1,4,4,6,7
agr_0149,149,of_in_question,be_present,candidate,candidates,consortium,consortiums,SS,singular,singular,The candidate of the consortium in question,is,are,is,are,The candidate of the consortium in question is responsible for the decision.,1,1,4,4,6,7
agr_0149,149,of_in_question,be_present,candidate,candidates,consortium,consortiums,SP,singular,plural,The candidate of the consortiums in question,is,are,is,are,The candidate of the consortiums in question is responsible for the decision.,1,1,4,5,7,8
agr_0149,149,of_in_question,be_present,candidate,candidates,consortium,consortiums,PS,plural,singular,The candidates of the consortium in question,is,are,are,is,The candidates of the consortium in question are responsible for the decision.,1,1,4,4,6,7
agr_0149,149,of_in_question,be_present,candidate,candidates,consortium,consortiums,PP,plural,plural,The candidates of the consortiums in question,is,are,are,is,The candidates of the consortiums in question are responsible for the decision.,1,1,4,5,7,8
agr_0150,150,of_in_question,be_present,builder,builders,team,teams,SS,singular,singular,The builder of the team in question,is,are,is,are,The builder of the team in question is responsible for the decision.,1,1,4,4,6,7
agr_0150,150,of_in_question,be_present,builder,builders,team,teams,SP,singular,plural,The builder of the teams in question,is,are,is,are,The builder of the teams in question is responsible for the decision.,1,1,4,4,6,7
agr_0150,150,of_in_question,be_present,builder,builders,team,teams,PS,plural,singular,The builders of the team in question,is,are,are,is,The builders of the team in question are responsible for the decision.,1,1,4,4,6,7
agr_0150,150,of_in_question,be_present,builder,builders,team,teams,PP,plural,plural,The builders of the teams in question,is,are,are,is,The builders of the teams in question are responsible for the decision.,1,1,4,4,6,7
agr_0151,151,of_in_question,be_present,engineer,engineers,committee,committees,SS,singular,singular,The engineer of the committee in question,is,are,is,are,The engineer of the committee in question is responsible for the decision.,1,1,4,4,6,7
agr_0151,151,of_in_question,be_present,engineer,engineers,committee,committees,SP,singular,plural,The engineer of the committees in question,is,are,is,are,The engineer of the committees in question is responsible for the decision.,1,1,4,4,6,7
agr_0151,151,of_in_question,be_present,engineer,engineers,committee,committees,PS,plural,singular,The engineers of the committee in question,is,are,are,is,The engineers of the committee in question are responsible for the decision.,1,1,4,4,6,7
agr_0151,151,of_in_question,be_present,engineer,engineers,committee,committees,PP,plural,plural,The engineers of the committees in question,is,are,are,is,The engineers of the committees in question are responsible for the decision.,1,1,4,4,6,7
agr_0152,152,of_in_question,be_present,leader,leaders,group,groups,SS,singular,singular,The leader of the group in question,is,are,is,are,The leader of the group in question is responsible for the decision.,1,1,4,4,6,7
agr_0152,152,of_in_question,be_present,leader,leaders,group,groups,SP,singular,plural,The leader of the groups in question,is,are,is,are,The leader of the groups in question is responsible for the decision.,1,1,4,4,6,7
agr_0152,152,of_in_question,be_present,leader,leaders,group,groups,PS,plural,singular,The leaders of the group in question,is,are,are,is,The leaders of the group in question are responsible for the decision.,1,1,4,4,6,7
agr_0152,152,of_in_question,be_present,leader,leaders,group,groups,PP,plural,plural,The leaders of the groups in question,is,are,are,is,The leaders of the groups in question are responsible for the decision.,1,1,4,4,6,7
agr_0153,153,of_in_question,be_present,trainer,trainers,district,districts,SS,singular,singular,The trainer of the district in question,is,are,is,are,The trainer of the district in question is responsible for the decision.,1,1,4,4,6,7
agr_0153,153,of_in_question,be_present,trainer,trainers,district,districts,SP,singular,plural,The trainer of the districts in question,is,are,is,are,The trainer of the districts in question is responsible for the decision.,1,1,4,4,6,7
agr_0153,153,of_in_question,be_present,trainer,trainers,district,districts,PS,plural,singular,The trainers of the district in question,is,are,are,is,The trainers of the district in question are responsible for the decision.,1,1,4,4,6,7
agr_0153,153,of_in_question,be_present,trainer,trainers,district,districts,PP,plural,plural,The trainers of the districts in question,is,are,are,is,The trainers of the districts in question are responsible for the decision.,1,1,4,4,6,7
agr_0154,154,of_in_question,be_present,auditor,auditors,ministry,ministries,SS,singular,singular,The auditor of the ministry in question,is,are,is,are,The auditor of the ministry in question is responsible for the decision.,1,1,4,4,6,7
agr_0154,154,of_in_question,be_present,auditor,auditors,ministry,ministries,SP,singular,plural,The auditor of the ministries in question,is,are,is,are,The auditor of the ministries in question is responsible for the decision.,1,1,4,4,6,7
agr_0154,154,of_in_question,be_present,auditor,auditors,ministry,ministries,PS,plural,singular,The auditors of the ministry in question,is,are,are,is,The auditors of the ministry in question are responsible for the decision.,1,2,5,5,7,8
agr_0154,154,of_in_question,be_present,auditor,auditors,ministry,ministries,PP,plural,plural,The auditors of the ministries in question,is,are,are,is,The auditors of the ministries in question are responsible for the decision.,1,2,5,5,7,8
agr_0155,155,of_in_question,be_present,accountant,accountants,program,programs,SS,singular,singular,The accountant of the program in question,is,are,is,are,The accountant of the program in question is responsible for the decision.,1,1,4,4,6,7
agr_0155,155,of_in_question,be_present,accountant,accountants,program,programs,SP,singular,plural,The accountant of the programs in question,is,are,is,are,The accountant of the programs in question is responsible for the decision.,1,1,4,4,6,7
agr_0155,155,of_in_question,be_present,accountant,accountants,program,programs,PS,plural,singular,The accountants of the program in question,is,are,are,is,The accountants of the program in question are responsible for the decision.,1,2,5,5,7,8
agr_0155,155,of_in_question,be_present,accountant,accountants,program,programs,PP,plural,plural,The accountants of the programs in question,is,are,are,is,The accountants of the programs in question are responsible for the decision.,1,2,5,5,7,8
agr_0156,156,of_in_question,be_present,journalist,journalists,team,teams,SS,singular,singular,The journalist of the team in question,is,are,is,are,The journalist of the team in question is responsible for the decision.,1,1,4,4,6,7
agr_0156,156,of_in_question,be_present,journalist,journalists,team,teams,SP,singular,plural,The journalist of the teams in question,is,are,is,are,The journalist of the teams in question is responsible for the decision.,1,1,4,4,6,7
agr_0156,156,of_in_question,be_present,journalist,journalists,team,teams,PS,plural,singular,The journalists of the team in question,is,are,are,is,The journalists of the team in question are responsible for the decision.,1,1,4,4,6,7
agr_0156,156,of_in_question,be_present,journalist,journalists,team,teams,PP,plural,plural,The journalists of the teams in question,is,are,are,is,The journalists of the teams in question are responsible for the decision.,1,1,4,4,6,7
agr_0157,157,of_in_question,be_present,programmer,programmers,system,systems,SS,singular,singular,The programmer of the system in question,is,are,is,are,The programmer of the system in question is responsible for the decision.,1,1,4,4,6,7
agr_0157,157,of_in_question,be_present,programmer,programmers,system,systems,SP,singular,plural,The programmer of the systems in question,is,are,is,are,The programmer of the systems in question is responsible for the decision.,1,1,4,4,6,7
agr_0157,157,of_in_question,be_present,programmer,programmers,system,systems,PS,plural,singular,The programmers of the system in question,is,are,are,is,The programmers of the system in question are responsible for the decision.,1,1,4,4,6,7
agr_0157,157,of_in_question,be_present,programmer,programmers,system,systems,PP,plural,plural,The programmers of the systems in question,is,are,are,is,The programmers of the systems in question are responsible for the decision.,1,1,4,4,6,7
agr_0158,158,of_in_question,be_present,manager,managers,council,councils,SS,singular,singular,The manager of the council in question,is,are,is,are,The manager of the council in question is responsible for the decision.,1,1,4,4,6,7
agr_0158,158,of_in_question,be_present,manager,managers,council,councils,SP,singular,plural,The manager of the councils in question,is,are,is,are,The manager of the councils in question is responsible for the decision.,1,1,4,4,6,7
agr_0158,158,of_in_question,be_present,manager,managers,council,councils,PS,plural,singular,The managers of the council in question,is,are,are,is,The managers of the council in question are responsible for the decision.,1,1,4,4,6,7
agr_0158,158,of_in_question,be_present,manager,managers,council,councils,PP,plural,plural,The managers of the councils in question,is,are,are,is,The managers of the councils in question are responsible for the decision.,1,1,4,4,6,7
agr_0159,159,of_in_question,be_present,auditor,auditors,company,companies,SS,singular,singular,The auditor of the company in question,is,are,is,are,The auditor of the company in question is responsible for the decision.,1,1,4,4,6,7
agr_0159,159,of_in_question,be_present,auditor,auditors,company,companies,SP,singular,plural,The auditor of the companies in question,is,are,is,are,The auditor of the companies in question is responsible for the decision.,1,1,4,4,6,7
agr_0159,159,of_in_question,be_present,auditor,auditors,company,companies,PS,plural,singular,The auditors of the company in question,is,are,are,is,The auditors of the company in question are responsible for the decision.,1,2,5,5,7,8
agr_0159,159,of_in_question,be_present,auditor,auditors,company,companies,PP,plural,plural,The auditors of the companies in question,is,are,are,is,The auditors of the companies in question are responsible for the decision.,1,2,5,5,7,8
agr_0160,160,of_in_question,be_present,operator,operators,program,programs,SS,singular,singular,The operator of the program in question,is,are,is,are,The operator of the program in question is responsible for the decision.,1,1,4,4,6,7
agr_0160,160,of_in_question,be_present,operator,operators,program,programs,SP,singular,plural,The operator of the programs in question,is,are,is,are,The operator of the programs in question is responsible for the decision.,1,1,4,4,6,7
agr_0160,160,of_in_question,be_present,operator,operators,program,programs,PS,plural,singular,The operators of the program in question,is,are,are,is,The operators of the program in question are responsible for the decision.,1,1,4,4,6,7
agr_0160,160,of_in_question,be_present,operator,operators,program,programs,PP,plural,plural,The operators of the programs in question,is,are,are,is,The operators of the programs in question are responsible for the decision.,1,1,4,4,6,7
agr_0161,161,of_in_question,be_present,administrator,administrators,partnership,partnerships,SS,singular,singular,The administrator of the partnership in question,is,are,is,are,The administrator of the partnership in question is responsible for the decision.,1,1,4,4,6,7
agr_0161,161,of_in_question,be_present,administrator,administrators,partnership,partnerships,SP,singular,plural,The administrator of the partnerships in question,is,are,is,are,The administrator of the partnerships in question is responsible for the decision.,1,1,4,4,6,7
agr_0161,161,of_in_question,be_present,administrator,administrators,partnership,partnerships,PS,plural,singular,The administrators of the partnership in question,is,are,are,is,The administrators of the partnership in question are responsible for the decision.,1,1,4,4,6,7
agr_0161,161,of_in_question,be_present,administrator,administrators,partnership,partnerships,PP,plural,plural,The administrators of the partnerships in question,is,are,are,is,The administrators of the partnerships in question are responsible for the decision.,1,1,4,4,6,7
agr_0162,162,of_in_question,be_present,instructor,instructors,platform,platforms,SS,singular,singular,The instructor of the platform in question,is,are,is,are,The instructor of the platform in question is responsible for the decision.,1,1,4,4,6,7
agr_0162,162,of_in_question,be_present,instructor,instructors,platform,platforms,SP,singular,plural,The instructor of the platforms in question,is,are,is,are,The instructor of the platforms in question is responsible for the decision.,1,1,4,4,6,7
agr_0162,162,of_in_question,be_present,instructor,instructors,platform,platforms,PS,plural,singular,The instructors of the platform in question,is,are,are,is,The instructors of the platform in question are responsible for the decision.,1,1,4,4,6,7
agr_0162,162,of_in_question,be_present,instructor,instructors,platform,platforms,PP,plural,plural,The instructors of the platforms in question,is,are,are,is,The instructors of the platforms in question are responsible for the decision.,1,1,4,4,6,7
agr_0163,163,of_in_question,be_present,member,members,laboratory,laboratories,SS,singular,singular,The member of the laboratory in question,is,are,is,are,The member of the laboratory in question is responsible for the decision.,1,1,4,4,6,7
agr_0163,163,of_in_question,be_present,member,members,laboratory,laboratories,SP,singular,plural,The member of the laboratories in question,is,are,is,are,The member of the laboratories in question is responsible for the decision.,1,1,4,4,6,7
agr_0163,163,of_in_question,be_present,member,members,laboratory,laboratories,PS,plural,singular,The members of the laboratory in question,is,are,are,is,The members of the laboratory in question are responsible for the decision.,1,1,4,4,6,7
agr_0163,163,of_in_question,be_present,member,members,laboratory,laboratories,PP,plural,plural,The members of the laboratories in question,is,are,are,is,The members of the laboratories in question are responsible for the decision.,1,1,4,4,6,7
agr_0164,164,of_in_question,be_present,assistant,assistants,institution,institutions,SS,singular,singular,The assistant of the institution in question,is,are,is,are,The assistant of the institution in question is responsible for the decision.,1,1,4,4,6,7
agr_0164,164,of_in_question,be_present,assistant,assistants,institution,institutions,SP,singular,plural,The assistant of the institutions in question,is,are,is,are,The assistant of the institutions in question is responsible for the decision.,1,1,4,4,6,7
agr_0164,164,of_in_question,be_present,assistant,assistants,institution,institutions,PS,plural,singular,The assistants of the institution in question,is,are,are,is,The assistants of the institution in question are responsible for the decision.,1,1,4,4,6,7
agr_0164,164,of_in_question,be_present,assistant,assistants,institution,institutions,PP,plural,plural,The assistants of the institutions in question,is,are,are,is,The assistants of the institutions in question are responsible for the decision.,1,1,4,4,6,7
agr_0165,165,of_in_question,be_present,owner,owners,firm,firms,SS,singular,singular,The owner of the firm in question,is,are,is,are,The owner of the firm in question is responsible for the decision.,1,1,4,4,6,7
agr_0165,165,of_in_question,be_present,owner,owners,firm,firms,SP,singular,plural,The owner of the firms in question,is,are,is,are,The owner of the firms in question is responsible for the decision.,1,1,4,4,6,7
agr_0165,165,of_in_question,be_present,owner,owners,firm,firms,PS,plural,singular,The owners of the firm in question,is,are,are,is,The owners of the firm in question are responsible for the decision.,1,1,4,4,6,7
agr_0165,165,of_in_question,be_present,owner,owners,firm,firms,PP,plural,plural,The owners of the firms in question,is,are,are,is,The owners of the firms in question are responsible for the decision.,1,1,4,4,6,7
agr_0166,166,of_in_question,be_present,scientist,scientists,station,stations,SS,singular,singular,The scientist of the station in question,is,are,is,are,The scientist of the station in question is responsible for the decision.,1,1,4,4,6,7
agr_0166,166,of_in_question,be_present,scientist,scientists,station,stations,SP,singular,plural,The scientist of the stations in question,is,are,is,are,The scientist of the stations in question is responsible for the decision.,1,1,4,4,6,7
agr_0166,166,of_in_question,be_present,scientist,scientists,station,stations,PS,plural,singular,The scientists of the station in question,is,are,are,is,The scientists of the station in question are responsible for the decision.,1,1,4,4,6,7
agr_0166,166,of_in_question,be_present,scientist,scientists,station,stations,PP,plural,plural,The scientists of the stations in question,is,are,are,is,The scientists of the stations in question are responsible for the decision.,1,1,4,4,6,7
agr_0167,167,of_in_question,be_present,doctor,doctors,enterprise,enterprises,SS,singular,singular,The doctor of the enterprise in question,is,are,is,are,The doctor of the enterprise in question is responsible for the decision.,1,1,4,4,6,7
agr_0167,167,of_in_question,be_present,doctor,doctors,enterprise,enterprises,SP,singular,plural,The doctor of the enterprises in question,is,are,is,are,The doctor of the enterprises in question is responsible for the decision.,1,1,4,4,6,7
agr_0167,167,of_in_question,be_present,doctor,doctors,enterprise,enterprises,PS,plural,singular,The doctors of the enterprise in question,is,are,are,is,The doctors of the enterprise in question are responsible for the decision.,1,1,4,4,6,7
agr_0167,167,of_in_question,be_present,doctor,doctors,enterprise,enterprises,PP,plural,plural,The doctors of the enterprises in question,is,are,are,is,The doctors of the enterprises in question are responsible for the decision.,1,1,4,4,6,7
agr_0168,168,of_in_question,be_present,consultant,consultants,platform,platforms,SS,singular,singular,The consultant of the platform in question,is,are,is,are,The consultant of the platform in question is responsible for the decision.,1,1,4,4,6,7
agr_0168,168,of_in_question,be_present,consultant,consultants,platform,platforms,SP,singular,plural,The consultant of the platforms in question,is,are,is,are,The consultant of the platforms in question is responsible for the decision.,1,1,4,4,6,7
agr_0168,168,of_in_question,be_present,consultant,consultants,platform,platforms,PS,plural,singular,The consultants of the platform in question,is,are,are,is,The consultants of the platform in question are responsible for the decision.,1,1,4,4,6,7
agr_0168,168,of_in_question,be_present,consultant,consultants,platform,platforms,PP,plural,plural,The consultants of the platforms in question,is,are,are,is,The consultants of the platforms in question are responsible for the decision.,1,1,4,4,6,7
agr_0169,169,of_in_question,be_present,painter,painters,laboratory,laboratories,SS,singular,singular,The painter of the laboratory in question,is,are,is,are,The painter of the laboratory in question is responsible for the decision.,1,1,4,4,6,7
agr_0169,169,of_in_question,be_present,painter,painters,laboratory,laboratories,SP,singular,plural,The painter of the laboratories in question,is,are,is,are,The painter of the laboratories in question is responsible for the decision.,1,1,4,4,6,7
agr_0169,169,of_in_question,be_present,painter,painters,laboratory,laboratories,PS,plural,singular,The painters of the laboratory in question,is,are,are,is,The painters of the laboratory in question are responsible for the decision.,1,2,5,5,7,8
agr_0169,169,of_in_question,be_present,painter,painters,laboratory,laboratories,PP,plural,plural,The painters of the laboratories in question,is,are,are,is,The painters of the laboratories in question are responsible for the decision.,1,2,5,5,7,8
agr_0170,170,of_in_question,be_present,supervisor,supervisors,bureau,bureaus,SS,singular,singular,The supervisor of the bureau in question,is,are,is,are,The supervisor of the bureau in question is responsible for the decision.,1,1,4,4,6,7
agr_0170,170,of_in_question,be_present,supervisor,supervisors,bureau,bureaus,SP,singular,plural,The supervisor of the bureaus in question,is,are,is,are,The supervisor of the bureaus in question is responsible for the decision.,1,1,4,6,8,9
agr_0170,170,of_in_question,be_present,supervisor,supervisors,bureau,bureaus,PS,plural,singular,The supervisors of the bureau in question,is,are,are,is,The supervisors of the bureau in question are responsible for the decision.,1,1,4,4,6,7
agr_0170,170,of_in_question,be_present,supervisor,supervisors,bureau,bureaus,PP,plural,plural,The supervisors of the bureaus in question,is,are,are,is,The supervisors of the bureaus in question are responsible for the decision.,1,1,4,6,8,9
agr_0171,171,of_in_question,be_present,doctor,doctors,college,colleges,SS,singular,singular,The doctor of the college in question,is,are,is,are,The doctor of the college in question is responsible for the decision.,1,1,4,4,6,7
agr_0171,171,of_in_question,be_present,doctor,doctors,college,colleges,SP,singular,plural,The doctor of the colleges in question,is,are,is,are,The doctor of the colleges in question is responsible for the decision.,1,1,4,4,6,7
agr_0171,171,of_in_question,be_present,doctor,doctors,college,colleges,PS,plural,singular,The doctors of the college in question,is,are,are,is,The doctors of the college in question are responsible for the decision.,1,1,4,4,6,7
agr_0171,171,of_in_question,be_present,doctor,doctors,college,colleges,PP,plural,plural,The doctors of the colleges in question,is,are,are,is,The doctors of the colleges in question are responsible for the decision.,1,1,4,4,6,7
agr_0172,172,of_in_question,be_present,technician,technicians,forum,forums,SS,singular,singular,The technician of the forum in question,is,are,is,are,The technician of the forum in question is responsible for the decision.,1,1,4,4,6,7
agr_0172,172,of_in_question,be_present,technician,technicians,forum,forums,SP,singular,plural,The technician of the forums in question,is,are,is,are,The technician of the forums in question is responsible for the decision.,1,1,4,4,6,7
agr_0172,172,of_in_question,be_present,technician,technicians,forum,forums,PS,plural,singular,The technicians of the forum in question,is,are,are,is,The technicians of the forum in question are responsible for the decision.,1,1,4,4,6,7
agr_0172,172,of_in_question,be_present,technician,technicians,forum,forums,PP,plural,plural,The technicians of the forums in question,is,are,are,is,The technicians of the forums in question are responsible for the decision.,1,1,4,4,6,7
agr_0173,173,of_in_question,be_present,candidate,candidates,network,networks,SS,singular,singular,The candidate of the network in question,is,are,is,are,The candidate of the network in question is responsible for the decision.,1,1,4,4,6,7
agr_0173,173,of_in_question,be_present,candidate,candidates,network,networks,SP,singular,plural,The candidate of the networks in question,is,are,is,are,The candidate of the networks in question is responsible for the decision.,1,1,4,4,6,7
agr_0173,173,of_in_question,be_present,candidate,candidates,network,networks,PS,plural,singular,The candidates of the network in question,is,are,are,is,The candidates of the network in question are responsible for the decision.,1,1,4,4,6,7
agr_0173,173,of_in_question,be_present,candidate,candidates,network,networks,PP,plural,plural,The candidates of the networks in question,is,are,are,is,The candidates of the networks in question are responsible for the decision.,1,1,4,4,6,7
agr_0174,174,of_in_question,be_present,lecturer,lecturers,station,stations,SS,singular,singular,The lecturer of the station in question,is,are,is,are,The lecturer of the station in question is responsible for the decision.,1,1,4,4,6,7
agr_0174,174,of_in_question,be_present,lecturer,lecturers,station,stations,SP,singular,plural,The lecturer of the stations in question,is,are,is,are,The lecturer of the stations in question is responsible for the decision.,1,1,4,4,6,7
agr_0174,174,of_in_question,be_present,lecturer,lecturers,station,stations,PS,plural,singular,The lecturers of the station in question,is,are,are,is,The lecturers of the station in question are responsible for the decision.,1,2,5,5,7,8
agr_0174,174,of_in_question,be_present,lecturer,lecturers,station,stations,PP,plural,plural,The lecturers of the stations in question,is,are,are,is,The lecturers of the stations in question are responsible for the decision.,1,2,5,5,7,8
agr_0175,175,of_in_question,be_present,driver,drivers,division,divisions,SS,singular,singular,The driver of the division in question,is,are,is,are,The driver of the division in question is responsible for the decision.,1,1,4,4,6,7
agr_0175,175,of_in_question,be_present,driver,drivers,division,divisions,SP,singular,plural,The driver of the divisions in question,is,are,is,are,The driver of the divisions in question is responsible for the decision.,1,1,4,4,6,7
agr_0175,175,of_in_question,be_present,driver,drivers,division,divisions,PS,plural,singular,The drivers of the division in question,is,are,are,is,The drivers of the division in question are responsible for the decision.,1,1,4,4,6,7
agr_0175,175,of_in_question,be_present,driver,drivers,division,divisions,PP,plural,plural,The drivers of the divisions in question,is,are,are,is,The drivers of the divisions in question are responsible for the decision.,1,1,4,4,6,7
agr_0176,176,of_in_question,be_present,evaluator,evaluators,division,divisions,SS,singular,singular,The evaluator of the division in question,is,are,is,are,The evaluator of the division in question is responsible for the decision.,1,3,6,6,8,9
agr_0176,176,of_in_question,be_present,evaluator,evaluators,division,divisions,SP,singular,plural,The evaluator of the divisions in question,is,are,is,are,The evaluator of the divisions in question is responsible for the decision.,1,3,6,6,8,9
agr_0176,176,of_in_question,be_present,evaluator,evaluators,division,divisions,PS,plural,singular,The evaluators of the division in question,is,are,are,is,The evaluators of the division in question are responsible for the decision.,1,3,6,6,8,9
agr_0176,176,of_in_question,be_present,evaluator,evaluators,division,divisions,PP,plural,plural,The evaluators of the divisions in question,is,are,are,is,The evaluators of the divisions in question are responsible for the decision.,1,3,6,6,8,9
agr_0177,177,of_in_question,be_present,trainer,trainers,coalition,coalitions,SS,singular,singular,The trainer of the coalition in question,is,are,is,are,The trainer of the coalition in question is responsible for the decision.,1,1,4,4,6,7
agr_0177,177,of_in_question,be_present,trainer,trainers,coalition,coalitions,SP,singular,plural,The trainer of the coalitions in question,is,are,is,are,The trainer of the coalitions in question is responsible for the decision.,1,1,4,5,7,8
agr_0177,177,of_in_question,be_present,trainer,trainers,coalition,coalitions,PS,plural,singular,The trainers of the coalition in question,is,are,are,is,The trainers of the coalition in question are responsible for the decision.,1,1,4,4,6,7
agr_0177,177,of_in_question,be_present,trainer,trainers,coalition,coalitions,PP,plural,plural,The trainers of the coalitions in question,is,are,are,is,The trainers of the coalitions in question are responsible for the decision.,1,1,4,5,7,8
agr_0178,178,of_in_question,be_present,lawyer,lawyers,college,colleges,SS,singular,singular,The lawyer of the college in question,is,are,is,are,The lawyer of the college in question is responsible for the decision.,1,1,4,4,6,7
agr_0178,178,of_in_question,be_present,lawyer,lawyers,college,colleges,SP,singular,plural,The lawyer of the colleges in question,is,are,is,are,The lawyer of the colleges in question is responsible for the decision.,1,1,4,4,6,7
agr_0178,178,of_in_question,be_present,lawyer,lawyers,college,colleges,PS,plural,singular,The lawyers of the college in question,is,are,are,is,The lawyers of the college in question are responsible for the decision.,1,1,4,4,6,7
agr_0178,178,of_in_question,be_present,lawyer,lawyers,college,colleges,PP,plural,plural,The lawyers of the colleges in question,is,are,are,is,The lawyers of the colleges in question are responsible for the decision.,1,1,4,4,6,7
agr_0179,179,of_in_question,be_present,leader,leaders,school,schools,SS,singular,singular,The leader of the school in question,is,are,is,are,The leader of the school in question is responsible for the decision.,1,1,4,4,6,7
agr_0179,179,of_in_question,be_present,leader,leaders,school,schools,SP,singular,plural,The leader of the schools in question,is,are,is,are,The leader of the schools in question is responsible for the decision.,1,1,4,4,6,7
agr_0179,179,of_in_question,be_present,leader,leaders,school,schools,PS,plural,singular,The leaders of the school in question,is,are,are,is,The leaders of the school in question are responsible for the decision.,1,1,4,4,6,7
agr_0179,179,of_in_question,be_present,leader,leaders,school,schools,PP,plural,plural,The leaders of the schools in question,is,are,are,is,The leaders of the schools in question are responsible for the decision.,1,1,4,4,6,7
agr_0180,180,of_in_question,be_present,teacher,teachers,sector,sectors,SS,singular,singular,The teacher of the sector in question,is,are,is,are,The teacher of the sector in question is responsible for the decision.,1,1,4,4,6,7
agr_0180,180,of_in_question,be_present,teacher,teachers,sector,sectors,SP,singular,plural,The teacher of the sectors in question,is,are,is,are,The teacher of the sectors in question is responsible for the decision.,1,1,4,4,6,7
agr_0180,180,of_in_question,be_present,teacher,teachers,sector,sectors,PS,plural,singular,The teachers of the sector in question,is,are,are,is,The teachers of the sector in question are responsible for the decision.,1,1,4,4,6,7
agr_0180,180,of_in_question,be_present,teacher,teachers,sector,sectors,PP,plural,plural,The teachers of the sectors in question,is,are,are,is,The teachers of the sectors in question are responsible for the decision.,1,1,4,4,6,7
agr_0181,181,of_in_question,be_present,evaluator,evaluators,institute,institutes,SS,singular,singular,The evaluator of the institute in question,is,are,is,are,The evaluator of the institute in question is responsible for the decision.,1,3,6,6,8,9
agr_0181,181,of_in_question,be_present,evaluator,evaluators,institute,institutes,SP,singular,plural,The evaluator of the institutes in question,is,are,is,are,The evaluator of the institutes in question is responsible for the decision.,1,3,6,7,9,10
agr_0181,181,of_in_question,be_present,evaluator,evaluators,institute,institutes,PS,plural,singular,The evaluators of the institute in question,is,are,are,is,The evaluators of the institute in question are responsible for the decision.,1,3,6,6,8,9
agr_0181,181,of_in_question,be_present,evaluator,evaluators,institute,institutes,PP,plural,plural,The evaluators of the institutes in question,is,are,are,is,The evaluators of the institutes in question are responsible for the decision.,1,3,6,7,9,10
agr_0182,182,of_in_question,be_present,representative,representatives,institution,institutions,SS,singular,singular,The representative of the institution in question,is,are,is,are,The representative of the institution in question is responsible for the decision.,1,1,4,4,6,7
agr_0182,182,of_in_question,be_present,representative,representatives,institution,institutions,SP,singular,plural,The representative of the institutions in question,is,are,is,are,The representative of the institutions in question is responsible for the decision.,1,1,4,4,6,7
agr_0182,182,of_in_question,be_present,representative,representatives,institution,institutions,PS,plural,singular,The representatives of the institution in question,is,are,are,is,The representatives of the institution in question are responsible for the decision.,1,1,4,4,6,7
agr_0182,182,of_in_question,be_present,representative,representatives,institution,institutions,PP,plural,plural,The representatives of the institutions in question,is,are,are,is,The representatives of the institutions in question are responsible for the decision.,1,1,4,4,6,7
agr_0183,183,of_in_question,be_present,lawyer,lawyers,office,offices,SS,singular,singular,The lawyer of the office in question,is,are,is,are,The lawyer of the office in question is responsible for the decision.,1,1,4,4,6,7
agr_0183,183,of_in_question,be_present,lawyer,lawyers,office,offices,SP,singular,plural,The lawyer of the offices in question,is,are,is,are,The lawyer of the offices in question is responsible for the decision.,1,1,4,4,6,7
agr_0183,183,of_in_question,be_present,lawyer,lawyers,office,offices,PS,plural,singular,The lawyers of the office in question,is,are,are,is,The lawyers of the office in question are responsible for the decision.,1,1,4,4,6,7
agr_0183,183,of_in_question,be_present,lawyer,lawyers,office,offices,PP,plural,plural,The lawyers of the offices in question,is,are,are,is,The lawyers of the offices in question are responsible for the decision.,1,1,4,4,6,7
agr_0184,184,of_in_question,be_present,painter,painters,branch,branches,SS,singular,singular,The painter of the branch in question,is,are,is,are,The painter of the branch in question is responsible for the decision.,1,1,4,4,6,7
agr_0184,184,of_in_question,be_present,painter,painters,branch,branches,SP,singular,plural,The painter of the branches in question,is,are,is,are,The painter of the branches in question is responsible for the decision.,1,1,4,4,6,7
agr_0184,184,of_in_question,be_present,painter,painters,branch,branches,PS,plural,singular,The painters of the branch in question,is,are,are,is,The painters of the branch in question are responsible for the decision.,1,2,5,5,7,8
agr_0184,184,of_in_question,be_present,painter,painters,branch,branches,PP,plural,plural,The painters of the branches in question,is,are,are,is,The painters of the branches in question are responsible for the decision.,1,2,5,5,7,8
agr_0185,185,of_in_question,be_present,lawyer,lawyers,association,associations,SS,singular,singular,The lawyer of the association in question,is,are,is,are,The lawyer of the association in question is responsible for the decision.,1,1,4,4,6,7
agr_0185,185,of_in_question,be_present,lawyer,lawyers,association,associations,SP,singular,plural,The lawyer of the associations in question,is,are,is,are,The lawyer of the associations in question is responsible for the decision.,1,1,4,4,6,7
agr_0185,185,of_in_question,be_present,lawyer,lawyers,association,associations,PS,plural,singular,The lawyers of the association in question,is,are,are,is,The lawyers of the association in question are responsible for the decision.,1,1,4,4,6,7
agr_0185,185,of_in_question,be_present,lawyer,lawyers,association,associations,PP,plural,plural,The lawyers of the associations in question,is,are,are,is,The lawyers of the associations in question are responsible for the decision.,1,1,4,4,6,7
agr_0186,186,of_in_question,be_present,builder,builders,institution,institutions,SS,singular,singular,The builder of the institution in question,is,are,is,are,The builder of the institution in question is responsible for the decision.,1,1,4,4,6,7
agr_0186,186,of_in_question,be_present,builder,builders,institution,institutions,SP,singular,plural,The builder of the institutions in question,is,are,is,are,The builder of the institutions in question is responsible for the decision.,1,1,4,4,6,7
agr_0186,186,of_in_question,be_present,builder,builders,institution,institutions,PS,plural,singular,The builders of the institution in question,is,are,are,is,The builders of the institution in question are responsible for the decision.,1,1,4,4,6,7
agr_0186,186,of_in_question,be_present,builder,builders,institution,institutions,PP,plural,plural,The builders of the institutions in question,is,are,are,is,The builders of the institutions in question are responsible for the decision.,1,1,4,4,6,7
agr_0187,187,of_in_question,be_present,painter,painters,institution,institutions,SS,singular,singular,The painter of the institution in question,is,are,is,are,The painter of the institution in question is responsible for the decision.,1,1,4,4,6,7
agr_0187,187,of_in_question,be_present,painter,painters,institution,institutions,SP,singular,plural,The painter of the institutions in question,is,are,is,are,The painter of the institutions in question is responsible for the decision.,1,1,4,4,6,7
agr_0187,187,of_in_question,be_present,painter,painters,institution,institutions,PS,plural,singular,The painters of the institution in question,is,are,are,is,The painters of the institution in question are responsible for the decision.,1,2,5,5,7,8
agr_0187,187,of_in_question,be_present,painter,painters,institution,institutions,PP,plural,plural,The painters of the institutions in question,is,are,are,is,The painters of the institutions in question are responsible for the decision.,1,2,5,5,7,8
agr_0188,188,of_in_question,be_present,executive,executives,network,networks,SS,singular,singular,The executive of the network in question,is,are,is,are,The executive of the network in question is responsible for the decision.,1,1,4,4,6,7
agr_0188,188,of_in_question,be_present,executive,executives,network,networks,SP,singular,plural,The executive of the networks in question,is,are,is,are,The executive of the networks in question is responsible for the decision.,1,1,4,4,6,7
agr_0188,188,of_in_question,be_present,executive,executives,network,networks,PS,plural,singular,The executives of the network in question,is,are,are,is,The executives of the network in question are responsible for the decision.,1,1,4,4,6,7
agr_0188,188,of_in_question,be_present,executive,executives,network,networks,PP,plural,plural,The executives of the networks in question,is,are,are,is,The executives of the networks in question are responsible for the decision.,1,1,4,4,6,7
agr_0189,189,of_in_question,be_present,operator,operators,consortium,consortiums,SS,singular,singular,The operator of the consortium in question,is,are,is,are,The operator of the consortium in question is responsible for the decision.,1,1,4,4,6,7
agr_0189,189,of_in_question,be_present,operator,operators,consortium,consortiums,SP,singular,plural,The operator of the consortiums in question,is,are,is,are,The operator of the consortiums in question is responsible for the decision.,1,1,4,5,7,8
agr_0189,189,of_in_question,be_present,operator,operators,consortium,consortiums,PS,plural,singular,The operators of the consortium in question,is,are,are,is,The operators of the consortium in question are responsible for the decision.,1,1,4,4,6,7
agr_0189,189,of_in_question,be_present,operator,operators,consortium,consortiums,PP,plural,plural,The operators of the consortiums in question,is,are,are,is,The operators of the consortiums in question are responsible for the decision.,1,1,4,5,7,8
agr_0190,190,of_in_question,be_present,consultant,consultants,corporation,corporations,SS,singular,singular,The consultant of the corporation in question,is,are,is,are,The consultant of the corporation in question is responsible for the decision.,1,1,4,4,6,7
agr_0190,190,of_in_question,be_present,consultant,consultants,corporation,corporations,SP,singular,plural,The consultant of the corporations in question,is,are,is,are,The consultant of the corporations in question is responsible for the decision.,1,1,4,4,6,7
agr_0190,190,of_in_question,be_present,consultant,consultants,corporation,corporations,PS,plural,singular,The consultants of the corporation in question,is,are,are,is,The consultants of the corporation in question are responsible for the decision.,1,1,4,4,6,7
agr_0190,190,of_in_question,be_present,consultant,consultants,corporation,corporations,PP,plural,plural,The consultants of the corporations in question,is,are,are,is,The consultants of the corporations in question are responsible for the decision.,1,1,4,4,6,7
agr_0191,191,of_in_question,be_present,examiner,examiners,laboratory,laboratories,SS,singular,singular,The examiner of the laboratory in question,is,are,is,are,The examiner of the laboratory in question is responsible for the decision.,1,1,4,4,6,7
agr_0191,191,of_in_question,be_present,examiner,examiners,laboratory,laboratories,SP,singular,plural,The examiner of the laboratories in question,is,are,is,are,The examiner of the laboratories in question is responsible for the decision.,1,1,4,4,6,7
agr_0191,191,of_in_question,be_present,examiner,examiners,laboratory,laboratories,PS,plural,singular,The examiners of the laboratory in question,is,are,are,is,The examiners of the laboratory in question are responsible for the decision.,1,2,5,5,7,8
agr_0191,191,of_in_question,be_present,examiner,examiners,laboratory,laboratories,PP,plural,plural,The examiners of the laboratories in question,is,are,are,is,The examiners of the laboratories in question are responsible for the decision.,1,2,5,5,7,8
agr_0192,192,of_in_question,be_present,doctor,doctors,federation,federations,SS,singular,singular,The doctor of the federation in question,is,are,is,are,The doctor of the federation in question is responsible for the decision.,1,1,4,4,6,7
agr_0192,192,of_in_question,be_present,doctor,doctors,federation,federations,SP,singular,plural,The doctor of the federations in question,is,are,is,are,The doctor of the federations in question is responsible for the decision.,1,1,4,5,7,8
agr_0192,192,of_in_question,be_present,doctor,doctors,federation,federations,PS,plural,singular,The doctors of the federation in question,is,are,are,is,The doctors of the federation in question are responsible for the decision.,1,1,4,4,6,7
agr_0192,192,of_in_question,be_present,doctor,doctors,federation,federations,PP,plural,plural,The doctors of the federations in question,is,are,are,is,The doctors of the federations in question are responsible for the decision.,1,1,4,5,7,8
agr_0193,193,of_in_question,be_present,leader,leaders,foundation,foundations,SS,singular,singular,The leader of the foundation in question,is,are,is,are,The leader of the foundation in question is responsible for the decision.,1,1,4,4,6,7
agr_0193,193,of_in_question,be_present,leader,leaders,foundation,foundations,SP,singular,plural,The leader of the foundations in question,is,are,is,are,The leader of the foundations in question is responsible for the decision.,1,1,4,4,6,7
agr_0193,193,of_in_question,be_present,leader,leaders,foundation,foundations,PS,plural,singular,The leaders of the foundation in question,is,are,are,is,The leaders of the foundation in question are responsible for the decision.,1,1,4,4,6,7
agr_0193,193,of_in_question,be_present,leader,leaders,foundation,foundations,PP,plural,plural,The leaders of the foundations in question,is,are,are,is,The leaders of the foundations in question are responsible for the decision.,1,1,4,4,6,7
agr_0194,194,of_in_question,be_present,planner,planners,coalition,coalitions,SS,singular,singular,The planner of the coalition in question,is,are,is,are,The planner of the coalition in question is responsible for the decision.,1,1,4,4,6,7
agr_0194,194,of_in_question,be_present,planner,planners,coalition,coalitions,SP,singular,plural,The planner of the coalitions in question,is,are,is,are,The planner of the coalitions in question is responsible for the decision.,1,1,4,5,7,8
agr_0194,194,of_in_question,be_present,planner,planners,coalition,coalitions,PS,plural,singular,The planners of the coalition in question,is,are,are,is,The planners of the coalition in question are responsible for the decision.,1,1,4,4,6,7
agr_0194,194,of_in_question,be_present,planner,planners,coalition,coalitions,PP,plural,plural,The planners of the coalitions in question,is,are,are,is,The planners of the coalitions in question are responsible for the decision.,1,1,4,5,7,8
agr_0195,195,of_in_question,be_present,examiner,examiners,corporation,corporations,SS,singular,singular,The examiner of the corporation in question,is,are,is,are,The examiner of the corporation in question is responsible for the decision.,1,1,4,4,6,7
agr_0195,195,of_in_question,be_present,examiner,examiners,corporation,corporations,SP,singular,plural,The examiner of the corporations in question,is,are,is,are,The examiner of the corporations in question is responsible for the decision.,1,1,4,4,6,7
agr_0195,195,of_in_question,be_present,examiner,examiners,corporation,corporations,PS,plural,singular,The examiners of the corporation in question,is,are,are,is,The examiners of the corporation in question are responsible for the decision.,1,2,5,5,7,8
agr_0195,195,of_in_question,be_present,examiner,examiners,corporation,corporations,PP,plural,plural,The examiners of the corporations in question,is,are,are,is,The examiners of the corporations in question are responsible for the decision.,1,2,5,5,7,8
agr_0196,196,of_in_question,be_present,lecturer,lecturers,centre,centres,SS,singular,singular,The lecturer of the centre in question,is,are,is,are,The lecturer of the centre in question is responsible for the decision.,1,1,4,4,6,7
agr_0196,196,of_in_question,be_present,lecturer,lecturers,centre,centres,SP,singular,plural,The lecturer of the centres in question,is,are,is,are,The lecturer of the centres in question is responsible for the decision.,1,1,4,4,6,7
agr_0196,196,of_in_question,be_present,lecturer,lecturers,centre,centres,PS,plural,singular,The lecturers of the centre in question,is,are,are,is,The lecturers of the centre in question are responsible for the decision.,1,2,5,5,7,8
agr_0196,196,of_in_question,be_present,lecturer,lecturers,centre,centres,PP,plural,plural,The lecturers of the centres in question,is,are,are,is,The lecturers of the centres in question are responsible for the decision.,1,2,5,5,7,8
agr_0197,197,of_in_question,be_present,technician,technicians,partnership,partnerships,SS,singular,singular,The technician of the partnership in question,is,are,is,are,The technician of the partnership in question is responsible for the decision.,1,1,4,4,6,7
agr_0197,197,of_in_question,be_present,technician,technicians,partnership,partnerships,SP,singular,plural,The technician of the partnerships in question,is,are,is,are,The technician of the partnerships in question is responsible for the decision.,1,1,4,4,6,7
agr_0197,197,of_in_question,be_present,technician,technicians,partnership,partnerships,PS,plural,singular,The technicians of the partnership in question,is,are,are,is,The technicians of the partnership in question are responsible for the decision.,1,1,4,4,6,7
agr_0197,197,of_in_question,be_present,technician,technicians,partnership,partnerships,PP,plural,plural,The technicians of the partnerships in question,is,are,are,is,The technicians of the partnerships in question are responsible for the decision.,1,1,4,4,6,7
agr_0198,198,of_in_question,be_present,instructor,instructors,hospital,hospitals,SS,singular,singular,The instructor of the hospital in question,is,are,is,are,The instructor of the hospital in question is responsible for the decision.,1,1,4,4,6,7
agr_0198,198,of_in_question,be_present,instructor,instructors,hospital,hospitals,SP,singular,plural,The instructor of the hospitals in question,is,are,is,are,The instructor of the hospitals in question is responsible for the decision.,1,1,4,4,6,7
agr_0198,198,of_in_question,be_present,instructor,instructors,hospital,hospitals,PS,plural,singular,The instructors of the hospital in question,is,are,are,is,The instructors of the hospital in question are responsible for the decision.,1,1,4,4,6,7
agr_0198,198,of_in_question,be_present,instructor,instructors,hospital,hospitals,PP,plural,plural,The instructors of the hospitals in question,is,are,are,is,The instructors of the hospitals in question are responsible for the decision.,1,1,4,4,6,7
agr_0199,199,of_in_question,be_present,instructor,instructors,federation,federations,SS,singular,singular,The instructor of the federation in question,is,are,is,are,The instructor of the federation in question is responsible for the decision.,1,1,4,4,6,7
agr_0199,199,of_in_question,be_present,instructor,instructors,federation,federations,SP,singular,plural,The instructor of the federations in question,is,are,is,are,The instructor of the federations in question is responsible for the decision.,1,1,4,5,7,8
agr_0199,199,of_in_question,be_present,instructor,instructors,federation,federations,PS,plural,singular,The instructors of the federation in question,is,are,are,is,The instructors of the federation in question are responsible for the decision.,1,1,4,4,6,7
agr_0199,199,of_in_question,be_present,instructor,instructors,federation,federations,PP,plural,plural,The instructors of the federations in question,is,are,are,is,The instructors of the federations in question are responsible for the decision.,1,1,4,5,7,8
agr_0200,200,of_in_question,be_present,manager,managers,sector,sectors,SS,singular,singular,The manager of the sector in question,is,are,is,are,The manager of the sector in question is responsible for the decision.,1,1,4,4,6,7
agr_0200,200,of_in_question,be_present,manager,managers,sector,sectors,SP,singular,plural,The manager of the sectors in question,is,are,is,are,The manager of the sectors in question is responsible for the decision.,1,1,4,4,6,7
agr_0200,200,of_in_question,be_present,manager,managers,sector,sectors,PS,plural,singular,The managers of the sector in question,is,are,are,is,The managers of the sector in question are responsible for the decision.,1,1,4,4,6,7
agr_0200,200,of_in_question,be_present,manager,managers,sector,sectors,PP,plural,plural,The managers of the sectors in question,is,are,are,is,The managers of the sectors in question are responsible for the decision.,1,1,4,4,6,7
agr_0201,201,of_in_question,be_present,reporter,reporters,laboratory,laboratories,SS,singular,singular,The reporter of the laboratory in question,is,are,is,are,The reporter of the laboratory in question is responsible for the decision.,1,1,4,4,6,7
agr_0201,201,of_in_question,be_present,reporter,reporters,laboratory,laboratories,SP,singular,plural,The reporter of the laboratories in question,is,are,is,are,The reporter of the laboratories in question is responsible for the decision.,1,1,4,4,6,7
agr_0201,201,of_in_question,be_present,reporter,reporters,laboratory,laboratories,PS,plural,singular,The reporters of the laboratory in question,is,are,are,is,The reporters of the laboratory in question are responsible for the decision.,1,1,4,4,6,7
agr_0201,201,of_in_question,be_present,reporter,reporters,laboratory,laboratories,PP,plural,plural,The reporters of the laboratories in question,is,are,are,is,The reporters of the laboratories in question are responsible for the decision.,1,1,4,4,6,7
agr_0202,202,of_in_question,be_present,lecturer,lecturers,company,companies,SS,singular,singular,The lecturer of the company in question,is,are,is,are,The lecturer of the company in question is responsible for the decision.,1,1,4,4,6,7
agr_0202,202,of_in_question,be_present,lecturer,lecturers,company,companies,SP,singular,plural,The lecturer of the companies in question,is,are,is,are,The lecturer of the companies in question is responsible for the decision.,1,1,4,4,6,7
agr_0202,202,of_in_question,be_present,lecturer,lecturers,company,companies,PS,plural,singular,The lecturers of the company in question,is,are,are,is,The lecturers of the company in question are responsible for the decision.,1,2,5,5,7,8
agr_0202,202,of_in_question,be_present,lecturer,lecturers,company,companies,PP,plural,plural,The lecturers of the companies in question,is,are,are,is,The lecturers of the companies in question are responsible for the decision.,1,2,5,5,7,8
agr_0203,203,of_in_question,be_present,reporter,reporters,alliance,alliances,SS,singular,singular,The reporter of the alliance in question,is,are,is,are,The reporter of the alliance in question is responsible for the decision.,1,1,4,4,6,7
agr_0203,203,of_in_question,be_present,reporter,reporters,alliance,alliances,SP,singular,plural,The reporter of the alliances in question,is,are,is,are,The reporter of the alliances in question is responsible for the decision.,1,1,4,4,6,7
agr_0203,203,of_in_question,be_present,reporter,reporters,alliance,alliances,PS,plural,singular,The reporters of the alliance in question,is,are,are,is,The reporters of the alliance in question are responsible for the decision.,1,1,4,4,6,7
agr_0203,203,of_in_question,be_present,reporter,reporters,alliance,alliances,PP,plural,plural,The reporters of the alliances in question,is,are,are,is,The reporters of the alliances in question are responsible for the decision.,1,1,4,4,6,7
agr_0204,204,of_in_question,be_present,worker,workers,alliance,alliances,SS,singular,singular,The worker of the alliance in question,is,are,is,are,The worker of the alliance in question is responsible for the decision.,1,1,4,4,6,7
agr_0204,204,of_in_question,be_present,worker,workers,alliance,alliances,SP,singular,plural,The worker of the alliances in question,is,are,is,are,The worker of the alliances in question is responsible for the decision.,1,1,4,4,6,7
agr_0204,204,of_in_question,be_present,worker,workers,alliance,alliances,PS,plural,singular,The workers of the alliance in question,is,are,are,is,The workers of the alliance in question are responsible for the decision.,1,1,4,4,6,7
agr_0204,204,of_in_question,be_present,worker,workers,alliance,alliances,PP,plural,plural,The workers of the alliances in question,is,are,are,is,The workers of the alliances in question are responsible for the decision.,1,1,4,4,6,7
agr_0205,205,of_in_question,be_present,analyst,analysts,network,networks,SS,singular,singular,The analyst of the network in question,is,are,is,are,The analyst of the network in question is responsible for the decision.,1,1,4,4,6,7
agr_0205,205,of_in_question,be_present,analyst,analysts,network,networks,SP,singular,plural,The analyst of the networks in question,is,are,is,are,The analyst of the networks in question is responsible for the decision.,1,1,4,4,6,7
agr_0205,205,of_in_question,be_present,analyst,analysts,network,networks,PS,plural,singular,The analysts of the network in question,is,are,are,is,The analysts of the network in question are responsible for the decision.,1,1,4,4,6,7
agr_0205,205,of_in_question,be_present,analyst,analysts,network,networks,PP,plural,plural,The analysts of the networks in question,is,are,are,is,The analysts of the networks in question are responsible for the decision.,1,1,4,4,6,7
agr_0206,206,of_in_question,be_present,examiner,examiners,platform,platforms,SS,singular,singular,The examiner of the platform in question,is,are,is,are,The examiner of the platform in question is responsible for the decision.,1,1,4,4,6,7
agr_0206,206,of_in_question,be_present,examiner,examiners,platform,platforms,SP,singular,plural,The examiner of the platforms in question,is,are,is,are,The examiner of the platforms in question is responsible for the decision.,1,1,4,4,6,7
agr_0206,206,of_in_question,be_present,examiner,examiners,platform,platforms,PS,plural,singular,The examiners of the platform in question,is,are,are,is,The examiners of the platform in question are responsible for the decision.,1,2,5,5,7,8
agr_0206,206,of_in_question,be_present,examiner,examiners,platform,platforms,PP,plural,plural,The examiners of the platforms in question,is,are,are,is,The examiners of the platforms in question are responsible for the decision.,1,2,5,5,7,8
agr_0207,207,of_in_question,be_present,coordinator,coordinators,school,schools,SS,singular,singular,The coordinator of the school in question,is,are,is,are,The coordinator of the school in question is responsible for the decision.,1,1,4,4,6,7
agr_0207,207,of_in_question,be_present,coordinator,coordinators,school,schools,SP,singular,plural,The coordinator of the schools in question,is,are,is,are,The coordinator of the schools in question is responsible for the decision.,1,1,4,4,6,7
agr_0207,207,of_in_question,be_present,coordinator,coordinators,school,schools,PS,plural,singular,The coordinators of the school in question,is,are,are,is,The coordinators of the school in question are responsible for the decision.,1,2,5,5,7,8
agr_0207,207,of_in_question,be_present,coordinator,coordinators,school,schools,PP,plural,plural,The coordinators of the schools in question,is,are,are,is,The coordinators of the schools in question are responsible for the decision.,1,2,5,5,7,8
agr_0208,208,of_in_question,be_present,assistant,assistants,board,boards,SS,singular,singular,The assistant of the board in question,is,are,is,are,The assistant of the board in question is responsible for the decision.,1,1,4,4,6,7
agr_0208,208,of_in_question,be_present,assistant,assistants,board,boards,SP,singular,plural,The assistant of the boards in question,is,are,is,are,The assistant of the boards in question is responsible for the decision.,1,1,4,4,6,7
agr_0208,208,of_in_question,be_present,assistant,assistants,board,boards,PS,plural,singular,The assistants of the board in question,is,are,are,is,The assistants of the board in question are responsible for the decision.,1,1,4,4,6,7
agr_0208,208,of_in_question,be_present,assistant,assistants,board,boards,PP,plural,plural,The assistants of the boards in question,is,are,are,is,The assistants of the boards in question are responsible for the decision.,1,1,4,4,6,7
agr_0209,209,of_in_question,be_present,engineer,engineers,club,clubs,SS,singular,singular,The engineer of the club in question,is,are,is,are,The engineer of the club in question is responsible for the decision.,1,1,4,4,6,7
agr_0209,209,of_in_question,be_present,engineer,engineers,club,clubs,SP,singular,plural,The engineer of the clubs in question,is,are,is,are,The engineer of the clubs in question is responsible for the decision.,1,1,4,4,6,7
agr_0209,209,of_in_question,be_present,engineer,engineers,club,clubs,PS,plural,singular,The engineers of the club in question,is,are,are,is,The engineers of the club in question are responsible for the decision.,1,1,4,4,6,7
agr_0209,209,of_in_question,be_present,engineer,engineers,club,clubs,PP,plural,plural,The engineers of the clubs in question,is,are,are,is,The engineers of the clubs in question are responsible for the decision.,1,1,4,4,6,7
agr_0210,210,of_in_question,be_present,accountant,accountants,board,boards,SS,singular,singular,The accountant of the board in question,is,are,is,are,The accountant of the board in question is responsible for the decision.,1,1,4,4,6,7
agr_0210,210,of_in_question,be_present,accountant,accountants,board,boards,SP,singular,plural,The accountant of the boards in question,is,are,is,are,The accountant of the boards in question is responsible for the decision.,1,1,4,4,6,7
agr_0210,210,of_in_question,be_present,accountant,accountants,board,boards,PS,plural,singular,The accountants of the board in question,is,are,are,is,The accountants of the board in question are responsible for the decision.,1,2,5,5,7,8
agr_0210,210,of_in_question,be_present,accountant,accountants,board,boards,PP,plural,plural,The accountants of the boards in question,is,are,are,is,The accountants of the boards in question are responsible for the decision.,1,2,5,5,7,8
agr_0211,211,of_in_question,be_present,technician,technicians,platform,platforms,SS,singular,singular,The technician of the platform in question,is,are,is,are,The technician of the platform in question is responsible for the decision.,1,1,4,4,6,7
agr_0211,211,of_in_question,be_present,technician,technicians,platform,platforms,SP,singular,plural,The technician of the platforms in question,is,are,is,are,The technician of the platforms in question is responsible for the decision.,1,1,4,4,6,7
agr_0211,211,of_in_question,be_present,technician,technicians,platform,platforms,PS,plural,singular,The technicians of the platform in question,is,are,are,is,The technicians of the platform in question are responsible for the decision.,1,1,4,4,6,7
agr_0211,211,of_in_question,be_present,technician,technicians,platform,platforms,PP,plural,plural,The technicians of the platforms in question,is,are,are,is,The technicians of the platforms in question are responsible for the decision.,1,1,4,4,6,7
agr_0212,212,of_in_question,be_present,artist,artists,enterprise,enterprises,SS,singular,singular,The artist of the enterprise in question,is,are,is,are,The artist of the enterprise in question is responsible for the decision.,1,1,4,4,6,7
agr_0212,212,of_in_question,be_present,artist,artists,enterprise,enterprises,SP,singular,plural,The artist of the enterprises in question,is,are,is,are,The artist of the enterprises in question is responsible for the decision.,1,1,4,4,6,7
agr_0212,212,of_in_question,be_present,artist,artists,enterprise,enterprises,PS,plural,singular,The artists of the enterprise in question,is,are,are,is,The artists of the enterprise in question are responsible for the decision.,1,1,4,4,6,7
agr_0212,212,of_in_question,be_present,artist,artists,enterprise,enterprises,PP,plural,plural,The artists of the enterprises in question,is,are,are,is,The artists of the enterprises in question are responsible for the decision.,1,1,4,4,6,7
agr_0213,213,of_in_question,be_present,lecturer,lecturers,consortium,consortiums,SS,singular,singular,The lecturer of the consortium in question,is,are,is,are,The lecturer of the consortium in question is responsible for the decision.,1,1,4,4,6,7
agr_0213,213,of_in_question,be_present,lecturer,lecturers,consortium,consortiums,SP,singular,plural,The lecturer of the consortiums in question,is,are,is,are,The lecturer of the consortiums in question is responsible for the decision.,1,1,4,5,7,8
agr_0213,213,of_in_question,be_present,lecturer,lecturers,consortium,consortiums,PS,plural,singular,The lecturers of the consortium in question,is,are,are,is,The lecturers of the consortium in question are responsible for the decision.,1,2,5,5,7,8
agr_0213,213,of_in_question,be_present,lecturer,lecturers,consortium,consortiums,PP,plural,plural,The lecturers of the consortiums in question,is,are,are,is,The lecturers of the consortiums in question are responsible for the decision.,1,2,5,6,8,9
agr_0214,214,of_in_question,be_present,builder,builders,laboratory,laboratories,SS,singular,singular,The builder of the laboratory in question,is,are,is,are,The builder of the laboratory in question is responsible for the decision.,1,1,4,4,6,7
agr_0214,214,of_in_question,be_present,builder,builders,laboratory,laboratories,SP,singular,plural,The builder of the laboratories in question,is,are,is,are,The builder of the laboratories in question is responsible for the decision.,1,1,4,4,6,7
agr_0214,214,of_in_question,be_present,builder,builders,laboratory,laboratories,PS,plural,singular,The builders of the laboratory in question,is,are,are,is,The builders of the laboratory in question are responsible for the decision.,1,1,4,4,6,7
agr_0214,214,of_in_question,be_present,builder,builders,laboratory,laboratories,PP,plural,plural,The builders of the laboratories in question,is,are,are,is,The builders of the laboratories in question are responsible for the decision.,1,1,4,4,6,7
agr_0215,215,of_in_question,be_present,driver,drivers,platform,platforms,SS,singular,singular,The driver of the platform in question,is,are,is,are,The driver of the platform in question is responsible for the decision.,1,1,4,4,6,7
agr_0215,215,of_in_question,be_present,driver,drivers,platform,platforms,SP,singular,plural,The driver of the platforms in question,is,are,is,are,The driver of the platforms in question is responsible for the decision.,1,1,4,4,6,7
agr_0215,215,of_in_question,be_present,driver,drivers,platform,platforms,PS,plural,singular,The drivers of the platform in question,is,are,are,is,The drivers of the platform in question are responsible for the decision.,1,1,4,4,6,7
agr_0215,215,of_in_question,be_present,driver,drivers,platform,platforms,PP,plural,plural,The drivers of the platforms in question,is,are,are,is,The drivers of the platforms in question are responsible for the decision.,1,1,4,4,6,7
agr_0216,216,of_in_question,be_present,commissioner,commissioners,consortium,consortiums,SS,singular,singular,The commissioner of the consortium in question,is,are,is,are,The commissioner of the consortium in question is responsible for the decision.,1,1,4,4,6,7
agr_0216,216,of_in_question,be_present,commissioner,commissioners,consortium,consortiums,SP,singular,plural,The commissioner of the consortiums in question,is,are,is,are,The commissioner of the consortiums in question is responsible for the decision.,1,1,4,5,7,8
agr_0216,216,of_in_question,be_present,commissioner,commissioners,consortium,consortiums,PS,plural,singular,The commissioners of the consortium in question,is,are,are,is,The commissioners of the consortium in question are responsible for the decision.,1,1,4,4,6,7
agr_0216,216,of_in_question,be_present,commissioner,commissioners,consortium,consortiums,PP,plural,plural,The commissioners of the consortiums in question,is,are,are,is,The commissioners of the consortiums in question are responsible for the decision.,1,1,4,5,7,8
agr_0217,217,of_in_question,be_present,advisor,advisors,ministry,ministries,SS,singular,singular,The advisor of the ministry in question,is,are,is,are,The advisor of the ministry in question is responsible for the decision.,1,1,4,4,6,7
agr_0217,217,of_in_question,be_present,advisor,advisors,ministry,ministries,SP,singular,plural,The advisor of the ministries in question,is,are,is,are,The advisor of the ministries in question is responsible for the decision.,1,1,4,4,6,7
agr_0217,217,of_in_question,be_present,advisor,advisors,ministry,ministries,PS,plural,singular,The advisors of the ministry in question,is,are,are,is,The advisors of the ministry in question are responsible for the decision.,1,1,4,4,6,7
agr_0217,217,of_in_question,be_present,advisor,advisors,ministry,ministries,PP,plural,plural,The advisors of the ministries in question,is,are,are,is,The advisors of the ministries in question are responsible for the decision.,1,1,4,4,6,7
agr_0218,218,of_in_question,be_present,member,members,network,networks,SS,singular,singular,The member of the network in question,is,are,is,are,The member of the network in question is responsible for the decision.,1,1,4,4,6,7
agr_0218,218,of_in_question,be_present,member,members,network,networks,SP,singular,plural,The member of the networks in question,is,are,is,are,The member of the networks in question is responsible for the decision.,1,1,4,4,6,7
agr_0218,218,of_in_question,be_present,member,members,network,networks,PS,plural,singular,The members of the network in question,is,are,are,is,The members of the network in question are responsible for the decision.,1,1,4,4,6,7
agr_0218,218,of_in_question,be_present,member,members,network,networks,PP,plural,plural,The members of the networks in question,is,are,are,is,The members of the networks in question are responsible for the decision.,1,1,4,4,6,7
agr_0219,219,of_in_question,be_present,author,authors,forum,forums,SS,singular,singular,The author of the forum in question,is,are,is,are,The author of the forum in question is responsible for the decision.,1,1,4,4,6,7
agr_0219,219,of_in_question,be_present,author,authors,forum,forums,SP,singular,plural,The author of the forums in question,is,are,is,are,The author of the forums in question is responsible for the decision.,1,1,4,4,6,7
agr_0219,219,of_in_question,be_present,author,authors,forum,forums,PS,plural,singular,The authors of the forum in question,is,are,are,is,The authors of the forum in question are responsible for the decision.,1,1,4,4,6,7
agr_0219,219,of_in_question,be_present,author,authors,forum,forums,PP,plural,plural,The authors of the forums in question,is,are,are,is,The authors of the forums in question are responsible for the decision.,1,1,4,4,6,7
agr_0220,220,of_in_question,be_present,scientist,scientists,partnership,partnerships,SS,singular,singular,The scientist of the partnership in question,is,are,is,are,The scientist of the partnership in question is responsible for the decision.,1,1,4,4,6,7
agr_0220,220,of_in_question,be_present,scientist,scientists,partnership,partnerships,SP,singular,plural,The scientist of the partnerships in question,is,are,is,are,The scientist of the partnerships in question is responsible for the decision.,1,1,4,4,6,7
agr_0220,220,of_in_question,be_present,scientist,scientists,partnership,partnerships,PS,plural,singular,The scientists of the partnership in question,is,are,are,is,The scientists of the partnership in question are responsible for the decision.,1,1,4,4,6,7
agr_0220,220,of_in_question,be_present,scientist,scientists,partnership,partnerships,PP,plural,plural,The scientists of the partnerships in question,is,are,are,is,The scientists of the partnerships in question are responsible for the decision.,1,1,4,4,6,7
agr_0221,221,of_in_question,be_present,inspector,inspectors,facility,facilities,SS,singular,singular,The inspector of the facility in question,is,are,is,are,The inspector of the facility in question is responsible for the decision.,1,1,4,4,6,7
agr_0221,221,of_in_question,be_present,inspector,inspectors,facility,facilities,SP,singular,plural,The inspector of the facilities in question,is,are,is,are,The inspector of the facilities in question is responsible for the decision.,1,1,4,4,6,7
agr_0221,221,of_in_question,be_present,inspector,inspectors,facility,facilities,PS,plural,singular,The inspectors of the facility in question,is,are,are,is,The inspectors of the facility in question are responsible for the decision.,1,1,4,4,6,7
agr_0221,221,of_in_question,be_present,inspector,inspectors,facility,facilities,PP,plural,plural,The inspectors of the facilities in question,is,are,are,is,The inspectors of the facilities in question are responsible for the decision.,1,1,4,4,6,7
agr_0222,222,of_in_question,be_present,lecturer,lecturers,project,projects,SS,singular,singular,The lecturer of the project in question,is,are,is,are,The lecturer of the project in question is responsible for the decision.,1,1,4,4,6,7
agr_0222,222,of_in_question,be_present,lecturer,lecturers,project,projects,SP,singular,plural,The lecturer of the projects in question,is,are,is,are,The lecturer of the projects in question is responsible for the decision.,1,1,4,4,6,7
agr_0222,222,of_in_question,be_present,lecturer,lecturers,project,projects,PS,plural,singular,The lecturers of the project in question,is,are,are,is,The lecturers of the project in question are responsible for the decision.,1,2,5,5,7,8
agr_0222,222,of_in_question,be_present,lecturer,lecturers,project,projects,PP,plural,plural,The lecturers of the projects in question,is,are,are,is,The lecturers of the projects in question are responsible for the decision.,1,2,5,5,7,8
agr_0223,223,of_in_question,be_present,student,students,ministry,ministries,SS,singular,singular,The student of the ministry in question,is,are,is,are,The student of the ministry in question is responsible for the decision.,1,1,4,4,6,7
agr_0223,223,of_in_question,be_present,student,students,ministry,ministries,SP,singular,plural,The student of the ministries in question,is,are,is,are,The student of the ministries in question is responsible for the decision.,1,1,4,4,6,7
agr_0223,223,of_in_question,be_present,student,students,ministry,ministries,PS,plural,singular,The students of the ministry in question,is,are,are,is,The students of the ministry in question are responsible for the decision.,1,1,4,4,6,7
agr_0223,223,of_in_question,be_present,student,students,ministry,ministries,PP,plural,plural,The students of the ministries in question,is,are,are,is,The students of the ministries in question are responsible for the decision.,1,1,4,4,6,7
agr_0224,224,of_in_question,be_present,accountant,accountants,firm,firms,SS,singular,singular,The accountant of the firm in question,is,are,is,are,The accountant of the firm in question is responsible for the decision.,1,1,4,4,6,7
agr_0224,224,of_in_question,be_present,accountant,accountants,firm,firms,SP,singular,plural,The accountant of the firms in question,is,are,is,are,The accountant of the firms in question is responsible for the decision.,1,1,4,4,6,7
agr_0224,224,of_in_question,be_present,accountant,accountants,firm,firms,PS,plural,singular,The accountants of the firm in question,is,are,are,is,The accountants of the firm in question are responsible for the decision.,1,2,5,5,7,8
agr_0224,224,of_in_question,be_present,accountant,accountants,firm,firms,PP,plural,plural,The accountants of the firms in question,is,are,are,is,The accountants of the firms in question are responsible for the decision.,1,2,5,5,7,8
agr_0225,225,of_in_question,be_present,scientist,scientists,authority,authorities,SS,singular,singular,The scientist of the authority in question,is,are,is,are,The scientist of the authority in question is responsible for the decision.,1,1,4,4,6,7
agr_0225,225,of_in_question,be_present,scientist,scientists,authority,authorities,SP,singular,plural,The scientist of the authorities in question,is,are,is,are,The scientist of the authorities in question is responsible for the decision.,1,1,4,4,6,7
agr_0225,225,of_in_question,be_present,scientist,scientists,authority,authorities,PS,plural,singular,The scientists of the authority in question,is,are,are,is,The scientists of the authority in question are responsible for the decision.,1,1,4,4,6,7
agr_0225,225,of_in_question,be_present,scientist,scientists,authority,authorities,PP,plural,plural,The scientists of the authorities in question,is,are,are,is,The scientists of the authorities in question are responsible for the decision.,1,1,4,4,6,7
agr_0226,226,of_in_question,be_present,editor,editors,branch,branches,SS,singular,singular,The editor of the branch in question,is,are,is,are,The editor of the branch in question is responsible for the decision.,1,1,4,4,6,7
agr_0226,226,of_in_question,be_present,editor,editors,branch,branches,SP,singular,plural,The editor of the branches in question,is,are,is,are,The editor of the branches in question is responsible for the decision.,1,1,4,4,6,7
agr_0226,226,of_in_question,be_present,editor,editors,branch,branches,PS,plural,singular,The editors of the branch in question,is,are,are,is,The editors of the branch in question are responsible for the decision.,1,1,4,4,6,7
agr_0226,226,of_in_question,be_present,editor,editors,branch,branches,PP,plural,plural,The editors of the branches in question,is,are,are,is,The editors of the branches in question are responsible for the decision.,1,1,4,4,6,7
agr_0227,227,of_in_question,be_present,operator,operators,board,boards,SS,singular,singular,The operator of the board in question,is,are,is,are,The operator of the board in question is responsible for the decision.,1,1,4,4,6,7
agr_0227,227,of_in_question,be_present,operator,operators,board,boards,SP,singular,plural,The operator of the boards in question,is,are,is,are,The operator of the boards in question is responsible for the decision.,1,1,4,4,6,7
agr_0227,227,of_in_question,be_present,operator,operators,board,boards,PS,plural,singular,The operators of the board in question,is,are,are,is,The operators of the board in question are responsible for the decision.,1,1,4,4,6,7
agr_0227,227,of_in_question,be_present,operator,operators,board,boards,PP,plural,plural,The operators of the boards in question,is,are,are,is,The operators of the boards in question are responsible for the decision.,1,1,4,4,6,7
agr_0228,228,of_in_question,be_present,lecturer,lecturers,office,offices,SS,singular,singular,The lecturer of the office in question,is,are,is,are,The lecturer of the office in question is responsible for the decision.,1,1,4,4,6,7
agr_0228,228,of_in_question,be_present,lecturer,lecturers,office,offices,SP,singular,plural,The lecturer of the offices in question,is,are,is,are,The lecturer of the offices in question is responsible for the decision.,1,1,4,4,6,7
agr_0228,228,of_in_question,be_present,lecturer,lecturers,office,offices,PS,plural,singular,The lecturers of the office in question,is,are,are,is,The lecturers of the office in question are responsible for the decision.,1,2,5,5,7,8
agr_0228,228,of_in_question,be_present,lecturer,lecturers,office,offices,PP,plural,plural,The lecturers of the offices in question,is,are,are,is,The lecturers of the offices in question are responsible for the decision.,1,2,5,5,7,8
agr_0229,229,of_in_question,be_present,director,directors,committee,committees,SS,singular,singular,The director of the committee in question,is,are,is,are,The director of the committee in question is responsible for the decision.,1,1,4,4,6,7
agr_0229,229,of_in_question,be_present,director,directors,committee,committees,SP,singular,plural,The director of the committees in question,is,are,is,are,The director of the committees in question is responsible for the decision.,1,1,4,4,6,7
agr_0229,229,of_in_question,be_present,director,directors,committee,committees,PS,plural,singular,The directors of the committee in question,is,are,are,is,The directors of the committee in question are responsible for the decision.,1,1,4,4,6,7
agr_0229,229,of_in_question,be_present,director,directors,committee,committees,PP,plural,plural,The directors of the committees in question,is,are,are,is,The directors of the committees in question are responsible for the decision.,1,1,4,4,6,7
agr_0230,230,of_in_question,be_present,advisor,advisors,firm,firms,SS,singular,singular,The advisor of the firm in question,is,are,is,are,The advisor of the firm in question is responsible for the decision.,1,1,4,4,6,7
agr_0230,230,of_in_question,be_present,advisor,advisors,firm,firms,SP,singular,plural,The advisor of the firms in question,is,are,is,are,The advisor of the firms in question is responsible for the decision.,1,1,4,4,6,7
agr_0230,230,of_in_question,be_present,advisor,advisors,firm,firms,PS,plural,singular,The advisors of the firm in question,is,are,are,is,The advisors of the firm in question are responsible for the decision.,1,1,4,4,6,7
agr_0230,230,of_in_question,be_present,advisor,advisors,firm,firms,PP,plural,plural,The advisors of the firms in question,is,are,are,is,The advisors of the firms in question are responsible for the decision.,1,1,4,4,6,7
agr_0231,231,of_in_question,be_present,planner,planners,office,offices,SS,singular,singular,The planner of the office in question,is,are,is,are,The planner of the office in question is responsible for the decision.,1,1,4,4,6,7
agr_0231,231,of_in_question,be_present,planner,planners,office,offices,SP,singular,plural,The planner of the offices in question,is,are,is,are,The planner of the offices in question is responsible for the decision.,1,1,4,4,6,7
agr_0231,231,of_in_question,be_present,planner,planners,office,offices,PS,plural,singular,The planners of the office in question,is,are,are,is,The planners of the office in question are responsible for the decision.,1,1,4,4,6,7
agr_0231,231,of_in_question,be_present,planner,planners,office,offices,PP,plural,plural,The planners of the offices in question,is,are,are,is,The planners of the offices in question are responsible for the decision.,1,1,4,4,6,7
agr_0232,232,of_in_question,be_present,doctor,doctors,club,clubs,SS,singular,singular,The doctor of the club in question,is,are,is,are,The doctor of the club in question is responsible for the decision.,1,1,4,4,6,7
agr_0232,232,of_in_question,be_present,doctor,doctors,club,clubs,SP,singular,plural,The doctor of the clubs in question,is,are,is,are,The doctor of the clubs in question is responsible for the decision.,1,1,4,4,6,7
agr_0232,232,of_in_question,be_present,doctor,doctors,club,clubs,PS,plural,singular,The doctors of the club in question,is,are,are,is,The doctors of the club in question are responsible for the decision.,1,1,4,4,6,7
agr_0232,232,of_in_question,be_present,doctor,doctors,club,clubs,PP,plural,plural,The doctors of the clubs in question,is,are,are,is,The doctors of the clubs in question are responsible for the decision.,1,1,4,4,6,7
agr_0233,233,of_in_question,be_present,officer,officers,school,schools,SS,singular,singular,The officer of the school in question,is,are,is,are,The officer of the school in question is responsible for the decision.,1,1,4,4,6,7
agr_0233,233,of_in_question,be_present,officer,officers,school,schools,SP,singular,plural,The officer of the schools in question,is,are,is,are,The officer of the schools in question is responsible for the decision.,1,1,4,4,6,7
agr_0233,233,of_in_question,be_present,officer,officers,school,schools,PS,plural,singular,The officers of the school in question,is,are,are,is,The officers of the school in question are responsible for the decision.,1,1,4,4,6,7
agr_0233,233,of_in_question,be_present,officer,officers,school,schools,PP,plural,plural,The officers of the schools in question,is,are,are,is,The officers of the schools in question are responsible for the decision.,1,1,4,4,6,7
agr_0234,234,of_in_question,be_present,analyst,analysts,corporation,corporations,SS,singular,singular,The analyst of the corporation in question,is,are,is,are,The analyst of the corporation in question is responsible for the decision.,1,1,4,4,6,7
agr_0234,234,of_in_question,be_present,analyst,analysts,corporation,corporations,SP,singular,plural,The analyst of the corporations in question,is,are,is,are,The analyst of the corporations in question is responsible for the decision.,1,1,4,4,6,7
agr_0234,234,of_in_question,be_present,analyst,analysts,corporation,corporations,PS,plural,singular,The analysts of the corporation in question,is,are,are,is,The analysts of the corporation in question are responsible for the decision.,1,1,4,4,6,7
agr_0234,234,of_in_question,be_present,analyst,analysts,corporation,corporations,PP,plural,plural,The analysts of the corporations in question,is,are,are,is,The analysts of the corporations in question are responsible for the decision.,1,1,4,4,6,7
agr_0235,235,of_in_question,be_present,examiner,examiners,centre,centres,SS,singular,singular,The examiner of the centre in question,is,are,is,are,The examiner of the centre in question is responsible for the decision.,1,1,4,4,6,7
agr_0235,235,of_in_question,be_present,examiner,examiners,centre,centres,SP,singular,plural,The examiner of the centres in question,is,are,is,are,The examiner of the centres in question is responsible for the decision.,1,1,4,4,6,7
agr_0235,235,of_in_question,be_present,examiner,examiners,centre,centres,PS,plural,singular,The examiners of the centre in question,is,are,are,is,The examiners of the centre in question are responsible for the decision.,1,2,5,5,7,8
agr_0235,235,of_in_question,be_present,examiner,examiners,centre,centres,PP,plural,plural,The examiners of the centres in question,is,are,are,is,The examiners of the centres in question are responsible for the decision.,1,2,5,5,7,8
agr_0236,236,of_in_question,be_present,builder,builders,platform,platforms,SS,singular,singular,The builder of the platform in question,is,are,is,are,The builder of the platform in question is responsible for the decision.,1,1,4,4,6,7
agr_0236,236,of_in_question,be_present,builder,builders,platform,platforms,SP,singular,plural,The builder of the platforms in question,is,are,is,are,The builder of the platforms in question is responsible for the decision.,1,1,4,4,6,7
agr_0236,236,of_in_question,be_present,builder,builders,platform,platforms,PS,plural,singular,The builders of the platform in question,is,are,are,is,The builders of the platform in question are responsible for the decision.,1,1,4,4,6,7
agr_0236,236,of_in_question,be_present,builder,builders,platform,platforms,PP,plural,plural,The builders of the platforms in question,is,are,are,is,The builders of the platforms in question are responsible for the decision.,1,1,4,4,6,7
agr_0237,237,of_in_question,be_present,director,directors,institution,institutions,SS,singular,singular,The director of the institution in question,is,are,is,are,The director of the institution in question is responsible for the decision.,1,1,4,4,6,7
agr_0237,237,of_in_question,be_present,director,directors,institution,institutions,SP,singular,plural,The director of the institutions in question,is,are,is,are,The director of the institutions in question is responsible for the decision.,1,1,4,4,6,7
agr_0237,237,of_in_question,be_present,director,directors,institution,institutions,PS,plural,singular,The directors of the institution in question,is,are,are,is,The directors of the institution in question are responsible for the decision.,1,1,4,4,6,7
agr_0237,237,of_in_question,be_present,director,directors,institution,institutions,PP,plural,plural,The directors of the institutions in question,is,are,are,is,The directors of the institutions in question are responsible for the decision.,1,1,4,4,6,7
agr_0238,238,of_in_question,be_present,developer,developers,program,programs,SS,singular,singular,The developer of the program in question,is,are,is,are,The developer of the program in question is responsible for the decision.,1,1,4,4,6,7
agr_0238,238,of_in_question,be_present,developer,developers,program,programs,SP,singular,plural,The developer of the programs in question,is,are,is,are,The developer of the programs in question is responsible for the decision.,1,1,4,4,6,7
agr_0238,238,of_in_question,be_present,developer,developers,program,programs,PS,plural,singular,The developers of the program in question,is,are,are,is,The developers of the program in question are responsible for the decision.,1,1,4,4,6,7
agr_0238,238,of_in_question,be_present,developer,developers,program,programs,PP,plural,plural,The developers of the programs in question,is,are,are,is,The developers of the programs in question are responsible for the decision.,1,1,4,4,6,7
agr_0239,239,of_in_question,be_present,assistant,assistants,firm,firms,SS,singular,singular,The assistant of the firm in question,is,are,is,are,The assistant of the firm in question is responsible for the decision.,1,1,4,4,6,7
agr_0239,239,of_in_question,be_present,assistant,assistants,firm,firms,SP,singular,plural,The assistant of the firms in question,is,are,is,are,The assistant of the firms in question is responsible for the decision.,1,1,4,4,6,7
agr_0239,239,of_in_question,be_present,assistant,assistants,firm,firms,PS,plural,singular,The assistants of the firm in question,is,are,are,is,The assistants of the firm in question are responsible for the decision.,1,1,4,4,6,7
agr_0239,239,of_in_question,be_present,assistant,assistants,firm,firms,PP,plural,plural,The assistants of the firms in question,is,are,are,is,The assistants of the firms in question are responsible for the decision.,1,1,4,4,6,7
agr_0240,240,of_in_question,be_present,auditor,auditors,centre,centres,SS,singular,singular,The auditor of the centre in question,is,are,is,are,The auditor of the centre in question is responsible for the decision.,1,1,4,4,6,7
agr_0240,240,of_in_question,be_present,auditor,auditors,centre,centres,SP,singular,plural,The auditor of the centres in question,is,are,is,are,The auditor of the centres in question is responsible for the decision.,1,1,4,4,6,7
agr_0240,240,of_in_question,be_present,auditor,auditors,centre,centres,PS,plural,singular,The auditors of the centre in question,is,are,are,is,The auditors of the centre in question are responsible for the decision.,1,2,5,5,7,8
agr_0240,240,of_in_question,be_present,auditor,auditors,centre,centres,PP,plural,plural,The auditors of the centres in question,is,are,are,is,The auditors of the centres in question are responsible for the decision.,1,2,5,5,7,8
agr_0241,241,of_in_question,be_present,lawyer,lawyers,region,regions,SS,singular,singular,The lawyer of the region in question,is,are,is,are,The lawyer of the region in question is responsible for the decision.,1,1,4,4,6,7
agr_0241,241,of_in_question,be_present,lawyer,lawyers,region,regions,SP,singular,plural,The lawyer of the regions in question,is,are,is,are,The lawyer of the regions in question is responsible for the decision.,1,1,4,4,6,7
agr_0241,241,of_in_question,be_present,lawyer,lawyers,region,regions,PS,plural,singular,The lawyers of the region in question,is,are,are,is,The lawyers of the region in question are responsible for the decision.,1,1,4,4,6,7
agr_0241,241,of_in_question,be_present,lawyer,lawyers,region,regions,PP,plural,plural,The lawyers of the regions in question,is,are,are,is,The lawyers of the regions in question are responsible for the decision.,1,1,4,4,6,7
agr_0242,242,of_in_question,be_present,examiner,examiners,facility,facilities,SS,singular,singular,The examiner of the facility in question,is,are,is,are,The examiner of the facility in question is responsible for the decision.,1,1,4,4,6,7
agr_0242,242,of_in_question,be_present,examiner,examiners,facility,facilities,SP,singular,plural,The examiner of the facilities in question,is,are,is,are,The examiner of the facilities in question is responsible for the decision.,1,1,4,4,6,7
agr_0242,242,of_in_question,be_present,examiner,examiners,facility,facilities,PS,plural,singular,The examiners of the facility in question,is,are,are,is,The examiners of the facility in question are responsible for the decision.,1,2,5,5,7,8
agr_0242,242,of_in_question,be_present,examiner,examiners,facility,facilities,PP,plural,plural,The examiners of the facilities in question,is,are,are,is,The examiners of the facilities in question are responsible for the decision.,1,2,5,5,7,8
agr_0243,243,of_in_question,be_present,teacher,teachers,unit,units,SS,singular,singular,The teacher of the unit in question,is,are,is,are,The teacher of the unit in question is responsible for the decision.,1,1,4,4,6,7
agr_0243,243,of_in_question,be_present,teacher,teachers,unit,units,SP,singular,plural,The teacher of the units in question,is,are,is,are,The teacher of the units in question is responsible for the decision.,1,1,4,4,6,7
agr_0243,243,of_in_question,be_present,teacher,teachers,unit,units,PS,plural,singular,The teachers of the unit in question,is,are,are,is,The teachers of the unit in question are responsible for the decision.,1,1,4,4,6,7
agr_0243,243,of_in_question,be_present,teacher,teachers,unit,units,PP,plural,plural,The teachers of the units in question,is,are,are,is,The teachers of the units in question are responsible for the decision.,1,1,4,4,6,7
agr_0244,244,of_in_question,be_present,author,authors,centre,centres,SS,singular,singular,The author of the centre in question,is,are,is,are,The author of the centre in question is responsible for the decision.,1,1,4,4,6,7
agr_0244,244,of_in_question,be_present,author,authors,centre,centres,SP,singular,plural,The author of the centres in question,is,are,is,are,The author of the centres in question is responsible for the decision.,1,1,4,4,6,7
agr_0244,244,of_in_question,be_present,author,authors,centre,centres,PS,plural,singular,The authors of the centre in question,is,are,are,is,The authors of the centre in question are responsible for the decision.,1,1,4,4,6,7
agr_0244,244,of_in_question,be_present,author,authors,centre,centres,PP,plural,plural,The authors of the centres in question,is,are,are,is,The authors of the centres in question are responsible for the decision.,1,1,4,4,6,7
agr_0245,245,of_in_question,be_present,coordinator,coordinators,project,projects,SS,singular,singular,The coordinator of the project in question,is,are,is,are,The coordinator of the project in question is responsible for the decision.,1,1,4,4,6,7
agr_0245,245,of_in_question,be_present,coordinator,coordinators,project,projects,SP,singular,plural,The coordinator of the projects in question,is,are,is,are,The coordinator of the projects in question is responsible for the decision.,1,1,4,4,6,7
agr_0245,245,of_in_question,be_present,coordinator,coordinators,project,projects,PS,plural,singular,The coordinators of the project in question,is,are,are,is,The coordinators of the project in question are responsible for the decision.,1,2,5,5,7,8
agr_0245,245,of_in_question,be_present,coordinator,coordinators,project,projects,PP,plural,plural,The coordinators of the projects in question,is,are,are,is,The coordinators of the projects in question are responsible for the decision.,1,2,5,5,7,8
agr_0246,246,of_in_question,be_present,accountant,accountants,panel,panels,SS,singular,singular,The accountant of the panel in question,is,are,is,are,The accountant of the panel in question is responsible for the decision.,1,1,4,4,6,7
agr_0246,246,of_in_question,be_present,accountant,accountants,panel,panels,SP,singular,plural,The accountant of the panels in question,is,are,is,are,The accountant of the panels in question is responsible for the decision.,1,1,4,4,6,7
agr_0246,246,of_in_question,be_present,accountant,accountants,panel,panels,PS,plural,singular,The accountants of the panel in question,is,are,are,is,The accountants of the panel in question are responsible for the decision.,1,2,5,5,7,8
agr_0246,246,of_in_question,be_present,accountant,accountants,panel,panels,PP,plural,plural,The accountants of the panels in question,is,are,are,is,The accountants of the panels in question are responsible for the decision.,1,2,5,5,7,8
agr_0247,247,of_in_question,be_present,analyst,analysts,project,projects,SS,singular,singular,The analyst of the project in question,is,are,is,are,The analyst of the project in question is responsible for the decision.,1,1,4,4,6,7
agr_0247,247,of_in_question,be_present,analyst,analysts,project,projects,SP,singular,plural,The analyst of the projects in question,is,are,is,are,The analyst of the projects in question is responsible for the decision.,1,1,4,4,6,7
agr_0247,247,of_in_question,be_present,analyst,analysts,project,projects,PS,plural,singular,The analysts of the project in question,is,are,are,is,The analysts of the project in question are responsible for the decision.,1,1,4,4,6,7
agr_0247,247,of_in_question,be_present,analyst,analysts,project,projects,PP,plural,plural,The analysts of the projects in question,is,are,are,is,The analysts of the projects in question are responsible for the decision.,1,1,4,4,6,7
agr_0248,248,of_in_question,be_present,journalist,journalists,authority,authorities,SS,singular,singular,The journalist of the authority in question,is,are,is,are,The journalist of the authority in question is responsible for the decision.,1,1,4,4,6,7
agr_0248,248,of_in_question,be_present,journalist,journalists,authority,authorities,SP,singular,plural,The journalist of the authorities in question,is,are,is,are,The journalist of the authorities in question is responsible for the decision.,1,1,4,4,6,7
agr_0248,248,of_in_question,be_present,journalist,journalists,authority,authorities,PS,plural,singular,The journalists of the authority in question,is,are,are,is,The journalists of the authority in question are responsible for the decision.,1,1,4,4,6,7
agr_0248,248,of_in_question,be_present,journalist,journalists,authority,authorities,PP,plural,plural,The journalists of the authorities in question,is,are,are,is,The journalists of the authorities in question are responsible for the decision.,1,1,4,4,6,7
agr_0249,249,of_in_question,be_present,worker,workers,ministry,ministries,SS,singular,singular,The worker of the ministry in question,is,are,is,are,The worker of the ministry in question is responsible for the decision.,1,1,4,4,6,7
agr_0249,249,of_in_question,be_present,worker,workers,ministry,ministries,SP,singular,plural,The worker of the ministries in question,is,are,is,are,The worker of the ministries in question is responsible for the decision.,1,1,4,4,6,7
agr_0249,249,of_in_question,be_present,worker,workers,ministry,ministries,PS,plural,singular,The workers of the ministry in question,is,are,are,is,The workers of the ministry in question are responsible for the decision.,1,1,4,4,6,7
agr_0249,249,of_in_question,be_present,worker,workers,ministry,ministries,PP,plural,plural,The workers of the ministries in question,is,are,are,is,The workers of the ministries in question are responsible for the decision.,1,1,4,4,6,7
agr_0250,250,of_in_question,be_present,professor,professors,panel,panels,SS,singular,singular,The professor of the panel in question,is,are,is,are,The professor of the panel in question is responsible for the decision.,1,1,4,4,6,7
agr_0250,250,of_in_question,be_present,professor,professors,panel,panels,SP,singular,plural,The professor of the panels in question,is,are,is,are,The professor of the panels in question is responsible for the decision.,1,1,4,4,6,7
agr_0250,250,of_in_question,be_present,professor,professors,panel,panels,PS,plural,singular,The professors of the panel in question,is,are,are,is,The professors of the panel in question are responsible for the decision.,1,1,4,4,6,7
agr_0250,250,of_in_question,be_present,professor,professors,panel,panels,PP,plural,plural,The professors of the panels in question,is,are,are,is,The professors of the panels in question are responsible for the decision.,1,1,4,4,6,7
agr_0251,251,of_in_question,be_present,evaluator,evaluators,centre,centres,SS,singular,singular,The evaluator of the centre in question,is,are,is,are,The evaluator of the centre in question is responsible for the decision.,1,3,6,6,8,9
agr_0251,251,of_in_question,be_present,evaluator,evaluators,centre,centres,SP,singular,plural,The evaluator of the centres in question,is,are,is,are,The evaluator of the centres in question is responsible for the decision.,1,3,6,6,8,9
agr_0251,251,of_in_question,be_present,evaluator,evaluators,centre,centres,PS,plural,singular,The evaluators of the centre in question,is,are,are,is,The evaluators of the centre in question are responsible for the decision.,1,3,6,6,8,9
agr_0251,251,of_in_question,be_present,evaluator,evaluators,centre,centres,PP,plural,plural,The evaluators of the centres in question,is,are,are,is,The evaluators of the centres in question are responsible for the decision.,1,3,6,6,8,9
agr_0252,252,of_in_question,be_present,journalist,journalists,college,colleges,SS,singular,singular,The journalist of the college in question,is,are,is,are,The journalist of the college in question is responsible for the decision.,1,1,4,4,6,7
agr_0252,252,of_in_question,be_present,journalist,journalists,college,colleges,SP,singular,plural,The journalist of the colleges in question,is,are,is,are,The journalist of the colleges in question is responsible for the decision.,1,1,4,4,6,7
agr_0252,252,of_in_question,be_present,journalist,journalists,college,colleges,PS,plural,singular,The journalists of the college in question,is,are,are,is,The journalists of the college in question are responsible for the decision.,1,1,4,4,6,7
agr_0252,252,of_in_question,be_present,journalist,journalists,college,colleges,PP,plural,plural,The journalists of the colleges in question,is,are,are,is,The journalists of the colleges in question are responsible for the decision.,1,1,4,4,6,7
agr_0253,253,of_in_question,be_present,administrator,administrators,office,offices,SS,singular,singular,The administrator of the office in question,is,are,is,are,The administrator of the office in question is responsible for the decision.,1,1,4,4,6,7
agr_0253,253,of_in_question,be_present,administrator,administrators,office,offices,SP,singular,plural,The administrator of the offices in question,is,are,is,are,The administrator of the offices in question is responsible for the decision.,1,1,4,4,6,7
agr_0253,253,of_in_question,be_present,administrator,administrators,office,offices,PS,plural,singular,The administrators of the office in question,is,are,are,is,The administrators of the office in question are responsible for the decision.,1,1,4,4,6,7
agr_0253,253,of_in_question,be_present,administrator,administrators,office,offices,PP,plural,plural,The administrators of the offices in question,is,are,are,is,The administrators of the offices in question are responsible for the decision.,1,1,4,4,6,7
agr_0254,254,of_in_question,be_present,director,directors,network,networks,SS,singular,singular,The director of the network in question,is,are,is,are,The director of the network in question is responsible for the decision.,1,1,4,4,6,7
agr_0254,254,of_in_question,be_present,director,directors,network,networks,SP,singular,plural,The director of the networks in question,is,are,is,are,The director of the networks in question is responsible for the decision.,1,1,4,4,6,7
agr_0254,254,of_in_question,be_present,director,directors,network,networks,PS,plural,singular,The directors of the network in question,is,are,are,is,The directors of the network in question are responsible for the decision.,1,1,4,4,6,7
agr_0254,254,of_in_question,be_present,director,directors,network,networks,PP,plural,plural,The directors of the networks in question,is,are,are,is,The directors of the networks in question are responsible for the decision.,1,1,4,4,6,7
agr_0255,255,of_in_question,be_present,planner,planners,forum,forums,SS,singular,singular,The planner of the forum in question,is,are,is,are,The planner of the forum in question is responsible for the decision.,1,1,4,4,6,7
agr_0255,255,of_in_question,be_present,planner,planners,forum,forums,SP,singular,plural,The planner of the forums in question,is,are,is,are,The planner of the forums in question is responsible for the decision.,1,1,4,4,6,7
agr_0255,255,of_in_question,be_present,planner,planners,forum,forums,PS,plural,singular,The planners of the forum in question,is,are,are,is,The planners of the forum in question are responsible for the decision.,1,1,4,4,6,7
agr_0255,255,of_in_question,be_present,planner,planners,forum,forums,PP,plural,plural,The planners of the forums in question,is,are,are,is,The planners of the forums in question are responsible for the decision.,1,1,4,4,6,7
agr_0256,256,of_in_question,be_present,advisor,advisors,forum,forums,SS,singular,singular,The advisor of the forum in question,is,are,is,are,The advisor of the forum in question is responsible for the decision.,1,1,4,4,6,7
agr_0256,256,of_in_question,be_present,advisor,advisors,forum,forums,SP,singular,plural,The advisor of the forums in question,is,are,is,are,The advisor of the forums in question is responsible for the decision.,1,1,4,4,6,7
agr_0256,256,of_in_question,be_present,advisor,advisors,forum,forums,PS,plural,singular,The advisors of the forum in question,is,are,are,is,The advisors of the forum in question are responsible for the decision.,1,1,4,4,6,7
agr_0256,256,of_in_question,be_present,advisor,advisors,forum,forums,PP,plural,plural,The advisors of the forums in question,is,are,are,is,The advisors of the forums in question are responsible for the decision.,1,1,4,4,6,7
agr_0257,257,of_in_question,be_present,employee,employees,institution,institutions,SS,singular,singular,The employee of the institution in question,is,are,is,are,The employee of the institution in question is responsible for the decision.,1,1,4,4,6,7
agr_0257,257,of_in_question,be_present,employee,employees,institution,institutions,SP,singular,plural,The employee of the institutions in question,is,are,is,are,The employee of the institutions in question is responsible for the decision.,1,1,4,4,6,7
agr_0257,257,of_in_question,be_present,employee,employees,institution,institutions,PS,plural,singular,The employees of the institution in question,is,are,are,is,The employees of the institution in question are responsible for the decision.,1,1,4,4,6,7
agr_0257,257,of_in_question,be_present,employee,employees,institution,institutions,PP,plural,plural,The employees of the institutions in question,is,are,are,is,The employees of the institutions in question are responsible for the decision.,1,1,4,4,6,7
agr_0258,258,of_in_question,be_present,scientist,scientists,division,divisions,SS,singular,singular,The scientist of the division in question,is,are,is,are,The scientist of the division in question is responsible for the decision.,1,1,4,4,6,7
agr_0258,258,of_in_question,be_present,scientist,scientists,division,divisions,SP,singular,plural,The scientist of the divisions in question,is,are,is,are,The scientist of the divisions in question is responsible for the decision.,1,1,4,4,6,7
agr_0258,258,of_in_question,be_present,scientist,scientists,division,divisions,PS,plural,singular,The scientists of the division in question,is,are,are,is,The scientists of the division in question are responsible for the decision.,1,1,4,4,6,7
agr_0258,258,of_in_question,be_present,scientist,scientists,division,divisions,PP,plural,plural,The scientists of the divisions in question,is,are,are,is,The scientists of the divisions in question are responsible for the decision.,1,1,4,4,6,7
agr_0259,259,of_in_question,be_present,painter,painters,board,boards,SS,singular,singular,The painter of the board in question,is,are,is,are,The painter of the board in question is responsible for the decision.,1,1,4,4,6,7
agr_0259,259,of_in_question,be_present,painter,painters,board,boards,SP,singular,plural,The painter of the boards in question,is,are,is,are,The painter of the boards in question is responsible for the decision.,1,1,4,4,6,7
agr_0259,259,of_in_question,be_present,painter,painters,board,boards,PS,plural,singular,The painters of the board in question,is,are,are,is,The painters of the board in question are responsible for the decision.,1,2,5,5,7,8
agr_0259,259,of_in_question,be_present,painter,painters,board,boards,PP,plural,plural,The painters of the boards in question,is,are,are,is,The painters of the boards in question are responsible for the decision.,1,2,5,5,7,8
agr_0260,260,of_in_question,be_present,author,authors,network,networks,SS,singular,singular,The author of the network in question,is,are,is,are,The author of the network in question is responsible for the decision.,1,1,4,4,6,7
agr_0260,260,of_in_question,be_present,author,authors,network,networks,SP,singular,plural,The author of the networks in question,is,are,is,are,The author of the networks in question is responsible for the decision.,1,1,4,4,6,7
agr_0260,260,of_in_question,be_present,author,authors,network,networks,PS,plural,singular,The authors of the network in question,is,are,are,is,The authors of the network in question are responsible for the decision.,1,1,4,4,6,7
agr_0260,260,of_in_question,be_present,author,authors,network,networks,PP,plural,plural,The authors of the networks in question,is,are,are,is,The authors of the networks in question are responsible for the decision.,1,1,4,4,6,7
agr_0261,261,of_in_question,be_present,assistant,assistants,laboratory,laboratories,SS,singular,singular,The assistant of the laboratory in question,is,are,is,are,The assistant of the laboratory in question is responsible for the decision.,1,1,4,4,6,7
agr_0261,261,of_in_question,be_present,assistant,assistants,laboratory,laboratories,SP,singular,plural,The assistant of the laboratories in question,is,are,is,are,The assistant of the laboratories in question is responsible for the decision.,1,1,4,4,6,7
agr_0261,261,of_in_question,be_present,assistant,assistants,laboratory,laboratories,PS,plural,singular,The assistants of the laboratory in question,is,are,are,is,The assistants of the laboratory in question are responsible for the decision.,1,1,4,4,6,7
agr_0261,261,of_in_question,be_present,assistant,assistants,laboratory,laboratories,PP,plural,plural,The assistants of the laboratories in question,is,are,are,is,The assistants of the laboratories in question are responsible for the decision.,1,1,4,4,6,7
agr_0262,262,of_in_question,be_present,officer,officers,bureau,bureaus,SS,singular,singular,The officer of the bureau in question,is,are,is,are,The officer of the bureau in question is responsible for the decision.,1,1,4,4,6,7
agr_0262,262,of_in_question,be_present,officer,officers,bureau,bureaus,SP,singular,plural,The officer of the bureaus in question,is,are,is,are,The officer of the bureaus in question is responsible for the decision.,1,1,4,6,8,9
agr_0262,262,of_in_question,be_present,officer,officers,bureau,bureaus,PS,plural,singular,The officers of the bureau in question,is,are,are,is,The officers of the bureau in question are responsible for the decision.,1,1,4,4,6,7
agr_0262,262,of_in_question,be_present,officer,officers,bureau,bureaus,PP,plural,plural,The officers of the bureaus in question,is,are,are,is,The officers of the bureaus in question are responsible for the decision.,1,1,4,6,8,9
agr_0263,263,of_in_question,be_present,assistant,assistants,branch,branches,SS,singular,singular,The assistant of the branch in question,is,are,is,are,The assistant of the branch in question is responsible for the decision.,1,1,4,4,6,7
agr_0263,263,of_in_question,be_present,assistant,assistants,branch,branches,SP,singular,plural,The assistant of the branches in question,is,are,is,are,The assistant of the branches in question is responsible for the decision.,1,1,4,4,6,7
agr_0263,263,of_in_question,be_present,assistant,assistants,branch,branches,PS,plural,singular,The assistants of the branch in question,is,are,are,is,The assistants of the branch in question are responsible for the decision.,1,1,4,4,6,7
agr_0263,263,of_in_question,be_present,assistant,assistants,branch,branches,PP,plural,plural,The assistants of the branches in question,is,are,are,is,The assistants of the branches in question are responsible for the decision.,1,1,4,4,6,7
agr_0264,264,of_in_question,be_present,programmer,programmers,project,projects,SS,singular,singular,The programmer of the project in question,is,are,is,are,The programmer of the project in question is responsible for the decision.,1,1,4,4,6,7
agr_0264,264,of_in_question,be_present,programmer,programmers,project,projects,SP,singular,plural,The programmer of the projects in question,is,are,is,are,The programmer of the projects in question is responsible for the decision.,1,1,4,4,6,7
agr_0264,264,of_in_question,be_present,programmer,programmers,project,projects,PS,plural,singular,The programmers of the project in question,is,are,are,is,The programmers of the project in question are responsible for the decision.,1,1,4,4,6,7
agr_0264,264,of_in_question,be_present,programmer,programmers,project,projects,PP,plural,plural,The programmers of the projects in question,is,are,are,is,The programmers of the projects in question are responsible for the decision.,1,1,4,4,6,7
agr_0265,265,of_in_question,be_present,reporter,reporters,unit,units,SS,singular,singular,The reporter of the unit in question,is,are,is,are,The reporter of the unit in question is responsible for the decision.,1,1,4,4,6,7
agr_0265,265,of_in_question,be_present,reporter,reporters,unit,units,SP,singular,plural,The reporter of the units in question,is,are,is,are,The reporter of the units in question is responsible for the decision.,1,1,4,4,6,7
agr_0265,265,of_in_question,be_present,reporter,reporters,unit,units,PS,plural,singular,The reporters of the unit in question,is,are,are,is,The reporters of the unit in question are responsible for the decision.,1,1,4,4,6,7
agr_0265,265,of_in_question,be_present,reporter,reporters,unit,units,PP,plural,plural,The reporters of the units in question,is,are,are,is,The reporters of the units in question are responsible for the decision.,1,1,4,4,6,7
agr_0266,266,of_in_question,be_present,member,members,service,services,SS,singular,singular,The member of the service in question,is,are,is,are,The member of the service in question is responsible for the decision.,1,1,4,4,6,7
agr_0266,266,of_in_question,be_present,member,members,service,services,SP,singular,plural,The member of the services in question,is,are,is,are,The member of the services in question is responsible for the decision.,1,1,4,4,6,7
agr_0266,266,of_in_question,be_present,member,members,service,services,PS,plural,singular,The members of the service in question,is,are,are,is,The members of the service in question are responsible for the decision.,1,1,4,4,6,7
agr_0266,266,of_in_question,be_present,member,members,service,services,PP,plural,plural,The members of the services in question,is,are,are,is,The members of the services in question are responsible for the decision.,1,1,4,4,6,7
agr_0267,267,of_in_question,be_present,professor,professors,program,programs,SS,singular,singular,The professor of the program in question,is,are,is,are,The professor of the program in question is responsible for the decision.,1,1,4,4,6,7
agr_0267,267,of_in_question,be_present,professor,professors,program,programs,SP,singular,plural,The professor of the programs in question,is,are,is,are,The professor of the programs in question is responsible for the decision.,1,1,4,4,6,7
agr_0267,267,of_in_question,be_present,professor,professors,program,programs,PS,plural,singular,The professors of the program in question,is,are,are,is,The professors of the program in question are responsible for the decision.,1,1,4,4,6,7
agr_0267,267,of_in_question,be_present,professor,professors,program,programs,PP,plural,plural,The professors of the programs in question,is,are,are,is,The professors of the programs in question are responsible for the decision.,1,1,4,4,6,7
agr_0268,268,of_in_question,be_present,worker,workers,enterprise,enterprises,SS,singular,singular,The worker of the enterprise in question,is,are,is,are,The worker of the enterprise in question is responsible for the decision.,1,1,4,4,6,7
agr_0268,268,of_in_question,be_present,worker,workers,enterprise,enterprises,SP,singular,plural,The worker of the enterprises in question,is,are,is,are,The worker of the enterprises in question is responsible for the decision.,1,1,4,4,6,7
agr_0268,268,of_in_question,be_present,worker,workers,enterprise,enterprises,PS,plural,singular,The workers of the enterprise in question,is,are,are,is,The workers of the enterprise in question are responsible for the decision.,1,1,4,4,6,7
agr_0268,268,of_in_question,be_present,worker,workers,enterprise,enterprises,PP,plural,plural,The workers of the enterprises in question,is,are,are,is,The workers of the enterprises in question are responsible for the decision.,1,1,4,4,6,7
agr_0269,269,of_in_question,be_present,teacher,teachers,agency,agencies,SS,singular,singular,The teacher of the agency in question,is,are,is,are,The teacher of the agency in question is responsible for the decision.,1,1,4,4,6,7
agr_0269,269,of_in_question,be_present,teacher,teachers,agency,agencies,SP,singular,plural,The teacher of the agencies in question,is,are,is,are,The teacher of the agencies in question is responsible for the decision.,1,1,4,4,6,7
agr_0269,269,of_in_question,be_present,teacher,teachers,agency,agencies,PS,plural,singular,The teachers of the agency in question,is,are,are,is,The teachers of the agency in question are responsible for the decision.,1,1,4,4,6,7
agr_0269,269,of_in_question,be_present,teacher,teachers,agency,agencies,PP,plural,plural,The teachers of the agencies in question,is,are,are,is,The teachers of the agencies in question are responsible for the decision.,1,1,4,4,6,7
agr_0271,271,of_in_question,be_present,auditor,auditors,network,networks,SS,singular,singular,The auditor of the network in question,is,are,is,are,The auditor of the network in question is responsible for the decision.,1,1,4,4,6,7
agr_0271,271,of_in_question,be_present,auditor,auditors,network,networks,SP,singular,plural,The auditor of the networks in question,is,are,is,are,The auditor of the networks in question is responsible for the decision.,1,1,4,4,6,7
agr_0271,271,of_in_question,be_present,auditor,auditors,network,networks,PS,plural,singular,The auditors of the network in question,is,are,are,is,The auditors of the network in question are responsible for the decision.,1,2,5,5,7,8
agr_0271,271,of_in_question,be_present,auditor,auditors,network,networks,PP,plural,plural,The auditors of the networks in question,is,are,are,is,The auditors of the networks in question are responsible for the decision.,1,2,5,5,7,8
agr_0272,272,of_in_question,be_present,journalist,journalists,district,districts,SS,singular,singular,The journalist of the district in question,is,are,is,are,The journalist of the district in question is responsible for the decision.,1,1,4,4,6,7
agr_0272,272,of_in_question,be_present,journalist,journalists,district,districts,SP,singular,plural,The journalist of the districts in question,is,are,is,are,The journalist of the districts in question is responsible for the decision.,1,1,4,4,6,7
agr_0272,272,of_in_question,be_present,journalist,journalists,district,districts,PS,plural,singular,The journalists of the district in question,is,are,are,is,The journalists of the district in question are responsible for the decision.,1,1,4,4,6,7
agr_0272,272,of_in_question,be_present,journalist,journalists,district,districts,PP,plural,plural,The journalists of the districts in question,is,are,are,is,The journalists of the districts in question are responsible for the decision.,1,1,4,4,6,7
agr_0273,273,of_in_question,be_present,representative,representatives,department,departments,SS,singular,singular,The representative of the department in question,is,are,is,are,The representative of the department in question is responsible for the decision.,1,1,4,4,6,7
agr_0273,273,of_in_question,be_present,representative,representatives,department,departments,SP,singular,plural,The representative of the departments in question,is,are,is,are,The representative of the departments in question is responsible for the decision.,1,1,4,4,6,7
agr_0273,273,of_in_question,be_present,representative,representatives,department,departments,PS,plural,singular,The representatives of the department in question,is,are,are,is,The representatives of the department in question are responsible for the decision.,1,1,4,4,6,7
agr_0273,273,of_in_question,be_present,representative,representatives,department,departments,PP,plural,plural,The representatives of the departments in question,is,are,are,is,The representatives of the departments in question are responsible for the decision.,1,1,4,4,6,7
agr_0274,274,of_in_question,be_present,assistant,assistants,committee,committees,SS,singular,singular,The assistant of the committee in question,is,are,is,are,The assistant of the committee in question is responsible for the decision.,1,1,4,4,6,7
agr_0274,274,of_in_question,be_present,assistant,assistants,committee,committees,SP,singular,plural,The assistant of the committees in question,is,are,is,are,The assistant of the committees in question is responsible for the decision.,1,1,4,4,6,7
agr_0274,274,of_in_question,be_present,assistant,assistants,committee,committees,PS,plural,singular,The assistants of the committee in question,is,are,are,is,The assistants of the committee in question are responsible for the decision.,1,1,4,4,6,7
agr_0274,274,of_in_question,be_present,assistant,assistants,committee,committees,PP,plural,plural,The assistants of the committees in question,is,are,are,is,The assistants of the committees in question are responsible for the decision.,1,1,4,4,6,7
agr_0275,275,of_in_question,be_present,manager,managers,group,groups,SS,singular,singular,The manager of the group in question,is,are,is,are,The manager of the group in question is responsible for the decision.,1,1,4,4,6,7
agr_0275,275,of_in_question,be_present,manager,managers,group,groups,SP,singular,plural,The manager of the groups in question,is,are,is,are,The manager of the groups in question is responsible for the decision.,1,1,4,4,6,7
agr_0275,275,of_in_question,be_present,manager,managers,group,groups,PS,plural,singular,The managers of the group in question,is,are,are,is,The managers of the group in question are responsible for the decision.,1,1,4,4,6,7
agr_0275,275,of_in_question,be_present,manager,managers,group,groups,PP,plural,plural,The managers of the groups in question,is,are,are,is,The managers of the groups in question are responsible for the decision.,1,1,4,4,6,7
agr_0276,276,of_in_question,be_present,administrator,administrators,foundation,foundations,SS,singular,singular,The administrator of the foundation in question,is,are,is,are,The administrator of the foundation in question is responsible for the decision.,1,1,4,4,6,7
agr_0276,276,of_in_question,be_present,administrator,administrators,foundation,foundations,SP,singular,plural,The administrator of the foundations in question,is,are,is,are,The administrator of the foundations in question is responsible for the decision.,1,1,4,4,6,7
agr_0276,276,of_in_question,be_present,administrator,administrators,foundation,foundations,PS,plural,singular,The administrators of the foundation in question,is,are,are,is,The administrators of the foundation in question are responsible for the decision.,1,1,4,4,6,7
agr_0276,276,of_in_question,be_present,administrator,administrators,foundation,foundations,PP,plural,plural,The administrators of the foundations in question,is,are,are,is,The administrators of the foundations in question are responsible for the decision.,1,1,4,4,6,7
agr_0278,278,of_in_question,be_present,author,authors,department,departments,SS,singular,singular,The author of the department in question,is,are,is,are,The author of the department in question is responsible for the decision.,1,1,4,4,6,7
agr_0278,278,of_in_question,be_present,author,authors,department,departments,SP,singular,plural,The author of the departments in question,is,are,is,are,The author of the departments in question is responsible for the decision.,1,1,4,4,6,7
agr_0278,278,of_in_question,be_present,author,authors,department,departments,PS,plural,singular,The authors of the department in question,is,are,are,is,The authors of the department in question are responsible for the decision.,1,1,4,4,6,7
agr_0278,278,of_in_question,be_present,author,authors,department,departments,PP,plural,plural,The authors of the departments in question,is,are,are,is,The authors of the departments in question are responsible for the decision.,1,1,4,4,6,7
agr_0279,279,of_in_question,be_present,inspector,inspectors,district,districts,SS,singular,singular,The inspector of the district in question,is,are,is,are,The inspector of the district in question is responsible for the decision.,1,1,4,4,6,7
agr_0279,279,of_in_question,be_present,inspector,inspectors,district,districts,SP,singular,plural,The inspector of the districts in question,is,are,is,are,The inspector of the districts in question is responsible for the decision.,1,1,4,4,6,7
agr_0279,279,of_in_question,be_present,inspector,inspectors,district,districts,PS,plural,singular,The inspectors of the district in question,is,are,are,is,The inspectors of the district in question are responsible for the decision.,1,1,4,4,6,7
agr_0279,279,of_in_question,be_present,inspector,inspectors,district,districts,PP,plural,plural,The inspectors of the districts in question,is,are,are,is,The inspectors of the districts in question are responsible for the decision.,1,1,4,4,6,7
agr_0280,280,of_in_question,be_present,member,members,organization,organizations,SS,singular,singular,The member of the organization in question,is,are,is,are,The member of the organization in question is responsible for the decision.,1,1,4,4,6,7
agr_0280,280,of_in_question,be_present,member,members,organization,organizations,SP,singular,plural,The member of the organizations in question,is,are,is,are,The member of the organizations in question is responsible for the decision.,1,1,4,4,6,7
agr_0280,280,of_in_question,be_present,member,members,organization,organizations,PS,plural,singular,The members of the organization in question,is,are,are,is,The members of the organization in question are responsible for the decision.,1,1,4,4,6,7
agr_0280,280,of_in_question,be_present,member,members,organization,organizations,PP,plural,plural,The members of the organizations in question,is,are,are,is,The members of the organizations in question are responsible for the decision.,1,1,4,4,6,7
agr_0281,281,of_in_question,be_present,scientist,scientists,program,programs,SS,singular,singular,The scientist of the program in question,is,are,is,are,The scientist of the program in question is responsible for the decision.,1,1,4,4,6,7
agr_0281,281,of_in_question,be_present,scientist,scientists,program,programs,SP,singular,plural,The scientist of the programs in question,is,are,is,are,The scientist of the programs in question is responsible for the decision.,1,1,4,4,6,7
agr_0281,281,of_in_question,be_present,scientist,scientists,program,programs,PS,plural,singular,The scientists of the program in question,is,are,are,is,The scientists of the program in question are responsible for the decision.,1,1,4,4,6,7
agr_0281,281,of_in_question,be_present,scientist,scientists,program,programs,PP,plural,plural,The scientists of the programs in question,is,are,are,is,The scientists of the programs in question are responsible for the decision.,1,1,4,4,6,7
agr_0282,282,of_in_question,be_present,programmer,programmers,program,programs,SS,singular,singular,The programmer of the program in question,is,are,is,are,The programmer of the program in question is responsible for the decision.,1,1,4,4,6,7
agr_0282,282,of_in_question,be_present,programmer,programmers,program,programs,SP,singular,plural,The programmer of the programs in question,is,are,is,are,The programmer of the programs in question is responsible for the decision.,1,1,4,4,6,7
agr_0282,282,of_in_question,be_present,programmer,programmers,program,programs,PS,plural,singular,The programmers of the program in question,is,are,are,is,The programmers of the program in question are responsible for the decision.,1,1,4,4,6,7
agr_0282,282,of_in_question,be_present,programmer,programmers,program,programs,PP,plural,plural,The programmers of the programs in question,is,are,are,is,The programmers of the programs in question are responsible for the decision.,1,1,4,4,6,7
agr_0283,283,of_in_question,be_present,planner,planners,council,councils,SS,singular,singular,The planner of the council in question,is,are,is,are,The planner of the council in question is responsible for the decision.,1,1,4,4,6,7
agr_0283,283,of_in_question,be_present,planner,planners,council,councils,SP,singular,plural,The planner of the councils in question,is,are,is,are,The planner of the councils in question is responsible for the decision.,1,1,4,4,6,7
agr_0283,283,of_in_question,be_present,planner,planners,council,councils,PS,plural,singular,The planners of the council in question,is,are,are,is,The planners of the council in question are responsible for the decision.,1,1,4,4,6,7
agr_0283,283,of_in_question,be_present,planner,planners,council,councils,PP,plural,plural,The planners of the councils in question,is,are,are,is,The planners of the councils in question are responsible for the decision.,1,1,4,4,6,7
agr_0284,284,of_in_question,be_present,owner,owners,team,teams,SS,singular,singular,The owner of the team in question,is,are,is,are,The owner of the team in question is responsible for the decision.,1,1,4,4,6,7
agr_0284,284,of_in_question,be_present,owner,owners,team,teams,SP,singular,plural,The owner of the teams in question,is,are,is,are,The owner of the teams in question is responsible for the decision.,1,1,4,4,6,7
agr_0284,284,of_in_question,be_present,owner,owners,team,teams,PS,plural,singular,The owners of the team in question,is,are,are,is,The owners of the team in question are responsible for the decision.,1,1,4,4,6,7
agr_0284,284,of_in_question,be_present,owner,owners,team,teams,PP,plural,plural,The owners of the teams in question,is,are,are,is,The owners of the teams in question are responsible for the decision.,1,1,4,4,6,7
agr_0285,285,of_in_question,be_present,commissioner,commissioners,club,clubs,SS,singular,singular,The commissioner of the club in question,is,are,is,are,The commissioner of the club in question is responsible for the decision.,1,1,4,4,6,7
agr_0285,285,of_in_question,be_present,commissioner,commissioners,club,clubs,SP,singular,plural,The commissioner of the clubs in question,is,are,is,are,The commissioner of the clubs in question is responsible for the decision.,1,1,4,4,6,7
agr_0285,285,of_in_question,be_present,commissioner,commissioners,club,clubs,PS,plural,singular,The commissioners of the club in question,is,are,are,is,The commissioners of the club in question are responsible for the decision.,1,1,4,4,6,7
agr_0285,285,of_in_question,be_present,commissioner,commissioners,club,clubs,PP,plural,plural,The commissioners of the clubs in question,is,are,are,is,The commissioners of the clubs in question are responsible for the decision.,1,1,4,4,6,7
agr_0286,286,of_in_question,be_present,planner,planners,unit,units,SS,singular,singular,The planner of the unit in question,is,are,is,are,The planner of the unit in question is responsible for the decision.,1,1,4,4,6,7
agr_0286,286,of_in_question,be_present,planner,planners,unit,units,SP,singular,plural,The planner of the units in question,is,are,is,are,The planner of the units in question is responsible for the decision.,1,1,4,4,6,7
agr_0286,286,of_in_question,be_present,planner,planners,unit,units,PS,plural,singular,The planners of the unit in question,is,are,are,is,The planners of the unit in question are responsible for the decision.,1,1,4,4,6,7
agr_0286,286,of_in_question,be_present,planner,planners,unit,units,PP,plural,plural,The planners of the units in question,is,are,are,is,The planners of the units in question are responsible for the decision.,1,1,4,4,6,7
agr_0287,287,of_in_question,be_present,trainer,trainers,foundation,foundations,SS,singular,singular,The trainer of the foundation in question,is,are,is,are,The trainer of the foundation in question is responsible for the decision.,1,1,4,4,6,7
agr_0287,287,of_in_question,be_present,trainer,trainers,foundation,foundations,SP,singular,plural,The trainer of the foundations in question,is,are,is,are,The trainer of the foundations in question is responsible for the decision.,1,1,4,4,6,7
agr_0287,287,of_in_question,be_present,trainer,trainers,foundation,foundations,PS,plural,singular,The trainers of the foundation in question,is,are,are,is,The trainers of the foundation in question are responsible for the decision.,1,1,4,4,6,7
agr_0287,287,of_in_question,be_present,trainer,trainers,foundation,foundations,PP,plural,plural,The trainers of the foundations in question,is,are,are,is,The trainers of the foundations in question are responsible for the decision.,1,1,4,4,6,7
agr_0288,288,of_in_question,be_present,scientist,scientists,college,colleges,SS,singular,singular,The scientist of the college in question,is,are,is,are,The scientist of the college in question is responsible for the decision.,1,1,4,4,6,7
agr_0288,288,of_in_question,be_present,scientist,scientists,college,colleges,SP,singular,plural,The scientist of the colleges in question,is,are,is,are,The scientist of the colleges in question is responsible for the decision.,1,1,4,4,6,7
agr_0288,288,of_in_question,be_present,scientist,scientists,college,colleges,PS,plural,singular,The scientists of the college in question,is,are,are,is,The scientists of the college in question are responsible for the decision.,1,1,4,4,6,7
agr_0288,288,of_in_question,be_present,scientist,scientists,college,colleges,PP,plural,plural,The scientists of the colleges in question,is,are,are,is,The scientists of the colleges in question are responsible for the decision.,1,1,4,4,6,7
agr_0289,289,of_in_question,be_present,developer,developers,unit,units,SS,singular,singular,The developer of the unit in question,is,are,is,are,The developer of the unit in question is responsible for the decision.,1,1,4,4,6,7
agr_0289,289,of_in_question,be_present,developer,developers,unit,units,SP,singular,plural,The developer of the units in question,is,are,is,are,The developer of the units in question is responsible for the decision.,1,1,4,4,6,7
agr_0289,289,of_in_question,be_present,developer,developers,unit,units,PS,plural,singular,The developers of the unit in question,is,are,are,is,The developers of the unit in question are responsible for the decision.,1,1,4,4,6,7
agr_0289,289,of_in_question,be_present,developer,developers,unit,units,PP,plural,plural,The developers of the units in question,is,are,are,is,The developers of the units in question are responsible for the decision.,1,1,4,4,6,7
agr_0290,290,of_in_question,be_present,worker,workers,station,stations,SS,singular,singular,The worker of the station in question,is,are,is,are,The worker of the station in question is responsible for the decision.,1,1,4,4,6,7
agr_0290,290,of_in_question,be_present,worker,workers,station,stations,SP,singular,plural,The worker of the stations in question,is,are,is,are,The worker of the stations in question is responsible for the decision.,1,1,4,4,6,7
agr_0290,290,of_in_question,be_present,worker,workers,station,stations,PS,plural,singular,The workers of the station in question,is,are,are,is,The workers of the station in question are responsible for the decision.,1,1,4,4,6,7
agr_0290,290,of_in_question,be_present,worker,workers,station,stations,PP,plural,plural,The workers of the stations in question,is,are,are,is,The workers of the stations in question are responsible for the decision.,1,1,4,4,6,7
agr_0291,291,of_in_question,be_present,journalist,journalists,company,companies,SS,singular,singular,The journalist of the company in question,is,are,is,are,The journalist of the company in question is responsible for the decision.,1,1,4,4,6,7
agr_0291,291,of_in_question,be_present,journalist,journalists,company,companies,SP,singular,plural,The journalist of the companies in question,is,are,is,are,The journalist of the companies in question is responsible for the decision.,1,1,4,4,6,7
agr_0291,291,of_in_question,be_present,journalist,journalists,company,companies,PS,plural,singular,The journalists of the company in question,is,are,are,is,The journalists of the company in question are responsible for the decision.,1,1,4,4,6,7
agr_0291,291,of_in_question,be_present,journalist,journalists,company,companies,PP,plural,plural,The journalists of the companies in question,is,are,are,is,The journalists of the companies in question are responsible for the decision.,1,1,4,4,6,7
agr_0292,292,of_in_question,be_present,artist,artists,coalition,coalitions,SS,singular,singular,The artist of the coalition in question,is,are,is,are,The artist of the coalition in question is responsible for the decision.,1,1,4,4,6,7
agr_0292,292,of_in_question,be_present,artist,artists,coalition,coalitions,SP,singular,plural,The artist of the coalitions in question,is,are,is,are,The artist of the coalitions in question is responsible for the decision.,1,1,4,5,7,8
agr_0292,292,of_in_question,be_present,artist,artists,coalition,coalitions,PS,plural,singular,The artists of the coalition in question,is,are,are,is,The artists of the coalition in question are responsible for the decision.,1,1,4,4,6,7
agr_0292,292,of_in_question,be_present,artist,artists,coalition,coalitions,PP,plural,plural,The artists of the coalitions in question,is,are,are,is,The artists of the coalitions in question are responsible for the decision.,1,1,4,5,7,8
agr_0293,293,of_in_question,be_present,driver,drivers,hospital,hospitals,SS,singular,singular,The driver of the hospital in question,is,are,is,are,The driver of the hospital in question is responsible for the decision.,1,1,4,4,6,7
agr_0293,293,of_in_question,be_present,driver,drivers,hospital,hospitals,SP,singular,plural,The driver of the hospitals in question,is,are,is,are,The driver of the hospitals in question is responsible for the decision.,1,1,4,4,6,7
agr_0293,293,of_in_question,be_present,driver,drivers,hospital,hospitals,PS,plural,singular,The drivers of the hospital in question,is,are,are,is,The drivers of the hospital in question are responsible for the decision.,1,1,4,4,6,7
agr_0293,293,of_in_question,be_present,driver,drivers,hospital,hospitals,PP,plural,plural,The drivers of the hospitals in question,is,are,are,is,The drivers of the hospitals in question are responsible for the decision.,1,1,4,4,6,7
agr_0294,294,of_in_question,be_present,evaluator,evaluators,district,districts,SS,singular,singular,The evaluator of the district in question,is,are,is,are,The evaluator of the district in question is responsible for the decision.,1,3,6,6,8,9
agr_0294,294,of_in_question,be_present,evaluator,evaluators,district,districts,SP,singular,plural,The evaluator of the districts in question,is,are,is,are,The evaluator of the districts in question is responsible for the decision.,1,3,6,6,8,9
agr_0294,294,of_in_question,be_present,evaluator,evaluators,district,districts,PS,plural,singular,The evaluators of the district in question,is,are,are,is,The evaluators of the district in question are responsible for the decision.,1,3,6,6,8,9
agr_0294,294,of_in_question,be_present,evaluator,evaluators,district,districts,PP,plural,plural,The evaluators of the districts in question,is,are,are,is,The evaluators of the districts in question are responsible for the decision.,1,3,6,6,8,9
agr_0295,295,of_in_question,be_present,lecturer,lecturers,district,districts,SS,singular,singular,The lecturer of the district in question,is,are,is,are,The lecturer of the district in question is responsible for the decision.,1,1,4,4,6,7
agr_0295,295,of_in_question,be_present,lecturer,lecturers,district,districts,SP,singular,plural,The lecturer of the districts in question,is,are,is,are,The lecturer of the districts in question is responsible for the decision.,1,1,4,4,6,7
agr_0295,295,of_in_question,be_present,lecturer,lecturers,district,districts,PS,plural,singular,The lecturers of the district in question,is,are,are,is,The lecturers of the district in question are responsible for the decision.,1,2,5,5,7,8
agr_0295,295,of_in_question,be_present,lecturer,lecturers,district,districts,PP,plural,plural,The lecturers of the districts in question,is,are,are,is,The lecturers of the districts in question are responsible for the decision.,1,2,5,5,7,8
agr_0296,296,of_in_question,be_present,assistant,assistants,federation,federations,SS,singular,singular,The assistant of the federation in question,is,are,is,are,The assistant of the federation in question is responsible for the decision.,1,1,4,4,6,7
agr_0296,296,of_in_question,be_present,assistant,assistants,federation,federations,SP,singular,plural,The assistant of the federations in question,is,are,is,are,The assistant of the federations in question is responsible for the decision.,1,1,4,5,7,8
agr_0296,296,of_in_question,be_present,assistant,assistants,federation,federations,PS,plural,singular,The assistants of the federation in question,is,are,are,is,The assistants of the federation in question are responsible for the decision.,1,1,4,4,6,7
agr_0296,296,of_in_question,be_present,assistant,assistants,federation,federations,PP,plural,plural,The assistants of the federations in question,is,are,are,is,The assistants of the federations in question are responsible for the decision.,1,1,4,5,7,8
agr_0297,297,of_in_question,be_present,teacher,teachers,board,boards,SS,singular,singular,The teacher of the board in question,is,are,is,are,The teacher of the board in question is responsible for the decision.,1,1,4,4,6,7
agr_0297,297,of_in_question,be_present,teacher,teachers,board,boards,SP,singular,plural,The teacher of the boards in question,is,are,is,are,The teacher of the boards in question is responsible for the decision.,1,1,4,4,6,7
agr_0297,297,of_in_question,be_present,teacher,teachers,board,boards,PS,plural,singular,The teachers of the board in question,is,are,are,is,The teachers of the board in question are responsible for the decision.,1,1,4,4,6,7
agr_0297,297,of_in_question,be_present,teacher,teachers,board,boards,PP,plural,plural,The teachers of the boards in question,is,are,are,is,The teachers of the boards in question are responsible for the decision.,1,1,4,4,6,7
agr_0299,299,of_in_question,be_present,engineer,engineers,district,districts,SS,singular,singular,The engineer of the district in question,is,are,is,are,The engineer of the district in question is responsible for the decision.,1,1,4,4,6,7
agr_0299,299,of_in_question,be_present,engineer,engineers,district,districts,SP,singular,plural,The engineer of the districts in question,is,are,is,are,The engineer of the districts in question is responsible for the decision.,1,1,4,4,6,7
agr_0299,299,of_in_question,be_present,engineer,engineers,district,districts,PS,plural,singular,The engineers of the district in question,is,are,are,is,The engineers of the district in question are responsible for the decision.,1,1,4,4,6,7
agr_0299,299,of_in_question,be_present,engineer,engineers,district,districts,PP,plural,plural,The engineers of the districts in question,is,are,are,is,The engineers of the districts in question are responsible for the decision.,1,1,4,4,6,7
agr_0300,300,of_in_question,be_present,painter,painters,association,associations,SS,singular,singular,The painter of the association in question,is,are,is,are,The painter of the association in question is responsible for the decision.,1,1,4,4,6,7
agr_0300,300,of_in_question,be_present,painter,painters,association,associations,SP,singular,plural,The painter of the associations in question,is,are,is,are,The painter of the associations in question is responsible for the decision.,1,1,4,4,6,7
agr_0300,300,of_in_question,be_present,painter,painters,association,associations,PS,plural,singular,The painters of the association in question,is,are,are,is,The painters of the association in question are responsible for the decision.,1,2,5,5,7,8
agr_0300,300,of_in_question,be_present,painter,painters,association,associations,PP,plural,plural,The painters of the associations in question,is,are,are,is,The painters of the associations in question are responsible for the decision.,1,2,5,5,7,8
agr_0301,301,of_in_question,be_present,manager,managers,branch,branches,SS,singular,singular,The manager of the branch in question,is,are,is,are,The manager of the branch in question is responsible for the decision.,1,1,4,4,6,7
agr_0301,301,of_in_question,be_present,manager,managers,branch,branches,SP,singular,plural,The manager of the branches in question,is,are,is,are,The manager of the branches in question is responsible for the decision.,1,1,4,4,6,7
agr_0301,301,of_in_question,be_present,manager,managers,branch,branches,PS,plural,singular,The managers of the branch in question,is,are,are,is,The managers of the branch in question are responsible for the decision.,1,1,4,4,6,7
agr_0301,301,of_in_question,be_present,manager,managers,branch,branches,PP,plural,plural,The managers of the branches in question,is,are,are,is,The managers of the branches in question are responsible for the decision.,1,1,4,4,6,7
agr_0302,302,of_in_question,be_present,programmer,programmers,club,clubs,SS,singular,singular,The programmer of the club in question,is,are,is,are,The programmer of the club in question is responsible for the decision.,1,1,4,4,6,7
agr_0302,302,of_in_question,be_present,programmer,programmers,club,clubs,SP,singular,plural,The programmer of the clubs in question,is,are,is,are,The programmer of the clubs in question is responsible for the decision.,1,1,4,4,6,7
agr_0302,302,of_in_question,be_present,programmer,programmers,club,clubs,PS,plural,singular,The programmers of the club in question,is,are,are,is,The programmers of the club in question are responsible for the decision.,1,1,4,4,6,7
agr_0302,302,of_in_question,be_present,programmer,programmers,club,clubs,PP,plural,plural,The programmers of the clubs in question,is,are,are,is,The programmers of the clubs in question are responsible for the decision.,1,1,4,4,6,7
agr_0303,303,of_in_question,be_present,evaluator,evaluators,association,associations,SS,singular,singular,The evaluator of the association in question,is,are,is,are,The evaluator of the association in question is responsible for the decision.,1,3,6,6,8,9
agr_0303,303,of_in_question,be_present,evaluator,evaluators,association,associations,SP,singular,plural,The evaluator of the associations in question,is,are,is,are,The evaluator of the associations in question is responsible for the decision.,1,3,6,6,8,9
agr_0303,303,of_in_question,be_present,evaluator,evaluators,association,associations,PS,plural,singular,The evaluators of the association in question,is,are,are,is,The evaluators of the association in question are responsible for the decision.,1,3,6,6,8,9
agr_0303,303,of_in_question,be_present,evaluator,evaluators,association,associations,PP,plural,plural,The evaluators of the associations in question,is,are,are,is,The evaluators of the associations in question are responsible for the decision.,1,3,6,6,8,9
agr_0304,304,of_in_question,be_present,artist,artists,office,offices,SS,singular,singular,The artist of the office in question,is,are,is,are,The artist of the office in question is responsible for the decision.,1,1,4,4,6,7
agr_0304,304,of_in_question,be_present,artist,artists,office,offices,SP,singular,plural,The artist of the offices in question,is,are,is,are,The artist of the offices in question is responsible for the decision.,1,1,4,4,6,7
agr_0304,304,of_in_question,be_present,artist,artists,office,offices,PS,plural,singular,The artists of the office in question,is,are,are,is,The artists of the office in question are responsible for the decision.,1,1,4,4,6,7
agr_0304,304,of_in_question,be_present,artist,artists,office,offices,PP,plural,plural,The artists of the offices in question,is,are,are,is,The artists of the offices in question are responsible for the decision.,1,1,4,4,6,7
agr_0305,305,of_in_question,be_present,auditor,auditors,alliance,alliances,SS,singular,singular,The auditor of the alliance in question,is,are,is,are,The auditor of the alliance in question is responsible for the decision.,1,1,4,4,6,7
agr_0305,305,of_in_question,be_present,auditor,auditors,alliance,alliances,SP,singular,plural,The auditor of the alliances in question,is,are,is,are,The auditor of the alliances in question is responsible for the decision.,1,1,4,4,6,7
agr_0305,305,of_in_question,be_present,auditor,auditors,alliance,alliances,PS,plural,singular,The auditors of the alliance in question,is,are,are,is,The auditors of the alliance in question are responsible for the decision.,1,2,5,5,7,8
agr_0305,305,of_in_question,be_present,auditor,auditors,alliance,alliances,PP,plural,plural,The auditors of the alliances in question,is,are,are,is,The auditors of the alliances in question are responsible for the decision.,1,2,5,5,7,8
agr_0306,306,of_in_question,be_present,teacher,teachers,district,districts,SS,singular,singular,The teacher of the district in question,is,are,is,are,The teacher of the district in question is responsible for the decision.,1,1,4,4,6,7
agr_0306,306,of_in_question,be_present,teacher,teachers,district,districts,SP,singular,plural,The teacher of the districts in question,is,are,is,are,The teacher of the districts in question is responsible for the decision.,1,1,4,4,6,7
agr_0306,306,of_in_question,be_present,teacher,teachers,district,districts,PS,plural,singular,The teachers of the district in question,is,are,are,is,The teachers of the district in question are responsible for the decision.,1,1,4,4,6,7
agr_0306,306,of_in_question,be_present,teacher,teachers,district,districts,PP,plural,plural,The teachers of the districts in question,is,are,are,is,The teachers of the districts in question are responsible for the decision.,1,1,4,4,6,7
agr_0307,307,of_in_question,be_present,student,students,facility,facilities,SS,singular,singular,The student of the facility in question,is,are,is,are,The student of the facility in question is responsible for the decision.,1,1,4,4,6,7
agr_0307,307,of_in_question,be_present,student,students,facility,facilities,SP,singular,plural,The student of the facilities in question,is,are,is,are,The student of the facilities in question is responsible for the decision.,1,1,4,4,6,7
agr_0307,307,of_in_question,be_present,student,students,facility,facilities,PS,plural,singular,The students of the facility in question,is,are,are,is,The students of the facility in question are responsible for the decision.,1,1,4,4,6,7
agr_0307,307,of_in_question,be_present,student,students,facility,facilities,PP,plural,plural,The students of the facilities in question,is,are,are,is,The students of the facilities in question are responsible for the decision.,1,1,4,4,6,7
agr_0308,308,of_in_question,be_present,officer,officers,centre,centres,SS,singular,singular,The officer of the centre in question,is,are,is,are,The officer of the centre in question is responsible for the decision.,1,1,4,4,6,7
agr_0308,308,of_in_question,be_present,officer,officers,centre,centres,SP,singular,plural,The officer of the centres in question,is,are,is,are,The officer of the centres in question is responsible for the decision.,1,1,4,4,6,7
agr_0308,308,of_in_question,be_present,officer,officers,centre,centres,PS,plural,singular,The officers of the centre in question,is,are,are,is,The officers of the centre in question are responsible for the decision.,1,1,4,4,6,7
agr_0308,308,of_in_question,be_present,officer,officers,centre,centres,PP,plural,plural,The officers of the centres in question,is,are,are,is,The officers of the centres in question are responsible for the decision.,1,1,4,4,6,7
agr_0309,309,of_in_question,be_present,engineer,engineers,bureau,bureaus,SS,singular,singular,The engineer of the bureau in question,is,are,is,are,The engineer of the bureau in question is responsible for the decision.,1,1,4,4,6,7
agr_0309,309,of_in_question,be_present,engineer,engineers,bureau,bureaus,SP,singular,plural,The engineer of the bureaus in question,is,are,is,are,The engineer of the bureaus in question is responsible for the decision.,1,1,4,6,8,9
agr_0309,309,of_in_question,be_present,engineer,engineers,bureau,bureaus,PS,plural,singular,The engineers of the bureau in question,is,are,are,is,The engineers of the bureau in question are responsible for the decision.,1,1,4,4,6,7
agr_0309,309,of_in_question,be_present,engineer,engineers,bureau,bureaus,PP,plural,plural,The engineers of the bureaus in question,is,are,are,is,The engineers of the bureaus in question are responsible for the decision.,1,1,4,6,8,9
agr_0310,310,of_in_question,be_present,professor,professors,alliance,alliances,SS,singular,singular,The professor of the alliance in question,is,are,is,are,The professor of the alliance in question is responsible for the decision.,1,1,4,4,6,7
agr_0310,310,of_in_question,be_present,professor,professors,alliance,alliances,SP,singular,plural,The professor of the alliances in question,is,are,is,are,The professor of the alliances in question is responsible for the decision.,1,1,4,4,6,7
agr_0310,310,of_in_question,be_present,professor,professors,alliance,alliances,PS,plural,singular,The professors of the alliance in question,is,are,are,is,The professors of the alliance in question are responsible for the decision.,1,1,4,4,6,7
agr_0310,310,of_in_question,be_present,professor,professors,alliance,alliances,PP,plural,plural,The professors of the alliances in question,is,are,are,is,The professors of the alliances in question are responsible for the decision.,1,1,4,4,6,7
agr_0311,311,of_in_question,be_present,officer,officers,coalition,coalitions,SS,singular,singular,The officer of the coalition in question,is,are,is,are,The officer of the coalition in question is responsible for the decision.,1,1,4,4,6,7
agr_0311,311,of_in_question,be_present,officer,officers,coalition,coalitions,SP,singular,plural,The officer of the coalitions in question,is,are,is,are,The officer of the coalitions in question is responsible for the decision.,1,1,4,5,7,8
agr_0311,311,of_in_question,be_present,officer,officers,coalition,coalitions,PS,plural,singular,The officers of the coalition in question,is,are,are,is,The officers of the coalition in question are responsible for the decision.,1,1,4,4,6,7
agr_0311,311,of_in_question,be_present,officer,officers,coalition,coalitions,PP,plural,plural,The officers of the coalitions in question,is,are,are,is,The officers of the coalitions in question are responsible for the decision.,1,1,4,5,7,8
agr_0312,312,of_in_question,be_present,journalist,journalists,club,clubs,SS,singular,singular,The journalist of the club in question,is,are,is,are,The journalist of the club in question is responsible for the decision.,1,1,4,4,6,7
agr_0312,312,of_in_question,be_present,journalist,journalists,club,clubs,SP,singular,plural,The journalist of the clubs in question,is,are,is,are,The journalist of the clubs in question is responsible for the decision.,1,1,4,4,6,7
agr_0312,312,of_in_question,be_present,journalist,journalists,club,clubs,PS,plural,singular,The journalists of the club in question,is,are,are,is,The journalists of the club in question are responsible for the decision.,1,1,4,4,6,7
agr_0312,312,of_in_question,be_present,journalist,journalists,club,clubs,PP,plural,plural,The journalists of the clubs in question,is,are,are,is,The journalists of the clubs in question are responsible for the decision.,1,1,4,4,6,7
agr_0313,313,of_in_question,be_present,researcher,researchers,district,districts,SS,singular,singular,The researcher of the district in question,is,are,is,are,The researcher of the district in question is responsible for the decision.,1,1,4,4,6,7
agr_0313,313,of_in_question,be_present,researcher,researchers,district,districts,SP,singular,plural,The researcher of the districts in question,is,are,is,are,The researcher of the districts in question is responsible for the decision.,1,1,4,4,6,7
agr_0313,313,of_in_question,be_present,researcher,researchers,district,districts,PS,plural,singular,The researchers of the district in question,is,are,are,is,The researchers of the district in question are responsible for the decision.,1,1,4,4,6,7
agr_0313,313,of_in_question,be_present,researcher,researchers,district,districts,PP,plural,plural,The researchers of the districts in question,is,are,are,is,The researchers of the districts in question are responsible for the decision.,1,1,4,4,6,7
agr_0314,314,of_in_question,be_present,inspector,inspectors,corporation,corporations,SS,singular,singular,The inspector of the corporation in question,is,are,is,are,The inspector of the corporation in question is responsible for the decision.,1,1,4,4,6,7
agr_0314,314,of_in_question,be_present,inspector,inspectors,corporation,corporations,SP,singular,plural,The inspector of the corporations in question,is,are,is,are,The inspector of the corporations in question is responsible for the decision.,1,1,4,4,6,7
agr_0314,314,of_in_question,be_present,inspector,inspectors,corporation,corporations,PS,plural,singular,The inspectors of the corporation in question,is,are,are,is,The inspectors of the corporation in question are responsible for the decision.,1,1,4,4,6,7
agr_0314,314,of_in_question,be_present,inspector,inspectors,corporation,corporations,PP,plural,plural,The inspectors of the corporations in question,is,are,are,is,The inspectors of the corporations in question are responsible for the decision.,1,1,4,4,6,7
agr_0315,315,of_in_question,be_present,director,directors,sector,sectors,SS,singular,singular,The director of the sector in question,is,are,is,are,The director of the sector in question is responsible for the decision.,1,1,4,4,6,7
agr_0315,315,of_in_question,be_present,director,directors,sector,sectors,SP,singular,plural,The director of the sectors in question,is,are,is,are,The director of the sectors in question is responsible for the decision.,1,1,4,4,6,7
agr_0315,315,of_in_question,be_present,director,directors,sector,sectors,PS,plural,singular,The directors of the sector in question,is,are,are,is,The directors of the sector in question are responsible for the decision.,1,1,4,4,6,7
agr_0315,315,of_in_question,be_present,director,directors,sector,sectors,PP,plural,plural,The directors of the sectors in question,is,are,are,is,The directors of the sectors in question are responsible for the decision.,1,1,4,4,6,7
agr_0316,316,of_in_question,be_present,accountant,accountants,department,departments,SS,singular,singular,The accountant of the department in question,is,are,is,are,The accountant of the department in question is responsible for the decision.,1,1,4,4,6,7
agr_0316,316,of_in_question,be_present,accountant,accountants,department,departments,SP,singular,plural,The accountant of the departments in question,is,are,is,are,The accountant of the departments in question is responsible for the decision.,1,1,4,4,6,7
agr_0316,316,of_in_question,be_present,accountant,accountants,department,departments,PS,plural,singular,The accountants of the department in question,is,are,are,is,The accountants of the department in question are responsible for the decision.,1,2,5,5,7,8
agr_0316,316,of_in_question,be_present,accountant,accountants,department,departments,PP,plural,plural,The accountants of the departments in question,is,are,are,is,The accountants of the departments in question are responsible for the decision.,1,2,5,5,7,8
agr_0317,317,of_in_question,be_present,manager,managers,board,boards,SS,singular,singular,The manager of the board in question,is,are,is,are,The manager of the board in question is responsible for the decision.,1,1,4,4,6,7
agr_0317,317,of_in_question,be_present,manager,managers,board,boards,SP,singular,plural,The manager of the boards in question,is,are,is,are,The manager of the boards in question is responsible for the decision.,1,1,4,4,6,7
agr_0317,317,of_in_question,be_present,manager,managers,board,boards,PS,plural,singular,The managers of the board in question,is,are,are,is,The managers of the board in question are responsible for the decision.,1,1,4,4,6,7
agr_0317,317,of_in_question,be_present,manager,managers,board,boards,PP,plural,plural,The managers of the boards in question,is,are,are,is,The managers of the boards in question are responsible for the decision.,1,1,4,4,6,7
agr_0319,319,of_in_question,be_present,student,students,partnership,partnerships,SS,singular,singular,The student of the partnership in question,is,are,is,are,The student of the partnership in question is responsible for the decision.,1,1,4,4,6,7
agr_0319,319,of_in_question,be_present,student,students,partnership,partnerships,SP,singular,plural,The student of the partnerships in question,is,are,is,are,The student of the partnerships in question is responsible for the decision.,1,1,4,4,6,7
agr_0319,319,of_in_question,be_present,student,students,partnership,partnerships,PS,plural,singular,The students of the partnership in question,is,are,are,is,The students of the partnership in question are responsible for the decision.,1,1,4,4,6,7
agr_0319,319,of_in_question,be_present,student,students,partnership,partnerships,PP,plural,plural,The students of the partnerships in question,is,are,are,is,The students of the partnerships in question are responsible for the decision.,1,1,4,4,6,7
agr_0320,320,of_in_question,be_present,author,authors,school,schools,SS,singular,singular,The author of the school in question,is,are,is,are,The author of the school in question is responsible for the decision.,1,1,4,4,6,7
agr_0320,320,of_in_question,be_present,author,authors,school,schools,SP,singular,plural,The author of the schools in question,is,are,is,are,The author of the schools in question is responsible for the decision.,1,1,4,4,6,7
agr_0320,320,of_in_question,be_present,author,authors,school,schools,PS,plural,singular,The authors of the school in question,is,are,are,is,The authors of the school in question are responsible for the decision.,1,1,4,4,6,7
agr_0320,320,of_in_question,be_present,author,authors,school,schools,PP,plural,plural,The authors of the schools in question,is,are,are,is,The authors of the schools in question are responsible for the decision.,1,1,4,4,6,7
agr_0321,321,of_in_question,be_present,lawyer,lawyers,panel,panels,SS,singular,singular,The lawyer of the panel in question,is,are,is,are,The lawyer of the panel in question is responsible for the decision.,1,1,4,4,6,7
agr_0321,321,of_in_question,be_present,lawyer,lawyers,panel,panels,SP,singular,plural,The lawyer of the panels in question,is,are,is,are,The lawyer of the panels in question is responsible for the decision.,1,1,4,4,6,7
agr_0321,321,of_in_question,be_present,lawyer,lawyers,panel,panels,PS,plural,singular,The lawyers of the panel in question,is,are,are,is,The lawyers of the panel in question are responsible for the decision.,1,1,4,4,6,7
agr_0321,321,of_in_question,be_present,lawyer,lawyers,panel,panels,PP,plural,plural,The lawyers of the panels in question,is,are,are,is,The lawyers of the panels in question are responsible for the decision.,1,1,4,4,6,7
agr_0323,323,of_in_question,be_present,architect,architects,service,services,SS,singular,singular,The architect of the service in question,is,are,is,are,The architect of the service in question is responsible for the decision.,1,1,4,4,6,7
agr_0323,323,of_in_question,be_present,architect,architects,service,services,SP,singular,plural,The architect of the services in question,is,are,is,are,The architect of the services in question is responsible for the decision.,1,1,4,4,6,7
agr_0323,323,of_in_question,be_present,architect,architects,service,services,PS,plural,singular,The architects of the service in question,is,are,are,is,The architects of the service in question are responsible for the decision.,1,1,4,4,6,7
agr_0323,323,of_in_question,be_present,architect,architects,service,services,PP,plural,plural,The architects of the services in question,is,are,are,is,The architects of the services in question are responsible for the decision.,1,1,4,4,6,7
agr_0324,324,of_in_question,be_present,worker,workers,service,services,SS,singular,singular,The worker of the service in question,is,are,is,are,The worker of the service in question is responsible for the decision.,1,1,4,4,6,7
agr_0324,324,of_in_question,be_present,worker,workers,service,services,SP,singular,plural,The worker of the services in question,is,are,is,are,The worker of the services in question is responsible for the decision.,1,1,4,4,6,7
agr_0324,324,of_in_question,be_present,worker,workers,service,services,PS,plural,singular,The workers of the service in question,is,are,are,is,The workers of the service in question are responsible for the decision.,1,1,4,4,6,7
agr_0324,324,of_in_question,be_present,worker,workers,service,services,PP,plural,plural,The workers of the services in question,is,are,are,is,The workers of the services in question are responsible for the decision.,1,1,4,4,6,7
agr_0325,325,of_in_question,be_present,architect,architects,program,programs,SS,singular,singular,The architect of the program in question,is,are,is,are,The architect of the program in question is responsible for the decision.,1,1,4,4,6,7
agr_0325,325,of_in_question,be_present,architect,architects,program,programs,SP,singular,plural,The architect of the programs in question,is,are,is,are,The architect of the programs in question is responsible for the decision.,1,1,4,4,6,7
agr_0325,325,of_in_question,be_present,architect,architects,program,programs,PS,plural,singular,The architects of the program in question,is,are,are,is,The architects of the program in question are responsible for the decision.,1,1,4,4,6,7
agr_0325,325,of_in_question,be_present,architect,architects,program,programs,PP,plural,plural,The architects of the programs in question,is,are,are,is,The architects of the programs in question are responsible for the decision.,1,1,4,4,6,7
agr_0326,326,of_in_question,be_present,trainer,trainers,club,clubs,SS,singular,singular,The trainer of the club in question,is,are,is,are,The trainer of the club in question is responsible for the decision.,1,1,4,4,6,7
agr_0326,326,of_in_question,be_present,trainer,trainers,club,clubs,SP,singular,plural,The trainer of the clubs in question,is,are,is,are,The trainer of the clubs in question is responsible for the decision.,1,1,4,4,6,7
agr_0326,326,of_in_question,be_present,trainer,trainers,club,clubs,PS,plural,singular,The trainers of the club in question,is,are,are,is,The trainers of the club in question are responsible for the decision.,1,1,4,4,6,7
agr_0326,326,of_in_question,be_present,trainer,trainers,club,clubs,PP,plural,plural,The trainers of the clubs in question,is,are,are,is,The trainers of the clubs in question are responsible for the decision.,1,1,4,4,6,7
agr_0327,327,of_in_question,be_present,commissioner,commissioners,region,regions,SS,singular,singular,The commissioner of the region in question,is,are,is,are,The commissioner of the region in question is responsible for the decision.,1,1,4,4,6,7
agr_0327,327,of_in_question,be_present,commissioner,commissioners,region,regions,SP,singular,plural,The commissioner of the regions in question,is,are,is,are,The commissioner of the regions in question is responsible for the decision.,1,1,4,4,6,7
agr_0327,327,of_in_question,be_present,commissioner,commissioners,region,regions,PS,plural,singular,The commissioners of the region in question,is,are,are,is,The commissioners of the region in question are responsible for the decision.,1,1,4,4,6,7
agr_0327,327,of_in_question,be_present,commissioner,commissioners,region,regions,PP,plural,plural,The commissioners of the regions in question,is,are,are,is,The commissioners of the regions in question are responsible for the decision.,1,1,4,4,6,7
agr_0328,328,of_in_question,be_present,technician,technicians,team,teams,SS,singular,singular,The technician of the team in question,is,are,is,are,The technician of the team in question is responsible for the decision.,1,1,4,4,6,7
agr_0328,328,of_in_question,be_present,technician,technicians,team,teams,SP,singular,plural,The technician of the teams in question,is,are,is,are,The technician of the teams in question is responsible for the decision.,1,1,4,4,6,7
agr_0328,328,of_in_question,be_present,technician,technicians,team,teams,PS,plural,singular,The technicians of the team in question,is,are,are,is,The technicians of the team in question are responsible for the decision.,1,1,4,4,6,7
agr_0328,328,of_in_question,be_present,technician,technicians,team,teams,PP,plural,plural,The technicians of the teams in question,is,are,are,is,The technicians of the teams in question are responsible for the decision.,1,1,4,4,6,7
agr_0329,329,of_in_question,be_present,leader,leaders,centre,centres,SS,singular,singular,The leader of the centre in question,is,are,is,are,The leader of the centre in question is responsible for the decision.,1,1,4,4,6,7
agr_0329,329,of_in_question,be_present,leader,leaders,centre,centres,SP,singular,plural,The leader of the centres in question,is,are,is,are,The leader of the centres in question is responsible for the decision.,1,1,4,4,6,7
agr_0329,329,of_in_question,be_present,leader,leaders,centre,centres,PS,plural,singular,The leaders of the centre in question,is,are,are,is,The leaders of the centre in question are responsible for the decision.,1,1,4,4,6,7
agr_0329,329,of_in_question,be_present,leader,leaders,centre,centres,PP,plural,plural,The leaders of the centres in question,is,are,are,is,The leaders of the centres in question are responsible for the decision.,1,1,4,4,6,7
agr_0330,330,of_in_question,be_present,designer,designers,forum,forums,SS,singular,singular,The designer of the forum in question,is,are,is,are,The designer of the forum in question is responsible for the decision.,1,1,4,4,6,7
agr_0330,330,of_in_question,be_present,designer,designers,forum,forums,SP,singular,plural,The designer of the forums in question,is,are,is,are,The designer of the forums in question is responsible for the decision.,1,1,4,4,6,7
agr_0330,330,of_in_question,be_present,designer,designers,forum,forums,PS,plural,singular,The designers of the forum in question,is,are,are,is,The designers of the forum in question are responsible for the decision.,1,1,4,4,6,7
agr_0330,330,of_in_question,be_present,designer,designers,forum,forums,PP,plural,plural,The designers of the forums in question,is,are,are,is,The designers of the forums in question are responsible for the decision.,1,1,4,4,6,7
agr_0331,331,of_in_question,be_present,owner,owners,university,universities,SS,singular,singular,The owner of the university in question,is,are,is,are,The owner of the university in question is responsible for the decision.,1,1,4,4,6,7
agr_0331,331,of_in_question,be_present,owner,owners,university,universities,SP,singular,plural,The owner of the universities in question,is,are,is,are,The owner of the universities in question is responsible for the decision.,1,1,4,4,6,7
agr_0331,331,of_in_question,be_present,owner,owners,university,universities,PS,plural,singular,The owners of the university in question,is,are,are,is,The owners of the university in question are responsible for the decision.,1,1,4,4,6,7
agr_0331,331,of_in_question,be_present,owner,owners,university,universities,PP,plural,plural,The owners of the universities in question,is,are,are,is,The owners of the universities in question are responsible for the decision.,1,1,4,4,6,7
agr_0332,332,of_in_question,be_present,reporter,reporters,hospital,hospitals,SS,singular,singular,The reporter of the hospital in question,is,are,is,are,The reporter of the hospital in question is responsible for the decision.,1,1,4,4,6,7
agr_0332,332,of_in_question,be_present,reporter,reporters,hospital,hospitals,SP,singular,plural,The reporter of the hospitals in question,is,are,is,are,The reporter of the hospitals in question is responsible for the decision.,1,1,4,4,6,7
agr_0332,332,of_in_question,be_present,reporter,reporters,hospital,hospitals,PS,plural,singular,The reporters of the hospital in question,is,are,are,is,The reporters of the hospital in question are responsible for the decision.,1,1,4,4,6,7
agr_0332,332,of_in_question,be_present,reporter,reporters,hospital,hospitals,PP,plural,plural,The reporters of the hospitals in question,is,are,are,is,The reporters of the hospitals in question are responsible for the decision.,1,1,4,4,6,7
agr_0333,333,of_in_question,be_present,administrator,administrators,panel,panels,SS,singular,singular,The administrator of the panel in question,is,are,is,are,The administrator of the panel in question is responsible for the decision.,1,1,4,4,6,7
agr_0333,333,of_in_question,be_present,administrator,administrators,panel,panels,SP,singular,plural,The administrator of the panels in question,is,are,is,are,The administrator of the panels in question is responsible for the decision.,1,1,4,4,6,7
agr_0333,333,of_in_question,be_present,administrator,administrators,panel,panels,PS,plural,singular,The administrators of the panel in question,is,are,are,is,The administrators of the panel in question are responsible for the decision.,1,1,4,4,6,7
agr_0333,333,of_in_question,be_present,administrator,administrators,panel,panels,PP,plural,plural,The administrators of the panels in question,is,are,are,is,The administrators of the panels in question are responsible for the decision.,1,1,4,4,6,7
agr_0334,334,of_in_question,be_present,lecturer,lecturers,agency,agencies,SS,singular,singular,The lecturer of the agency in question,is,are,is,are,The lecturer of the agency in question is responsible for the decision.,1,1,4,4,6,7
agr_0334,334,of_in_question,be_present,lecturer,lecturers,agency,agencies,SP,singular,plural,The lecturer of the agencies in question,is,are,is,are,The lecturer of the agencies in question is responsible for the decision.,1,1,4,4,6,7
agr_0334,334,of_in_question,be_present,lecturer,lecturers,agency,agencies,PS,plural,singular,The lecturers of the agency in question,is,are,are,is,The lecturers of the agency in question are responsible for the decision.,1,2,5,5,7,8
agr_0334,334,of_in_question,be_present,lecturer,lecturers,agency,agencies,PP,plural,plural,The lecturers of the agencies in question,is,are,are,is,The lecturers of the agencies in question are responsible for the decision.,1,2,5,5,7,8
agr_0335,335,of_in_question,be_present,planner,planners,agency,agencies,SS,singular,singular,The planner of the agency in question,is,are,is,are,The planner of the agency in question is responsible for the decision.,1,1,4,4,6,7
agr_0335,335,of_in_question,be_present,planner,planners,agency,agencies,SP,singular,plural,The planner of the agencies in question,is,are,is,are,The planner of the agencies in question is responsible for the decision.,1,1,4,4,6,7
agr_0335,335,of_in_question,be_present,planner,planners,agency,agencies,PS,plural,singular,The planners of the agency in question,is,are,are,is,The planners of the agency in question are responsible for the decision.,1,1,4,4,6,7
agr_0335,335,of_in_question,be_present,planner,planners,agency,agencies,PP,plural,plural,The planners of the agencies in question,is,are,are,is,The planners of the agencies in question are responsible for the decision.,1,1,4,4,6,7
agr_0336,336,of_in_question,be_present,editor,editors,sector,sectors,SS,singular,singular,The editor of the sector in question,is,are,is,are,The editor of the sector in question is responsible for the decision.,1,1,4,4,6,7
agr_0336,336,of_in_question,be_present,editor,editors,sector,sectors,SP,singular,plural,The editor of the sectors in question,is,are,is,are,The editor of the sectors in question is responsible for the decision.,1,1,4,4,6,7
agr_0336,336,of_in_question,be_present,editor,editors,sector,sectors,PS,plural,singular,The editors of the sector in question,is,are,are,is,The editors of the sector in question are responsible for the decision.,1,1,4,4,6,7
agr_0336,336,of_in_question,be_present,editor,editors,sector,sectors,PP,plural,plural,The editors of the sectors in question,is,are,are,is,The editors of the sectors in question are responsible for the decision.,1,1,4,4,6,7
agr_0337,337,of_in_question,be_present,member,members,system,systems,SS,singular,singular,The member of the system in question,is,are,is,are,The member of the system in question is responsible for the decision.,1,1,4,4,6,7
agr_0337,337,of_in_question,be_present,member,members,system,systems,SP,singular,plural,The member of the systems in question,is,are,is,are,The member of the systems in question is responsible for the decision.,1,1,4,4,6,7
agr_0337,337,of_in_question,be_present,member,members,system,systems,PS,plural,singular,The members of the system in question,is,are,are,is,The members of the system in question are responsible for the decision.,1,1,4,4,6,7
agr_0337,337,of_in_question,be_present,member,members,system,systems,PP,plural,plural,The members of the systems in question,is,are,are,is,The members of the systems in question are responsible for the decision.,1,1,4,4,6,7
agr_0338,338,of_in_question,be_present,operator,operators,federation,federations,SS,singular,singular,The operator of the federation in question,is,are,is,are,The operator of the federation in question is responsible for the decision.,1,1,4,4,6,7
agr_0338,338,of_in_question,be_present,operator,operators,federation,federations,SP,singular,plural,The operator of the federations in question,is,are,is,are,The operator of the federations in question is responsible for the decision.,1,1,4,5,7,8
agr_0338,338,of_in_question,be_present,operator,operators,federation,federations,PS,plural,singular,The operators of the federation in question,is,are,are,is,The operators of the federation in question are responsible for the decision.,1,1,4,4,6,7
agr_0338,338,of_in_question,be_present,operator,operators,federation,federations,PP,plural,plural,The operators of the federations in question,is,are,are,is,The operators of the federations in question are responsible for the decision.,1,1,4,5,7,8
agr_0339,339,of_in_question,be_present,researcher,researchers,project,projects,SS,singular,singular,The researcher of the project in question,is,are,is,are,The researcher of the project in question is responsible for the decision.,1,1,4,4,6,7
agr_0339,339,of_in_question,be_present,researcher,researchers,project,projects,SP,singular,plural,The researcher of the projects in question,is,are,is,are,The researcher of the projects in question is responsible for the decision.,1,1,4,4,6,7
agr_0339,339,of_in_question,be_present,researcher,researchers,project,projects,PS,plural,singular,The researchers of the project in question,is,are,are,is,The researchers of the project in question are responsible for the decision.,1,1,4,4,6,7
agr_0339,339,of_in_question,be_present,researcher,researchers,project,projects,PP,plural,plural,The researchers of the projects in question,is,are,are,is,The researchers of the projects in question are responsible for the decision.,1,1,4,4,6,7
agr_0340,340,of_in_question,be_present,supervisor,supervisors,program,programs,SS,singular,singular,The supervisor of the program in question,is,are,is,are,The supervisor of the program in question is responsible for the decision.,1,1,4,4,6,7
agr_0340,340,of_in_question,be_present,supervisor,supervisors,program,programs,SP,singular,plural,The supervisor of the programs in question,is,are,is,are,The supervisor of the programs in question is responsible for the decision.,1,1,4,4,6,7
agr_0340,340,of_in_question,be_present,supervisor,supervisors,program,programs,PS,plural,singular,The supervisors of the program in question,is,are,are,is,The supervisors of the program in question are responsible for the decision.,1,1,4,4,6,7
agr_0340,340,of_in_question,be_present,supervisor,supervisors,program,programs,PP,plural,plural,The supervisors of the programs in question,is,are,are,is,The supervisors of the programs in question are responsible for the decision.,1,1,4,4,6,7
agr_0341,341,of_in_question,be_present,analyst,analysts,platform,platforms,SS,singular,singular,The analyst of the platform in question,is,are,is,are,The analyst of the platform in question is responsible for the decision.,1,1,4,4,6,7
agr_0341,341,of_in_question,be_present,analyst,analysts,platform,platforms,SP,singular,plural,The analyst of the platforms in question,is,are,is,are,The analyst of the platforms in question is responsible for the decision.,1,1,4,4,6,7
agr_0341,341,of_in_question,be_present,analyst,analysts,platform,platforms,PS,plural,singular,The analysts of the platform in question,is,are,are,is,The analysts of the platform in question are responsible for the decision.,1,1,4,4,6,7
agr_0341,341,of_in_question,be_present,analyst,analysts,platform,platforms,PP,plural,plural,The analysts of the platforms in question,is,are,are,is,The analysts of the platforms in question are responsible for the decision.,1,1,4,4,6,7
agr_0342,342,of_in_question,be_present,student,students,service,services,SS,singular,singular,The student of the service in question,is,are,is,are,The student of the service in question is responsible for the decision.,1,1,4,4,6,7
agr_0342,342,of_in_question,be_present,student,students,service,services,SP,singular,plural,The student of the services in question,is,are,is,are,The student of the services in question is responsible for the decision.,1,1,4,4,6,7
agr_0342,342,of_in_question,be_present,student,students,service,services,PS,plural,singular,The students of the service in question,is,are,are,is,The students of the service in question are responsible for the decision.,1,1,4,4,6,7
agr_0342,342,of_in_question,be_present,student,students,service,services,PP,plural,plural,The students of the services in question,is,are,are,is,The students of the services in question are responsible for the decision.,1,1,4,4,6,7
agr_0343,343,of_in_question,be_present,auditor,auditors,agency,agencies,SS,singular,singular,The auditor of the agency in question,is,are,is,are,The auditor of the agency in question is responsible for the decision.,1,1,4,4,6,7
agr_0343,343,of_in_question,be_present,auditor,auditors,agency,agencies,SP,singular,plural,The auditor of the agencies in question,is,are,is,are,The auditor of the agencies in question is responsible for the decision.,1,1,4,4,6,7
agr_0343,343,of_in_question,be_present,auditor,auditors,agency,agencies,PS,plural,singular,The auditors of the agency in question,is,are,are,is,The auditors of the agency in question are responsible for the decision.,1,2,5,5,7,8
agr_0343,343,of_in_question,be_present,auditor,auditors,agency,agencies,PP,plural,plural,The auditors of the agencies in question,is,are,are,is,The auditors of the agencies in question are responsible for the decision.,1,2,5,5,7,8
agr_0344,344,of_in_question,be_present,builder,builders,school,schools,SS,singular,singular,The builder of the school in question,is,are,is,are,The builder of the school in question is responsible for the decision.,1,1,4,4,6,7
agr_0344,344,of_in_question,be_present,builder,builders,school,schools,SP,singular,plural,The builder of the schools in question,is,are,is,are,The builder of the schools in question is responsible for the decision.,1,1,4,4,6,7
agr_0344,344,of_in_question,be_present,builder,builders,school,schools,PS,plural,singular,The builders of the school in question,is,are,are,is,The builders of the school in question are responsible for the decision.,1,1,4,4,6,7
agr_0344,344,of_in_question,be_present,builder,builders,school,schools,PP,plural,plural,The builders of the schools in question,is,are,are,is,The builders of the schools in question are responsible for the decision.,1,1,4,4,6,7
agr_0345,345,of_in_question,be_present,reporter,reporters,federation,federations,SS,singular,singular,The reporter of the federation in question,is,are,is,are,The reporter of the federation in question is responsible for the decision.,1,1,4,4,6,7
agr_0345,345,of_in_question,be_present,reporter,reporters,federation,federations,SP,singular,plural,The reporter of the federations in question,is,are,is,are,The reporter of the federations in question is responsible for the decision.,1,1,4,5,7,8
agr_0345,345,of_in_question,be_present,reporter,reporters,federation,federations,PS,plural,singular,The reporters of the federation in question,is,are,are,is,The reporters of the federation in question are responsible for the decision.,1,1,4,4,6,7
agr_0345,345,of_in_question,be_present,reporter,reporters,federation,federations,PP,plural,plural,The reporters of the federations in question,is,are,are,is,The reporters of the federations in question are responsible for the decision.,1,1,4,5,7,8
agr_0346,346,of_in_question,be_present,evaluator,evaluators,club,clubs,SS,singular,singular,The evaluator of the club in question,is,are,is,are,The evaluator of the club in question is responsible for the decision.,1,3,6,6,8,9
agr_0346,346,of_in_question,be_present,evaluator,evaluators,club,clubs,SP,singular,plural,The evaluator of the clubs in question,is,are,is,are,The evaluator of the clubs in question is responsible for the decision.,1,3,6,6,8,9
agr_0346,346,of_in_question,be_present,evaluator,evaluators,club,clubs,PS,plural,singular,The evaluators of the club in question,is,are,are,is,The evaluators of the club in question are responsible for the decision.,1,3,6,6,8,9
agr_0346,346,of_in_question,be_present,evaluator,evaluators,club,clubs,PP,plural,plural,The evaluators of the clubs in question,is,are,are,is,The evaluators of the clubs in question are responsible for the decision.,1,3,6,6,8,9
agr_0347,347,of_in_question,be_present,designer,designers,unit,units,SS,singular,singular,The designer of the unit in question,is,are,is,are,The designer of the unit in question is responsible for the decision.,1,1,4,4,6,7
agr_0347,347,of_in_question,be_present,designer,designers,unit,units,SP,singular,plural,The designer of the units in question,is,are,is,are,The designer of the units in question is responsible for the decision.,1,1,4,4,6,7
agr_0347,347,of_in_question,be_present,designer,designers,unit,units,PS,plural,singular,The designers of the unit in question,is,are,are,is,The designers of the unit in question are responsible for the decision.,1,1,4,4,6,7
agr_0347,347,of_in_question,be_present,designer,designers,unit,units,PP,plural,plural,The designers of the units in question,is,are,are,is,The designers of the units in question are responsible for the decision.,1,1,4,4,6,7
agr_0348,348,of_in_question,be_present,professor,professors,group,groups,SS,singular,singular,The professor of the group in question,is,are,is,are,The professor of the group in question is responsible for the decision.,1,1,4,4,6,7
agr_0348,348,of_in_question,be_present,professor,professors,group,groups,SP,singular,plural,The professor of the groups in question,is,are,is,are,The professor of the groups in question is responsible for the decision.,1,1,4,4,6,7
agr_0348,348,of_in_question,be_present,professor,professors,group,groups,PS,plural,singular,The professors of the group in question,is,are,are,is,The professors of the group in question are responsible for the decision.,1,1,4,4,6,7
agr_0348,348,of_in_question,be_present,professor,professors,group,groups,PP,plural,plural,The professors of the groups in question,is,are,are,is,The professors of the groups in question are responsible for the decision.,1,1,4,4,6,7
agr_0349,349,of_in_question,be_present,researcher,researchers,office,offices,SS,singular,singular,The researcher of the office in question,is,are,is,are,The researcher of the office in question is responsible for the decision.,1,1,4,4,6,7
agr_0349,349,of_in_question,be_present,researcher,researchers,office,offices,SP,singular,plural,The researcher of the offices in question,is,are,is,are,The researcher of the offices in question is responsible for the decision.,1,1,4,4,6,7
agr_0349,349,of_in_question,be_present,researcher,researchers,office,offices,PS,plural,singular,The researchers of the office in question,is,are,are,is,The researchers of the office in question are responsible for the decision.,1,1,4,4,6,7
agr_0349,349,of_in_question,be_present,researcher,researchers,office,offices,PP,plural,plural,The researchers of the offices in question,is,are,are,is,The researchers of the offices in question are responsible for the decision.,1,1,4,4,6,7
agr_0350,350,of_in_question,be_present,painter,painters,firm,firms,SS,singular,singular,The painter of the firm in question,is,are,is,are,The painter of the firm in question is responsible for the decision.,1,1,4,4,6,7
agr_0350,350,of_in_question,be_present,painter,painters,firm,firms,SP,singular,plural,The painter of the firms in question,is,are,is,are,The painter of the firms in question is responsible for the decision.,1,1,4,4,6,7
agr_0350,350,of_in_question,be_present,painter,painters,firm,firms,PS,plural,singular,The painters of the firm in question,is,are,are,is,The painters of the firm in question are responsible for the decision.,1,2,5,5,7,8
agr_0350,350,of_in_question,be_present,painter,painters,firm,firms,PP,plural,plural,The painters of the firms in question,is,are,are,is,The painters of the firms in question are responsible for the decision.,1,2,5,5,7,8
agr_0351,351,of_in_question,be_present,planner,planners,alliance,alliances,SS,singular,singular,The planner of the alliance in question,is,are,is,are,The planner of the alliance in question is responsible for the decision.,1,1,4,4,6,7
agr_0351,351,of_in_question,be_present,planner,planners,alliance,alliances,SP,singular,plural,The planner of the alliances in question,is,are,is,are,The planner of the alliances in question is responsible for the decision.,1,1,4,4,6,7
agr_0351,351,of_in_question,be_present,planner,planners,alliance,alliances,PS,plural,singular,The planners of the alliance in question,is,are,are,is,The planners of the alliance in question are responsible for the decision.,1,1,4,4,6,7
agr_0351,351,of_in_question,be_present,planner,planners,alliance,alliances,PP,plural,plural,The planners of the alliances in question,is,are,are,is,The planners of the alliances in question are responsible for the decision.,1,1,4,4,6,7
agr_0352,352,of_in_question,be_present,commissioner,commissioners,centre,centres,SS,singular,singular,The commissioner of the centre in question,is,are,is,are,The commissioner of the centre in question is responsible for the decision.,1,1,4,4,6,7
agr_0352,352,of_in_question,be_present,commissioner,commissioners,centre,centres,SP,singular,plural,The commissioner of the centres in question,is,are,is,are,The commissioner of the centres in question is responsible for the decision.,1,1,4,4,6,7
agr_0352,352,of_in_question,be_present,commissioner,commissioners,centre,centres,PS,plural,singular,The commissioners of the centre in question,is,are,are,is,The commissioners of the centre in question are responsible for the decision.,1,1,4,4,6,7
agr_0352,352,of_in_question,be_present,commissioner,commissioners,centre,centres,PP,plural,plural,The commissioners of the centres in question,is,are,are,is,The commissioners of the centres in question are responsible for the decision.,1,1,4,4,6,7
agr_0353,353,of_in_question,be_present,assistant,assistants,university,universities,SS,singular,singular,The assistant of the university in question,is,are,is,are,The assistant of the university in question is responsible for the decision.,1,1,4,4,6,7
agr_0353,353,of_in_question,be_present,assistant,assistants,university,universities,SP,singular,plural,The assistant of the universities in question,is,are,is,are,The assistant of the universities in question is responsible for the decision.,1,1,4,4,6,7
agr_0353,353,of_in_question,be_present,assistant,assistants,university,universities,PS,plural,singular,The assistants of the university in question,is,are,are,is,The assistants of the university in question are responsible for the decision.,1,1,4,4,6,7
agr_0353,353,of_in_question,be_present,assistant,assistants,university,universities,PP,plural,plural,The assistants of the universities in question,is,are,are,is,The assistants of the universities in question are responsible for the decision.,1,1,4,4,6,7
agr_0354,354,of_in_question,be_present,operator,operators,coalition,coalitions,SS,singular,singular,The operator of the coalition in question,is,are,is,are,The operator of the coalition in question is responsible for the decision.,1,1,4,4,6,7
agr_0354,354,of_in_question,be_present,operator,operators,coalition,coalitions,SP,singular,plural,The operator of the coalitions in question,is,are,is,are,The operator of the coalitions in question is responsible for the decision.,1,1,4,5,7,8
agr_0354,354,of_in_question,be_present,operator,operators,coalition,coalitions,PS,plural,singular,The operators of the coalition in question,is,are,are,is,The operators of the coalition in question are responsible for the decision.,1,1,4,4,6,7
agr_0354,354,of_in_question,be_present,operator,operators,coalition,coalitions,PP,plural,plural,The operators of the coalitions in question,is,are,are,is,The operators of the coalitions in question are responsible for the decision.,1,1,4,5,7,8
agr_0355,355,of_in_question,be_present,builder,builders,ministry,ministries,SS,singular,singular,The builder of the ministry in question,is,are,is,are,The builder of the ministry in question is responsible for the decision.,1,1,4,4,6,7
agr_0355,355,of_in_question,be_present,builder,builders,ministry,ministries,SP,singular,plural,The builder of the ministries in question,is,are,is,are,The builder of the ministries in question is responsible for the decision.,1,1,4,4,6,7
agr_0355,355,of_in_question,be_present,builder,builders,ministry,ministries,PS,plural,singular,The builders of the ministry in question,is,are,are,is,The builders of the ministry in question are responsible for the decision.,1,1,4,4,6,7
agr_0355,355,of_in_question,be_present,builder,builders,ministry,ministries,PP,plural,plural,The builders of the ministries in question,is,are,are,is,The builders of the ministries in question are responsible for the decision.,1,1,4,4,6,7
agr_0356,356,of_in_question,be_present,programmer,programmers,panel,panels,SS,singular,singular,The programmer of the panel in question,is,are,is,are,The programmer of the panel in question is responsible for the decision.,1,1,4,4,6,7
agr_0356,356,of_in_question,be_present,programmer,programmers,panel,panels,SP,singular,plural,The programmer of the panels in question,is,are,is,are,The programmer of the panels in question is responsible for the decision.,1,1,4,4,6,7
agr_0356,356,of_in_question,be_present,programmer,programmers,panel,panels,PS,plural,singular,The programmers of the panel in question,is,are,are,is,The programmers of the panel in question are responsible for the decision.,1,1,4,4,6,7
agr_0356,356,of_in_question,be_present,programmer,programmers,panel,panels,PP,plural,plural,The programmers of the panels in question,is,are,are,is,The programmers of the panels in question are responsible for the decision.,1,1,4,4,6,7
agr_0357,357,of_in_question,be_present,architect,architects,school,schools,SS,singular,singular,The architect of the school in question,is,are,is,are,The architect of the school in question is responsible for the decision.,1,1,4,4,6,7
agr_0357,357,of_in_question,be_present,architect,architects,school,schools,SP,singular,plural,The architect of the schools in question,is,are,is,are,The architect of the schools in question is responsible for the decision.,1,1,4,4,6,7
agr_0357,357,of_in_question,be_present,architect,architects,school,schools,PS,plural,singular,The architects of the school in question,is,are,are,is,The architects of the school in question are responsible for the decision.,1,1,4,4,6,7
agr_0357,357,of_in_question,be_present,architect,architects,school,schools,PP,plural,plural,The architects of the schools in question,is,are,are,is,The architects of the schools in question are responsible for the decision.,1,1,4,4,6,7
agr_0358,358,of_in_question,be_present,director,directors,group,groups,SS,singular,singular,The director of the group in question,is,are,is,are,The director of the group in question is responsible for the decision.,1,1,4,4,6,7
agr_0358,358,of_in_question,be_present,director,directors,group,groups,SP,singular,plural,The director of the groups in question,is,are,is,are,The director of the groups in question is responsible for the decision.,1,1,4,4,6,7
agr_0358,358,of_in_question,be_present,director,directors,group,groups,PS,plural,singular,The directors of the group in question,is,are,are,is,The directors of the group in question are responsible for the decision.,1,1,4,4,6,7
agr_0358,358,of_in_question,be_present,director,directors,group,groups,PP,plural,plural,The directors of the groups in question,is,are,are,is,The directors of the groups in question are responsible for the decision.,1,1,4,4,6,7
agr_0359,359,of_in_question,be_present,scientist,scientists,panel,panels,SS,singular,singular,The scientist of the panel in question,is,are,is,are,The scientist of the panel in question is responsible for the decision.,1,1,4,4,6,7
agr_0359,359,of_in_question,be_present,scientist,scientists,panel,panels,SP,singular,plural,The scientist of the panels in question,is,are,is,are,The scientist of the panels in question is responsible for the decision.,1,1,4,4,6,7
agr_0359,359,of_in_question,be_present,scientist,scientists,panel,panels,PS,plural,singular,The scientists of the panel in question,is,are,are,is,The scientists of the panel in question are responsible for the decision.,1,1,4,4,6,7
agr_0359,359,of_in_question,be_present,scientist,scientists,panel,panels,PP,plural,plural,The scientists of the panels in question,is,are,are,is,The scientists of the panels in question are responsible for the decision.,1,1,4,4,6,7
agr_0360,360,of_in_question,be_present,assistant,assistants,platform,platforms,SS,singular,singular,The assistant of the platform in question,is,are,is,are,The assistant of the platform in question is responsible for the decision.,1,1,4,4,6,7
agr_0360,360,of_in_question,be_present,assistant,assistants,platform,platforms,SP,singular,plural,The assistant of the platforms in question,is,are,is,are,The assistant of the platforms in question is responsible for the decision.,1,1,4,4,6,7
agr_0360,360,of_in_question,be_present,assistant,assistants,platform,platforms,PS,plural,singular,The assistants of the platform in question,is,are,are,is,The assistants of the platform in question are responsible for the decision.,1,1,4,4,6,7
agr_0360,360,of_in_question,be_present,assistant,assistants,platform,platforms,PP,plural,plural,The assistants of the platforms in question,is,are,are,is,The assistants of the platforms in question are responsible for the decision.,1,1,4,4,6,7
agr_0361,361,of_in_question,be_present,artist,artists,forum,forums,SS,singular,singular,The artist of the forum in question,is,are,is,are,The artist of the forum in question is responsible for the decision.,1,1,4,4,6,7
agr_0361,361,of_in_question,be_present,artist,artists,forum,forums,SP,singular,plural,The artist of the forums in question,is,are,is,are,The artist of the forums in question is responsible for the decision.,1,1,4,4,6,7
agr_0361,361,of_in_question,be_present,artist,artists,forum,forums,PS,plural,singular,The artists of the forum in question,is,are,are,is,The artists of the forum in question are responsible for the decision.,1,1,4,4,6,7
agr_0361,361,of_in_question,be_present,artist,artists,forum,forums,PP,plural,plural,The artists of the forums in question,is,are,are,is,The artists of the forums in question are responsible for the decision.,1,1,4,4,6,7
agr_0362,362,of_in_question,be_present,artist,artists,institute,institutes,SS,singular,singular,The artist of the institute in question,is,are,is,are,The artist of the institute in question is responsible for the decision.,1,1,4,4,6,7
agr_0362,362,of_in_question,be_present,artist,artists,institute,institutes,SP,singular,plural,The artist of the institutes in question,is,are,is,are,The artist of the institutes in question is responsible for the decision.,1,1,4,5,7,8
agr_0362,362,of_in_question,be_present,artist,artists,institute,institutes,PS,plural,singular,The artists of the institute in question,is,are,are,is,The artists of the institute in question are responsible for the decision.,1,1,4,4,6,7
agr_0362,362,of_in_question,be_present,artist,artists,institute,institutes,PP,plural,plural,The artists of the institutes in question,is,are,are,is,The artists of the institutes in question are responsible for the decision.,1,1,4,5,7,8
agr_0363,363,of_in_question,be_present,reporter,reporters,partnership,partnerships,SS,singular,singular,The reporter of the partnership in question,is,are,is,are,The reporter of the partnership in question is responsible for the decision.,1,1,4,4,6,7
agr_0363,363,of_in_question,be_present,reporter,reporters,partnership,partnerships,SP,singular,plural,The reporter of the partnerships in question,is,are,is,are,The reporter of the partnerships in question is responsible for the decision.,1,1,4,4,6,7
agr_0363,363,of_in_question,be_present,reporter,reporters,partnership,partnerships,PS,plural,singular,The reporters of the partnership in question,is,are,are,is,The reporters of the partnership in question are responsible for the decision.,1,1,4,4,6,7
agr_0363,363,of_in_question,be_present,reporter,reporters,partnership,partnerships,PP,plural,plural,The reporters of the partnerships in question,is,are,are,is,The reporters of the partnerships in question are responsible for the decision.,1,1,4,4,6,7
agr_0364,364,of_in_question,be_present,supervisor,supervisors,agency,agencies,SS,singular,singular,The supervisor of the agency in question,is,are,is,are,The supervisor of the agency in question is responsible for the decision.,1,1,4,4,6,7
agr_0364,364,of_in_question,be_present,supervisor,supervisors,agency,agencies,SP,singular,plural,The supervisor of the agencies in question,is,are,is,are,The supervisor of the agencies in question is responsible for the decision.,1,1,4,4,6,7
agr_0364,364,of_in_question,be_present,supervisor,supervisors,agency,agencies,PS,plural,singular,The supervisors of the agency in question,is,are,are,is,The supervisors of the agency in question are responsible for the decision.,1,1,4,4,6,7
agr_0364,364,of_in_question,be_present,supervisor,supervisors,agency,agencies,PP,plural,plural,The supervisors of the agencies in question,is,are,are,is,The supervisors of the agencies in question are responsible for the decision.,1,1,4,4,6,7
agr_0365,365,of_in_question,be_present,supervisor,supervisors,foundation,foundations,SS,singular,singular,The supervisor of the foundation in question,is,are,is,are,The supervisor of the foundation in question is responsible for the decision.,1,1,4,4,6,7
agr_0365,365,of_in_question,be_present,supervisor,supervisors,foundation,foundations,SP,singular,plural,The supervisor of the foundations in question,is,are,is,are,The supervisor of the foundations in question is responsible for the decision.,1,1,4,4,6,7
agr_0365,365,of_in_question,be_present,supervisor,supervisors,foundation,foundations,PS,plural,singular,The supervisors of the foundation in question,is,are,are,is,The supervisors of the foundation in question are responsible for the decision.,1,1,4,4,6,7
agr_0365,365,of_in_question,be_present,supervisor,supervisors,foundation,foundations,PP,plural,plural,The supervisors of the foundations in question,is,are,are,is,The supervisors of the foundations in question are responsible for the decision.,1,1,4,4,6,7
agr_0366,366,of_in_question,be_present,student,students,university,universities,SS,singular,singular,The student of the university in question,is,are,is,are,The student of the university in question is responsible for the decision.,1,1,4,4,6,7
agr_0366,366,of_in_question,be_present,student,students,university,universities,SP,singular,plural,The student of the universities in question,is,are,is,are,The student of the universities in question is responsible for the decision.,1,1,4,4,6,7
agr_0366,366,of_in_question,be_present,student,students,university,universities,PS,plural,singular,The students of the university in question,is,are,are,is,The students of the university in question are responsible for the decision.,1,1,4,4,6,7
agr_0366,366,of_in_question,be_present,student,students,university,universities,PP,plural,plural,The students of the universities in question,is,are,are,is,The students of the universities in question are responsible for the decision.,1,1,4,4,6,7
agr_0367,367,of_in_question,be_present,accountant,accountants,association,associations,SS,singular,singular,The accountant of the association in question,is,are,is,are,The accountant of the association in question is responsible for the decision.,1,1,4,4,6,7
agr_0367,367,of_in_question,be_present,accountant,accountants,association,associations,SP,singular,plural,The accountant of the associations in question,is,are,is,are,The accountant of the associations in question is responsible for the decision.,1,1,4,4,6,7
agr_0367,367,of_in_question,be_present,accountant,accountants,association,associations,PS,plural,singular,The accountants of the association in question,is,are,are,is,The accountants of the association in question are responsible for the decision.,1,2,5,5,7,8
agr_0367,367,of_in_question,be_present,accountant,accountants,association,associations,PP,plural,plural,The accountants of the associations in question,is,are,are,is,The accountants of the associations in question are responsible for the decision.,1,2,5,5,7,8
agr_0368,368,of_in_question,be_present,researcher,researchers,ministry,ministries,SS,singular,singular,The researcher of the ministry in question,is,are,is,are,The researcher of the ministry in question is responsible for the decision.,1,1,4,4,6,7
agr_0368,368,of_in_question,be_present,researcher,researchers,ministry,ministries,SP,singular,plural,The researcher of the ministries in question,is,are,is,are,The researcher of the ministries in question is responsible for the decision.,1,1,4,4,6,7
agr_0368,368,of_in_question,be_present,researcher,researchers,ministry,ministries,PS,plural,singular,The researchers of the ministry in question,is,are,are,is,The researchers of the ministry in question are responsible for the decision.,1,1,4,4,6,7
agr_0368,368,of_in_question,be_present,researcher,researchers,ministry,ministries,PP,plural,plural,The researchers of the ministries in question,is,are,are,is,The researchers of the ministries in question are responsible for the decision.,1,1,4,4,6,7
agr_0369,369,of_in_question,be_present,student,students,federation,federations,SS,singular,singular,The student of the federation in question,is,are,is,are,The student of the federation in question is responsible for the decision.,1,1,4,4,6,7
agr_0369,369,of_in_question,be_present,student,students,federation,federations,SP,singular,plural,The student of the federations in question,is,are,is,are,The student of the federations in question is responsible for the decision.,1,1,4,5,7,8
agr_0369,369,of_in_question,be_present,student,students,federation,federations,PS,plural,singular,The students of the federation in question,is,are,are,is,The students of the federation in question are responsible for the decision.,1,1,4,4,6,7
agr_0369,369,of_in_question,be_present,student,students,federation,federations,PP,plural,plural,The students of the federations in question,is,are,are,is,The students of the federations in question are responsible for the decision.,1,1,4,5,7,8
agr_0370,370,of_in_question,be_present,teacher,teachers,region,regions,SS,singular,singular,The teacher of the region in question,is,are,is,are,The teacher of the region in question is responsible for the decision.,1,1,4,4,6,7
agr_0370,370,of_in_question,be_present,teacher,teachers,region,regions,SP,singular,plural,The teacher of the regions in question,is,are,is,are,The teacher of the regions in question is responsible for the decision.,1,1,4,4,6,7
agr_0370,370,of_in_question,be_present,teacher,teachers,region,regions,PS,plural,singular,The teachers of the region in question,is,are,are,is,The teachers of the region in question are responsible for the decision.,1,1,4,4,6,7
agr_0370,370,of_in_question,be_present,teacher,teachers,region,regions,PP,plural,plural,The teachers of the regions in question,is,are,are,is,The teachers of the regions in question are responsible for the decision.,1,1,4,4,6,7
agr_0371,371,of_in_question,be_present,member,members,company,companies,SS,singular,singular,The member of the company in question,is,are,is,are,The member of the company in question is responsible for the decision.,1,1,4,4,6,7
agr_0371,371,of_in_question,be_present,member,members,company,companies,SP,singular,plural,The member of the companies in question,is,are,is,are,The member of the companies in question is responsible for the decision.,1,1,4,4,6,7
agr_0371,371,of_in_question,be_present,member,members,company,companies,PS,plural,singular,The members of the company in question,is,are,are,is,The members of the company in question are responsible for the decision.,1,1,4,4,6,7
agr_0371,371,of_in_question,be_present,member,members,company,companies,PP,plural,plural,The members of the companies in question,is,are,are,is,The members of the companies in question are responsible for the decision.,1,1,4,4,6,7
agr_0372,372,of_in_question,be_present,director,directors,centre,centres,SS,singular,singular,The director of the centre in question,is,are,is,are,The director of the centre in question is responsible for the decision.,1,1,4,4,6,7
agr_0372,372,of_in_question,be_present,director,directors,centre,centres,SP,singular,plural,The director of the centres in question,is,are,is,are,The director of the centres in question is responsible for the decision.,1,1,4,4,6,7
agr_0372,372,of_in_question,be_present,director,directors,centre,centres,PS,plural,singular,The directors of the centre in question,is,are,are,is,The directors of the centre in question are responsible for the decision.,1,1,4,4,6,7
agr_0372,372,of_in_question,be_present,director,directors,centre,centres,PP,plural,plural,The directors of the centres in question,is,are,are,is,The directors of the centres in question are responsible for the decision.,1,1,4,4,6,7
agr_0373,373,of_in_question,be_present,professor,professors,unit,units,SS,singular,singular,The professor of the unit in question,is,are,is,are,The professor of the unit in question is responsible for the decision.,1,1,4,4,6,7
agr_0373,373,of_in_question,be_present,professor,professors,unit,units,SP,singular,plural,The professor of the units in question,is,are,is,are,The professor of the units in question is responsible for the decision.,1,1,4,4,6,7
agr_0373,373,of_in_question,be_present,professor,professors,unit,units,PS,plural,singular,The professors of the unit in question,is,are,are,is,The professors of the unit in question are responsible for the decision.,1,1,4,4,6,7
agr_0373,373,of_in_question,be_present,professor,professors,unit,units,PP,plural,plural,The professors of the units in question,is,are,are,is,The professors of the units in question are responsible for the decision.,1,1,4,4,6,7
agr_0374,374,of_in_question,be_present,reporter,reporters,corporation,corporations,SS,singular,singular,The reporter of the corporation in question,is,are,is,are,The reporter of the corporation in question is responsible for the decision.,1,1,4,4,6,7
agr_0374,374,of_in_question,be_present,reporter,reporters,corporation,corporations,SP,singular,plural,The reporter of the corporations in question,is,are,is,are,The reporter of the corporations in question is responsible for the decision.,1,1,4,4,6,7
agr_0374,374,of_in_question,be_present,reporter,reporters,corporation,corporations,PS,plural,singular,The reporters of the corporation in question,is,are,are,is,The reporters of the corporation in question are responsible for the decision.,1,1,4,4,6,7
agr_0374,374,of_in_question,be_present,reporter,reporters,corporation,corporations,PP,plural,plural,The reporters of the corporations in question,is,are,are,is,The reporters of the corporations in question are responsible for the decision.,1,1,4,4,6,7
agr_0375,375,of_in_question,be_present,editor,editors,system,systems,SS,singular,singular,The editor of the system in question,is,are,is,are,The editor of the system in question is responsible for the decision.,1,1,4,4,6,7
agr_0375,375,of_in_question,be_present,editor,editors,system,systems,SP,singular,plural,The editor of the systems in question,is,are,is,are,The editor of the systems in question is responsible for the decision.,1,1,4,4,6,7
agr_0375,375,of_in_question,be_present,editor,editors,system,systems,PS,plural,singular,The editors of the system in question,is,are,are,is,The editors of the system in question are responsible for the decision.,1,1,4,4,6,7
agr_0375,375,of_in_question,be_present,editor,editors,system,systems,PP,plural,plural,The editors of the systems in question,is,are,are,is,The editors of the systems in question are responsible for the decision.,1,1,4,4,6,7
agr_0376,376,of_in_question,be_present,author,authors,sector,sectors,SS,singular,singular,The author of the sector in question,is,are,is,are,The author of the sector in question is responsible for the decision.,1,1,4,4,6,7
agr_0376,376,of_in_question,be_present,author,authors,sector,sectors,SP,singular,plural,The author of the sectors in question,is,are,is,are,The author of the sectors in question is responsible for the decision.,1,1,4,4,6,7
agr_0376,376,of_in_question,be_present,author,authors,sector,sectors,PS,plural,singular,The authors of the sector in question,is,are,are,is,The authors of the sector in question are responsible for the decision.,1,1,4,4,6,7
agr_0376,376,of_in_question,be_present,author,authors,sector,sectors,PP,plural,plural,The authors of the sectors in question,is,are,are,is,The authors of the sectors in question are responsible for the decision.,1,1,4,4,6,7
agr_0377,377,of_in_question,be_present,reporter,reporters,facility,facilities,SS,singular,singular,The reporter of the facility in question,is,are,is,are,The reporter of the facility in question is responsible for the decision.,1,1,4,4,6,7
agr_0377,377,of_in_question,be_present,reporter,reporters,facility,facilities,SP,singular,plural,The reporter of the facilities in question,is,are,is,are,The reporter of the facilities in question is responsible for the decision.,1,1,4,4,6,7
agr_0377,377,of_in_question,be_present,reporter,reporters,facility,facilities,PS,plural,singular,The reporters of the facility in question,is,are,are,is,The reporters of the facility in question are responsible for the decision.,1,1,4,4,6,7
agr_0377,377,of_in_question,be_present,reporter,reporters,facility,facilities,PP,plural,plural,The reporters of the facilities in question,is,are,are,is,The reporters of the facilities in question are responsible for the decision.,1,1,4,4,6,7
agr_0378,378,of_in_question,be_present,painter,painters,institute,institutes,SS,singular,singular,The painter of the institute in question,is,are,is,are,The painter of the institute in question is responsible for the decision.,1,1,4,4,6,7
agr_0378,378,of_in_question,be_present,painter,painters,institute,institutes,SP,singular,plural,The painter of the institutes in question,is,are,is,are,The painter of the institutes in question is responsible for the decision.,1,1,4,5,7,8
agr_0378,378,of_in_question,be_present,painter,painters,institute,institutes,PS,plural,singular,The painters of the institute in question,is,are,are,is,The painters of the institute in question are responsible for the decision.,1,2,5,5,7,8
agr_0378,378,of_in_question,be_present,painter,painters,institute,institutes,PP,plural,plural,The painters of the institutes in question,is,are,are,is,The painters of the institutes in question are responsible for the decision.,1,2,5,6,8,9
agr_0379,379,of_in_question,be_present,engineer,engineers,centre,centres,SS,singular,singular,The engineer of the centre in question,is,are,is,are,The engineer of the centre in question is responsible for the decision.,1,1,4,4,6,7
agr_0379,379,of_in_question,be_present,engineer,engineers,centre,centres,SP,singular,plural,The engineer of the centres in question,is,are,is,are,The engineer of the centres in question is responsible for the decision.,1,1,4,4,6,7
agr_0379,379,of_in_question,be_present,engineer,engineers,centre,centres,PS,plural,singular,The engineers of the centre in question,is,are,are,is,The engineers of the centre in question are responsible for the decision.,1,1,4,4,6,7
agr_0379,379,of_in_question,be_present,engineer,engineers,centre,centres,PP,plural,plural,The engineers of the centres in question,is,are,are,is,The engineers of the centres in question are responsible for the decision.,1,1,4,4,6,7
agr_0380,380,of_in_question,be_present,professor,professors,division,divisions,SS,singular,singular,The professor of the division in question,is,are,is,are,The professor of the division in question is responsible for the decision.,1,1,4,4,6,7
agr_0380,380,of_in_question,be_present,professor,professors,division,divisions,SP,singular,plural,The professor of the divisions in question,is,are,is,are,The professor of the divisions in question is responsible for the decision.,1,1,4,4,6,7
agr_0380,380,of_in_question,be_present,professor,professors,division,divisions,PS,plural,singular,The professors of the division in question,is,are,are,is,The professors of the division in question are responsible for the decision.,1,1,4,4,6,7
agr_0380,380,of_in_question,be_present,professor,professors,division,divisions,PP,plural,plural,The professors of the divisions in question,is,are,are,is,The professors of the divisions in question are responsible for the decision.,1,1,4,4,6,7
agr_0381,381,of_in_question,be_present,programmer,programmers,service,services,SS,singular,singular,The programmer of the service in question,is,are,is,are,The programmer of the service in question is responsible for the decision.,1,1,4,4,6,7
agr_0381,381,of_in_question,be_present,programmer,programmers,service,services,SP,singular,plural,The programmer of the services in question,is,are,is,are,The programmer of the services in question is responsible for the decision.,1,1,4,4,6,7
agr_0381,381,of_in_question,be_present,programmer,programmers,service,services,PS,plural,singular,The programmers of the service in question,is,are,are,is,The programmers of the service in question are responsible for the decision.,1,1,4,4,6,7
agr_0381,381,of_in_question,be_present,programmer,programmers,service,services,PP,plural,plural,The programmers of the services in question,is,are,are,is,The programmers of the services in question are responsible for the decision.,1,1,4,4,6,7
agr_0382,382,of_in_question,be_present,planner,planners,committee,committees,SS,singular,singular,The planner of the committee in question,is,are,is,are,The planner of the committee in question is responsible for the decision.,1,1,4,4,6,7
agr_0382,382,of_in_question,be_present,planner,planners,committee,committees,SP,singular,plural,The planner of the committees in question,is,are,is,are,The planner of the committees in question is responsible for the decision.,1,1,4,4,6,7
agr_0382,382,of_in_question,be_present,planner,planners,committee,committees,PS,plural,singular,The planners of the committee in question,is,are,are,is,The planners of the committee in question are responsible for the decision.,1,1,4,4,6,7
agr_0382,382,of_in_question,be_present,planner,planners,committee,committees,PP,plural,plural,The planners of the committees in question,is,are,are,is,The planners of the committees in question are responsible for the decision.,1,1,4,4,6,7
agr_0383,383,of_in_question,be_present,member,members,school,schools,SS,singular,singular,The member of the school in question,is,are,is,are,The member of the school in question is responsible for the decision.,1,1,4,4,6,7
agr_0383,383,of_in_question,be_present,member,members,school,schools,SP,singular,plural,The member of the schools in question,is,are,is,are,The member of the schools in question is responsible for the decision.,1,1,4,4,6,7
agr_0383,383,of_in_question,be_present,member,members,school,schools,PS,plural,singular,The members of the school in question,is,are,are,is,The members of the school in question are responsible for the decision.,1,1,4,4,6,7
agr_0383,383,of_in_question,be_present,member,members,school,schools,PP,plural,plural,The members of the schools in question,is,are,are,is,The members of the schools in question are responsible for the decision.,1,1,4,4,6,7
agr_0384,384,of_in_question,be_present,inspector,inspectors,office,offices,SS,singular,singular,The inspector of the office in question,is,are,is,are,The inspector of the office in question is responsible for the decision.,1,1,4,4,6,7
agr_0384,384,of_in_question,be_present,inspector,inspectors,office,offices,SP,singular,plural,The inspector of the offices in question,is,are,is,are,The inspector of the offices in question is responsible for the decision.,1,1,4,4,6,7
agr_0384,384,of_in_question,be_present,inspector,inspectors,office,offices,PS,plural,singular,The inspectors of the office in question,is,are,are,is,The inspectors of the office in question are responsible for the decision.,1,1,4,4,6,7
agr_0384,384,of_in_question,be_present,inspector,inspectors,office,offices,PP,plural,plural,The inspectors of the offices in question,is,are,are,is,The inspectors of the offices in question are responsible for the decision.,1,1,4,4,6,7
agr_0385,385,of_in_question,be_present,commissioner,commissioners,facility,facilities,SS,singular,singular,The commissioner of the facility in question,is,are,is,are,The commissioner of the facility in question is responsible for the decision.,1,1,4,4,6,7
agr_0385,385,of_in_question,be_present,commissioner,commissioners,facility,facilities,SP,singular,plural,The commissioner of the facilities in question,is,are,is,are,The commissioner of the facilities in question is responsible for the decision.,1,1,4,4,6,7
agr_0385,385,of_in_question,be_present,commissioner,commissioners,facility,facilities,PS,plural,singular,The commissioners of the facility in question,is,are,are,is,The commissioners of the facility in question are responsible for the decision.,1,1,4,4,6,7
agr_0385,385,of_in_question,be_present,commissioner,commissioners,facility,facilities,PP,plural,plural,The commissioners of the facilities in question,is,are,are,is,The commissioners of the facilities in question are responsible for the decision.,1,1,4,4,6,7
agr_0386,386,of_in_question,be_present,coordinator,coordinators,college,colleges,SS,singular,singular,The coordinator of the college in question,is,are,is,are,The coordinator of the college in question is responsible for the decision.,1,1,4,4,6,7
agr_0386,386,of_in_question,be_present,coordinator,coordinators,college,colleges,SP,singular,plural,The coordinator of the colleges in question,is,are,is,are,The coordinator of the colleges in question is responsible for the decision.,1,1,4,4,6,7
agr_0386,386,of_in_question,be_present,coordinator,coordinators,college,colleges,PS,plural,singular,The coordinators of the college in question,is,are,are,is,The coordinators of the college in question are responsible for the decision.,1,2,5,5,7,8
agr_0386,386,of_in_question,be_present,coordinator,coordinators,college,colleges,PP,plural,plural,The coordinators of the colleges in question,is,are,are,is,The coordinators of the colleges in question are responsible for the decision.,1,2,5,5,7,8
agr_0387,387,of_in_question,be_present,leader,leaders,university,universities,SS,singular,singular,The leader of the university in question,is,are,is,are,The leader of the university in question is responsible for the decision.,1,1,4,4,6,7
agr_0387,387,of_in_question,be_present,leader,leaders,university,universities,SP,singular,plural,The leader of the universities in question,is,are,is,are,The leader of the universities in question is responsible for the decision.,1,1,4,4,6,7
agr_0387,387,of_in_question,be_present,leader,leaders,university,universities,PS,plural,singular,The leaders of the university in question,is,are,are,is,The leaders of the university in question are responsible for the decision.,1,1,4,4,6,7
agr_0387,387,of_in_question,be_present,leader,leaders,university,universities,PP,plural,plural,The leaders of the universities in question,is,are,are,is,The leaders of the universities in question are responsible for the decision.,1,1,4,4,6,7
agr_0388,388,of_in_question,be_present,architect,architects,division,divisions,SS,singular,singular,The architect of the division in question,is,are,is,are,The architect of the division in question is responsible for the decision.,1,1,4,4,6,7
agr_0388,388,of_in_question,be_present,architect,architects,division,divisions,SP,singular,plural,The architect of the divisions in question,is,are,is,are,The architect of the divisions in question is responsible for the decision.,1,1,4,4,6,7
agr_0388,388,of_in_question,be_present,architect,architects,division,divisions,PS,plural,singular,The architects of the division in question,is,are,are,is,The architects of the division in question are responsible for the decision.,1,1,4,4,6,7
agr_0388,388,of_in_question,be_present,architect,architects,division,divisions,PP,plural,plural,The architects of the divisions in question,is,are,are,is,The architects of the divisions in question are responsible for the decision.,1,1,4,4,6,7
agr_0389,389,of_in_question,be_present,evaluator,evaluators,alliance,alliances,SS,singular,singular,The evaluator of the alliance in question,is,are,is,are,The evaluator of the alliance in question is responsible for the decision.,1,3,6,6,8,9
agr_0389,389,of_in_question,be_present,evaluator,evaluators,alliance,alliances,SP,singular,plural,The evaluator of the alliances in question,is,are,is,are,The evaluator of the alliances in question is responsible for the decision.,1,3,6,6,8,9
agr_0389,389,of_in_question,be_present,evaluator,evaluators,alliance,alliances,PS,plural,singular,The evaluators of the alliance in question,is,are,are,is,The evaluators of the alliance in question are responsible for the decision.,1,3,6,6,8,9
agr_0389,389,of_in_question,be_present,evaluator,evaluators,alliance,alliances,PP,plural,plural,The evaluators of the alliances in question,is,are,are,is,The evaluators of the alliances in question are responsible for the decision.,1,3,6,6,8,9
agr_0390,390,of_in_question,be_present,driver,drivers,foundation,foundations,SS,singular,singular,The driver of the foundation in question,is,are,is,are,The driver of the foundation in question is responsible for the decision.,1,1,4,4,6,7
agr_0390,390,of_in_question,be_present,driver,drivers,foundation,foundations,SP,singular,plural,The driver of the foundations in question,is,are,is,are,The driver of the foundations in question is responsible for the decision.,1,1,4,4,6,7
agr_0390,390,of_in_question,be_present,driver,drivers,foundation,foundations,PS,plural,singular,The drivers of the foundation in question,is,are,are,is,The drivers of the foundation in question are responsible for the decision.,1,1,4,4,6,7
agr_0390,390,of_in_question,be_present,driver,drivers,foundation,foundations,PP,plural,plural,The drivers of the foundations in question,is,are,are,is,The drivers of the foundations in question are responsible for the decision.,1,1,4,4,6,7
agr_0391,391,of_in_question,be_present,employee,employees,laboratory,laboratories,SS,singular,singular,The employee of the laboratory in question,is,are,is,are,The employee of the laboratory in question is responsible for the decision.,1,1,4,4,6,7
agr_0391,391,of_in_question,be_present,employee,employees,laboratory,laboratories,SP,singular,plural,The employee of the laboratories in question,is,are,is,are,The employee of the laboratories in question is responsible for the decision.,1,1,4,4,6,7
agr_0391,391,of_in_question,be_present,employee,employees,laboratory,laboratories,PS,plural,singular,The employees of the laboratory in question,is,are,are,is,The employees of the laboratory in question are responsible for the decision.,1,1,4,4,6,7
agr_0391,391,of_in_question,be_present,employee,employees,laboratory,laboratories,PP,plural,plural,The employees of the laboratories in question,is,are,are,is,The employees of the laboratories in question are responsible for the decision.,1,1,4,4,6,7
agr_0392,392,of_in_question,be_present,inspector,inspectors,committee,committees,SS,singular,singular,The inspector of the committee in question,is,are,is,are,The inspector of the committee in question is responsible for the decision.,1,1,4,4,6,7
agr_0392,392,of_in_question,be_present,inspector,inspectors,committee,committees,SP,singular,plural,The inspector of the committees in question,is,are,is,are,The inspector of the committees in question is responsible for the decision.,1,1,4,4,6,7
agr_0392,392,of_in_question,be_present,inspector,inspectors,committee,committees,PS,plural,singular,The inspectors of the committee in question,is,are,are,is,The inspectors of the committee in question are responsible for the decision.,1,1,4,4,6,7
agr_0392,392,of_in_question,be_present,inspector,inspectors,committee,committees,PP,plural,plural,The inspectors of the committees in question,is,are,are,is,The inspectors of the committees in question are responsible for the decision.,1,1,4,4,6,7
agr_0393,393,of_in_question,be_present,reporter,reporters,school,schools,SS,singular,singular,The reporter of the school in question,is,are,is,are,The reporter of the school in question is responsible for the decision.,1,1,4,4,6,7
agr_0393,393,of_in_question,be_present,reporter,reporters,school,schools,SP,singular,plural,The reporter of the schools in question,is,are,is,are,The reporter of the schools in question is responsible for the decision.,1,1,4,4,6,7
agr_0393,393,of_in_question,be_present,reporter,reporters,school,schools,PS,plural,singular,The reporters of the school in question,is,are,are,is,The reporters of the school in question are responsible for the decision.,1,1,4,4,6,7
agr_0393,393,of_in_question,be_present,reporter,reporters,school,schools,PP,plural,plural,The reporters of the schools in question,is,are,are,is,The reporters of the schools in question are responsible for the decision.,1,1,4,4,6,7
agr_0394,394,of_in_question,be_present,accountant,accountants,alliance,alliances,SS,singular,singular,The accountant of the alliance in question,is,are,is,are,The accountant of the alliance in question is responsible for the decision.,1,1,4,4,6,7
agr_0394,394,of_in_question,be_present,accountant,accountants,alliance,alliances,SP,singular,plural,The accountant of the alliances in question,is,are,is,are,The accountant of the alliances in question is responsible for the decision.,1,1,4,4,6,7
agr_0394,394,of_in_question,be_present,accountant,accountants,alliance,alliances,PS,plural,singular,The accountants of the alliance in question,is,are,are,is,The accountants of the alliance in question are responsible for the decision.,1,2,5,5,7,8
agr_0394,394,of_in_question,be_present,accountant,accountants,alliance,alliances,PP,plural,plural,The accountants of the alliances in question,is,are,are,is,The accountants of the alliances in question are responsible for the decision.,1,2,5,5,7,8
agr_0395,395,of_in_question,be_present,artist,artists,consortium,consortiums,SS,singular,singular,The artist of the consortium in question,is,are,is,are,The artist of the consortium in question is responsible for the decision.,1,1,4,4,6,7
agr_0395,395,of_in_question,be_present,artist,artists,consortium,consortiums,SP,singular,plural,The artist of the consortiums in question,is,are,is,are,The artist of the consortiums in question is responsible for the decision.,1,1,4,5,7,8
agr_0395,395,of_in_question,be_present,artist,artists,consortium,consortiums,PS,plural,singular,The artists of the consortium in question,is,are,are,is,The artists of the consortium in question are responsible for the decision.,1,1,4,4,6,7
agr_0395,395,of_in_question,be_present,artist,artists,consortium,consortiums,PP,plural,plural,The artists of the consortiums in question,is,are,are,is,The artists of the consortiums in question are responsible for the decision.,1,1,4,5,7,8
agr_0396,396,of_in_question,be_present,candidate,candidates,system,systems,SS,singular,singular,The candidate of the system in question,is,are,is,are,The candidate of the system in question is responsible for the decision.,1,1,4,4,6,7
agr_0396,396,of_in_question,be_present,candidate,candidates,system,systems,SP,singular,plural,The candidate of the systems in question,is,are,is,are,The candidate of the systems in question is responsible for the decision.,1,1,4,4,6,7
agr_0396,396,of_in_question,be_present,candidate,candidates,system,systems,PS,plural,singular,The candidates of the system in question,is,are,are,is,The candidates of the system in question are responsible for the decision.,1,1,4,4,6,7
agr_0396,396,of_in_question,be_present,candidate,candidates,system,systems,PP,plural,plural,The candidates of the systems in question,is,are,are,is,The candidates of the systems in question are responsible for the decision.,1,1,4,4,6,7
agr_0397,397,of_in_question,be_present,worker,workers,association,associations,SS,singular,singular,The worker of the association in question,is,are,is,are,The worker of the association in question is responsible for the decision.,1,1,4,4,6,7
agr_0397,397,of_in_question,be_present,worker,workers,association,associations,SP,singular,plural,The worker of the associations in question,is,are,is,are,The worker of the associations in question is responsible for the decision.,1,1,4,4,6,7
agr_0397,397,of_in_question,be_present,worker,workers,association,associations,PS,plural,singular,The workers of the association in question,is,are,are,is,The workers of the association in question are responsible for the decision.,1,1,4,4,6,7
agr_0397,397,of_in_question,be_present,worker,workers,association,associations,PP,plural,plural,The workers of the associations in question,is,are,are,is,The workers of the associations in question are responsible for the decision.,1,1,4,4,6,7
agr_0398,398,of_in_question,be_present,researcher,researchers,organization,organizations,SS,singular,singular,The researcher of the organization in question,is,are,is,are,The researcher of the organization in question is responsible for the decision.,1,1,4,4,6,7
agr_0398,398,of_in_question,be_present,researcher,researchers,organization,organizations,SP,singular,plural,The researcher of the organizations in question,is,are,is,are,The researcher of the organizations in question is responsible for the decision.,1,1,4,4,6,7
agr_0398,398,of_in_question,be_present,researcher,researchers,organization,organizations,PS,plural,singular,The researchers of the organization in question,is,are,are,is,The researchers of the organization in question are responsible for the decision.,1,1,4,4,6,7
agr_0398,398,of_in_question,be_present,researcher,researchers,organization,organizations,PP,plural,plural,The researchers of the organizations in question,is,are,are,is,The researchers of the organizations in question are responsible for the decision.,1,1,4,4,6,7
agr_0399,399,of_in_question,be_present,representative,representatives,council,councils,SS,singular,singular,The representative of the council in question,is,are,is,are,The representative of the council in question is responsible for the decision.,1,1,4,4,6,7
agr_0399,399,of_in_question,be_present,representative,representatives,council,councils,SP,singular,plural,The representative of the councils in question,is,are,is,are,The representative of the councils in question is responsible for the decision.,1,1,4,4,6,7
agr_0399,399,of_in_question,be_present,representative,representatives,council,councils,PS,plural,singular,The representatives of the council in question,is,are,are,is,The representatives of the council in question are responsible for the decision.,1,1,4,4,6,7
agr_0399,399,of_in_question,be_present,representative,representatives,council,councils,PP,plural,plural,The representatives of the councils in question,is,are,are,is,The representatives of the councils in question are responsible for the decision.,1,1,4,4,6,7
