model_tag,model,item_id,condition,prompt,margin,pass_margin_gt_0,pass_margin_gt_1
phi2,Phi-2,agr_0000,SS,The reporter of the authority in question,5.395254135131836,True,True
phi2,Phi-2,agr_0000,SP,The reporter of the authorities in question,2.6261348724365234,True,True
phi2,Phi-2,agr_0000,PS,The reporters of the authority in question,4.894191741943359,True,True
phi2,Phi-2,agr_0000,PP,The reporters of the authorities in question,5.742598533630371,True,True
phi2,Phi-2,agr_0001,SS,The auditor of the branch in question,6.155623435974121,True,True
phi2,Phi-2,agr_0001,SP,The auditor of the branches in question,1.6951799392700195,True,True
phi2,Phi-2,agr_0001,PS,The auditors of the branch in question,5.100175857543945,True,True
phi2,Phi-2,agr_0001,PP,The auditors of the branches in question,6.456007957458496,True,True
phi2,Phi-2,agr_0002,SS,The auditor of the firm in question,6.460192680358887,True,True
phi2,Phi-2,agr_0002,SP,The auditor of the firms in question,1.4064874649047852,True,True
phi2,Phi-2,agr_0002,PS,The auditors of the firm in question,4.893632888793945,True,True
phi2,Phi-2,agr_0002,PP,The auditors of the firms in question,6.607630729675293,True,True
phi2,Phi-2,agr_0003,SS,The programmer of the platform in question,6.569976806640625,True,True
phi2,Phi-2,agr_0003,SP,The programmer of the platforms in question,1.7638912200927734,True,True
phi2,Phi-2,agr_0003,PS,The programmers of the platform in question,5.641330718994141,True,True
phi2,Phi-2,agr_0003,PP,The programmers of the platforms in question,7.004304885864258,True,True
phi2,Phi-2,agr_0004,SS,The lecturer of the university in question,6.074123382568359,True,True
phi2,Phi-2,agr_0004,SP,The lecturer of the universities in question,0.4805908203125,True,False
phi2,Phi-2,agr_0004,PS,The lecturers of the university in question,4.934582710266113,True,True
phi2,Phi-2,agr_0004,PP,The lecturers of the universities in question,6.614532470703125,True,True
phi2,Phi-2,agr_0005,SS,The owner of the panel in question,7.082608222961426,True,True
phi2,Phi-2,agr_0005,SP,The owner of the panels in question,5.252225875854492,True,True
phi2,Phi-2,agr_0005,PS,The owners of the panel in question,5.313295364379883,True,True
phi2,Phi-2,agr_0005,PP,The owners of the panels in question,6.445853233337402,True,True
phi2,Phi-2,agr_0006,SS,The officer of the board in question,6.131587982177734,True,True
phi2,Phi-2,agr_0006,SP,The officer of the boards in question,1.2138147354125977,True,True
phi2,Phi-2,agr_0006,PS,The officers of the board in question,5.359930038452148,True,True
phi2,Phi-2,agr_0006,PP,The officers of the boards in question,7.3221330642700195,True,True
phi2,Phi-2,agr_0007,SS,The executive of the agency in question,5.399139404296875,True,True
phi2,Phi-2,agr_0007,SP,The executive of the agencies in question,0.7573280334472656,True,False
phi2,Phi-2,agr_0007,PS,The executives of the agency in question,5.4879302978515625,True,True
phi2,Phi-2,agr_0007,PP,The executives of the agencies in question,7.048001289367676,True,True
phi2,Phi-2,agr_0008,SS,The planner of the ministry in question,5.848902702331543,True,True
phi2,Phi-2,agr_0008,SP,The planner of the ministries in question,1.9688520431518557,True,True
phi2,Phi-2,agr_0008,PS,The planners of the ministry in question,5.209379196166992,True,True
phi2,Phi-2,agr_0008,PP,The planners of the ministries in question,6.848979949951172,True,True
phi2,Phi-2,agr_0009,SS,The representative of the club in question,6.4847259521484375,True,True
phi2,Phi-2,agr_0009,SP,The representative of the clubs in question,1.784036636352539,True,True
phi2,Phi-2,agr_0009,PS,The representatives of the club in question,5.351300239562988,True,True
phi2,Phi-2,agr_0009,PP,The representatives of the clubs in question,6.804800033569336,True,True
phi2,Phi-2,agr_0010,SS,The author of the facility in question,6.546588897705078,True,True
phi2,Phi-2,agr_0010,SP,The author of the facilities in question,2.8459033966064453,True,True
phi2,Phi-2,agr_0010,PS,The authors of the facility in question,4.734358787536621,True,True
phi2,Phi-2,agr_0010,PP,The authors of the facilities in question,5.85352897644043,True,True
phi2,Phi-2,agr_0011,SS,The representative of the project in question,6.764820098876953,True,True
phi2,Phi-2,agr_0011,SP,The representative of the projects in question,2.2646169662475586,True,True
phi2,Phi-2,agr_0011,PS,The representatives of the project in question,4.937142372131348,True,True
phi2,Phi-2,agr_0011,PP,The representatives of the projects in question,7.032428741455078,True,True
phi2,Phi-2,agr_0012,SS,The member of the bureau in question,5.786182403564453,True,True
phi2,Phi-2,agr_0012,SP,The member of the bureaus in question,0.2150611877441406,True,False
phi2,Phi-2,agr_0012,PS,The members of the bureau in question,5.467759132385254,True,True
phi2,Phi-2,agr_0012,PP,The members of the bureaus in question,6.967233657836914,True,True
phi2,Phi-2,agr_0013,SS,The advisor of the council in question,5.565760612487793,True,True
phi2,Phi-2,agr_0013,SP,The advisor of the councils in question,1.8251705169677732,True,True
phi2,Phi-2,agr_0013,PS,The advisors of the council in question,4.382615089416504,True,True
phi2,Phi-2,agr_0013,PP,The advisors of the councils in question,6.163602828979492,True,True
phi2,Phi-2,agr_0014,SS,The student of the organization in question,5.012177467346191,True,True
phi2,Phi-2,agr_0014,SP,The student of the organizations in question,0.6111412048339844,True,False
phi2,Phi-2,agr_0014,PS,The students of the organization in question,5.193475723266602,True,True
phi2,Phi-2,agr_0014,PP,The students of the organizations in question,6.633099555969238,True,True
phi2,Phi-2,agr_0015,SS,The advisor of the service in question,5.374887466430664,True,True
phi2,Phi-2,agr_0015,SP,The advisor of the services in question,2.5345916748046875,True,True
phi2,Phi-2,agr_0015,PS,The advisors of the service in question,3.984644889831543,True,True
phi2,Phi-2,agr_0015,PP,The advisors of the services in question,5.970614433288574,True,True
phi2,Phi-2,agr_0016,SS,The student of the department in question,4.862610816955566,True,True
phi2,Phi-2,agr_0016,SP,The student of the departments in question,0.7539577484130859,True,False
phi2,Phi-2,agr_0016,PS,The students of the department in question,5.946110725402832,True,True
phi2,Phi-2,agr_0016,PP,The students of the departments in question,6.794105529785156,True,True
phi2,Phi-2,agr_0017,SS,The journalist of the program in question,5.881660461425781,True,True
phi2,Phi-2,agr_0017,SP,The journalist of the programs in question,1.7766027450561523,True,True
phi2,Phi-2,agr_0017,PS,The journalists of the program in question,5.064051628112793,True,True
phi2,Phi-2,agr_0017,PP,The journalists of the programs in question,6.5354413986206055,True,True
phi2,Phi-2,agr_0018,SS,The director of the unit in question,6.849709510803223,True,True
phi2,Phi-2,agr_0018,SP,The director of the units in question,2.005560874938965,True,True
phi2,Phi-2,agr_0018,PS,The directors of the unit in question,5.263669013977051,True,True
phi2,Phi-2,agr_0018,PP,The directors of the units in question,6.834386825561523,True,True
phi2,Phi-2,agr_0019,SS,The candidate of the council in question,4.968562126159668,True,True
phi2,Phi-2,agr_0019,SP,The candidate of the councils in question,0.8173675537109375,True,False
phi2,Phi-2,agr_0019,PS,The candidates of the council in question,5.322198867797852,True,True
phi2,Phi-2,agr_0019,PP,The candidates of the councils in question,7.020545959472656,True,True
phi2,Phi-2,agr_0020,SS,The scientist of the school in question,6.145044326782227,True,True
phi2,Phi-2,agr_0020,SP,The scientist of the schools in question,0.8368434906005859,True,False
phi2,Phi-2,agr_0020,PS,The scientists of the school in question,5.298613548278809,True,True
phi2,Phi-2,agr_0020,PP,The scientists of the schools in question,6.655274391174316,True,True
phi2,Phi-2,agr_0021,SS,The painter of the alliance in question,6.59104061126709,True,True
phi2,Phi-2,agr_0021,SP,The painter of the alliances in question,4.242870330810547,True,True
phi2,Phi-2,agr_0021,PS,The painters of the alliance in question,5.620126724243164,True,True
phi2,Phi-2,agr_0021,PP,The painters of the alliances in question,6.451844215393066,True,True
phi2,Phi-2,agr_0022,SS,The director of the consortium in question,6.800154685974121,True,True
phi2,Phi-2,agr_0022,SP,The director of the consortiums in question,1.9654111862182615,True,True
phi2,Phi-2,agr_0022,PS,The directors of the consortium in question,4.687504768371582,True,True
phi2,Phi-2,agr_0022,PP,The directors of the consortiums in question,6.690933227539063,True,True
phi2,Phi-2,agr_0023,SS,The researcher of the partnership in question,6.638867378234863,True,True
phi2,Phi-2,agr_0023,SP,The researcher of the partnerships in question,3.814755439758301,True,True
phi2,Phi-2,agr_0023,PS,The researchers of the partnership in question,4.265907287597656,True,True
phi2,Phi-2,agr_0023,PP,The researchers of the partnerships in question,6.448909759521484,True,True
phi2,Phi-2,agr_0024,SS,The leader of the coalition in question,7.225836753845215,True,True
phi2,Phi-2,agr_0024,SP,The leader of the coalitions in question,3.222153663635254,True,True
phi2,Phi-2,agr_0024,PS,The leaders of the coalition in question,4.594794273376465,True,True
phi2,Phi-2,agr_0024,PP,The leaders of the coalitions in question,6.929557800292969,True,True
phi2,Phi-2,agr_0025,SS,The engineer of the platform in question,7.0224809646606445,True,True
phi2,Phi-2,agr_0025,SP,The engineer of the platforms in question,2.789504051208496,True,True
phi2,Phi-2,agr_0025,PS,The engineers of the platform in question,5.090688705444336,True,True
phi2,Phi-2,agr_0025,PP,The engineers of the platforms in question,6.7691192626953125,True,True
phi2,Phi-2,agr_0026,SS,The driver of the forum in question,7.21574592590332,True,True
phi2,Phi-2,agr_0026,SP,The driver of the forums in question,2.8627443313598637,True,True
phi2,Phi-2,agr_0026,PS,The drivers of the forum in question,4.565203666687012,True,True
phi2,Phi-2,agr_0026,PP,The drivers of the forums in question,6.40571403503418,True,True
phi2,Phi-2,agr_0027,SS,The administrator of the region in question,6.893741607666016,True,True
phi2,Phi-2,agr_0027,SP,The administrator of the regions in question,1.458391189575195,True,True
phi2,Phi-2,agr_0027,PS,The administrators of the region in question,5.211095809936523,True,True
phi2,Phi-2,agr_0027,PP,The administrators of the regions in question,6.735397338867188,True,True
phi2,Phi-2,agr_0028,SS,The inspector of the project in question,6.7610063552856445,True,True
phi2,Phi-2,agr_0028,SP,The inspector of the projects in question,2.672371864318848,True,True
phi2,Phi-2,agr_0028,PS,The inspectors of the project in question,5.63081169128418,True,True
phi2,Phi-2,agr_0028,PP,The inspectors of the projects in question,6.758316040039063,True,True
phi2,Phi-2,agr_0029,SS,The technician of the project in question,6.348206520080566,True,True
phi2,Phi-2,agr_0029,SP,The technician of the projects in question,1.7603225708007812,True,True
phi2,Phi-2,agr_0029,PS,The technicians of the project in question,5.773740768432617,True,True
phi2,Phi-2,agr_0029,PP,The technicians of the projects in question,7.153779983520508,True,True
phi2,Phi-2,agr_0030,SS,The student of the institution in question,4.720002174377441,True,True
phi2,Phi-2,agr_0030,SP,The student of the institutions in question,0.3630886077880859,True,False
phi2,Phi-2,agr_0030,PS,The students of the institution in question,5.535616874694824,True,True
phi2,Phi-2,agr_0030,PP,The students of the institutions in question,7.056694030761719,True,True
phi2,Phi-2,agr_0031,SS,The doctor of the coalition in question,5.404440879821777,True,True
phi2,Phi-2,agr_0031,SP,The doctor of the coalitions in question,1.2478179931640625,True,True
phi2,Phi-2,agr_0031,PS,The doctors of the coalition in question,5.395662307739258,True,True
phi2,Phi-2,agr_0031,PP,The doctors of the coalitions in question,6.853615760803223,True,True
phi2,Phi-2,agr_0032,SS,The teacher of the firm in question,6.523475646972656,True,True
phi2,Phi-2,agr_0032,SP,The teacher of the firms in question,1.7360143661499023,True,True
phi2,Phi-2,agr_0032,PS,The teachers of the firm in question,5.523573875427246,True,True
phi2,Phi-2,agr_0032,PP,The teachers of the firms in question,7.060592651367188,True,True
phi2,Phi-2,agr_0033,SS,The auditor of the district in question,6.88706111907959,True,True
phi2,Phi-2,agr_0033,SP,The auditor of the districts in question,1.505624771118164,True,True
phi2,Phi-2,agr_0033,PS,The auditors of the district in question,5.128832817077637,True,True
phi2,Phi-2,agr_0033,PP,The auditors of the districts in question,6.638432502746582,True,True
phi2,Phi-2,agr_0034,SS,The designer of the coalition in question,6.478699684143066,True,True
phi2,Phi-2,agr_0034,SP,The designer of the coalitions in question,2.3005523681640625,True,True
phi2,Phi-2,agr_0034,PS,The designers of the coalition in question,6.164669990539551,True,True
phi2,Phi-2,agr_0034,PP,The designers of the coalitions in question,7.321245193481445,True,True
phi2,Phi-2,agr_0035,SS,The consultant of the region in question,5.955839157104492,True,True
phi2,Phi-2,agr_0035,SP,The consultant of the regions in question,1.9616498947143557,True,True
phi2,Phi-2,agr_0035,PS,The consultants of the region in question,5.168283462524414,True,True
phi2,Phi-2,agr_0035,PP,The consultants of the regions in question,6.297410011291504,True,True
phi2,Phi-2,agr_0036,SS,The auditor of the division in question,5.931983947753906,True,True
phi2,Phi-2,agr_0036,SP,The auditor of the divisions in question,1.257554054260254,True,True
phi2,Phi-2,agr_0036,PS,The auditors of the division in question,5.410344123840332,True,True
phi2,Phi-2,agr_0036,PP,The auditors of the divisions in question,6.607695579528809,True,True
phi2,Phi-2,agr_0037,SS,The engineer of the institute in question,6.739475250244141,True,True
phi2,Phi-2,agr_0037,SP,The engineer of the institutes in question,1.8702526092529297,True,True
phi2,Phi-2,agr_0037,PS,The engineers of the institute in question,5.257140159606934,True,True
phi2,Phi-2,agr_0037,PP,The engineers of the institutes in question,6.664710998535156,True,True
phi2,Phi-2,agr_0038,SS,The examiner of the division in question,6.357684135437012,True,True
phi2,Phi-2,agr_0038,SP,The examiner of the divisions in question,2.1939239501953125,True,True
phi2,Phi-2,agr_0038,PS,The examiners of the division in question,5.514586448669434,True,True
phi2,Phi-2,agr_0038,PP,The examiners of the divisions in question,6.796819686889648,True,True
phi2,Phi-2,agr_0039,SS,The member of the partnership in question,5.459702491760254,True,True
phi2,Phi-2,agr_0039,SP,The member of the partnerships in question,0.8533811569213867,True,False
phi2,Phi-2,agr_0039,PS,The members of the partnership in question,4.647889137268066,True,True
phi2,Phi-2,agr_0039,PP,The members of the partnerships in question,6.917807579040527,True,True
phi2,Phi-2,agr_0040,SS,The coordinator of the hospital in question,6.971603393554688,True,True
phi2,Phi-2,agr_0040,SP,The coordinator of the hospitals in question,2.329623222351074,True,True
phi2,Phi-2,agr_0040,PS,The coordinators of the hospital in question,4.498149871826172,True,True
phi2,Phi-2,agr_0040,PP,The coordinators of the hospitals in question,6.516925811767578,True,True
phi2,Phi-2,agr_0041,SS,The leader of the company in question,7.890276908874512,True,True
phi2,Phi-2,agr_0041,SP,The leader of the companies in question,2.977057456970215,True,True
phi2,Phi-2,agr_0041,PS,The leaders of the company in question,4.993294715881348,True,True
phi2,Phi-2,agr_0041,PP,The leaders of the companies in question,6.986630439758301,True,True
phi2,Phi-2,agr_0042,SS,The director of the organization in question,6.730548858642578,True,True
phi2,Phi-2,agr_0042,SP,The director of the organizations in question,1.3923463821411133,True,True
phi2,Phi-2,agr_0042,PS,The directors of the organization in question,4.598876953125,True,True
phi2,Phi-2,agr_0042,PP,The directors of the organizations in question,6.903203010559082,True,True
phi2,Phi-2,agr_0043,SS,The manager of the centre in question,7.086788177490234,True,True
phi2,Phi-2,agr_0043,SP,The manager of the centres in question,1.5457992553710938,True,True
phi2,Phi-2,agr_0043,PS,The managers of the centre in question,5.092164039611816,True,True
phi2,Phi-2,agr_0043,PP,The managers of the centres in question,7.216888427734375,True,True
phi2,Phi-2,agr_0044,SS,The doctor of the board in question,5.853331565856934,True,True
phi2,Phi-2,agr_0044,SP,The doctor of the boards in question,2.645735740661621,True,True
phi2,Phi-2,agr_0044,PS,The doctors of the board in question,4.174991607666016,True,True
phi2,Phi-2,agr_0044,PP,The doctors of the boards in question,6.566988945007324,True,True
phi2,Phi-2,agr_0045,SS,The student of the company in question,5.315157890319824,True,True
phi2,Phi-2,agr_0045,SP,The student of the companies in question,0.5022525787353516,True,False
phi2,Phi-2,agr_0045,PS,The students of the company in question,5.858559608459473,True,True
phi2,Phi-2,agr_0045,PP,The students of the companies in question,6.671865463256836,True,True
phi2,Phi-2,agr_0046,SS,The lecturer of the alliance in question,5.219316482543945,True,True
phi2,Phi-2,agr_0046,SP,The lecturer of the alliances in question,2.198589324951172,True,True
phi2,Phi-2,agr_0046,PS,The lecturers of the alliance in question,5.017117500305176,True,True
phi2,Phi-2,agr_0046,PP,The lecturers of the alliances in question,6.543120384216309,True,True
phi2,Phi-2,agr_0047,SS,The consultant of the authority in question,5.029670715332031,True,True
phi2,Phi-2,agr_0047,SP,The consultant of the authorities in question,2.995416641235352,True,True
phi2,Phi-2,agr_0047,PS,The consultants of the authority in question,4.611283302307129,True,True
phi2,Phi-2,agr_0047,PP,The consultants of the authorities in question,6.117450714111328,True,True
phi2,Phi-2,agr_0048,SS,The researcher of the group in question,6.20860481262207,True,True
phi2,Phi-2,agr_0048,SP,The researcher of the groups in question,2.026195526123047,True,True
phi2,Phi-2,agr_0048,PS,The researchers of the group in question,4.581112861633301,True,True
phi2,Phi-2,agr_0048,PP,The researchers of the groups in question,6.274113655090332,True,True
phi2,Phi-2,agr_0049,SS,The reporter of the college in question,6.318071365356445,True,True
phi2,Phi-2,agr_0049,SP,The reporter of the colleges in question,1.5308361053466797,True,True
phi2,Phi-2,agr_0049,PS,The reporters of the college in question,5.1084489822387695,True,True
phi2,Phi-2,agr_0049,PP,The reporters of the colleges in question,6.508029937744141,True,True
phi2,Phi-2,agr_0050,SS,The reporter of the network in question,6.336024284362793,True,True
phi2,Phi-2,agr_0050,SP,The reporter of the networks in question,1.4861078262329102,True,True
phi2,Phi-2,agr_0050,PS,The reporters of the network in question,5.4183197021484375,True,True
phi2,Phi-2,agr_0050,PP,The reporters of the networks in question,6.960286140441895,True,True
phi2,Phi-2,agr_0051,SS,The lecturer of the firm in question,5.677227973937988,True,True
phi2,Phi-2,agr_0051,SP,The lecturer of the firms in question,0.7114963531494141,True,False
phi2,Phi-2,agr_0051,PS,The lecturers of the firm in question,4.858475685119629,True,True
phi2,Phi-2,agr_0051,PP,The lecturers of the firms in question,6.385322570800781,True,True
phi2,Phi-2,agr_0052,SS,The artist of the facility in question,6.364279747009277,True,True
phi2,Phi-2,agr_0052,SP,The artist of the facilities in question,2.772676467895508,True,True
phi2,Phi-2,agr_0052,PS,The artists of the facility in question,6.406833648681641,True,True
phi2,Phi-2,agr_0052,PP,The artists of the facilities in question,6.996198654174805,True,True
phi2,Phi-2,agr_0053,SS,The editor of the institute in question,6.428158760070801,True,True
phi2,Phi-2,agr_0053,SP,The editor of the institutes in question,1.1412696838378906,True,True
phi2,Phi-2,agr_0053,PS,The editors of the institute in question,4.339229583740234,True,True
phi2,Phi-2,agr_0053,PP,The editors of the institutes in question,5.908185958862305,True,True
phi2,Phi-2,agr_0054,SS,The employee of the agency in question,5.470191955566406,True,True
phi2,Phi-2,agr_0054,SP,The employee of the agencies in question,0.0758228302001953,True,False
phi2,Phi-2,agr_0054,PS,The employees of the agency in question,6.154104232788086,True,True
phi2,Phi-2,agr_0054,PP,The employees of the agencies in question,7.455946922302246,True,True
phi2,Phi-2,agr_0055,SS,The planner of the district in question,6.673402786254883,True,True
phi2,Phi-2,agr_0055,SP,The planner of the districts in question,3.104145050048828,True,True
phi2,Phi-2,agr_0055,PS,The planners of the district in question,5.193689346313477,True,True
phi2,Phi-2,agr_0055,PP,The planners of the districts in question,6.731988906860352,True,True
phi2,Phi-2,agr_0056,SS,The scientist of the sector in question,5.043729782104492,True,True
phi2,Phi-2,agr_0056,SP,The scientist of the sectors in question,1.4401512145996094,True,True
phi2,Phi-2,agr_0056,PS,The scientists of the sector in question,4.851046562194824,True,True
phi2,Phi-2,agr_0056,PP,The scientists of the sectors in question,6.393989562988281,True,True
phi2,Phi-2,agr_0057,SS,The doctor of the station in question,6.226916313171387,True,True
phi2,Phi-2,agr_0057,SP,The doctor of the stations in question,1.1045331954956057,True,True
phi2,Phi-2,agr_0057,PS,The doctors of the station in question,5.419075965881348,True,True
phi2,Phi-2,agr_0057,PP,The doctors of the stations in question,6.891872406005859,True,True
phi2,Phi-2,agr_0058,SS,The employee of the enterprise in question,4.839176177978516,True,True
phi2,Phi-2,agr_0058,SP,The employee of the enterprises in question,-0.0467643737792968,False,False
phi2,Phi-2,agr_0058,PS,The employees of the enterprise in question,5.114901542663574,True,True
phi2,Phi-2,agr_0058,PP,The employees of the enterprises in question,6.977442741394043,True,True
phi2,Phi-2,agr_0059,SS,The administrator of the project in question,6.904925346374512,True,True
phi2,Phi-2,agr_0059,SP,The administrator of the projects in question,2.8627166748046875,True,True
phi2,Phi-2,agr_0059,PS,The administrators of the project in question,4.894922256469727,True,True
phi2,Phi-2,agr_0059,PP,The administrators of the projects in question,6.892548561096191,True,True
phi2,Phi-2,agr_0060,SS,The supervisor of the group in question,6.204007148742676,True,True
phi2,Phi-2,agr_0060,SP,The supervisor of the groups in question,1.9472579956054688,True,True
phi2,Phi-2,agr_0060,PS,The supervisors of the group in question,4.586335182189941,True,True
phi2,Phi-2,agr_0060,PP,The supervisors of the groups in question,6.399083137512207,True,True
phi2,Phi-2,agr_0061,SS,The technician of the college in question,6.209693908691406,True,True
phi2,Phi-2,agr_0061,SP,The technician of the colleges in question,0.7856025695800781,True,False
phi2,Phi-2,agr_0061,PS,The technicians of the college in question,5.4353132247924805,True,True
phi2,Phi-2,agr_0061,PP,The technicians of the colleges in question,7.048124313354492,True,True
phi2,Phi-2,agr_0062,SS,The doctor of the facility in question,6.04219913482666,True,True
phi2,Phi-2,agr_0062,SP,The doctor of the facilities in question,2.411808967590332,True,True
phi2,Phi-2,agr_0062,PS,The doctors of the facility in question,5.239069938659668,True,True
phi2,Phi-2,agr_0062,PP,The doctors of the facilities in question,7.288423538208008,True,True
phi2,Phi-2,agr_0063,SS,The owner of the agency in question,7.08119010925293,True,True
phi2,Phi-2,agr_0063,SP,The owner of the agencies in question,1.7349004745483398,True,True
phi2,Phi-2,agr_0063,PS,The owners of the agency in question,4.872000694274902,True,True
phi2,Phi-2,agr_0063,PP,The owners of the agencies in question,6.915387153625488,True,True
phi2,Phi-2,agr_0064,SS,The supervisor of the district in question,7.259286880493164,True,True
phi2,Phi-2,agr_0064,SP,The supervisor of the districts in question,2.190526962280273,True,True
phi2,Phi-2,agr_0064,PS,The supervisors of the district in question,4.635566711425781,True,True
phi2,Phi-2,agr_0064,PP,The supervisors of the districts in question,6.34220027923584,True,True
phi2,Phi-2,agr_0065,SS,The analyst of the bureau in question,6.081432342529297,True,True
phi2,Phi-2,agr_0065,SP,The analyst of the bureaus in question,1.4937810897827148,True,True
phi2,Phi-2,agr_0065,PS,The analysts of the bureau in question,5.535015106201172,True,True
phi2,Phi-2,agr_0065,PP,The analysts of the bureaus in question,6.734180450439453,True,True
phi2,Phi-2,agr_0066,SS,The journalist of the agency in question,5.886565208435059,True,True
phi2,Phi-2,agr_0066,SP,The journalist of the agencies in question,0.6628141403198242,True,False
phi2,Phi-2,agr_0066,PS,The journalists of the agency in question,4.60630989074707,True,True
phi2,Phi-2,agr_0066,PP,The journalists of the agencies in question,6.72325325012207,True,True
phi2,Phi-2,agr_0067,SS,The driver of the partnership in question,7.266207695007324,True,True
phi2,Phi-2,agr_0067,SP,The driver of the partnerships in question,1.940866470336914,True,True
phi2,Phi-2,agr_0067,PS,The drivers of the partnership in question,4.091839790344238,True,True
phi2,Phi-2,agr_0067,PP,The drivers of the partnerships in question,6.655345916748047,True,True
phi2,Phi-2,agr_0068,SS,The designer of the university in question,7.0830488204956055,True,True
phi2,Phi-2,agr_0068,SP,The designer of the universities in question,2.560077667236328,True,True
phi2,Phi-2,agr_0068,PS,The designers of the university in question,5.955763816833496,True,True
phi2,Phi-2,agr_0068,PP,The designers of the universities in question,7.2922868728637695,True,True
phi2,Phi-2,agr_0069,SS,The teacher of the institution in question,6.31402587890625,True,True
phi2,Phi-2,agr_0069,SP,The teacher of the institutions in question,1.6022958755493164,True,True
phi2,Phi-2,agr_0069,PS,The teachers of the institution in question,4.809090614318848,True,True
phi2,Phi-2,agr_0069,PP,The teachers of the institutions in question,7.270838737487793,True,True
phi2,Phi-2,agr_0070,SS,The supervisor of the institution in question,6.623067855834961,True,True
phi2,Phi-2,agr_0070,SP,The supervisor of the institutions in question,1.8608074188232424,True,True
phi2,Phi-2,agr_0070,PS,The supervisors of the institution in question,3.6048316955566406,True,True
phi2,Phi-2,agr_0070,PP,The supervisors of the institutions in question,6.476352691650391,True,True
phi2,Phi-2,agr_0071,SS,The accountant of the coalition in question,6.419458389282227,True,True
phi2,Phi-2,agr_0071,SP,The accountant of the coalitions in question,1.6968345642089844,True,True
phi2,Phi-2,agr_0071,PS,The accountants of the coalition in question,5.275153160095215,True,True
phi2,Phi-2,agr_0071,PP,The accountants of the coalitions in question,6.642087936401367,True,True
phi2,Phi-2,agr_0072,SS,The architect of the organization in question,6.672843933105469,True,True
phi2,Phi-2,agr_0072,SP,The architect of the organizations in question,1.7014999389648438,True,True
phi2,Phi-2,agr_0072,PS,The architects of the organization in question,5.343945503234863,True,True
phi2,Phi-2,agr_0072,PP,The architects of the organizations in question,7.170456886291504,True,True
phi2,Phi-2,agr_0073,SS,The assistant of the district in question,5.713986396789551,True,True
phi2,Phi-2,agr_0073,SP,The assistant of the districts in question,0.6587657928466797,True,False
phi2,Phi-2,agr_0073,PS,The assistants of the district in question,4.265244483947754,True,True
phi2,Phi-2,agr_0073,PP,The assistants of the districts in question,6.205904960632324,True,True
phi2,Phi-2,agr_0074,SS,The lecturer of the organization in question,4.785943031311035,True,True
phi2,Phi-2,agr_0074,SP,The lecturer of the organizations in question,0.7566080093383789,True,False
phi2,Phi-2,agr_0074,PS,The lecturers of the organization in question,4.46117115020752,True,True
phi2,Phi-2,agr_0074,PP,The lecturers of the organizations in question,6.452905654907227,True,True
phi2,Phi-2,agr_0075,SS,The inspector of the centre in question,6.41486930847168,True,True
phi2,Phi-2,agr_0075,SP,The inspector of the centres in question,1.6085271835327148,True,True
phi2,Phi-2,agr_0075,PS,The inspectors of the centre in question,5.720768928527832,True,True
phi2,Phi-2,agr_0075,PP,The inspectors of the centres in question,6.960689544677734,True,True
phi2,Phi-2,agr_0076,SS,The evaluator of the coalition in question,6.108269691467285,True,True
phi2,Phi-2,agr_0076,SP,The evaluator of the coalitions in question,1.848773002624512,True,True
phi2,Phi-2,agr_0076,PS,The evaluators of the coalition in question,5.410212516784668,True,True
phi2,Phi-2,agr_0076,PP,The evaluators of the coalitions in question,6.898992538452148,True,True
phi2,Phi-2,agr_0077,SS,The director of the team in question,6.352059364318848,True,True
phi2,Phi-2,agr_0077,SP,The director of the teams in question,1.0524215698242188,True,True
phi2,Phi-2,agr_0077,PS,The directors of the team in question,5.199257850646973,True,True
phi2,Phi-2,agr_0077,PP,The directors of the teams in question,6.839344024658203,True,True
phi2,Phi-2,agr_0078,SS,The researcher of the forum in question,6.842114448547363,True,True
phi2,Phi-2,agr_0078,SP,The researcher of the forums in question,4.371955871582031,True,True
phi2,Phi-2,agr_0078,PS,The researchers of the forum in question,5.425761222839356,True,True
phi2,Phi-2,agr_0078,PP,The researchers of the forums in question,6.469559669494629,True,True
phi2,Phi-2,agr_0079,SS,The evaluator of the service in question,5.615324020385742,True,True
phi2,Phi-2,agr_0079,SP,The evaluator of the services in question,3.490863800048828,True,True
phi2,Phi-2,agr_0079,PS,The evaluators of the service in question,4.558873176574707,True,True
phi2,Phi-2,agr_0079,PP,The evaluators of the services in question,6.109354019165039,True,True
phi2,Phi-2,agr_0080,SS,The editor of the station in question,6.418002128601074,True,True
phi2,Phi-2,agr_0080,SP,The editor of the stations in question,1.3753633499145508,True,True
phi2,Phi-2,agr_0080,PS,The editors of the station in question,4.274707794189453,True,True
phi2,Phi-2,agr_0080,PP,The editors of the stations in question,5.970639228820801,True,True
phi2,Phi-2,agr_0081,SS,The executive of the company in question,5.938689231872559,True,True
phi2,Phi-2,agr_0081,SP,The executive of the companies in question,0.8121442794799805,True,False
phi2,Phi-2,agr_0081,PS,The executives of the company in question,6.1582136154174805,True,True
phi2,Phi-2,agr_0081,PP,The executives of the companies in question,7.168203353881836,True,True
phi2,Phi-2,agr_0082,SS,The auditor of the consortium in question,6.257238388061523,True,True
phi2,Phi-2,agr_0082,SP,The auditor of the consortiums in question,1.713144302368164,True,True
phi2,Phi-2,agr_0082,PS,The auditors of the consortium in question,5.012789726257324,True,True
phi2,Phi-2,agr_0082,PP,The auditors of the consortiums in question,6.508885383605957,True,True
phi2,Phi-2,agr_0083,SS,The painter of the division in question,6.220059394836426,True,True
phi2,Phi-2,agr_0083,SP,The painter of the divisions in question,3.896719932556152,True,True
phi2,Phi-2,agr_0083,PS,The painters of the division in question,5.70966911315918,True,True
phi2,Phi-2,agr_0083,PP,The painters of the divisions in question,6.087883949279785,True,True
phi2,Phi-2,agr_0084,SS,The advisor of the group in question,5.972933769226074,True,True
phi2,Phi-2,agr_0084,SP,The advisor of the groups in question,1.5243377685546875,True,True
phi2,Phi-2,agr_0084,PS,The advisors of the group in question,4.560285568237305,True,True
phi2,Phi-2,agr_0084,PP,The advisors of the groups in question,6.283502578735352,True,True
phi2,Phi-2,agr_0085,SS,The advisor of the network in question,5.613004684448242,True,True
phi2,Phi-2,agr_0085,SP,The advisor of the networks in question,1.5078773498535156,True,True
phi2,Phi-2,agr_0085,PS,The advisors of the network in question,4.066479682922363,True,True
phi2,Phi-2,agr_0085,PP,The advisors of the networks in question,6.216681480407715,True,True
phi2,Phi-2,agr_0086,SS,The planner of the division in question,6.208792686462402,True,True
phi2,Phi-2,agr_0086,SP,The planner of the divisions in question,2.8689069747924805,True,True
phi2,Phi-2,agr_0086,PS,The planners of the division in question,5.312666893005371,True,True
phi2,Phi-2,agr_0086,PP,The planners of the divisions in question,6.599183082580566,True,True
phi2,Phi-2,agr_0087,SS,The supervisor of the company in question,7.027235984802246,True,True
phi2,Phi-2,agr_0087,SP,The supervisor of the companies in question,1.969316482543945,True,True
phi2,Phi-2,agr_0087,PS,The supervisors of the company in question,4.751690864562988,True,True
phi2,Phi-2,agr_0087,PP,The supervisors of the companies in question,6.72769832611084,True,True
phi2,Phi-2,agr_0088,SS,The consultant of the forum in question,5.906768798828125,True,True
phi2,Phi-2,agr_0088,SP,The consultant of the forums in question,2.136777877807617,True,True
phi2,Phi-2,agr_0088,PS,The consultants of the forum in question,5.4685821533203125,True,True
phi2,Phi-2,agr_0088,PP,The consultants of the forums in question,6.702152252197266,True,True
phi2,Phi-2,agr_0089,SS,The candidate of the hospital in question,5.559802055358887,True,True
phi2,Phi-2,agr_0089,SP,The candidate of the hospitals in question,0.5846900939941406,True,False
phi2,Phi-2,agr_0089,PS,The candidates of the hospital in question,5.223283767700195,True,True
phi2,Phi-2,agr_0089,PP,The candidates of the hospitals in question,6.640655517578125,True,True
phi2,Phi-2,agr_0090,SS,The architect of the ministry in question,6.964580535888672,True,True
phi2,Phi-2,agr_0090,SP,The architect of the ministries in question,2.5587158203125,True,True
phi2,Phi-2,agr_0090,PS,The architects of the ministry in question,5.373208045959473,True,True
phi2,Phi-2,agr_0090,PP,The architects of the ministries in question,7.206257820129394,True,True
phi2,Phi-2,agr_0091,SS,The executive of the district in question,5.880321502685547,True,True
phi2,Phi-2,agr_0091,SP,The executive of the districts in question,0.5495500564575195,True,False
phi2,Phi-2,agr_0091,PS,The executives of the district in question,5.595578193664551,True,True
phi2,Phi-2,agr_0091,PP,The executives of the districts in question,6.906955718994141,True,True
phi2,Phi-2,agr_0092,SS,The evaluator of the authority in question,5.431313514709473,True,True
phi2,Phi-2,agr_0092,SP,The evaluator of the authorities in question,2.768400192260742,True,True
phi2,Phi-2,agr_0092,PS,The evaluators of the authority in question,4.256203651428223,True,True
phi2,Phi-2,agr_0092,PP,The evaluators of the authorities in question,6.208107948303223,True,True
phi2,Phi-2,agr_0093,SS,The builder of the organization in question,5.790835380554199,True,True
phi2,Phi-2,agr_0093,SP,The builder of the organizations in question,1.6981258392333984,True,True
phi2,Phi-2,agr_0093,PS,The builders of the organization in question,5.265059471130371,True,True
phi2,Phi-2,agr_0093,PP,The builders of the organizations in question,6.945171356201172,True,True
phi2,Phi-2,agr_0094,SS,The operator of the team in question,4.779755592346191,True,True
phi2,Phi-2,agr_0094,SP,The operator of the teams in question,0.4281120300292969,True,False
phi2,Phi-2,agr_0094,PS,The operators of the team in question,5.131985664367676,True,True
phi2,Phi-2,agr_0094,PP,The operators of the teams in question,6.935137748718262,True,True
phi2,Phi-2,agr_0095,SS,The painter of the unit in question,6.391544342041016,True,True
phi2,Phi-2,agr_0095,SP,The painter of the units in question,2.7206478118896484,True,True
phi2,Phi-2,agr_0095,PS,The painters of the unit in question,5.873852729797363,True,True
phi2,Phi-2,agr_0095,PP,The painters of the units in question,6.842156410217285,True,True
phi2,Phi-2,agr_0096,SS,The officer of the laboratory in question,6.444397926330566,True,True
phi2,Phi-2,agr_0096,SP,The officer of the laboratories in question,1.853045463562012,True,True
phi2,Phi-2,agr_0096,PS,The officers of the laboratory in question,5.773760795593262,True,True
phi2,Phi-2,agr_0096,PP,The officers of the laboratories in question,7.1985578536987305,True,True
phi2,Phi-2,agr_0097,SS,The accountant of the network in question,6.469419479370117,True,True
phi2,Phi-2,agr_0097,SP,The accountant of the networks in question,1.8734960556030276,True,True
phi2,Phi-2,agr_0097,PS,The accountants of the network in question,4.91065788269043,True,True
phi2,Phi-2,agr_0097,PP,The accountants of the networks in question,6.72332763671875,True,True
phi2,Phi-2,agr_0098,SS,The candidate of the organization in question,5.384492874145508,True,True
phi2,Phi-2,agr_0098,SP,The candidate of the organizations in question,0.6729278564453125,True,False
phi2,Phi-2,agr_0098,PS,The candidates of the organization in question,4.6454620361328125,True,True
phi2,Phi-2,agr_0098,PP,The candidates of the organizations in question,6.672746658325195,True,True
phi2,Phi-2,agr_0099,SS,The architect of the corporation in question,6.960227966308594,True,True
phi2,Phi-2,agr_0099,SP,The architect of the corporations in question,1.3126354217529297,True,True
phi2,Phi-2,agr_0099,PS,The architects of the corporation in question,5.107952117919922,True,True
phi2,Phi-2,agr_0099,PP,The architects of the corporations in question,7.019707679748535,True,True
phi2,Phi-2,agr_0100,SS,The director of the station in question,6.861448287963867,True,True
phi2,Phi-2,agr_0100,SP,The director of the stations in question,2.037299156188965,True,True
phi2,Phi-2,agr_0100,PS,The directors of the station in question,5.173752784729004,True,True
phi2,Phi-2,agr_0100,PP,The directors of the stations in question,6.443825721740723,True,True
phi2,Phi-2,agr_0101,SS,The programmer of the firm in question,6.411646842956543,True,True
phi2,Phi-2,agr_0101,SP,The programmer of the firms in question,1.1821842193603516,True,True
phi2,Phi-2,agr_0101,PS,The programmers of the firm in question,5.408121109008789,True,True
phi2,Phi-2,agr_0101,PP,The programmers of the firms in question,6.953693389892578,True,True
phi2,Phi-2,agr_0102,SS,The researcher of the authority in question,5.87117862701416,True,True
phi2,Phi-2,agr_0102,SP,The researcher of the authorities in question,3.310752868652344,True,True
phi2,Phi-2,agr_0102,PS,The researchers of the authority in question,3.724377632141113,True,True
phi2,Phi-2,agr_0102,PP,The researchers of the authorities in question,4.993767738342285,True,True
phi2,Phi-2,agr_0103,SS,The planner of the laboratory in question,7.647961616516113,True,True
phi2,Phi-2,agr_0103,SP,The planner of the laboratories in question,3.888491630554199,True,True
phi2,Phi-2,agr_0103,PS,The planners of the laboratory in question,5.5212249755859375,True,True
phi2,Phi-2,agr_0103,PP,The planners of the laboratories in question,6.553214073181152,True,True
phi2,Phi-2,agr_0104,SS,The editor of the association in question,5.818190574645996,True,True
phi2,Phi-2,agr_0104,SP,The editor of the associations in question,0.7768621444702148,True,False
phi2,Phi-2,agr_0104,PS,The editors of the association in question,3.5840606689453125,True,True
phi2,Phi-2,agr_0104,PP,The editors of the associations in question,6.186724662780762,True,True
phi2,Phi-2,agr_0105,SS,The painter of the group in question,7.206625938415527,True,True
phi2,Phi-2,agr_0105,SP,The painter of the groups in question,1.5916976928710938,True,True
phi2,Phi-2,agr_0105,PS,The painters of the group in question,5.593393325805664,True,True
phi2,Phi-2,agr_0105,PP,The painters of the groups in question,6.63671875,True,True
phi2,Phi-2,agr_0106,SS,The employee of the corporation in question,5.895834922790527,True,True
phi2,Phi-2,agr_0106,SP,The employee of the corporations in question,0.064065933227539,True,False
phi2,Phi-2,agr_0106,PS,The employees of the corporation in question,6.045166969299316,True,True
phi2,Phi-2,agr_0106,PP,The employees of the corporations in question,7.228878974914551,True,True
phi2,Phi-2,agr_0107,SS,The consultant of the school in question,6.371326446533203,True,True
phi2,Phi-2,agr_0107,SP,The consultant of the schools in question,1.895029067993164,True,True
phi2,Phi-2,agr_0107,PS,The consultants of the school in question,5.257925033569336,True,True
phi2,Phi-2,agr_0107,PP,The consultants of the schools in question,6.537450790405273,True,True
phi2,Phi-2,agr_0108,SS,The programmer of the enterprise in question,5.856203079223633,True,True
phi2,Phi-2,agr_0108,SP,The programmer of the enterprises in question,0.8955965042114258,True,False
phi2,Phi-2,agr_0108,PS,The programmers of the enterprise in question,5.216154098510742,True,True
phi2,Phi-2,agr_0108,PP,The programmers of the enterprises in question,6.869569778442383,True,True
phi2,Phi-2,agr_0109,SS,The journalist of the corporation in question,6.520273208618164,True,True
phi2,Phi-2,agr_0109,SP,The journalist of the corporations in question,1.056108474731445,True,True
phi2,Phi-2,agr_0109,PS,The journalists of the corporation in question,4.6016340255737305,True,True
phi2,Phi-2,agr_0109,PP,The journalists of the corporations in question,6.327836036682129,True,True
phi2,Phi-2,agr_0110,SS,The artist of the board in question,6.343356132507324,True,True
phi2,Phi-2,agr_0110,SP,The artist of the boards in question,1.8605403900146484,True,True
phi2,Phi-2,agr_0110,PS,The artists of the board in question,5.11192512512207,True,True
phi2,Phi-2,agr_0110,PP,The artists of the boards in question,6.535147666931152,True,True
phi2,Phi-2,agr_0111,SS,The administrator of the organization in question,6.498396873474121,True,True
phi2,Phi-2,agr_0111,SP,The administrator of the organizations in question,1.6275672912597656,True,True
phi2,Phi-2,agr_0111,PS,The administrators of the organization in question,4.037384986877441,True,True
phi2,Phi-2,agr_0111,PP,The administrators of the organizations in question,6.690744400024414,True,True
phi2,Phi-2,agr_0112,SS,The student of the foundation in question,4.9032487869262695,True,True
phi2,Phi-2,agr_0112,SP,The student of the foundations in question,3.6506786346435542,True,True
phi2,Phi-2,agr_0112,PS,The students of the foundation in question,5.431742668151856,True,True
phi2,Phi-2,agr_0112,PP,The students of the foundations in question,6.522408485412598,True,True
phi2,Phi-2,agr_0113,SS,The operator of the company in question,5.634998321533203,True,True
phi2,Phi-2,agr_0113,SP,The operator of the companies in question,0.9204864501953124,True,False
phi2,Phi-2,agr_0113,PS,The operators of the company in question,4.723335266113281,True,True
phi2,Phi-2,agr_0113,PP,The operators of the companies in question,7.121410369873047,True,True
phi2,Phi-2,agr_0114,SS,The builder of the unit in question,6.16282844543457,True,True
phi2,Phi-2,agr_0114,SP,The builder of the units in question,2.669173240661621,True,True
phi2,Phi-2,agr_0114,PS,The builders of the unit in question,5.484827041625977,True,True
phi2,Phi-2,agr_0114,PP,The builders of the units in question,6.828493118286133,True,True
phi2,Phi-2,agr_0115,SS,The engineer of the program in question,6.632656097412109,True,True
phi2,Phi-2,agr_0115,SP,The engineer of the programs in question,2.0524301528930664,True,True
phi2,Phi-2,agr_0115,PS,The engineers of the program in question,5.44622802734375,True,True
phi2,Phi-2,agr_0115,PP,The engineers of the programs in question,7.039344787597656,True,True
phi2,Phi-2,agr_0116,SS,The architect of the committee in question,6.702121734619141,True,True
phi2,Phi-2,agr_0116,SP,The architect of the committees in question,2.821648597717285,True,True
phi2,Phi-2,agr_0116,PS,The architects of the committee in question,5.577810287475586,True,True
phi2,Phi-2,agr_0116,PP,The architects of the committees in question,7.141427993774414,True,True
phi2,Phi-2,agr_0117,SS,The commissioner of the division in question,6.616521835327148,True,True
phi2,Phi-2,agr_0117,SP,The commissioner of the divisions in question,1.604513168334961,True,True
phi2,Phi-2,agr_0117,PS,The commissioners of the division in question,4.9681396484375,True,True
phi2,Phi-2,agr_0117,PP,The commissioners of the divisions in question,6.237347602844238,True,True
phi2,Phi-2,agr_0118,SS,The representative of the university in question,7.326523780822754,True,True
phi2,Phi-2,agr_0118,SP,The representative of the universities in question,2.6897077560424805,True,True
phi2,Phi-2,agr_0118,PS,The representatives of the university in question,5.223187446594238,True,True
phi2,Phi-2,agr_0118,PP,The representatives of the universities in question,6.832289695739746,True,True
phi2,Phi-2,agr_0119,SS,The programmer of the ministry in question,5.398262977600098,True,True
phi2,Phi-2,agr_0119,SP,The programmer of the ministries in question,1.1721258163452148,True,True
phi2,Phi-2,agr_0119,PS,The programmers of the ministry in question,5.466099739074707,True,True
phi2,Phi-2,agr_0119,PP,The programmers of the ministries in question,6.950509071350098,True,True
phi2,Phi-2,agr_0120,SS,The student of the network in question,4.850451469421387,True,True
phi2,Phi-2,agr_0120,SP,The student of the networks in question,1.9049053192138672,True,True
phi2,Phi-2,agr_0120,PS,The students of the network in question,5.02006721496582,True,True
phi2,Phi-2,agr_0120,PP,The students of the networks in question,6.483670234680176,True,True
phi2,Phi-2,agr_0121,SS,The manager of the company in question,7.123187065124512,True,True
phi2,Phi-2,agr_0121,SP,The manager of the companies in question,1.5871343612670898,True,True
phi2,Phi-2,agr_0121,PS,The managers of the company in question,5.044093132019043,True,True
phi2,Phi-2,agr_0121,PP,The managers of the companies in question,7.142714500427246,True,True
phi2,Phi-2,agr_0122,SS,The consultant of the sector in question,4.86273193359375,True,True
phi2,Phi-2,agr_0122,SP,The consultant of the sectors in question,1.9054994583129885,True,True
phi2,Phi-2,agr_0122,PS,The consultants of the sector in question,5.021289825439453,True,True
phi2,Phi-2,agr_0122,PP,The consultants of the sectors in question,6.225468635559082,True,True
phi2,Phi-2,agr_0123,SS,The professor of the firm in question,5.990480422973633,True,True
phi2,Phi-2,agr_0123,SP,The professor of the firms in question,2.0803956985473637,True,True
phi2,Phi-2,agr_0123,PS,The professors of the firm in question,4.805159568786621,True,True
phi2,Phi-2,agr_0123,PP,The professors of the firms in question,6.260002136230469,True,True
phi2,Phi-2,agr_0124,SS,The consultant of the foundation in question,5.685087203979492,True,True
phi2,Phi-2,agr_0124,SP,The consultant of the foundations in question,2.218660354614258,True,True
phi2,Phi-2,agr_0124,PS,The consultants of the foundation in question,4.781064987182617,True,True
phi2,Phi-2,agr_0124,PP,The consultants of the foundations in question,6.512795448303223,True,True
phi2,Phi-2,agr_0125,SS,The instructor of the forum in question,7.503633499145508,True,True
phi2,Phi-2,agr_0125,SP,The instructor of the forums in question,3.825615882873535,True,True
phi2,Phi-2,agr_0125,PS,The instructors of the forum in question,5.688075065612793,True,True
phi2,Phi-2,agr_0125,PP,The instructors of the forums in question,6.870952606201172,True,True
phi2,Phi-2,agr_0126,SS,The trainer of the centre in question,6.908866882324219,True,True
phi2,Phi-2,agr_0126,SP,The trainer of the centres in question,1.801634788513184,True,True
phi2,Phi-2,agr_0126,PS,The trainers of the centre in question,5.449916839599609,True,True
phi2,Phi-2,agr_0126,PP,The trainers of the centres in question,7.151180267333984,True,True
phi2,Phi-2,agr_0127,SS,The employee of the committee in question,5.109889030456543,True,True
phi2,Phi-2,agr_0127,SP,The employee of the committees in question,0.3996467590332031,True,False
phi2,Phi-2,agr_0127,PS,The employees of the committee in question,6.067058563232422,True,True
phi2,Phi-2,agr_0127,PP,The employees of the committees in question,7.335543632507324,True,True
phi2,Phi-2,agr_0128,SS,The painter of the program in question,6.370189666748047,True,True
phi2,Phi-2,agr_0128,SP,The painter of the programs in question,2.660715103149414,True,True
phi2,Phi-2,agr_0128,PS,The painters of the program in question,5.657532691955566,True,True
phi2,Phi-2,agr_0128,PP,The painters of the programs in question,6.591128349304199,True,True
phi2,Phi-2,agr_0129,SS,The analyst of the enterprise in question,6.1703033447265625,True,True
phi2,Phi-2,agr_0129,SP,The analyst of the enterprises in question,1.903583526611328,True,True
phi2,Phi-2,agr_0129,PS,The analysts of the enterprise in question,4.983453750610352,True,True
phi2,Phi-2,agr_0129,PP,The analysts of the enterprises in question,6.208650588989258,True,True
phi2,Phi-2,agr_0130,SS,The student of the committee in question,4.899425506591797,True,True
phi2,Phi-2,agr_0130,SP,The student of the committees in question,0.7859001159667969,True,False
phi2,Phi-2,agr_0130,PS,The students of the committee in question,5.482599258422852,True,True
phi2,Phi-2,agr_0130,PP,The students of the committees in question,6.791589736938477,True,True
phi2,Phi-2,agr_0131,SS,The painter of the platform in question,7.129020690917969,True,True
phi2,Phi-2,agr_0131,SP,The painter of the platforms in question,4.464713096618652,True,True
phi2,Phi-2,agr_0131,PS,The painters of the platform in question,5.742217063903809,True,True
phi2,Phi-2,agr_0131,PP,The painters of the platforms in question,6.770974159240723,True,True
phi2,Phi-2,agr_0132,SS,The consultant of the organization in question,5.800958633422852,True,True
phi2,Phi-2,agr_0132,SP,The consultant of the organizations in question,1.529311180114746,True,True
phi2,Phi-2,agr_0132,PS,The consultants of the organization in question,4.569699287414551,True,True
phi2,Phi-2,agr_0132,PP,The consultants of the organizations in question,6.356388092041016,True,True
phi2,Phi-2,agr_0133,SS,The advisor of the alliance in question,6.091402053833008,True,True
phi2,Phi-2,agr_0133,SP,The advisor of the alliances in question,1.7555561065673828,True,True
phi2,Phi-2,agr_0133,PS,The advisors of the alliance in question,3.927390098571777,True,True
phi2,Phi-2,agr_0133,PP,The advisors of the alliances in question,6.076153755187988,True,True
phi2,Phi-2,agr_0134,SS,The author of the college in question,6.159808158874512,True,True
phi2,Phi-2,agr_0134,SP,The author of the colleges in question,1.2203645706176758,True,True
phi2,Phi-2,agr_0134,PS,The authors of the college in question,4.246024131774902,True,True
phi2,Phi-2,agr_0134,PP,The authors of the colleges in question,5.641819953918457,True,True
phi2,Phi-2,agr_0135,SS,The reporter of the club in question,6.160239219665527,True,True
phi2,Phi-2,agr_0135,SP,The reporter of the clubs in question,1.498882293701172,True,True
phi2,Phi-2,agr_0135,PS,The reporters of the club in question,5.309747695922852,True,True
phi2,Phi-2,agr_0135,PP,The reporters of the clubs in question,6.816071510314941,True,True
phi2,Phi-2,agr_0136,SS,The administrator of the agency in question,6.428550720214844,True,True
phi2,Phi-2,agr_0136,SP,The administrator of the agencies in question,1.6864690780639648,True,True
phi2,Phi-2,agr_0136,PS,The administrators of the agency in question,4.358074188232422,True,True
phi2,Phi-2,agr_0136,PP,The administrators of the agencies in question,6.894418716430664,True,True
phi2,Phi-2,agr_0137,SS,The author of the agency in question,4.825080871582031,True,True
phi2,Phi-2,agr_0137,SP,The author of the agencies in question,0.7091331481933594,True,False
phi2,Phi-2,agr_0137,PS,The authors of the agency in question,3.862661361694336,True,True
phi2,Phi-2,agr_0137,PP,The authors of the agencies in question,4.811801910400391,True,True
phi2,Phi-2,agr_0138,SS,The supervisor of the office in question,7.848309516906738,True,True
phi2,Phi-2,agr_0138,SP,The supervisor of the offices in question,3.989981651306152,True,True
phi2,Phi-2,agr_0138,PS,The supervisors of the office in question,4.3836164474487305,True,True
phi2,Phi-2,agr_0138,PP,The supervisors of the offices in question,6.381442070007324,True,True
phi2,Phi-2,agr_0139,SS,The supervisor of the ministry in question,6.139233589172363,True,True
phi2,Phi-2,agr_0139,SP,The supervisor of the ministries in question,1.8819990158081052,True,True
phi2,Phi-2,agr_0139,PS,The supervisors of the ministry in question,4.549408912658691,True,True
phi2,Phi-2,agr_0139,PP,The supervisors of the ministries in question,6.4182634353637695,True,True
phi2,Phi-2,agr_0140,SS,The trainer of the committee in question,6.118599891662598,True,True
phi2,Phi-2,agr_0140,SP,The trainer of the committees in question,2.2088193893432617,True,True
phi2,Phi-2,agr_0140,PS,The trainers of the committee in question,5.743879318237305,True,True
phi2,Phi-2,agr_0140,PP,The trainers of the committees in question,7.085969924926758,True,True
phi2,Phi-2,agr_0141,SS,The scientist of the forum in question,6.617841720581055,True,True
phi2,Phi-2,agr_0141,SP,The scientist of the forums in question,2.8947629928588867,True,True
phi2,Phi-2,agr_0141,PS,The scientists of the forum in question,5.582766532897949,True,True
phi2,Phi-2,agr_0141,PP,The scientists of the forums in question,6.777591705322266,True,True
phi2,Phi-2,agr_0142,SS,The executive of the service in question,5.160941123962402,True,True
phi2,Phi-2,agr_0142,SP,The executive of the services in question,1.907423973083496,True,True
phi2,Phi-2,agr_0142,PS,The executives of the service in question,5.100237846374512,True,True
phi2,Phi-2,agr_0142,PP,The executives of the services in question,6.850180625915527,True,True
phi2,Phi-2,agr_0143,SS,The consultant of the association in question,5.753641128540039,True,True
phi2,Phi-2,agr_0143,SP,The consultant of the associations in question,1.5051956176757812,True,True
phi2,Phi-2,agr_0143,PS,The consultants of the association in question,5.264034271240234,True,True
phi2,Phi-2,agr_0143,PP,The consultants of the associations in question,6.914193153381348,True,True
phi2,Phi-2,agr_0144,SS,The commissioner of the university in question,7.061236381530762,True,True
phi2,Phi-2,agr_0144,SP,The commissioner of the universities in question,2.7000036239624023,True,True
phi2,Phi-2,agr_0144,PS,The commissioners of the university in question,4.826936721801758,True,True
phi2,Phi-2,agr_0144,PP,The commissioners of the universities in question,6.299177169799805,True,True
phi2,Phi-2,agr_0145,SS,The director of the branch in question,6.207972526550293,True,True
phi2,Phi-2,agr_0145,SP,The director of the branches in question,1.7920818328857422,True,True
phi2,Phi-2,agr_0145,PS,The directors of the branch in question,4.79946231842041,True,True
phi2,Phi-2,agr_0145,PP,The directors of the branches in question,6.671597480773926,True,True
phi2,Phi-2,agr_0146,SS,The inspector of the laboratory in question,7.199212074279785,True,True
phi2,Phi-2,agr_0146,SP,The inspector of the laboratories in question,2.990351676940918,True,True
phi2,Phi-2,agr_0146,PS,The inspectors of the laboratory in question,5.42905330657959,True,True
phi2,Phi-2,agr_0146,PP,The inspectors of the laboratories in question,6.6313886642456055,True,True
phi2,Phi-2,agr_0147,SS,The auditor of the program in question,6.084718704223633,True,True
phi2,Phi-2,agr_0147,SP,The auditor of the programs in question,2.231755256652832,True,True
phi2,Phi-2,agr_0147,PS,The auditors of the program in question,5.078912734985352,True,True
phi2,Phi-2,agr_0147,PP,The auditors of the programs in question,6.376527786254883,True,True
phi2,Phi-2,agr_0148,SS,The director of the board in question,6.311975479125977,True,True
phi2,Phi-2,agr_0148,SP,The director of the boards in question,1.6367759704589844,True,True
phi2,Phi-2,agr_0148,PS,The directors of the board in question,4.375718116760254,True,True
phi2,Phi-2,agr_0148,PP,The directors of the boards in question,6.605439186096191,True,True
phi2,Phi-2,agr_0149,SS,The candidate of the consortium in question,5.461696624755859,True,True
phi2,Phi-2,agr_0149,SP,The candidate of the consortiums in question,0.4572162628173828,True,False
phi2,Phi-2,agr_0149,PS,The candidates of the consortium in question,4.80016040802002,True,True
phi2,Phi-2,agr_0149,PP,The candidates of the consortiums in question,6.662306785583496,True,True
phi2,Phi-2,agr_0150,SS,The builder of the team in question,5.644923210144043,True,True
phi2,Phi-2,agr_0150,SP,The builder of the teams in question,1.7930688858032229,True,True
phi2,Phi-2,agr_0150,PS,The builders of the team in question,5.535893440246582,True,True
phi2,Phi-2,agr_0150,PP,The builders of the teams in question,6.568708419799805,True,True
phi2,Phi-2,agr_0151,SS,The engineer of the committee in question,6.162332534790039,True,True
phi2,Phi-2,agr_0151,SP,The engineer of the committees in question,1.9836816787719729,True,True
phi2,Phi-2,agr_0151,PS,The engineers of the committee in question,5.178046226501465,True,True
phi2,Phi-2,agr_0151,PP,The engineers of the committees in question,6.912260055541992,True,True
phi2,Phi-2,agr_0152,SS,The leader of the group in question,8.224327087402344,True,True
phi2,Phi-2,agr_0152,SP,The leader of the groups in question,2.58297061920166,True,True
phi2,Phi-2,agr_0152,PS,The leaders of the group in question,4.645400047302246,True,True
phi2,Phi-2,agr_0152,PP,The leaders of the groups in question,6.607502937316895,True,True
phi2,Phi-2,agr_0153,SS,The trainer of the district in question,6.423254013061523,True,True
phi2,Phi-2,agr_0153,SP,The trainer of the districts in question,2.0006837844848637,True,True
phi2,Phi-2,agr_0153,PS,The trainers of the district in question,5.421935081481934,True,True
phi2,Phi-2,agr_0153,PP,The trainers of the districts in question,6.6612548828125,True,True
phi2,Phi-2,agr_0154,SS,The auditor of the ministry in question,5.505951881408691,True,True
phi2,Phi-2,agr_0154,SP,The auditor of the ministries in question,1.3572454452514648,True,True
phi2,Phi-2,agr_0154,PS,The auditors of the ministry in question,4.856535911560059,True,True
phi2,Phi-2,agr_0154,PP,The auditors of the ministries in question,6.567744255065918,True,True
phi2,Phi-2,agr_0155,SS,The accountant of the program in question,6.351034164428711,True,True
phi2,Phi-2,agr_0155,SP,The accountant of the programs in question,2.342349052429199,True,True
phi2,Phi-2,agr_0155,PS,The accountants of the program in question,5.118556976318359,True,True
phi2,Phi-2,agr_0155,PP,The accountants of the programs in question,6.541528701782227,True,True
phi2,Phi-2,agr_0156,SS,The journalist of the team in question,5.891674041748047,True,True
phi2,Phi-2,agr_0156,SP,The journalist of the teams in question,0.1112804412841796,True,False
phi2,Phi-2,agr_0156,PS,The journalists of the team in question,5.247990608215332,True,True
phi2,Phi-2,agr_0156,PP,The journalists of the teams in question,6.790282249450684,True,True
phi2,Phi-2,agr_0157,SS,The programmer of the system in question,6.900003433227539,True,True
phi2,Phi-2,agr_0157,SP,The programmer of the systems in question,2.7520999908447266,True,True
phi2,Phi-2,agr_0157,PS,The programmers of the system in question,5.715475082397461,True,True
phi2,Phi-2,agr_0157,PP,The programmers of the systems in question,6.982921600341797,True,True
phi2,Phi-2,agr_0158,SS,The manager of the council in question,6.506565093994141,True,True
phi2,Phi-2,agr_0158,SP,The manager of the councils in question,1.317338943481445,True,True
phi2,Phi-2,agr_0158,PS,The managers of the council in question,5.03629207611084,True,True
phi2,Phi-2,agr_0158,PP,The managers of the councils in question,7.150513648986816,True,True
phi2,Phi-2,agr_0159,SS,The auditor of the company in question,6.670184135437012,True,True
phi2,Phi-2,agr_0159,SP,The auditor of the companies in question,1.5847206115722656,True,True
phi2,Phi-2,agr_0159,PS,The auditors of the company in question,5.038727760314941,True,True
phi2,Phi-2,agr_0159,PP,The auditors of the companies in question,6.542431831359863,True,True
phi2,Phi-2,agr_0160,SS,The operator of the program in question,5.316463470458984,True,True
phi2,Phi-2,agr_0160,SP,The operator of the programs in question,1.408675193786621,True,True
phi2,Phi-2,agr_0160,PS,The operators of the program in question,5.333526611328125,True,True
phi2,Phi-2,agr_0160,PP,The operators of the programs in question,7.009913444519043,True,True
phi2,Phi-2,agr_0161,SS,The administrator of the partnership in question,6.904398918151856,True,True
phi2,Phi-2,agr_0161,SP,The administrator of the partnerships in question,2.1873817443847656,True,True
phi2,Phi-2,agr_0161,PS,The administrators of the partnership in question,4.116905212402344,True,True
phi2,Phi-2,agr_0161,PP,The administrators of the partnerships in question,6.920350074768066,True,True
phi2,Phi-2,agr_0162,SS,The instructor of the platform in question,6.055536270141602,True,True
phi2,Phi-2,agr_0162,SP,The instructor of the platforms in question,1.7377433776855469,True,True
phi2,Phi-2,agr_0162,PS,The instructors of the platform in question,5.006476402282715,True,True
phi2,Phi-2,agr_0162,PP,The instructors of the platforms in question,6.95287036895752,True,True
phi2,Phi-2,agr_0163,SS,The member of the laboratory in question,5.057614326477051,True,True
phi2,Phi-2,agr_0163,SP,The member of the laboratories in question,1.2100505828857422,True,True
phi2,Phi-2,agr_0163,PS,The members of the laboratory in question,5.890854835510254,True,True
phi2,Phi-2,agr_0163,PP,The members of the laboratories in question,6.961493492126465,True,True
phi2,Phi-2,agr_0164,SS,The assistant of the institution in question,5.338805198669434,True,True
phi2,Phi-2,agr_0164,SP,The assistant of the institutions in question,1.2992982864379885,True,True
phi2,Phi-2,agr_0164,PS,The assistants of the institution in question,3.9331750869750977,True,True
phi2,Phi-2,agr_0164,PP,The assistants of the institutions in question,6.39508056640625,True,True
phi2,Phi-2,agr_0165,SS,The owner of the firm in question,6.779021263122559,True,True
phi2,Phi-2,agr_0165,SP,The owner of the firms in question,1.5519742965698242,True,True
phi2,Phi-2,agr_0165,PS,The owners of the firm in question,4.655634880065918,True,True
phi2,Phi-2,agr_0165,PP,The owners of the firms in question,6.630912780761719,True,True
phi2,Phi-2,agr_0166,SS,The scientist of the station in question,6.313253402709961,True,True
phi2,Phi-2,agr_0166,SP,The scientist of the stations in question,1.3024158477783203,True,True
phi2,Phi-2,agr_0166,PS,The scientists of the station in question,5.70847225189209,True,True
phi2,Phi-2,agr_0166,PP,The scientists of the stations in question,6.785983085632324,True,True
phi2,Phi-2,agr_0167,SS,The doctor of the enterprise in question,5.368965148925781,True,True
phi2,Phi-2,agr_0167,SP,The doctor of the enterprises in question,1.056375503540039,True,True
phi2,Phi-2,agr_0167,PS,The doctors of the enterprise in question,4.2646684646606445,True,True
phi2,Phi-2,agr_0167,PP,The doctors of the enterprises in question,6.53494930267334,True,True
phi2,Phi-2,agr_0168,SS,The consultant of the platform in question,5.407188415527344,True,True
phi2,Phi-2,agr_0168,SP,The consultant of the platforms in question,1.3631601333618164,True,True
phi2,Phi-2,agr_0168,PS,The consultants of the platform in question,4.8193559646606445,True,True
phi2,Phi-2,agr_0168,PP,The consultants of the platforms in question,6.587763786315918,True,True
phi2,Phi-2,agr_0169,SS,The painter of the laboratory in question,7.292698860168457,True,True
phi2,Phi-2,agr_0169,SP,The painter of the laboratories in question,4.841852188110352,True,True
phi2,Phi-2,agr_0169,PS,The painters of the laboratory in question,5.9837188720703125,True,True
phi2,Phi-2,agr_0169,PP,The painters of the laboratories in question,6.8721418380737305,True,True
phi2,Phi-2,agr_0170,SS,The supervisor of the bureau in question,6.988140106201172,True,True
phi2,Phi-2,agr_0170,SP,The supervisor of the bureaus in question,1.8731536865234373,True,True
phi2,Phi-2,agr_0170,PS,The supervisors of the bureau in question,5.001274108886719,True,True
phi2,Phi-2,agr_0170,PP,The supervisors of the bureaus in question,6.406400680541992,True,True
phi2,Phi-2,agr_0171,SS,The doctor of the college in question,5.957584381103516,True,True
phi2,Phi-2,agr_0171,SP,The doctor of the colleges in question,0.8045377731323242,True,False
phi2,Phi-2,agr_0171,PS,The doctors of the college in question,4.698385238647461,True,True
phi2,Phi-2,agr_0171,PP,The doctors of the colleges in question,6.933445930480957,True,True
phi2,Phi-2,agr_0172,SS,The technician of the forum in question,6.544721603393555,True,True
phi2,Phi-2,agr_0172,SP,The technician of the forums in question,3.4194297790527344,True,True
phi2,Phi-2,agr_0172,PS,The technicians of the forum in question,6.082216262817383,True,True
phi2,Phi-2,agr_0172,PP,The technicians of the forums in question,6.784521102905273,True,True
phi2,Phi-2,agr_0173,SS,The candidate of the network in question,4.882776260375977,True,True
phi2,Phi-2,agr_0173,SP,The candidate of the networks in question,0.4762706756591797,True,False
phi2,Phi-2,agr_0173,PS,The candidates of the network in question,4.1602783203125,True,True
phi2,Phi-2,agr_0173,PP,The candidates of the networks in question,6.3501081466674805,True,True
phi2,Phi-2,agr_0174,SS,The lecturer of the station in question,5.92197322845459,True,True
phi2,Phi-2,agr_0174,SP,The lecturer of the stations in question,1.6250648498535156,True,True
phi2,Phi-2,agr_0174,PS,The lecturers of the station in question,5.03141975402832,True,True
phi2,Phi-2,agr_0174,PP,The lecturers of the stations in question,6.766837120056152,True,True
phi2,Phi-2,agr_0175,SS,The driver of the division in question,6.545245170593262,True,True
phi2,Phi-2,agr_0175,SP,The driver of the divisions in question,2.022418975830078,True,True
phi2,Phi-2,agr_0175,PS,The drivers of the division in question,4.936379432678223,True,True
phi2,Phi-2,agr_0175,PP,The drivers of the divisions in question,6.427732467651367,True,True
phi2,Phi-2,agr_0176,SS,The evaluator of the division in question,5.699478149414063,True,True
phi2,Phi-2,agr_0176,SP,The evaluator of the divisions in question,2.5101518630981445,True,True
phi2,Phi-2,agr_0176,PS,The evaluators of the division in question,4.922142028808594,True,True
phi2,Phi-2,agr_0176,PP,The evaluators of the divisions in question,6.319839477539063,True,True
phi2,Phi-2,agr_0177,SS,The trainer of the coalition in question,6.2336015701293945,True,True
phi2,Phi-2,agr_0177,SP,The trainer of the coalitions in question,1.9905986785888672,True,True
phi2,Phi-2,agr_0177,PS,The trainers of the coalition in question,5.554420471191406,True,True
phi2,Phi-2,agr_0177,PP,The trainers of the coalitions in question,6.988154411315918,True,True
phi2,Phi-2,agr_0178,SS,The lawyer of the college in question,6.28984260559082,True,True
phi2,Phi-2,agr_0178,SP,The lawyer of the colleges in question,1.5639867782592771,True,True
phi2,Phi-2,agr_0178,PS,The lawyers of the college in question,5.194974899291992,True,True
phi2,Phi-2,agr_0178,PP,The lawyers of the colleges in question,7.071710586547852,True,True
phi2,Phi-2,agr_0179,SS,The leader of the school in question,8.087891578674316,True,True
phi2,Phi-2,agr_0179,SP,The leader of the schools in question,4.206278800964356,True,True
phi2,Phi-2,agr_0179,PS,The leaders of the school in question,4.845926284790039,True,True
phi2,Phi-2,agr_0179,PP,The leaders of the schools in question,6.8023786544799805,True,True
phi2,Phi-2,agr_0180,SS,The teacher of the sector in question,5.744452476501465,True,True
phi2,Phi-2,agr_0180,SP,The teacher of the sectors in question,2.2613391876220703,True,True
phi2,Phi-2,agr_0180,PS,The teachers of the sector in question,5.485163688659668,True,True
phi2,Phi-2,agr_0180,PP,The teachers of the sectors in question,7.113141059875488,True,True
phi2,Phi-2,agr_0181,SS,The evaluator of the institute in question,5.978302001953125,True,True
phi2,Phi-2,agr_0181,SP,The evaluator of the institutes in question,1.5571966171264648,True,True
phi2,Phi-2,agr_0181,PS,The evaluators of the institute in question,5.192939758300781,True,True
phi2,Phi-2,agr_0181,PP,The evaluators of the institutes in question,6.653234481811523,True,True
phi2,Phi-2,agr_0182,SS,The representative of the institution in question,6.1771650314331055,True,True
phi2,Phi-2,agr_0182,SP,The representative of the institutions in question,2.2429027557373047,True,True
phi2,Phi-2,agr_0182,PS,The representatives of the institution in question,4.414961814880371,True,True
phi2,Phi-2,agr_0182,PP,The representatives of the institutions in question,6.943851470947266,True,True
phi2,Phi-2,agr_0183,SS,The lawyer of the office in question,6.221686363220215,True,True
phi2,Phi-2,agr_0183,SP,The lawyer of the offices in question,2.433368682861328,True,True
phi2,Phi-2,agr_0183,PS,The lawyers of the office in question,5.129619598388672,True,True
phi2,Phi-2,agr_0183,PP,The lawyers of the offices in question,6.595532417297363,True,True
phi2,Phi-2,agr_0184,SS,The painter of the branch in question,7.598969459533691,True,True
phi2,Phi-2,agr_0184,SP,The painter of the branches in question,5.475433349609375,True,True
phi2,Phi-2,agr_0184,PS,The painters of the branch in question,5.291418075561523,True,True
phi2,Phi-2,agr_0184,PP,The painters of the branches in question,5.499661445617676,True,True
phi2,Phi-2,agr_0185,SS,The lawyer of the association in question,5.93303108215332,True,True
phi2,Phi-2,agr_0185,SP,The lawyer of the associations in question,1.707937240600586,True,True
phi2,Phi-2,agr_0185,PS,The lawyers of the association in question,5.348849296569824,True,True
phi2,Phi-2,agr_0185,PP,The lawyers of the associations in question,7.208036422729492,True,True
phi2,Phi-2,agr_0186,SS,The builder of the institution in question,6.146947860717773,True,True
phi2,Phi-2,agr_0186,SP,The builder of the institutions in question,2.5748414993286133,True,True
phi2,Phi-2,agr_0186,PS,The builders of the institution in question,5.06982421875,True,True
phi2,Phi-2,agr_0186,PP,The builders of the institutions in question,7.161015510559082,True,True
phi2,Phi-2,agr_0187,SS,The painter of the institution in question,5.813867568969727,True,True
phi2,Phi-2,agr_0187,SP,The painter of the institutions in question,2.046577453613281,True,True
phi2,Phi-2,agr_0187,PS,The painters of the institution in question,4.867064476013184,True,True
phi2,Phi-2,agr_0187,PP,The painters of the institutions in question,6.669358253479004,True,True
phi2,Phi-2,agr_0188,SS,The executive of the network in question,5.397540092468262,True,True
phi2,Phi-2,agr_0188,SP,The executive of the networks in question,0.9054574966430664,True,False
phi2,Phi-2,agr_0188,PS,The executives of the network in question,5.510141372680664,True,True
phi2,Phi-2,agr_0188,PP,The executives of the networks in question,6.921832084655762,True,True
phi2,Phi-2,agr_0189,SS,The operator of the consortium in question,5.266321182250977,True,True
phi2,Phi-2,agr_0189,SP,The operator of the consortiums in question,1.1209211349487305,True,True
phi2,Phi-2,agr_0189,PS,The operators of the consortium in question,4.347980499267578,True,True
phi2,Phi-2,agr_0189,PP,The operators of the consortiums in question,6.582708358764648,True,True
phi2,Phi-2,agr_0190,SS,The consultant of the corporation in question,6.104656219482422,True,True
phi2,Phi-2,agr_0190,SP,The consultant of the corporations in question,1.364100456237793,True,True
phi2,Phi-2,agr_0190,PS,The consultants of the corporation in question,4.7769775390625,True,True
phi2,Phi-2,agr_0190,PP,The consultants of the corporations in question,6.368832588195801,True,True
phi2,Phi-2,agr_0191,SS,The examiner of the laboratory in question,6.166927337646484,True,True
phi2,Phi-2,agr_0191,SP,The examiner of the laboratories in question,1.6454992294311523,True,True
phi2,Phi-2,agr_0191,PS,The examiners of the laboratory in question,5.383588790893555,True,True
phi2,Phi-2,agr_0191,PP,The examiners of the laboratories in question,6.761296272277832,True,True
phi2,Phi-2,agr_0192,SS,The doctor of the federation in question,6.075335502624512,True,True
phi2,Phi-2,agr_0192,SP,The doctor of the federations in question,1.711669921875,True,True
phi2,Phi-2,agr_0192,PS,The doctors of the federation in question,5.041755676269531,True,True
phi2,Phi-2,agr_0192,PP,The doctors of the federations in question,6.978442192077637,True,True
phi2,Phi-2,agr_0193,SS,The leader of the foundation in question,7.657984733581543,True,True
phi2,Phi-2,agr_0193,SP,The leader of the foundations in question,3.4500513076782227,True,True
phi2,Phi-2,agr_0193,PS,The leaders of the foundation in question,4.698775291442871,True,True
phi2,Phi-2,agr_0193,PP,The leaders of the foundations in question,6.549177169799805,True,True
phi2,Phi-2,agr_0194,SS,The planner of the coalition in question,6.316424369812012,True,True
phi2,Phi-2,agr_0194,SP,The planner of the coalitions in question,1.89509391784668,True,True
phi2,Phi-2,agr_0194,PS,The planners of the coalition in question,5.628058433532715,True,True
phi2,Phi-2,agr_0194,PP,The planners of the coalitions in question,7.126997947692871,True,True
phi2,Phi-2,agr_0195,SS,The examiner of the corporation in question,6.495303153991699,True,True
phi2,Phi-2,agr_0195,SP,The examiner of the corporations in question,2.7215614318847656,True,True
phi2,Phi-2,agr_0195,PS,The examiners of the corporation in question,5.141793251037598,True,True
phi2,Phi-2,agr_0195,PP,The examiners of the corporations in question,6.526960372924805,True,True
phi2,Phi-2,agr_0196,SS,The lecturer of the centre in question,6.308592796325684,True,True
phi2,Phi-2,agr_0196,SP,The lecturer of the centres in question,0.7143020629882812,True,False
phi2,Phi-2,agr_0196,PS,The lecturers of the centre in question,5.288695335388184,True,True
phi2,Phi-2,agr_0196,PP,The lecturers of the centres in question,7.12593936920166,True,True
phi2,Phi-2,agr_0197,SS,The technician of the partnership in question,5.833417892456055,True,True
phi2,Phi-2,agr_0197,SP,The technician of the partnerships in question,1.5670223236083984,True,True
phi2,Phi-2,agr_0197,PS,The technicians of the partnership in question,5.189644813537598,True,True
phi2,Phi-2,agr_0197,PP,The technicians of the partnerships in question,7.008530616760254,True,True
phi2,Phi-2,agr_0198,SS,The instructor of the hospital in question,6.911899566650391,True,True
phi2,Phi-2,agr_0198,SP,The instructor of the hospitals in question,1.7497243881225586,True,True
phi2,Phi-2,agr_0198,PS,The instructors of the hospital in question,5.350732803344727,True,True
phi2,Phi-2,agr_0198,PP,The instructors of the hospitals in question,6.823481559753418,True,True
phi2,Phi-2,agr_0199,SS,The instructor of the federation in question,5.946694374084473,True,True
phi2,Phi-2,agr_0199,SP,The instructor of the federations in question,1.2238645553588867,True,True
phi2,Phi-2,agr_0199,PS,The instructors of the federation in question,4.968896865844727,True,True
phi2,Phi-2,agr_0199,PP,The instructors of the federations in question,6.597352981567383,True,True
phi2,Phi-2,agr_0200,SS,The manager of the sector in question,5.657251358032227,True,True
phi2,Phi-2,agr_0200,SP,The manager of the sectors in question,1.7082481384277344,True,True
phi2,Phi-2,agr_0200,PS,The managers of the sector in question,5.37364673614502,True,True
phi2,Phi-2,agr_0200,PP,The managers of the sectors in question,7.165166854858398,True,True
phi2,Phi-2,agr_0201,SS,The reporter of the laboratory in question,6.235833168029785,True,True
phi2,Phi-2,agr_0201,SP,The reporter of the laboratories in question,1.6746912002563477,True,True
phi2,Phi-2,agr_0201,PS,The reporters of the laboratory in question,5.631402969360352,True,True
phi2,Phi-2,agr_0201,PP,The reporters of the laboratories in question,6.721510887145996,True,True
phi2,Phi-2,agr_0202,SS,The lecturer of the company in question,5.288753509521484,True,True
phi2,Phi-2,agr_0202,SP,The lecturer of the companies in question,0.6121311187744141,True,False
phi2,Phi-2,agr_0202,PS,The lecturers of the company in question,4.754426956176758,True,True
phi2,Phi-2,agr_0202,PP,The lecturers of the companies in question,6.455544471740723,True,True
phi2,Phi-2,agr_0203,SS,The reporter of the alliance in question,7.010750770568848,True,True
phi2,Phi-2,agr_0203,SP,The reporter of the alliances in question,2.757265090942383,True,True
phi2,Phi-2,agr_0203,PS,The reporters of the alliance in question,5.178282737731934,True,True
phi2,Phi-2,agr_0203,PP,The reporters of the alliances in question,6.701095581054688,True,True
phi2,Phi-2,agr_0204,SS,The worker of the alliance in question,5.49174690246582,True,True
phi2,Phi-2,agr_0204,SP,The worker of the alliances in question,0.8342761993408203,True,False
phi2,Phi-2,agr_0204,PS,The workers of the alliance in question,5.03184986114502,True,True
phi2,Phi-2,agr_0204,PP,The workers of the alliances in question,6.881627082824707,True,True
phi2,Phi-2,agr_0205,SS,The analyst of the network in question,7.071624755859375,True,True
phi2,Phi-2,agr_0205,SP,The analyst of the networks in question,2.9248838424682617,True,True
phi2,Phi-2,agr_0205,PS,The analysts of the network in question,5.178127288818359,True,True
phi2,Phi-2,agr_0205,PP,The analysts of the networks in question,6.606378555297852,True,True
phi2,Phi-2,agr_0206,SS,The examiner of the platform in question,6.538429260253906,True,True
phi2,Phi-2,agr_0206,SP,The examiner of the platforms in question,1.9860095977783203,True,True
phi2,Phi-2,agr_0206,PS,The examiners of the platform in question,5.162112236022949,True,True
phi2,Phi-2,agr_0206,PP,The examiners of the platforms in question,6.770981788635254,True,True
phi2,Phi-2,agr_0207,SS,The coordinator of the school in question,6.980704307556152,True,True
phi2,Phi-2,agr_0207,SP,The coordinator of the schools in question,2.510655403137207,True,True
phi2,Phi-2,agr_0207,PS,The coordinators of the school in question,4.46336555480957,True,True
phi2,Phi-2,agr_0207,PP,The coordinators of the schools in question,6.49056339263916,True,True
phi2,Phi-2,agr_0208,SS,The assistant of the board in question,5.119785308837891,True,True
phi2,Phi-2,agr_0208,SP,The assistant of the boards in question,1.053619384765625,True,True
phi2,Phi-2,agr_0208,PS,The assistants of the board in question,4.308542251586914,True,True
phi2,Phi-2,agr_0208,PP,The assistants of the boards in question,6.281373977661133,True,True
phi2,Phi-2,agr_0209,SS,The engineer of the club in question,6.674283027648926,True,True
phi2,Phi-2,agr_0209,SP,The engineer of the clubs in question,2.276834487915039,True,True
phi2,Phi-2,agr_0209,PS,The engineers of the club in question,5.395524978637695,True,True
phi2,Phi-2,agr_0209,PP,The engineers of the clubs in question,7.020442962646484,True,True
phi2,Phi-2,agr_0210,SS,The accountant of the board in question,6.031022071838379,True,True
phi2,Phi-2,agr_0210,SP,The accountant of the boards in question,1.5863637924194336,True,True
phi2,Phi-2,agr_0210,PS,The accountants of the board in question,4.486008644104004,True,True
phi2,Phi-2,agr_0210,PP,The accountants of the boards in question,6.719875335693359,True,True
phi2,Phi-2,agr_0211,SS,The technician of the platform in question,5.919901847839356,True,True
phi2,Phi-2,agr_0211,SP,The technician of the platforms in question,1.424921989440918,True,True
phi2,Phi-2,agr_0211,PS,The technicians of the platform in question,5.185209274291992,True,True
phi2,Phi-2,agr_0211,PP,The technicians of the platforms in question,6.992922782897949,True,True
phi2,Phi-2,agr_0212,SS,The artist of the enterprise in question,5.218867301940918,True,True
phi2,Phi-2,agr_0212,SP,The artist of the enterprises in question,0.6532440185546875,True,False
phi2,Phi-2,agr_0212,PS,The artists of the enterprise in question,4.729215621948242,True,True
phi2,Phi-2,agr_0212,PP,The artists of the enterprises in question,6.881142616271973,True,True
phi2,Phi-2,agr_0213,SS,The lecturer of the consortium in question,6.043561935424805,True,True
phi2,Phi-2,agr_0213,SP,The lecturer of the consortiums in question,1.2360925674438477,True,True
phi2,Phi-2,agr_0213,PS,The lecturers of the consortium in question,5.734647750854492,True,True
phi2,Phi-2,agr_0213,PP,The lecturers of the consortiums in question,6.854372978210449,True,True
phi2,Phi-2,agr_0214,SS,The builder of the laboratory in question,7.266322135925293,True,True
phi2,Phi-2,agr_0214,SP,The builder of the laboratories in question,5.145491600036621,True,True
phi2,Phi-2,agr_0214,PS,The builders of the laboratory in question,5.649809837341309,True,True
phi2,Phi-2,agr_0214,PP,The builders of the laboratories in question,6.4788007736206055,True,True
phi2,Phi-2,agr_0215,SS,The driver of the platform in question,7.363703727722168,True,True
phi2,Phi-2,agr_0215,SP,The driver of the platforms in question,1.296609878540039,True,True
phi2,Phi-2,agr_0215,PS,The drivers of the platform in question,4.602996826171875,True,True
phi2,Phi-2,agr_0215,PP,The drivers of the platforms in question,6.957432746887207,True,True
phi2,Phi-2,agr_0216,SS,The commissioner of the consortium in question,6.739781379699707,True,True
phi2,Phi-2,agr_0216,SP,The commissioner of the consortiums in question,2.0821218490600586,True,True
phi2,Phi-2,agr_0216,PS,The commissioners of the consortium in question,4.048632621765137,True,True
phi2,Phi-2,agr_0216,PP,The commissioners of the consortiums in question,6.062169075012207,True,True
phi2,Phi-2,agr_0217,SS,The advisor of the ministry in question,5.425442695617676,True,True
phi2,Phi-2,agr_0217,SP,The advisor of the ministries in question,1.4216527938842771,True,True
phi2,Phi-2,agr_0217,PS,The advisors of the ministry in question,4.317927360534668,True,True
phi2,Phi-2,agr_0217,PP,The advisors of the ministries in question,6.4025726318359375,True,True
phi2,Phi-2,agr_0218,SS,The member of the network in question,4.603681564331055,True,True
phi2,Phi-2,agr_0218,SP,The member of the networks in question,0.2752590179443359,True,False
phi2,Phi-2,agr_0218,PS,The members of the network in question,4.784747123718262,True,True
phi2,Phi-2,agr_0218,PP,The members of the networks in question,6.683451652526856,True,True
phi2,Phi-2,agr_0219,SS,The author of the forum in question,7.556105613708496,True,True
phi2,Phi-2,agr_0219,SP,The author of the forums in question,4.236635208129883,True,True
phi2,Phi-2,agr_0219,PS,The authors of the forum in question,5.695769309997559,True,True
phi2,Phi-2,agr_0219,PP,The authors of the forums in question,6.455020904541016,True,True
phi2,Phi-2,agr_0220,SS,The scientist of the partnership in question,6.296298980712891,True,True
phi2,Phi-2,agr_0220,SP,The scientist of the partnerships in question,2.375865936279297,True,True
phi2,Phi-2,agr_0220,PS,The scientists of the partnership in question,4.600356101989746,True,True
phi2,Phi-2,agr_0220,PP,The scientists of the partnerships in question,7.051218032836914,True,True
phi2,Phi-2,agr_0221,SS,The inspector of the facility in question,7.209401130676269,True,True
phi2,Phi-2,agr_0221,SP,The inspector of the facilities in question,3.1295461654663086,True,True
phi2,Phi-2,agr_0221,PS,The inspectors of the facility in question,5.842159271240234,True,True
phi2,Phi-2,agr_0221,PP,The inspectors of the facilities in question,6.916897773742676,True,True
phi2,Phi-2,agr_0222,SS,The lecturer of the project in question,6.771892547607422,True,True
phi2,Phi-2,agr_0222,SP,The lecturer of the projects in question,2.398642539978028,True,True
phi2,Phi-2,agr_0222,PS,The lecturers of the project in question,5.437445640563965,True,True
phi2,Phi-2,agr_0222,PP,The lecturers of the projects in question,6.9982500076293945,True,True
phi2,Phi-2,agr_0223,SS,The student of the ministry in question,5.232064247131348,True,True
phi2,Phi-2,agr_0223,SP,The student of the ministries in question,0.5263633728027344,True,False
phi2,Phi-2,agr_0223,PS,The students of the ministry in question,5.770268440246582,True,True
phi2,Phi-2,agr_0223,PP,The students of the ministries in question,6.938032150268555,True,True
phi2,Phi-2,agr_0224,SS,The accountant of the firm in question,6.989184379577637,True,True
phi2,Phi-2,agr_0224,SP,The accountant of the firms in question,1.7536354064941406,True,True
phi2,Phi-2,agr_0224,PS,The accountants of the firm in question,4.950283050537109,True,True
phi2,Phi-2,agr_0224,PP,The accountants of the firms in question,6.704840660095215,True,True
phi2,Phi-2,agr_0225,SS,The scientist of the authority in question,5.978231430053711,True,True
phi2,Phi-2,agr_0225,SP,The scientist of the authorities in question,3.194870948791504,True,True
phi2,Phi-2,agr_0225,PS,The scientists of the authority in question,4.405379295349121,True,True
phi2,Phi-2,agr_0225,PP,The scientists of the authorities in question,5.767132759094238,True,True
phi2,Phi-2,agr_0226,SS,The editor of the branch in question,5.793013572692871,True,True
phi2,Phi-2,agr_0226,SP,The editor of the branches in question,1.226449966430664,True,True
phi2,Phi-2,agr_0226,PS,The editors of the branch in question,3.4563446044921875,True,True
phi2,Phi-2,agr_0226,PP,The editors of the branches in question,5.7527923583984375,True,True
phi2,Phi-2,agr_0227,SS,The operator of the board in question,5.026087760925293,True,True
phi2,Phi-2,agr_0227,SP,The operator of the boards in question,1.928317070007324,True,True
phi2,Phi-2,agr_0227,PS,The operators of the board in question,4.688602447509766,True,True
phi2,Phi-2,agr_0227,PP,The operators of the boards in question,6.842354774475098,True,True
phi2,Phi-2,agr_0228,SS,The lecturer of the office in question,5.708271026611328,True,True
phi2,Phi-2,agr_0228,SP,The lecturer of the offices in question,2.369321823120117,True,True
phi2,Phi-2,agr_0228,PS,The lecturers of the office in question,4.909914016723633,True,True
phi2,Phi-2,agr_0228,PP,The lecturers of the offices in question,6.64314079284668,True,True
phi2,Phi-2,agr_0229,SS,The director of the committee in question,6.493109703063965,True,True
phi2,Phi-2,agr_0229,SP,The director of the committees in question,1.5684938430786133,True,True
phi2,Phi-2,agr_0229,PS,The directors of the committee in question,4.99561882019043,True,True
phi2,Phi-2,agr_0229,PP,The directors of the committees in question,6.835345268249512,True,True
phi2,Phi-2,agr_0230,SS,The advisor of the firm in question,6.344243049621582,True,True
phi2,Phi-2,agr_0230,SP,The advisor of the firms in question,1.7082910537719729,True,True
phi2,Phi-2,agr_0230,PS,The advisors of the firm in question,4.488530158996582,True,True
phi2,Phi-2,agr_0230,PP,The advisors of the firms in question,6.573094367980957,True,True
phi2,Phi-2,agr_0231,SS,The planner of the office in question,7.476602554321289,True,True
phi2,Phi-2,agr_0231,SP,The planner of the offices in question,4.580002784729004,True,True
phi2,Phi-2,agr_0231,PS,The planners of the office in question,5.893105506896973,True,True
phi2,Phi-2,agr_0231,PP,The planners of the offices in question,6.421244621276856,True,True
phi2,Phi-2,agr_0232,SS,The doctor of the club in question,5.632990837097168,True,True
phi2,Phi-2,agr_0232,SP,The doctor of the clubs in question,0.8379135131835938,True,False
phi2,Phi-2,agr_0232,PS,The doctors of the club in question,5.200309753417969,True,True
phi2,Phi-2,agr_0232,PP,The doctors of the clubs in question,6.864872932434082,True,True
phi2,Phi-2,agr_0233,SS,The officer of the school in question,6.431257247924805,True,True
phi2,Phi-2,agr_0233,SP,The officer of the schools in question,1.539628982543945,True,True
phi2,Phi-2,agr_0233,PS,The officers of the school in question,5.898674011230469,True,True
phi2,Phi-2,agr_0233,PP,The officers of the schools in question,7.157535552978516,True,True
phi2,Phi-2,agr_0234,SS,The analyst of the corporation in question,7.059530258178711,True,True
phi2,Phi-2,agr_0234,SP,The analyst of the corporations in question,2.5823659896850586,True,True
phi2,Phi-2,agr_0234,PS,The analysts of the corporation in question,5.383815765380859,True,True
phi2,Phi-2,agr_0234,PP,The analysts of the corporations in question,6.409976005554199,True,True
phi2,Phi-2,agr_0235,SS,The examiner of the centre in question,6.430149078369141,True,True
phi2,Phi-2,agr_0235,SP,The examiner of the centres in question,1.364704132080078,True,True
phi2,Phi-2,agr_0235,PS,The examiners of the centre in question,5.600963592529297,True,True
phi2,Phi-2,agr_0235,PP,The examiners of the centres in question,6.962868690490723,True,True
phi2,Phi-2,agr_0236,SS,The builder of the platform in question,7.124502182006836,True,True
phi2,Phi-2,agr_0236,SP,The builder of the platforms in question,3.844396591186523,True,True
phi2,Phi-2,agr_0236,PS,The builders of the platform in question,5.217372894287109,True,True
phi2,Phi-2,agr_0236,PP,The builders of the platforms in question,6.490531921386719,True,True
phi2,Phi-2,agr_0237,SS,The director of the institution in question,6.234856605529785,True,True
phi2,Phi-2,agr_0237,SP,The director of the institutions in question,1.317368507385254,True,True
phi2,Phi-2,agr_0237,PS,The directors of the institution in question,4.4611663818359375,True,True
phi2,Phi-2,agr_0237,PP,The directors of the institutions in question,6.934275627136231,True,True
phi2,Phi-2,agr_0238,SS,The developer of the program in question,6.344161987304688,True,True
phi2,Phi-2,agr_0238,SP,The developer of the programs in question,2.566128730773926,True,True
phi2,Phi-2,agr_0238,PS,The developers of the program in question,5.467792510986328,True,True
phi2,Phi-2,agr_0238,PP,The developers of the programs in question,6.860796928405762,True,True
phi2,Phi-2,agr_0239,SS,The assistant of the firm in question,6.297712326049805,True,True
phi2,Phi-2,agr_0239,SP,The assistant of the firms in question,1.0380773544311523,True,True
phi2,Phi-2,agr_0239,PS,The assistants of the firm in question,4.804872512817383,True,True
phi2,Phi-2,agr_0239,PP,The assistants of the firms in question,6.473135948181152,True,True
phi2,Phi-2,agr_0240,SS,The auditor of the centre in question,6.435703277587891,True,True
phi2,Phi-2,agr_0240,SP,The auditor of the centres in question,1.505671501159668,True,True
phi2,Phi-2,agr_0240,PS,The auditors of the centre in question,5.119938850402832,True,True
phi2,Phi-2,agr_0240,PP,The auditors of the centres in question,6.641744613647461,True,True
phi2,Phi-2,agr_0241,SS,The lawyer of the region in question,6.332429885864258,True,True
phi2,Phi-2,agr_0241,SP,The lawyer of the regions in question,1.7428112030029297,True,True
phi2,Phi-2,agr_0241,PS,The lawyers of the region in question,5.310276985168457,True,True
phi2,Phi-2,agr_0241,PP,The lawyers of the regions in question,6.612738609313965,True,True
phi2,Phi-2,agr_0242,SS,The examiner of the facility in question,6.643655776977539,True,True
phi2,Phi-2,agr_0242,SP,The examiner of the facilities in question,2.971250534057617,True,True
phi2,Phi-2,agr_0242,PS,The examiners of the facility in question,5.794338226318359,True,True
phi2,Phi-2,agr_0242,PP,The examiners of the facilities in question,6.886289596557617,True,True
phi2,Phi-2,agr_0243,SS,The teacher of the unit in question,7.142603874206543,True,True
phi2,Phi-2,agr_0243,SP,The teacher of the units in question,3.603452682495117,True,True
phi2,Phi-2,agr_0243,PS,The teachers of the unit in question,5.727880477905273,True,True
phi2,Phi-2,agr_0243,PP,The teachers of the units in question,7.206475257873535,True,True
phi2,Phi-2,agr_0244,SS,The author of the centre in question,6.481170654296875,True,True
phi2,Phi-2,agr_0244,SP,The author of the centres in question,1.3543033599853516,True,True
phi2,Phi-2,agr_0244,PS,The authors of the centre in question,4.325115203857422,True,True
phi2,Phi-2,agr_0244,PP,The authors of the centres in question,5.517084121704102,True,True
phi2,Phi-2,agr_0245,SS,The coordinator of the project in question,7.364534378051758,True,True
phi2,Phi-2,agr_0245,SP,The coordinator of the projects in question,4.241937637329102,True,True
phi2,Phi-2,agr_0245,PS,The coordinators of the project in question,4.160429000854492,True,True
phi2,Phi-2,agr_0245,PP,The coordinators of the projects in question,6.718338966369629,True,True
phi2,Phi-2,agr_0246,SS,The accountant of the panel in question,5.8026885986328125,True,True
phi2,Phi-2,agr_0246,SP,The accountant of the panels in question,3.187023162841797,True,True
phi2,Phi-2,agr_0246,PS,The accountants of the panel in question,5.434782981872559,True,True
phi2,Phi-2,agr_0246,PP,The accountants of the panels in question,6.407656669616699,True,True
phi2,Phi-2,agr_0247,SS,The analyst of the project in question,6.891687393188477,True,True
phi2,Phi-2,agr_0247,SP,The analyst of the projects in question,3.2222728729248047,True,True
phi2,Phi-2,agr_0247,PS,The analysts of the project in question,5.371633529663086,True,True
phi2,Phi-2,agr_0247,PP,The analysts of the projects in question,6.3742218017578125,True,True
phi2,Phi-2,agr_0248,SS,The journalist of the authority in question,5.472777366638184,True,True
phi2,Phi-2,agr_0248,SP,The journalist of the authorities in question,3.1956796646118164,True,True
phi2,Phi-2,agr_0248,PS,The journalists of the authority in question,4.148585319519043,True,True
phi2,Phi-2,agr_0248,PP,The journalists of the authorities in question,5.502293586730957,True,True
phi2,Phi-2,agr_0249,SS,The worker of the ministry in question,4.786579132080078,True,True
phi2,Phi-2,agr_0249,SP,The worker of the ministries in question,0.2975368499755859,True,False
phi2,Phi-2,agr_0249,PS,The workers of the ministry in question,5.409882545471191,True,True
phi2,Phi-2,agr_0249,PP,The workers of the ministries in question,6.986043930053711,True,True
phi2,Phi-2,agr_0250,SS,The professor of the panel in question,5.826910018920898,True,True
phi2,Phi-2,agr_0250,SP,The professor of the panels in question,3.318546295166016,True,True
phi2,Phi-2,agr_0250,PS,The professors of the panel in question,5.392253875732422,True,True
phi2,Phi-2,agr_0250,PP,The professors of the panels in question,6.793737411499023,True,True
phi2,Phi-2,agr_0251,SS,The evaluator of the centre in question,5.743047714233398,True,True
phi2,Phi-2,agr_0251,SP,The evaluator of the centres in question,1.0575027465820312,True,True
phi2,Phi-2,agr_0251,PS,The evaluators of the centre in question,5.140594482421875,True,True
phi2,Phi-2,agr_0251,PP,The evaluators of the centres in question,6.809931755065918,True,True
phi2,Phi-2,agr_0252,SS,The journalist of the college in question,6.375580787658691,True,True
phi2,Phi-2,agr_0252,SP,The journalist of the colleges in question,1.249894142150879,True,True
phi2,Phi-2,agr_0252,PS,The journalists of the college in question,4.70072078704834,True,True
phi2,Phi-2,agr_0252,PP,The journalists of the colleges in question,6.397088050842285,True,True
phi2,Phi-2,agr_0253,SS,The administrator of the office in question,6.506667137145996,True,True
phi2,Phi-2,agr_0253,SP,The administrator of the offices in question,3.166964530944824,True,True
phi2,Phi-2,agr_0253,PS,The administrators of the office in question,4.571125984191895,True,True
phi2,Phi-2,agr_0253,PP,The administrators of the offices in question,6.646702766418457,True,True
phi2,Phi-2,agr_0254,SS,The director of the network in question,6.268868446350098,True,True
phi2,Phi-2,agr_0254,SP,The director of the networks in question,2.0252466201782227,True,True
phi2,Phi-2,agr_0254,PS,The directors of the network in question,4.810833930969238,True,True
phi2,Phi-2,agr_0254,PP,The directors of the networks in question,6.736033439636231,True,True
phi2,Phi-2,agr_0255,SS,The planner of the forum in question,6.85500431060791,True,True
phi2,Phi-2,agr_0255,SP,The planner of the forums in question,4.007024765014648,True,True
phi2,Phi-2,agr_0255,PS,The planners of the forum in question,5.458999633789063,True,True
phi2,Phi-2,agr_0255,PP,The planners of the forums in question,6.7919921875,True,True
phi2,Phi-2,agr_0256,SS,The advisor of the forum in question,6.541987419128418,True,True
phi2,Phi-2,agr_0256,SP,The advisor of the forums in question,2.809703826904297,True,True
phi2,Phi-2,agr_0256,PS,The advisors of the forum in question,4.804414749145508,True,True
phi2,Phi-2,agr_0256,PP,The advisors of the forums in question,6.329323768615723,True,True
phi2,Phi-2,agr_0257,SS,The employee of the institution in question,5.124923706054688,True,True
phi2,Phi-2,agr_0257,SP,The employee of the institutions in question,0.4016170501708984,True,False
phi2,Phi-2,agr_0257,PS,The employees of the institution in question,5.437075614929199,True,True
phi2,Phi-2,agr_0257,PP,The employees of the institutions in question,7.321324348449707,True,True
phi2,Phi-2,agr_0258,SS,The scientist of the division in question,5.579882621765137,True,True
phi2,Phi-2,agr_0258,SP,The scientist of the divisions in question,1.1889219284057615,True,True
phi2,Phi-2,agr_0258,PS,The scientists of the division in question,5.455022811889648,True,True
phi2,Phi-2,agr_0258,PP,The scientists of the divisions in question,6.92971134185791,True,True
phi2,Phi-2,agr_0259,SS,The painter of the board in question,7.020565986633301,True,True
phi2,Phi-2,agr_0259,SP,The painter of the boards in question,3.738749504089356,True,True
phi2,Phi-2,agr_0259,PS,The painters of the board in question,4.9702863693237305,True,True
phi2,Phi-2,agr_0259,PP,The painters of the boards in question,6.271410942077637,True,True
phi2,Phi-2,agr_0260,SS,The author of the network in question,5.524131774902344,True,True
phi2,Phi-2,agr_0260,SP,The author of the networks in question,2.234064102172852,True,True
phi2,Phi-2,agr_0260,PS,The authors of the network in question,4.378358840942383,True,True
phi2,Phi-2,agr_0260,PP,The authors of the networks in question,6.204256057739258,True,True
phi2,Phi-2,agr_0261,SS,The assistant of the laboratory in question,6.0769147872924805,True,True
phi2,Phi-2,agr_0261,SP,The assistant of the laboratories in question,1.8347272872924805,True,True
phi2,Phi-2,agr_0261,PS,The assistants of the laboratory in question,4.644042015075684,True,True
phi2,Phi-2,agr_0261,PP,The assistants of the laboratories in question,6.682682991027832,True,True
phi2,Phi-2,agr_0262,SS,The officer of the bureau in question,5.931665420532227,True,True
phi2,Phi-2,agr_0262,SP,The officer of the bureaus in question,0.5224876403808594,True,False
phi2,Phi-2,agr_0262,PS,The officers of the bureau in question,6.068819999694824,True,True
phi2,Phi-2,agr_0262,PP,The officers of the bureaus in question,7.295934677124023,True,True
phi2,Phi-2,agr_0263,SS,The assistant of the branch in question,5.307098388671875,True,True
phi2,Phi-2,agr_0263,SP,The assistant of the branches in question,1.1786117553710938,True,True
phi2,Phi-2,agr_0263,PS,The assistants of the branch in question,4.366265296936035,True,True
phi2,Phi-2,agr_0263,PP,The assistants of the branches in question,6.458452224731445,True,True
phi2,Phi-2,agr_0264,SS,The programmer of the project in question,6.773367881774902,True,True
phi2,Phi-2,agr_0264,SP,The programmer of the projects in question,2.5268564224243164,True,True
phi2,Phi-2,agr_0264,PS,The programmers of the project in question,5.617188453674316,True,True
phi2,Phi-2,agr_0264,PP,The programmers of the projects in question,7.005746841430664,True,True
phi2,Phi-2,agr_0265,SS,The reporter of the unit in question,5.867827415466309,True,True
phi2,Phi-2,agr_0265,SP,The reporter of the units in question,1.9475345611572263,True,True
phi2,Phi-2,agr_0265,PS,The reporters of the unit in question,5.648208618164063,True,True
phi2,Phi-2,agr_0265,PP,The reporters of the units in question,6.922605514526367,True,True
phi2,Phi-2,agr_0266,SS,The member of the service in question,4.550351142883301,True,True
phi2,Phi-2,agr_0266,SP,The member of the services in question,1.826312065124512,True,True
phi2,Phi-2,agr_0266,PS,The members of the service in question,4.646430969238281,True,True
phi2,Phi-2,agr_0266,PP,The members of the services in question,6.585260391235352,True,True
phi2,Phi-2,agr_0267,SS,The professor of the program in question,6.293336868286133,True,True
phi2,Phi-2,agr_0267,SP,The professor of the programs in question,2.51906681060791,True,True
phi2,Phi-2,agr_0267,PS,The professors of the program in question,4.838529586791992,True,True
phi2,Phi-2,agr_0267,PP,The professors of the programs in question,6.6311445236206055,True,True
phi2,Phi-2,agr_0268,SS,The worker of the enterprise in question,4.764827728271484,True,True
phi2,Phi-2,agr_0268,SP,The worker of the enterprises in question,0.040079116821289,True,False
phi2,Phi-2,agr_0268,PS,The workers of the enterprise in question,4.354789733886719,True,True
phi2,Phi-2,agr_0268,PP,The workers of the enterprises in question,6.689681053161621,True,True
phi2,Phi-2,agr_0269,SS,The teacher of the agency in question,6.148305892944336,True,True
phi2,Phi-2,agr_0269,SP,The teacher of the agencies in question,1.5391721725463867,True,True
phi2,Phi-2,agr_0269,PS,The teachers of the agency in question,4.937091827392578,True,True
phi2,Phi-2,agr_0269,PP,The teachers of the agencies in question,7.249871253967285,True,True
phi2,Phi-2,agr_0270,SS,The executive of the enterprise in question,5.2358808517456055,True,True
phi2,Phi-2,agr_0270,SP,The executive of the enterprises in question,0.4236660003662109,True,False
phi2,Phi-2,agr_0270,PS,The executives of the enterprise in question,5.190284729003906,True,True
phi2,Phi-2,agr_0270,PP,The executives of the enterprises in question,6.93675708770752,True,True
phi2,Phi-2,agr_0271,SS,The auditor of the network in question,5.936610221862793,True,True
phi2,Phi-2,agr_0271,SP,The auditor of the networks in question,1.5264873504638672,True,True
phi2,Phi-2,agr_0271,PS,The auditors of the network in question,5.100523948669434,True,True
phi2,Phi-2,agr_0271,PP,The auditors of the networks in question,6.446589469909668,True,True
phi2,Phi-2,agr_0272,SS,The journalist of the district in question,5.947492599487305,True,True
phi2,Phi-2,agr_0272,SP,The journalist of the districts in question,0.929718017578125,True,False
phi2,Phi-2,agr_0272,PS,The journalists of the district in question,5.063270568847656,True,True
phi2,Phi-2,agr_0272,PP,The journalists of the districts in question,6.542966842651367,True,True
phi2,Phi-2,agr_0273,SS,The representative of the department in question,6.47674560546875,True,True
phi2,Phi-2,agr_0273,SP,The representative of the departments in question,1.8192768096923828,True,True
phi2,Phi-2,agr_0273,PS,The representatives of the department in question,5.309719085693359,True,True
phi2,Phi-2,agr_0273,PP,The representatives of the departments in question,7.140425682067871,True,True
phi2,Phi-2,agr_0274,SS,The assistant of the committee in question,5.122133255004883,True,True
phi2,Phi-2,agr_0274,SP,The assistant of the committees in question,1.4305477142333984,True,True
phi2,Phi-2,agr_0274,PS,The assistants of the committee in question,5.107690811157227,True,True
phi2,Phi-2,agr_0274,PP,The assistants of the committees in question,6.4715681076049805,True,True
phi2,Phi-2,agr_0275,SS,The manager of the group in question,6.272734642028809,True,True
phi2,Phi-2,agr_0275,SP,The manager of the groups in question,1.5175304412841797,True,True
phi2,Phi-2,agr_0275,PS,The managers of the group in question,5.1031904220581055,True,True
phi2,Phi-2,agr_0275,PP,The managers of the groups in question,7.025158882141113,True,True
phi2,Phi-2,agr_0276,SS,The administrator of the foundation in question,6.7756452560424805,True,True
phi2,Phi-2,agr_0276,SP,The administrator of the foundations in question,2.751901626586914,True,True
phi2,Phi-2,agr_0276,PS,The administrators of the foundation in question,3.860541343688965,True,True
phi2,Phi-2,agr_0276,PP,The administrators of the foundations in question,6.614457130432129,True,True
phi2,Phi-2,agr_0277,SS,The executive of the system in question,5.370661735534668,True,True
phi2,Phi-2,agr_0277,SP,The executive of the systems in question,1.123250961303711,True,True
phi2,Phi-2,agr_0277,PS,The executives of the system in question,5.292308807373047,True,True
phi2,Phi-2,agr_0277,PP,The executives of the systems in question,6.74134635925293,True,True
phi2,Phi-2,agr_0278,SS,The author of the department in question,5.251263618469238,True,True
phi2,Phi-2,agr_0278,SP,The author of the departments in question,1.750286102294922,True,True
phi2,Phi-2,agr_0278,PS,The authors of the department in question,4.579742431640625,True,True
phi2,Phi-2,agr_0278,PP,The authors of the departments in question,6.363299369812012,True,True
phi2,Phi-2,agr_0279,SS,The inspector of the district in question,6.750511169433594,True,True
phi2,Phi-2,agr_0279,SP,The inspector of the districts in question,1.898402214050293,True,True
phi2,Phi-2,agr_0279,PS,The inspectors of the district in question,5.45494556427002,True,True
phi2,Phi-2,agr_0279,PP,The inspectors of the districts in question,6.638762474060059,True,True
phi2,Phi-2,agr_0280,SS,The member of the organization in question,5.204414367675781,True,True
phi2,Phi-2,agr_0280,SP,The member of the organizations in question,0.4446020126342773,True,False
phi2,Phi-2,agr_0280,PS,The members of the organization in question,4.588545799255371,True,True
phi2,Phi-2,agr_0280,PP,The members of the organizations in question,6.8730573654174805,True,True
phi2,Phi-2,agr_0281,SS,The scientist of the program in question,5.971531867980957,True,True
phi2,Phi-2,agr_0281,SP,The scientist of the programs in question,1.6783580780029297,True,True
phi2,Phi-2,agr_0281,PS,The scientists of the program in question,5.336564064025879,True,True
phi2,Phi-2,agr_0281,PP,The scientists of the programs in question,6.788230895996094,True,True
phi2,Phi-2,agr_0282,SS,The programmer of the program in question,6.4758405685424805,True,True
phi2,Phi-2,agr_0282,SP,The programmer of the programs in question,2.153740882873535,True,True
phi2,Phi-2,agr_0282,PS,The programmers of the program in question,5.751804351806641,True,True
phi2,Phi-2,agr_0282,PP,The programmers of the programs in question,6.699522018432617,True,True
phi2,Phi-2,agr_0283,SS,The planner of the council in question,5.7053632736206055,True,True
phi2,Phi-2,agr_0283,SP,The planner of the councils in question,1.7045927047729492,True,True
phi2,Phi-2,agr_0283,PS,The planners of the council in question,5.364638328552246,True,True
phi2,Phi-2,agr_0283,PP,The planners of the councils in question,6.9222259521484375,True,True
phi2,Phi-2,agr_0284,SS,The owner of the team in question,5.780744552612305,True,True
phi2,Phi-2,agr_0284,SP,The owner of the teams in question,0.600916862487793,True,False
phi2,Phi-2,agr_0284,PS,The owners of the team in question,5.277919769287109,True,True
phi2,Phi-2,agr_0284,PP,The owners of the teams in question,6.783899307250977,True,True
phi2,Phi-2,agr_0285,SS,The commissioner of the club in question,6.328568458557129,True,True
phi2,Phi-2,agr_0285,SP,The commissioner of the clubs in question,1.6472406387329102,True,True
phi2,Phi-2,agr_0285,PS,The commissioners of the club in question,4.56456470489502,True,True
phi2,Phi-2,agr_0285,PP,The commissioners of the clubs in question,6.257548332214356,True,True
phi2,Phi-2,agr_0286,SS,The planner of the unit in question,6.183109283447266,True,True
phi2,Phi-2,agr_0286,SP,The planner of the units in question,2.826869010925293,True,True
phi2,Phi-2,agr_0286,PS,The planners of the unit in question,5.44864559173584,True,True
phi2,Phi-2,agr_0286,PP,The planners of the units in question,6.529624938964844,True,True
phi2,Phi-2,agr_0287,SS,The trainer of the foundation in question,6.195710182189941,True,True
phi2,Phi-2,agr_0287,SP,The trainer of the foundations in question,2.4886207580566406,True,True
phi2,Phi-2,agr_0287,PS,The trainers of the foundation in question,5.218064308166504,True,True
phi2,Phi-2,agr_0287,PP,The trainers of the foundations in question,6.945842742919922,True,True
phi2,Phi-2,agr_0288,SS,The scientist of the college in question,6.233131408691406,True,True
phi2,Phi-2,agr_0288,SP,The scientist of the colleges in question,0.9437522888183594,True,False
phi2,Phi-2,agr_0288,PS,The scientists of the college in question,4.994054794311523,True,True
phi2,Phi-2,agr_0288,PP,The scientists of the colleges in question,6.528606414794922,True,True
phi2,Phi-2,agr_0289,SS,The developer of the unit in question,6.786471366882324,True,True
phi2,Phi-2,agr_0289,SP,The developer of the units in question,3.1555089950561523,True,True
phi2,Phi-2,agr_0289,PS,The developers of the unit in question,5.40091609954834,True,True
phi2,Phi-2,agr_0289,PP,The developers of the units in question,6.260761260986328,True,True
phi2,Phi-2,agr_0290,SS,The worker of the station in question,5.603792190551758,True,True
phi2,Phi-2,agr_0290,SP,The worker of the stations in question,0.3165416717529297,True,False
phi2,Phi-2,agr_0290,PS,The workers of the station in question,6.199333190917969,True,True
phi2,Phi-2,agr_0290,PP,The workers of the stations in question,7.238214492797852,True,True
phi2,Phi-2,agr_0291,SS,The journalist of the company in question,6.182130813598633,True,True
phi2,Phi-2,agr_0291,SP,The journalist of the companies in question,1.093118667602539,True,True
phi2,Phi-2,agr_0291,PS,The journalists of the company in question,4.448941230773926,True,True
phi2,Phi-2,agr_0291,PP,The journalists of the companies in question,6.355025291442871,True,True
phi2,Phi-2,agr_0292,SS,The artist of the coalition in question,4.878283500671387,True,True
phi2,Phi-2,agr_0292,SP,The artist of the coalitions in question,0.9603996276855468,True,False
phi2,Phi-2,agr_0292,PS,The artists of the coalition in question,5.665909767150879,True,True
phi2,Phi-2,agr_0292,PP,The artists of the coalitions in question,7.034330368041992,True,True
phi2,Phi-2,agr_0293,SS,The driver of the hospital in question,7.911974906921387,True,True
phi2,Phi-2,agr_0293,SP,The driver of the hospitals in question,0.9887733459472656,True,False
phi2,Phi-2,agr_0293,PS,The drivers of the hospital in question,5.192091941833496,True,True
phi2,Phi-2,agr_0293,PP,The drivers of the hospitals in question,6.659462928771973,True,True
phi2,Phi-2,agr_0294,SS,The evaluator of the district in question,6.434929847717285,True,True
phi2,Phi-2,agr_0294,SP,The evaluator of the districts in question,2.2886877059936523,True,True
phi2,Phi-2,agr_0294,PS,The evaluators of the district in question,5.413037300109863,True,True
phi2,Phi-2,agr_0294,PP,The evaluators of the districts in question,6.601770401000977,True,True
phi2,Phi-2,agr_0295,SS,The lecturer of the district in question,5.381709098815918,True,True
phi2,Phi-2,agr_0295,SP,The lecturer of the districts in question,0.7202539443969727,True,False
phi2,Phi-2,agr_0295,PS,The lecturers of the district in question,4.913275718688965,True,True
phi2,Phi-2,agr_0295,PP,The lecturers of the districts in question,6.22398567199707,True,True
phi2,Phi-2,agr_0296,SS,The assistant of the federation in question,5.099512100219727,True,True
phi2,Phi-2,agr_0296,SP,The assistant of the federations in question,1.2488346099853516,True,True
phi2,Phi-2,agr_0296,PS,The assistants of the federation in question,4.614081382751465,True,True
phi2,Phi-2,agr_0296,PP,The assistants of the federations in question,6.462203979492188,True,True
phi2,Phi-2,agr_0297,SS,The teacher of the board in question,6.309769630432129,True,True
phi2,Phi-2,agr_0297,SP,The teacher of the boards in question,2.743504524230957,True,True
phi2,Phi-2,agr_0297,PS,The teachers of the board in question,4.995002746582031,True,True
phi2,Phi-2,agr_0297,PP,The teachers of the boards in question,7.081483840942383,True,True
phi2,Phi-2,agr_0298,SS,The driver of the department in question,6.432277679443359,True,True
phi2,Phi-2,agr_0298,SP,The driver of the departments in question,0.8455028533935547,True,False
phi2,Phi-2,agr_0298,PS,The drivers of the department in question,5.050207138061523,True,True
phi2,Phi-2,agr_0298,PP,The drivers of the departments in question,6.554306983947754,True,True
phi2,Phi-2,agr_0299,SS,The engineer of the district in question,6.716526985168457,True,True
phi2,Phi-2,agr_0299,SP,The engineer of the districts in question,1.9090185165405276,True,True
phi2,Phi-2,agr_0299,PS,The engineers of the district in question,5.285972595214844,True,True
phi2,Phi-2,agr_0299,PP,The engineers of the districts in question,6.647246360778809,True,True
phi2,Phi-2,agr_0300,SS,The painter of the association in question,5.550225257873535,True,True
phi2,Phi-2,agr_0300,SP,The painter of the associations in question,3.0624771118164062,True,True
phi2,Phi-2,agr_0300,PS,The painters of the association in question,5.477860450744629,True,True
phi2,Phi-2,agr_0300,PP,The painters of the associations in question,6.845758438110352,True,True
phi2,Phi-2,agr_0301,SS,The manager of the branch in question,7.131551742553711,True,True
phi2,Phi-2,agr_0301,SP,The manager of the branches in question,2.645986557006836,True,True
phi2,Phi-2,agr_0301,PS,The managers of the branch in question,4.991758346557617,True,True
phi2,Phi-2,agr_0301,PP,The managers of the branches in question,6.995253562927246,True,True
phi2,Phi-2,agr_0302,SS,The programmer of the club in question,6.505790710449219,True,True
phi2,Phi-2,agr_0302,SP,The programmer of the clubs in question,2.410524368286133,True,True
phi2,Phi-2,agr_0302,PS,The programmers of the club in question,6.0835161209106445,True,True
phi2,Phi-2,agr_0302,PP,The programmers of the clubs in question,6.999080657958984,True,True
phi2,Phi-2,agr_0303,SS,The evaluator of the association in question,5.528883934020996,True,True
phi2,Phi-2,agr_0303,SP,The evaluator of the associations in question,2.0794849395751958,True,True
phi2,Phi-2,agr_0303,PS,The evaluators of the association in question,4.664154052734375,True,True
phi2,Phi-2,agr_0303,PP,The evaluators of the associations in question,6.774796485900879,True,True
phi2,Phi-2,agr_0304,SS,The artist of the office in question,7.251769065856934,True,True
phi2,Phi-2,agr_0304,SP,The artist of the offices in question,2.8962316513061523,True,True
phi2,Phi-2,agr_0304,PS,The artists of the office in question,7.023889541625977,True,True
phi2,Phi-2,agr_0304,PP,The artists of the offices in question,7.250103950500488,True,True
phi2,Phi-2,agr_0305,SS,The auditor of the alliance in question,7.001381874084473,True,True
phi2,Phi-2,agr_0305,SP,The auditor of the alliances in question,1.5741491317749023,True,True
phi2,Phi-2,agr_0305,PS,The auditors of the alliance in question,5.124753952026367,True,True
phi2,Phi-2,agr_0305,PP,The auditors of the alliances in question,6.283323287963867,True,True
phi2,Phi-2,agr_0306,SS,The teacher of the district in question,6.563838005065918,True,True
phi2,Phi-2,agr_0306,SP,The teacher of the districts in question,1.6358423233032229,True,True
phi2,Phi-2,agr_0306,PS,The teachers of the district in question,5.742852210998535,True,True
phi2,Phi-2,agr_0306,PP,The teachers of the districts in question,7.224099159240723,True,True
phi2,Phi-2,agr_0307,SS,The student of the facility in question,5.467695236206055,True,True
phi2,Phi-2,agr_0307,SP,The student of the facilities in question,3.322347640991211,True,True
phi2,Phi-2,agr_0307,PS,The students of the facility in question,6.324281692504883,True,True
phi2,Phi-2,agr_0307,PP,The students of the facilities in question,6.82305908203125,True,True
phi2,Phi-2,agr_0308,SS,The officer of the centre in question,6.204489707946777,True,True
phi2,Phi-2,agr_0308,SP,The officer of the centres in question,0.4989328384399414,True,False
phi2,Phi-2,agr_0308,PS,The officers of the centre in question,5.844976425170898,True,True
phi2,Phi-2,agr_0308,PP,The officers of the centres in question,7.431398391723633,True,True
phi2,Phi-2,agr_0309,SS,The engineer of the bureau in question,6.405010223388672,True,True
phi2,Phi-2,agr_0309,SP,The engineer of the bureaus in question,0.9155502319335938,True,False
phi2,Phi-2,agr_0309,PS,The engineers of the bureau in question,5.313940048217773,True,True
phi2,Phi-2,agr_0309,PP,The engineers of the bureaus in question,6.857316017150879,True,True
phi2,Phi-2,agr_0310,SS,The professor of the alliance in question,5.5645036697387695,True,True
phi2,Phi-2,agr_0310,SP,The professor of the alliances in question,4.164738655090332,True,True
phi2,Phi-2,agr_0310,PS,The professors of the alliance in question,4.459607124328613,True,True
phi2,Phi-2,agr_0310,PP,The professors of the alliances in question,6.068117141723633,True,True
phi2,Phi-2,agr_0311,SS,The officer of the coalition in question,6.023451805114746,True,True
phi2,Phi-2,agr_0311,SP,The officer of the coalitions in question,1.0498037338256836,True,True
phi2,Phi-2,agr_0311,PS,The officers of the coalition in question,5.688246726989746,True,True
phi2,Phi-2,agr_0311,PP,The officers of the coalitions in question,6.938875198364258,True,True
phi2,Phi-2,agr_0312,SS,The journalist of the club in question,6.431478500366211,True,True
phi2,Phi-2,agr_0312,SP,The journalist of the clubs in question,0.8768320083618164,True,False
phi2,Phi-2,agr_0312,PS,The journalists of the club in question,5.111124038696289,True,True
phi2,Phi-2,agr_0312,PP,The journalists of the clubs in question,6.627897262573242,True,True
phi2,Phi-2,agr_0313,SS,The researcher of the district in question,5.999417304992676,True,True
phi2,Phi-2,agr_0313,SP,The researcher of the districts in question,2.894214630126953,True,True
phi2,Phi-2,agr_0313,PS,The researchers of the district in question,4.573128700256348,True,True
phi2,Phi-2,agr_0313,PP,The researchers of the districts in question,5.551826477050781,True,True
phi2,Phi-2,agr_0314,SS,The inspector of the corporation in question,6.05534553527832,True,True
phi2,Phi-2,agr_0314,SP,The inspector of the corporations in question,2.33304214477539,True,True
phi2,Phi-2,agr_0314,PS,The inspectors of the corporation in question,4.937602043151856,True,True
phi2,Phi-2,agr_0314,PP,The inspectors of the corporations in question,6.450159072875977,True,True
phi2,Phi-2,agr_0315,SS,The director of the sector in question,4.94287109375,True,True
phi2,Phi-2,agr_0315,SP,The director of the sectors in question,1.1915321350097656,True,True
phi2,Phi-2,agr_0315,PS,The directors of the sector in question,5.101784706115723,True,True
phi2,Phi-2,agr_0315,PP,The directors of the sectors in question,6.846371650695801,True,True
phi2,Phi-2,agr_0316,SS,The accountant of the department in question,6.139681816101074,True,True
phi2,Phi-2,agr_0316,SP,The accountant of the departments in question,1.787785530090332,True,True
phi2,Phi-2,agr_0316,PS,The accountants of the department in question,4.882305145263672,True,True
phi2,Phi-2,agr_0316,PP,The accountants of the departments in question,6.600526809692383,True,True
phi2,Phi-2,agr_0317,SS,The manager of the board in question,6.177995681762695,True,True
phi2,Phi-2,agr_0317,SP,The manager of the boards in question,2.4475135803222656,True,True
phi2,Phi-2,agr_0317,PS,The managers of the board in question,4.702389717102051,True,True
phi2,Phi-2,agr_0317,PP,The managers of the boards in question,7.100823402404785,True,True
phi2,Phi-2,agr_0318,SS,The executive of the hospital in question,6.228458404541016,True,True
phi2,Phi-2,agr_0318,SP,The executive of the hospitals in question,1.2393732070922852,True,True
phi2,Phi-2,agr_0318,PS,The executives of the hospital in question,6.1402130126953125,True,True
phi2,Phi-2,agr_0318,PP,The executives of the hospitals in question,7.203908920288086,True,True
phi2,Phi-2,agr_0319,SS,The student of the partnership in question,5.007277488708496,True,True
phi2,Phi-2,agr_0319,SP,The student of the partnerships in question,1.374521255493164,True,True
phi2,Phi-2,agr_0319,PS,The students of the partnership in question,5.070905685424805,True,True
phi2,Phi-2,agr_0319,PP,The students of the partnerships in question,6.708308219909668,True,True
phi2,Phi-2,agr_0320,SS,The author of the school in question,6.5594587326049805,True,True
phi2,Phi-2,agr_0320,SP,The author of the schools in question,1.7427616119384766,True,True
phi2,Phi-2,agr_0320,PS,The authors of the school in question,5.08404541015625,True,True
phi2,Phi-2,agr_0320,PP,The authors of the schools in question,6.3328962326049805,True,True
phi2,Phi-2,agr_0321,SS,The lawyer of the panel in question,5.71903133392334,True,True
phi2,Phi-2,agr_0321,SP,The lawyer of the panels in question,2.437274932861328,True,True
phi2,Phi-2,agr_0321,PS,The lawyers of the panel in question,5.688685417175293,True,True
phi2,Phi-2,agr_0321,PP,The lawyers of the panels in question,6.948644638061523,True,True
phi2,Phi-2,agr_0322,SS,The executive of the club in question,5.613354682922363,True,True
phi2,Phi-2,agr_0322,SP,The executive of the clubs in question,0.9240293502807616,True,False
phi2,Phi-2,agr_0322,PS,The executives of the club in question,5.881741523742676,True,True
phi2,Phi-2,agr_0322,PP,The executives of the clubs in question,7.233035087585449,True,True
phi2,Phi-2,agr_0323,SS,The architect of the service in question,6.93604850769043,True,True
phi2,Phi-2,agr_0323,SP,The architect of the services in question,4.325839042663574,True,True
phi2,Phi-2,agr_0323,PS,The architects of the service in question,5.233168601989746,True,True
phi2,Phi-2,agr_0323,PP,The architects of the services in question,6.83023738861084,True,True
phi2,Phi-2,agr_0324,SS,The worker of the service in question,4.595097541809082,True,True
phi2,Phi-2,agr_0324,SP,The worker of the services in question,2.185917854309082,True,True
phi2,Phi-2,agr_0324,PS,The workers of the service in question,4.850536346435547,True,True
phi2,Phi-2,agr_0324,PP,The workers of the services in question,6.593862533569336,True,True
phi2,Phi-2,agr_0325,SS,The architect of the program in question,7.452363967895508,True,True
phi2,Phi-2,agr_0325,SP,The architect of the programs in question,3.067655563354492,True,True
phi2,Phi-2,agr_0325,PS,The architects of the program in question,5.362199783325195,True,True
phi2,Phi-2,agr_0325,PP,The architects of the programs in question,7.478815078735352,True,True
phi2,Phi-2,agr_0326,SS,The trainer of the club in question,6.463626861572266,True,True
phi2,Phi-2,agr_0326,SP,The trainer of the clubs in question,2.3220643997192383,True,True
phi2,Phi-2,agr_0326,PS,The trainers of the club in question,5.607268333435059,True,True
phi2,Phi-2,agr_0326,PP,The trainers of the clubs in question,7.083046913146973,True,True
phi2,Phi-2,agr_0327,SS,The commissioner of the region in question,6.786338806152344,True,True
phi2,Phi-2,agr_0327,SP,The commissioner of the regions in question,1.485616683959961,True,True
phi2,Phi-2,agr_0327,PS,The commissioners of the region in question,5.07118034362793,True,True
phi2,Phi-2,agr_0327,PP,The commissioners of the regions in question,6.33482551574707,True,True
phi2,Phi-2,agr_0328,SS,The technician of the team in question,5.888040542602539,True,True
phi2,Phi-2,agr_0328,SP,The technician of the teams in question,0.1952114105224609,True,False
phi2,Phi-2,agr_0328,PS,The technicians of the team in question,5.719789505004883,True,True
phi2,Phi-2,agr_0328,PP,The technicians of the teams in question,6.852041244506836,True,True
phi2,Phi-2,agr_0329,SS,The leader of the centre in question,7.739725112915039,True,True
phi2,Phi-2,agr_0329,SP,The leader of the centres in question,3.1952390670776367,True,True
phi2,Phi-2,agr_0329,PS,The leaders of the centre in question,4.4240007400512695,True,True
phi2,Phi-2,agr_0329,PP,The leaders of the centres in question,6.740910530090332,True,True
phi2,Phi-2,agr_0330,SS,The designer of the forum in question,7.201443672180176,True,True
phi2,Phi-2,agr_0330,SP,The designer of the forums in question,4.50553035736084,True,True
phi2,Phi-2,agr_0330,PS,The designers of the forum in question,6.220821380615234,True,True
phi2,Phi-2,agr_0330,PP,The designers of the forums in question,7.06221866607666,True,True
phi2,Phi-2,agr_0331,SS,The owner of the university in question,7.161187171936035,True,True
phi2,Phi-2,agr_0331,SP,The owner of the universities in question,2.043992042541504,True,True
phi2,Phi-2,agr_0331,PS,The owners of the university in question,5.011934280395508,True,True
phi2,Phi-2,agr_0331,PP,The owners of the universities in question,6.802301406860352,True,True
phi2,Phi-2,agr_0332,SS,The reporter of the hospital in question,6.65545654296875,True,True
phi2,Phi-2,agr_0332,SP,The reporter of the hospitals in question,1.601449966430664,True,True
phi2,Phi-2,agr_0332,PS,The reporters of the hospital in question,5.785907745361328,True,True
phi2,Phi-2,agr_0332,PP,The reporters of the hospitals in question,6.704977035522461,True,True
phi2,Phi-2,agr_0333,SS,The administrator of the panel in question,6.385431289672852,True,True
phi2,Phi-2,agr_0333,SP,The administrator of the panels in question,3.241660118103028,True,True
phi2,Phi-2,agr_0333,PS,The administrators of the panel in question,4.885465621948242,True,True
phi2,Phi-2,agr_0333,PP,The administrators of the panels in question,6.658512115478516,True,True
phi2,Phi-2,agr_0334,SS,The lecturer of the agency in question,4.640982627868652,True,True
phi2,Phi-2,agr_0334,SP,The lecturer of the agencies in question,0.4689149856567383,True,False
phi2,Phi-2,agr_0334,PS,The lecturers of the agency in question,4.966024398803711,True,True
phi2,Phi-2,agr_0334,PP,The lecturers of the agencies in question,6.530986785888672,True,True
phi2,Phi-2,agr_0335,SS,The planner of the agency in question,6.369265556335449,True,True
phi2,Phi-2,agr_0335,SP,The planner of the agencies in question,1.8043060302734373,True,True
phi2,Phi-2,agr_0335,PS,The planners of the agency in question,5.237804412841797,True,True
phi2,Phi-2,agr_0335,PP,The planners of the agencies in question,6.89792537689209,True,True
phi2,Phi-2,agr_0336,SS,The editor of the sector in question,4.951461791992188,True,True
phi2,Phi-2,agr_0336,SP,The editor of the sectors in question,1.3806543350219729,True,True
phi2,Phi-2,agr_0336,PS,The editors of the sector in question,3.789133071899414,True,True
phi2,Phi-2,agr_0336,PP,The editors of the sectors in question,5.856746673583984,True,True
phi2,Phi-2,agr_0337,SS,The member of the system in question,4.472014427185059,True,True
phi2,Phi-2,agr_0337,SP,The member of the systems in question,0.9819812774658204,True,False
phi2,Phi-2,agr_0337,PS,The members of the system in question,4.32829475402832,True,True
phi2,Phi-2,agr_0337,PP,The members of the systems in question,6.060369491577148,True,True
phi2,Phi-2,agr_0338,SS,The operator of the federation in question,5.171308517456055,True,True
phi2,Phi-2,agr_0338,SP,The operator of the federations in question,0.1446666717529297,True,False
phi2,Phi-2,agr_0338,PS,The operators of the federation in question,4.840134620666504,True,True
phi2,Phi-2,agr_0338,PP,The operators of the federations in question,6.768964767456055,True,True
phi2,Phi-2,agr_0339,SS,The researcher of the project in question,7.286995887756348,True,True
phi2,Phi-2,agr_0339,SP,The researcher of the projects in question,3.873797416687012,True,True
phi2,Phi-2,agr_0339,PS,The researchers of the project in question,4.8623151779174805,True,True
phi2,Phi-2,agr_0339,PP,The researchers of the projects in question,6.727565765380859,True,True
phi2,Phi-2,agr_0340,SS,The supervisor of the program in question,6.919491767883301,True,True
phi2,Phi-2,agr_0340,SP,The supervisor of the programs in question,2.995490074157715,True,True
phi2,Phi-2,agr_0340,PS,The supervisors of the program in question,4.572821617126465,True,True
phi2,Phi-2,agr_0340,PP,The supervisors of the programs in question,6.534018516540527,True,True
phi2,Phi-2,agr_0341,SS,The analyst of the platform in question,6.666845321655273,True,True
phi2,Phi-2,agr_0341,SP,The analyst of the platforms in question,2.489063262939453,True,True
phi2,Phi-2,agr_0341,PS,The analysts of the platform in question,4.872349739074707,True,True
phi2,Phi-2,agr_0341,PP,The analysts of the platforms in question,6.523224830627441,True,True
phi2,Phi-2,agr_0342,SS,The student of the service in question,4.731315612792969,True,True
phi2,Phi-2,agr_0342,SP,The student of the services in question,2.5201120376586914,True,True
phi2,Phi-2,agr_0342,PS,The students of the service in question,5.145926475524902,True,True
phi2,Phi-2,agr_0342,PP,The students of the services in question,6.449830055236816,True,True
phi2,Phi-2,agr_0343,SS,The auditor of the agency in question,6.224576950073242,True,True
phi2,Phi-2,agr_0343,SP,The auditor of the agencies in question,1.4561882019042969,True,True
phi2,Phi-2,agr_0343,PS,The auditors of the agency in question,5.055290222167969,True,True
phi2,Phi-2,agr_0343,PP,The auditors of the agencies in question,6.700982093811035,True,True
phi2,Phi-2,agr_0344,SS,The builder of the school in question,7.351460456848144,True,True
phi2,Phi-2,agr_0344,SP,The builder of the schools in question,3.882941246032715,True,True
phi2,Phi-2,agr_0344,PS,The builders of the school in question,5.542362213134766,True,True
phi2,Phi-2,agr_0344,PP,The builders of the schools in question,6.844939231872559,True,True
phi2,Phi-2,agr_0345,SS,The reporter of the federation in question,5.723349571228027,True,True
phi2,Phi-2,agr_0345,SP,The reporter of the federations in question,1.3460407257080078,True,True
phi2,Phi-2,agr_0345,PS,The reporters of the federation in question,5.404196739196777,True,True
phi2,Phi-2,agr_0345,PP,The reporters of the federations in question,6.675708770751953,True,True
phi2,Phi-2,agr_0346,SS,The evaluator of the club in question,5.607875823974609,True,True
phi2,Phi-2,agr_0346,SP,The evaluator of the clubs in question,1.8135032653808596,True,True
phi2,Phi-2,agr_0346,PS,The evaluators of the club in question,5.155510902404785,True,True
phi2,Phi-2,agr_0346,PP,The evaluators of the clubs in question,6.554905891418457,True,True
phi2,Phi-2,agr_0347,SS,The designer of the unit in question,7.00474739074707,True,True
phi2,Phi-2,agr_0347,SP,The designer of the units in question,3.47378921508789,True,True
phi2,Phi-2,agr_0347,PS,The designers of the unit in question,5.820140838623047,True,True
phi2,Phi-2,agr_0347,PP,The designers of the units in question,6.879928588867188,True,True
phi2,Phi-2,agr_0348,SS,The professor of the group in question,6.391386985778809,True,True
phi2,Phi-2,agr_0348,SP,The professor of the groups in question,1.801786422729492,True,True
phi2,Phi-2,agr_0348,PS,The professors of the group in question,4.9622650146484375,True,True
phi2,Phi-2,agr_0348,PP,The professors of the groups in question,6.51408576965332,True,True
phi2,Phi-2,agr_0349,SS,The researcher of the office in question,6.414111137390137,True,True
phi2,Phi-2,agr_0349,SP,The researcher of the offices in question,3.138397216796875,True,True
phi2,Phi-2,agr_0349,PS,The researchers of the office in question,5.119992256164551,True,True
phi2,Phi-2,agr_0349,PP,The researchers of the offices in question,6.065281867980957,True,True
phi2,Phi-2,agr_0350,SS,The painter of the firm in question,5.921262741088867,True,True
phi2,Phi-2,agr_0350,SP,The painter of the firms in question,1.1904058456420898,True,True
phi2,Phi-2,agr_0350,PS,The painters of the firm in question,5.397686958312988,True,True
phi2,Phi-2,agr_0350,PP,The painters of the firms in question,6.854321479797363,True,True
phi2,Phi-2,agr_0351,SS,The planner of the alliance in question,7.265374183654785,True,True
phi2,Phi-2,agr_0351,SP,The planner of the alliances in question,3.9846458435058594,True,True
phi2,Phi-2,agr_0351,PS,The planners of the alliance in question,5.539934158325195,True,True
phi2,Phi-2,agr_0351,PP,The planners of the alliances in question,6.7472429275512695,True,True
phi2,Phi-2,agr_0352,SS,The commissioner of the centre in question,6.680798530578613,True,True
phi2,Phi-2,agr_0352,SP,The commissioner of the centres in question,1.8774213790893557,True,True
phi2,Phi-2,agr_0352,PS,The commissioners of the centre in question,4.574013710021973,True,True
phi2,Phi-2,agr_0352,PP,The commissioners of the centres in question,6.468795776367188,True,True
phi2,Phi-2,agr_0353,SS,The assistant of the university in question,5.967893600463867,True,True
phi2,Phi-2,agr_0353,SP,The assistant of the universities in question,1.102983474731445,True,True
phi2,Phi-2,agr_0353,PS,The assistants of the university in question,4.625275611877441,True,True
phi2,Phi-2,agr_0353,PP,The assistants of the universities in question,6.459343910217285,True,True
phi2,Phi-2,agr_0354,SS,The operator of the coalition in question,5.0908966064453125,True,True
phi2,Phi-2,agr_0354,SP,The operator of the coalitions in question,0.7113189697265625,True,False
phi2,Phi-2,agr_0354,PS,The operators of the coalition in question,4.831835746765137,True,True
phi2,Phi-2,agr_0354,PP,The operators of the coalitions in question,6.944736480712891,True,True
phi2,Phi-2,agr_0355,SS,The builder of the ministry in question,6.309561729431152,True,True
phi2,Phi-2,agr_0355,SP,The builder of the ministries in question,2.1487998962402344,True,True
phi2,Phi-2,agr_0355,PS,The builders of the ministry in question,5.338594436645508,True,True
phi2,Phi-2,agr_0355,PP,The builders of the ministries in question,6.903874397277832,True,True
phi2,Phi-2,agr_0356,SS,The programmer of the panel in question,6.461238861083984,True,True
phi2,Phi-2,agr_0356,SP,The programmer of the panels in question,3.13736343383789,True,True
phi2,Phi-2,agr_0356,PS,The programmers of the panel in question,6.348426818847656,True,True
phi2,Phi-2,agr_0356,PP,The programmers of the panels in question,7.027714729309082,True,True
phi2,Phi-2,agr_0357,SS,The architect of the school in question,7.925341606140137,True,True
phi2,Phi-2,agr_0357,SP,The architect of the schools in question,3.937252998352051,True,True
phi2,Phi-2,agr_0357,PS,The architects of the school in question,5.462558746337891,True,True
phi2,Phi-2,agr_0357,PP,The architects of the schools in question,6.715802192687988,True,True
phi2,Phi-2,agr_0358,SS,The director of the group in question,6.25546932220459,True,True
phi2,Phi-2,agr_0358,SP,The director of the groups in question,1.0820608139038086,True,True
phi2,Phi-2,agr_0358,PS,The directors of the group in question,4.960861206054688,True,True
phi2,Phi-2,agr_0358,PP,The directors of the groups in question,6.872624397277832,True,True
phi2,Phi-2,agr_0359,SS,The scientist of the panel in question,5.778900146484375,True,True
phi2,Phi-2,agr_0359,SP,The scientist of the panels in question,2.2999191284179688,True,True
phi2,Phi-2,agr_0359,PS,The scientists of the panel in question,5.597325325012207,True,True
phi2,Phi-2,agr_0359,PP,The scientists of the panels in question,6.814431190490723,True,True
phi2,Phi-2,agr_0360,SS,The assistant of the platform in question,5.895684242248535,True,True
phi2,Phi-2,agr_0360,SP,The assistant of the platforms in question,1.1456298828125,True,True
phi2,Phi-2,agr_0360,PS,The assistants of the platform in question,4.29665470123291,True,True
phi2,Phi-2,agr_0360,PP,The assistants of the platforms in question,6.304919242858887,True,True
phi2,Phi-2,agr_0361,SS,The artist of the forum in question,6.554739952087402,True,True
phi2,Phi-2,agr_0361,SP,The artist of the forums in question,2.4901790618896484,True,True
phi2,Phi-2,agr_0361,PS,The artists of the forum in question,6.1283769607543945,True,True
phi2,Phi-2,agr_0361,PP,The artists of the forums in question,7.042019844055176,True,True
phi2,Phi-2,agr_0362,SS,The artist of the institute in question,5.789669036865234,True,True
phi2,Phi-2,agr_0362,SP,The artist of the institutes in question,1.091318130493164,True,True
phi2,Phi-2,agr_0362,PS,The artists of the institute in question,5.691526412963867,True,True
phi2,Phi-2,agr_0362,PP,The artists of the institutes in question,6.993547439575195,True,True
phi2,Phi-2,agr_0363,SS,The reporter of the partnership in question,6.4663848876953125,True,True
phi2,Phi-2,agr_0363,SP,The reporter of the partnerships in question,2.6447486877441406,True,True
phi2,Phi-2,agr_0363,PS,The reporters of the partnership in question,5.274900436401367,True,True
phi2,Phi-2,agr_0363,PP,The reporters of the partnerships in question,6.970913887023926,True,True
phi2,Phi-2,agr_0364,SS,The supervisor of the agency in question,6.759317398071289,True,True
phi2,Phi-2,agr_0364,SP,The supervisor of the agencies in question,2.012980461120605,True,True
phi2,Phi-2,agr_0364,PS,The supervisors of the agency in question,4.328417778015137,True,True
phi2,Phi-2,agr_0364,PP,The supervisors of the agencies in question,6.483457565307617,True,True
phi2,Phi-2,agr_0365,SS,The supervisor of the foundation in question,6.750785827636719,True,True
phi2,Phi-2,agr_0365,SP,The supervisor of the foundations in question,3.719376564025879,True,True
phi2,Phi-2,agr_0365,PS,The supervisors of the foundation in question,4.211849212646484,True,True
phi2,Phi-2,agr_0365,PP,The supervisors of the foundations in question,6.343833923339844,True,True
phi2,Phi-2,agr_0366,SS,The student of the university in question,5.708253860473633,True,True
phi2,Phi-2,agr_0366,SP,The student of the universities in question,0.2769908905029297,True,False
phi2,Phi-2,agr_0366,PS,The students of the university in question,5.859957695007324,True,True
phi2,Phi-2,agr_0366,PP,The students of the universities in question,6.834928512573242,True,True
phi2,Phi-2,agr_0367,SS,The accountant of the association in question,6.620856285095215,True,True
phi2,Phi-2,agr_0367,SP,The accountant of the associations in question,1.5790863037109375,True,True
phi2,Phi-2,agr_0367,PS,The accountants of the association in question,4.457991600036621,True,True
phi2,Phi-2,agr_0367,PP,The accountants of the associations in question,6.836299896240234,True,True
phi2,Phi-2,agr_0368,SS,The researcher of the ministry in question,5.448227882385254,True,True
phi2,Phi-2,agr_0368,SP,The researcher of the ministries in question,1.4021682739257812,True,True
phi2,Phi-2,agr_0368,PS,The researchers of the ministry in question,4.754301071166992,True,True
phi2,Phi-2,agr_0368,PP,The researchers of the ministries in question,6.033258438110352,True,True
phi2,Phi-2,agr_0369,SS,The student of the federation in question,4.161577224731445,True,True
phi2,Phi-2,agr_0369,SP,The student of the federations in question,0.4686450958251953,True,False
phi2,Phi-2,agr_0369,PS,The students of the federation in question,5.469371795654297,True,True
phi2,Phi-2,agr_0369,PP,The students of the federations in question,6.709158897399902,True,True
phi2,Phi-2,agr_0370,SS,The teacher of the region in question,6.08997917175293,True,True
phi2,Phi-2,agr_0370,SP,The teacher of the regions in question,2.584523200988769,True,True
phi2,Phi-2,agr_0370,PS,The teachers of the region in question,5.600077629089356,True,True
phi2,Phi-2,agr_0370,PP,The teachers of the regions in question,6.967394828796387,True,True
phi2,Phi-2,agr_0371,SS,The member of the company in question,5.158935546875,True,True
phi2,Phi-2,agr_0371,SP,The member of the companies in question,0.439920425415039,True,False
phi2,Phi-2,agr_0371,PS,The members of the company in question,4.955185890197754,True,True
phi2,Phi-2,agr_0371,PP,The members of the companies in question,6.827858924865723,True,True
phi2,Phi-2,agr_0372,SS,The director of the centre in question,7.068523406982422,True,True
phi2,Phi-2,agr_0372,SP,The director of the centres in question,1.4558935165405271,True,True
phi2,Phi-2,agr_0372,PS,The directors of the centre in question,5.033596038818359,True,True
phi2,Phi-2,agr_0372,PP,The directors of the centres in question,6.945075035095215,True,True
phi2,Phi-2,agr_0373,SS,The professor of the unit in question,6.125123977661133,True,True
phi2,Phi-2,agr_0373,SP,The professor of the units in question,2.4107141494750977,True,True
phi2,Phi-2,agr_0373,PS,The professors of the unit in question,4.848655700683594,True,True
phi2,Phi-2,agr_0373,PP,The professors of the units in question,6.70756721496582,True,True
phi2,Phi-2,agr_0374,SS,The reporter of the corporation in question,6.185723304748535,True,True
phi2,Phi-2,agr_0374,SP,The reporter of the corporations in question,1.4962549209594729,True,True
phi2,Phi-2,agr_0374,PS,The reporters of the corporation in question,5.123538017272949,True,True
phi2,Phi-2,agr_0374,PP,The reporters of the corporations in question,6.293442726135254,True,True
phi2,Phi-2,agr_0375,SS,The editor of the system in question,6.188843727111816,True,True
phi2,Phi-2,agr_0375,SP,The editor of the systems in question,1.947220802307129,True,True
phi2,Phi-2,agr_0375,PS,The editors of the system in question,4.155604362487793,True,True
phi2,Phi-2,agr_0375,PP,The editors of the systems in question,5.590045928955078,True,True
phi2,Phi-2,agr_0376,SS,The author of the sector in question,3.910643577575684,True,True
phi2,Phi-2,agr_0376,SP,The author of the sectors in question,1.3743133544921875,True,True
phi2,Phi-2,agr_0376,PS,The authors of the sector in question,2.09077262878418,True,True
phi2,Phi-2,agr_0376,PP,The authors of the sectors in question,4.34943962097168,True,True
phi2,Phi-2,agr_0377,SS,The reporter of the facility in question,6.370058059692383,True,True
phi2,Phi-2,agr_0377,SP,The reporter of the facilities in question,2.8204221725463867,True,True
phi2,Phi-2,agr_0377,PS,The reporters of the facility in question,6.000737190246582,True,True
phi2,Phi-2,agr_0377,PP,The reporters of the facilities in question,6.5871686935424805,True,True
phi2,Phi-2,agr_0378,SS,The painter of the institute in question,6.242919921875,True,True
phi2,Phi-2,agr_0378,SP,The painter of the institutes in question,2.5462722778320312,True,True
phi2,Phi-2,agr_0378,PS,The painters of the institute in question,5.750333786010742,True,True
phi2,Phi-2,agr_0378,PP,The painters of the institutes in question,6.890270233154297,True,True
phi2,Phi-2,agr_0379,SS,The engineer of the centre in question,6.767858505249023,True,True
phi2,Phi-2,agr_0379,SP,The engineer of the centres in question,1.269134521484375,True,True
phi2,Phi-2,agr_0379,PS,The engineers of the centre in question,5.375706672668457,True,True
phi2,Phi-2,agr_0379,PP,The engineers of the centres in question,7.12709903717041,True,True
phi2,Phi-2,agr_0380,SS,The professor of the division in question,6.03834342956543,True,True
phi2,Phi-2,agr_0380,SP,The professor of the divisions in question,1.910418510437012,True,True
phi2,Phi-2,agr_0380,PS,The professors of the division in question,5.309682846069336,True,True
phi2,Phi-2,agr_0380,PP,The professors of the divisions in question,6.816636085510254,True,True
phi2,Phi-2,agr_0381,SS,The programmer of the service in question,6.519997596740723,True,True
phi2,Phi-2,agr_0381,SP,The programmer of the services in question,3.2955217361450195,True,True
phi2,Phi-2,agr_0381,PS,The programmers of the service in question,5.26509952545166,True,True
phi2,Phi-2,agr_0381,PP,The programmers of the services in question,6.894731521606445,True,True
phi2,Phi-2,agr_0382,SS,The planner of the committee in question,5.96506404876709,True,True
phi2,Phi-2,agr_0382,SP,The planner of the committees in question,2.3374414443969727,True,True
phi2,Phi-2,agr_0382,PS,The planners of the committee in question,5.199463844299316,True,True
phi2,Phi-2,agr_0382,PP,The planners of the committees in question,6.876485824584961,True,True
phi2,Phi-2,agr_0383,SS,The member of the school in question,5.610529899597168,True,True
phi2,Phi-2,agr_0383,SP,The member of the schools in question,0.7915058135986328,True,False
phi2,Phi-2,agr_0383,PS,The members of the school in question,5.706742286682129,True,True
phi2,Phi-2,agr_0383,PP,The members of the schools in question,7.095466613769531,True,True
phi2,Phi-2,agr_0384,SS,The inspector of the office in question,6.8108978271484375,True,True
phi2,Phi-2,agr_0384,SP,The inspector of the offices in question,2.880897521972656,True,True
phi2,Phi-2,agr_0384,PS,The inspectors of the office in question,5.330933570861816,True,True
phi2,Phi-2,agr_0384,PP,The inspectors of the offices in question,6.640839576721191,True,True
phi2,Phi-2,agr_0385,SS,The commissioner of the facility in question,7.035239219665527,True,True
phi2,Phi-2,agr_0385,SP,The commissioner of the facilities in question,5.058087348937988,True,True
phi2,Phi-2,agr_0385,PS,The commissioners of the facility in question,4.820825576782227,True,True
phi2,Phi-2,agr_0385,PP,The commissioners of the facilities in question,6.384366035461426,True,True
phi2,Phi-2,agr_0386,SS,The coordinator of the college in question,6.837395668029785,True,True
phi2,Phi-2,agr_0386,SP,The coordinator of the colleges in question,2.3839282989501958,True,True
phi2,Phi-2,agr_0386,PS,The coordinators of the college in question,3.873735427856445,True,True
phi2,Phi-2,agr_0386,PP,The coordinators of the colleges in question,6.411318778991699,True,True
phi2,Phi-2,agr_0387,SS,The leader of the university in question,8.084709167480469,True,True
phi2,Phi-2,agr_0387,SP,The leader of the universities in question,3.803030014038086,True,True
phi2,Phi-2,agr_0387,PS,The leaders of the university in question,4.550315856933594,True,True
phi2,Phi-2,agr_0387,PP,The leaders of the universities in question,6.653021812438965,True,True
phi2,Phi-2,agr_0388,SS,The architect of the division in question,6.984417915344238,True,True
phi2,Phi-2,agr_0388,SP,The architect of the divisions in question,3.206340789794922,True,True
phi2,Phi-2,agr_0388,PS,The architects of the division in question,5.190561294555664,True,True
phi2,Phi-2,agr_0388,PP,The architects of the divisions in question,6.9033403396606445,True,True
phi2,Phi-2,agr_0389,SS,The evaluator of the alliance in question,6.206192970275879,True,True
phi2,Phi-2,agr_0389,SP,The evaluator of the alliances in question,2.26088809967041,True,True
phi2,Phi-2,agr_0389,PS,The evaluators of the alliance in question,5.053875923156738,True,True
phi2,Phi-2,agr_0389,PP,The evaluators of the alliances in question,6.521261215209961,True,True
phi2,Phi-2,agr_0390,SS,The driver of the foundation in question,7.417280197143555,True,True
phi2,Phi-2,agr_0390,SP,The driver of the foundations in question,2.810514450073242,True,True
phi2,Phi-2,agr_0390,PS,The drivers of the foundation in question,4.230141639709473,True,True
phi2,Phi-2,agr_0390,PP,The drivers of the foundations in question,6.667742729187012,True,True
phi2,Phi-2,agr_0391,SS,The employee of the laboratory in question,6.0408124923706055,True,True
phi2,Phi-2,agr_0391,SP,The employee of the laboratories in question,1.403730392456055,True,True
phi2,Phi-2,agr_0391,PS,The employees of the laboratory in question,6.915584564208984,True,True
phi2,Phi-2,agr_0391,PP,The employees of the laboratories in question,7.509284973144531,True,True
phi2,Phi-2,agr_0392,SS,The inspector of the committee in question,5.639121055603027,True,True
phi2,Phi-2,agr_0392,SP,The inspector of the committees in question,2.0480852127075195,True,True
phi2,Phi-2,agr_0392,PS,The inspectors of the committee in question,5.371380805969238,True,True
phi2,Phi-2,agr_0392,PP,The inspectors of the committees in question,6.859962463378906,True,True
phi2,Phi-2,agr_0393,SS,The reporter of the school in question,6.792598724365234,True,True
phi2,Phi-2,agr_0393,SP,The reporter of the schools in question,1.9002141952514648,True,True
phi2,Phi-2,agr_0393,PS,The reporters of the school in question,5.714089393615723,True,True
phi2,Phi-2,agr_0393,PP,The reporters of the schools in question,6.578441619873047,True,True
phi2,Phi-2,agr_0394,SS,The accountant of the alliance in question,7.597126960754394,True,True
phi2,Phi-2,agr_0394,SP,The accountant of the alliances in question,3.1057662963867188,True,True
phi2,Phi-2,agr_0394,PS,The accountants of the alliance in question,5.769426345825195,True,True
phi2,Phi-2,agr_0394,PP,The accountants of the alliances in question,6.71678352355957,True,True
phi2,Phi-2,agr_0395,SS,The artist of the consortium in question,4.857991218566895,True,True
phi2,Phi-2,agr_0395,SP,The artist of the consortiums in question,1.1968631744384766,True,True
phi2,Phi-2,agr_0395,PS,The artists of the consortium in question,5.500093460083008,True,True
phi2,Phi-2,agr_0395,PP,The artists of the consortiums in question,6.907075881958008,True,True
phi2,Phi-2,agr_0396,SS,The candidate of the system in question,5.2840776443481445,True,True
phi2,Phi-2,agr_0396,SP,The candidate of the systems in question,1.0225372314453125,True,True
phi2,Phi-2,agr_0396,PS,The candidates of the system in question,4.168558120727539,True,True
phi2,Phi-2,agr_0396,PP,The candidates of the systems in question,6.1568603515625,True,True
phi2,Phi-2,agr_0397,SS,The worker of the association in question,5.031135559082031,True,True
phi2,Phi-2,agr_0397,SP,The worker of the associations in question,0.2823677062988281,True,False
phi2,Phi-2,agr_0397,PS,The workers of the association in question,5.593683242797852,True,True
phi2,Phi-2,agr_0397,PP,The workers of the associations in question,7.437667846679687,True,True
phi2,Phi-2,agr_0398,SS,The researcher of the organization in question,5.638195037841797,True,True
phi2,Phi-2,agr_0398,SP,The researcher of the organizations in question,2.0276975631713867,True,True
phi2,Phi-2,agr_0398,PS,The researchers of the organization in question,4.1959428787231445,True,True
phi2,Phi-2,agr_0398,PP,The researchers of the organizations in question,6.027021408081055,True,True
phi2,Phi-2,agr_0399,SS,The representative of the council in question,6.554043769836426,True,True
phi2,Phi-2,agr_0399,SP,The representative of the councils in question,1.914578437805176,True,True
phi2,Phi-2,agr_0399,PS,The representatives of the council in question,5.072945594787598,True,True
phi2,Phi-2,agr_0399,PP,The representatives of the councils in question,6.722530364990234,True,True
llama32_3b,Llama-3.2-3B,agr_0000,SS,The reporter of the authority in question,3.765625,True,True
llama32_3b,Llama-3.2-3B,agr_0000,SP,The reporter of the authorities in question,1.90625,True,True
llama32_3b,Llama-3.2-3B,agr_0000,PS,The reporters of the authority in question,2.4453125,True,True
llama32_3b,Llama-3.2-3B,agr_0000,PP,The reporters of the authorities in question,3.9375,True,True
llama32_3b,Llama-3.2-3B,agr_0001,SS,The auditor of the branch in question,5.2578125,True,True
llama32_3b,Llama-3.2-3B,agr_0001,SP,The auditor of the branches in question,3.109375,True,True
llama32_3b,Llama-3.2-3B,agr_0001,PS,The auditors of the branch in question,2.9296875,True,True
llama32_3b,Llama-3.2-3B,agr_0001,PP,The auditors of the branches in question,5.234375,True,True
llama32_3b,Llama-3.2-3B,agr_0002,SS,The auditor of the firm in question,4.8828125,True,True
llama32_3b,Llama-3.2-3B,agr_0002,SP,The auditor of the firms in question,2.8125,True,True
llama32_3b,Llama-3.2-3B,agr_0002,PS,The auditors of the firm in question,3.3515625,True,True
llama32_3b,Llama-3.2-3B,agr_0002,PP,The auditors of the firms in question,5.1796875,True,True
llama32_3b,Llama-3.2-3B,agr_0003,SS,The programmer of the platform in question,5.5390625,True,True
llama32_3b,Llama-3.2-3B,agr_0003,SP,The programmer of the platforms in question,2.859375,True,True
llama32_3b,Llama-3.2-3B,agr_0003,PS,The programmers of the platform in question,3.203125,True,True
llama32_3b,Llama-3.2-3B,agr_0003,PP,The programmers of the platforms in question,5.046875,True,True
llama32_3b,Llama-3.2-3B,agr_0004,SS,The lecturer of the university in question,5.75,True,True
llama32_3b,Llama-3.2-3B,agr_0004,SP,The lecturer of the universities in question,1.8515625,True,True
llama32_3b,Llama-3.2-3B,agr_0004,PS,The lecturers of the university in question,2.8203125,True,True
llama32_3b,Llama-3.2-3B,agr_0004,PP,The lecturers of the universities in question,5.3671875,True,True
llama32_3b,Llama-3.2-3B,agr_0005,SS,The owner of the panel in question,5.9609375,True,True
llama32_3b,Llama-3.2-3B,agr_0005,SP,The owner of the panels in question,3.09375,True,True
llama32_3b,Llama-3.2-3B,agr_0005,PS,The owners of the panel in question,3.046875,True,True
llama32_3b,Llama-3.2-3B,agr_0005,PP,The owners of the panels in question,5.0625,True,True
llama32_3b,Llama-3.2-3B,agr_0006,SS,The officer of the board in question,6.09375,True,True
llama32_3b,Llama-3.2-3B,agr_0006,SP,The officer of the boards in question,1.6953125,True,True
llama32_3b,Llama-3.2-3B,agr_0006,PS,The officers of the board in question,3.640625,True,True
llama32_3b,Llama-3.2-3B,agr_0006,PP,The officers of the boards in question,6.8671875,True,True
llama32_3b,Llama-3.2-3B,agr_0007,SS,The executive of the agency in question,3.4375,True,True
llama32_3b,Llama-3.2-3B,agr_0007,SP,The executive of the agencies in question,0.734375,True,False
llama32_3b,Llama-3.2-3B,agr_0007,PS,The executives of the agency in question,3.1796875,True,True
llama32_3b,Llama-3.2-3B,agr_0007,PP,The executives of the agencies in question,6.296875,True,True
llama32_3b,Llama-3.2-3B,agr_0008,SS,The planner of the ministry in question,5.8203125,True,True
llama32_3b,Llama-3.2-3B,agr_0008,SP,The planner of the ministries in question,3.765625,True,True
llama32_3b,Llama-3.2-3B,agr_0008,PS,The planners of the ministry in question,3.34375,True,True
llama32_3b,Llama-3.2-3B,agr_0008,PP,The planners of the ministries in question,5.546875,True,True
llama32_3b,Llama-3.2-3B,agr_0009,SS,The representative of the club in question,4.453125,True,True
llama32_3b,Llama-3.2-3B,agr_0009,SP,The representative of the clubs in question,1.3125,True,True
llama32_3b,Llama-3.2-3B,agr_0009,PS,The representatives of the club in question,2.796875,True,True
llama32_3b,Llama-3.2-3B,agr_0009,PP,The representatives of the clubs in question,5.5546875,True,True
llama32_3b,Llama-3.2-3B,agr_0010,SS,The author of the facility in question,5.15625,True,True
llama32_3b,Llama-3.2-3B,agr_0010,SP,The author of the facilities in question,2.578125,True,True
llama32_3b,Llama-3.2-3B,agr_0010,PS,The authors of the facility in question,2.46875,True,True
llama32_3b,Llama-3.2-3B,agr_0010,PP,The authors of the facilities in question,4.1328125,True,True
llama32_3b,Llama-3.2-3B,agr_0011,SS,The representative of the project in question,4.9921875,True,True
llama32_3b,Llama-3.2-3B,agr_0011,SP,The representative of the projects in question,1.9765625,True,True
llama32_3b,Llama-3.2-3B,agr_0011,PS,The representatives of the project in question,3.0859375,True,True
llama32_3b,Llama-3.2-3B,agr_0011,PP,The representatives of the projects in question,5.75,True,True
llama32_3b,Llama-3.2-3B,agr_0012,SS,The member of the bureau in question,4.4453125,True,True
llama32_3b,Llama-3.2-3B,agr_0012,SP,The member of the bureaus in question,1.046875,True,True
llama32_3b,Llama-3.2-3B,agr_0012,PS,The members of the bureau in question,4.0703125,True,True
llama32_3b,Llama-3.2-3B,agr_0012,PP,The members of the bureaus in question,6.625,True,True
llama32_3b,Llama-3.2-3B,agr_0013,SS,The advisor of the council in question,5.1953125,True,True
llama32_3b,Llama-3.2-3B,agr_0013,SP,The advisor of the councils in question,2.84375,True,True
llama32_3b,Llama-3.2-3B,agr_0013,PS,The advisors of the council in question,2.6875,True,True
llama32_3b,Llama-3.2-3B,agr_0013,PP,The advisors of the councils in question,5.7109375,True,True
llama32_3b,Llama-3.2-3B,agr_0014,SS,The student of the organization in question,4.0703125,True,True
llama32_3b,Llama-3.2-3B,agr_0014,SP,The student of the organizations in question,1.65625,True,True
llama32_3b,Llama-3.2-3B,agr_0014,PS,The students of the organization in question,3.359375,True,True
llama32_3b,Llama-3.2-3B,agr_0014,PP,The students of the organizations in question,6.0234375,True,True
llama32_3b,Llama-3.2-3B,agr_0015,SS,The advisor of the service in question,5.0390625,True,True
llama32_3b,Llama-3.2-3B,agr_0015,SP,The advisor of the services in question,2.921875,True,True
llama32_3b,Llama-3.2-3B,agr_0015,PS,The advisors of the service in question,2.640625,True,True
llama32_3b,Llama-3.2-3B,agr_0015,PP,The advisors of the services in question,5.1328125,True,True
llama32_3b,Llama-3.2-3B,agr_0016,SS,The student of the department in question,4.5859375,True,True
llama32_3b,Llama-3.2-3B,agr_0016,SP,The student of the departments in question,1.875,True,True
llama32_3b,Llama-3.2-3B,agr_0016,PS,The students of the department in question,3.21875,True,True
llama32_3b,Llama-3.2-3B,agr_0016,PP,The students of the departments in question,6.4609375,True,True
llama32_3b,Llama-3.2-3B,agr_0017,SS,The journalist of the program in question,4.3359375,True,True
llama32_3b,Llama-3.2-3B,agr_0017,SP,The journalist of the programs in question,1.6328125,True,True
llama32_3b,Llama-3.2-3B,agr_0017,PS,The journalists of the program in question,3.109375,True,True
llama32_3b,Llama-3.2-3B,agr_0017,PP,The journalists of the programs in question,6.0,True,True
llama32_3b,Llama-3.2-3B,agr_0018,SS,The director of the unit in question,6.4296875,True,True
llama32_3b,Llama-3.2-3B,agr_0018,SP,The director of the units in question,2.796875,True,True
llama32_3b,Llama-3.2-3B,agr_0018,PS,The directors of the unit in question,3.25,True,True
llama32_3b,Llama-3.2-3B,agr_0018,PP,The directors of the units in question,5.6953125,True,True
llama32_3b,Llama-3.2-3B,agr_0019,SS,The candidate of the council in question,4.8828125,True,True
llama32_3b,Llama-3.2-3B,agr_0019,SP,The candidate of the councils in question,1.6015625,True,True
llama32_3b,Llama-3.2-3B,agr_0019,PS,The candidates of the council in question,3.6640625,True,True
llama32_3b,Llama-3.2-3B,agr_0019,PP,The candidates of the councils in question,6.375,True,True
llama32_3b,Llama-3.2-3B,agr_0020,SS,The scientist of the school in question,4.421875,True,True
llama32_3b,Llama-3.2-3B,agr_0020,SP,The scientist of the schools in question,1.0390625,True,True
llama32_3b,Llama-3.2-3B,agr_0020,PS,The scientists of the school in question,4.453125,True,True
llama32_3b,Llama-3.2-3B,agr_0020,PP,The scientists of the schools in question,5.984375,True,True
llama32_3b,Llama-3.2-3B,agr_0021,SS,The painter of the alliance in question,6.1484375,True,True
llama32_3b,Llama-3.2-3B,agr_0021,SP,The painter of the alliances in question,4.28125,True,True
llama32_3b,Llama-3.2-3B,agr_0021,PS,The painters of the alliance in question,3.1015625,True,True
llama32_3b,Llama-3.2-3B,agr_0021,PP,The painters of the alliances in question,4.890625,True,True
llama32_3b,Llama-3.2-3B,agr_0022,SS,The director of the consortium in question,6.171875,True,True
llama32_3b,Llama-3.2-3B,agr_0022,SP,The director of the consortiums in question,2.2578125,True,True
llama32_3b,Llama-3.2-3B,agr_0022,PS,The directors of the consortium in question,3.78125,True,True
llama32_3b,Llama-3.2-3B,agr_0022,PP,The directors of the consortiums in question,6.203125,True,True
llama32_3b,Llama-3.2-3B,agr_0023,SS,The researcher of the partnership in question,4.0546875,True,True
llama32_3b,Llama-3.2-3B,agr_0023,SP,The researcher of the partnerships in question,2.7421875,True,True
llama32_3b,Llama-3.2-3B,agr_0023,PS,The researchers of the partnership in question,4.421875,True,True
llama32_3b,Llama-3.2-3B,agr_0023,PP,The researchers of the partnerships in question,5.4453125,True,True
llama32_3b,Llama-3.2-3B,agr_0024,SS,The leader of the coalition in question,4.609375,True,True
llama32_3b,Llama-3.2-3B,agr_0024,SP,The leader of the coalitions in question,3.0546875,True,True
llama32_3b,Llama-3.2-3B,agr_0024,PS,The leaders of the coalition in question,3.3359375,True,True
llama32_3b,Llama-3.2-3B,agr_0024,PP,The leaders of the coalitions in question,6.140625,True,True
llama32_3b,Llama-3.2-3B,agr_0025,SS,The engineer of the platform in question,6.1640625,True,True
llama32_3b,Llama-3.2-3B,agr_0025,SP,The engineer of the platforms in question,3.8984375,True,True
llama32_3b,Llama-3.2-3B,agr_0025,PS,The engineers of the platform in question,3.578125,True,True
llama32_3b,Llama-3.2-3B,agr_0025,PP,The engineers of the platforms in question,5.5390625,True,True
llama32_3b,Llama-3.2-3B,agr_0026,SS,The driver of the forum in question,5.2265625,True,True
llama32_3b,Llama-3.2-3B,agr_0026,SP,The driver of the forums in question,2.1875,True,True
llama32_3b,Llama-3.2-3B,agr_0026,PS,The drivers of the forum in question,2.1875,True,True
llama32_3b,Llama-3.2-3B,agr_0026,PP,The drivers of the forums in question,4.328125,True,True
llama32_3b,Llama-3.2-3B,agr_0027,SS,The administrator of the region in question,5.1328125,True,True
llama32_3b,Llama-3.2-3B,agr_0027,SP,The administrator of the regions in question,3.0078125,True,True
llama32_3b,Llama-3.2-3B,agr_0027,PS,The administrators of the region in question,3.4609375,True,True
llama32_3b,Llama-3.2-3B,agr_0027,PP,The administrators of the regions in question,5.75,True,True
llama32_3b,Llama-3.2-3B,agr_0028,SS,The inspector of the project in question,5.6796875,True,True
llama32_3b,Llama-3.2-3B,agr_0028,SP,The inspector of the projects in question,3.3203125,True,True
llama32_3b,Llama-3.2-3B,agr_0028,PS,The inspectors of the project in question,3.40625,True,True
llama32_3b,Llama-3.2-3B,agr_0028,PP,The inspectors of the projects in question,5.09375,True,True
llama32_3b,Llama-3.2-3B,agr_0029,SS,The technician of the project in question,5.5625,True,True
llama32_3b,Llama-3.2-3B,agr_0029,SP,The technician of the projects in question,2.9609375,True,True
llama32_3b,Llama-3.2-3B,agr_0029,PS,The technicians of the project in question,4.4765625,True,True
llama32_3b,Llama-3.2-3B,agr_0029,PP,The technicians of the projects in question,6.421875,True,True
llama32_3b,Llama-3.2-3B,agr_0030,SS,The student of the institution in question,4.3984375,True,True
llama32_3b,Llama-3.2-3B,agr_0030,SP,The student of the institutions in question,1.765625,True,True
llama32_3b,Llama-3.2-3B,agr_0030,PS,The students of the institution in question,3.6875,True,True
llama32_3b,Llama-3.2-3B,agr_0030,PP,The students of the institutions in question,6.203125,True,True
llama32_3b,Llama-3.2-3B,agr_0031,SS,The doctor of the coalition in question,3.9140625,True,True
llama32_3b,Llama-3.2-3B,agr_0031,SP,The doctor of the coalitions in question,2.6640625,True,True
llama32_3b,Llama-3.2-3B,agr_0031,PS,The doctors of the coalition in question,3.5078125,True,True
llama32_3b,Llama-3.2-3B,agr_0031,PP,The doctors of the coalitions in question,5.6796875,True,True
llama32_3b,Llama-3.2-3B,agr_0032,SS,The teacher of the firm in question,4.921875,True,True
llama32_3b,Llama-3.2-3B,agr_0032,SP,The teacher of the firms in question,2.2421875,True,True
llama32_3b,Llama-3.2-3B,agr_0032,PS,The teachers of the firm in question,3.4375,True,True
llama32_3b,Llama-3.2-3B,agr_0032,PP,The teachers of the firms in question,5.328125,True,True
llama32_3b,Llama-3.2-3B,agr_0033,SS,The auditor of the district in question,5.34375,True,True
llama32_3b,Llama-3.2-3B,agr_0033,SP,The auditor of the districts in question,3.4140625,True,True
llama32_3b,Llama-3.2-3B,agr_0033,PS,The auditors of the district in question,3.2578125,True,True
llama32_3b,Llama-3.2-3B,agr_0033,PP,The auditors of the districts in question,5.3046875,True,True
llama32_3b,Llama-3.2-3B,agr_0034,SS,The designer of the coalition in question,5.1171875,True,True
llama32_3b,Llama-3.2-3B,agr_0034,SP,The designer of the coalitions in question,2.875,True,True
llama32_3b,Llama-3.2-3B,agr_0034,PS,The designers of the coalition in question,3.8671875,True,True
llama32_3b,Llama-3.2-3B,agr_0034,PP,The designers of the coalitions in question,6.1171875,True,True
llama32_3b,Llama-3.2-3B,agr_0035,SS,The consultant of the region in question,4.859375,True,True
llama32_3b,Llama-3.2-3B,agr_0035,SP,The consultant of the regions in question,3.2265625,True,True
llama32_3b,Llama-3.2-3B,agr_0035,PS,The consultants of the region in question,3.4765625,True,True
llama32_3b,Llama-3.2-3B,agr_0035,PP,The consultants of the regions in question,5.3125,True,True
llama32_3b,Llama-3.2-3B,agr_0036,SS,The auditor of the division in question,5.2265625,True,True
llama32_3b,Llama-3.2-3B,agr_0036,SP,The auditor of the divisions in question,2.9453125,True,True
llama32_3b,Llama-3.2-3B,agr_0036,PS,The auditors of the division in question,3.1796875,True,True
llama32_3b,Llama-3.2-3B,agr_0036,PP,The auditors of the divisions in question,5.3046875,True,True
llama32_3b,Llama-3.2-3B,agr_0037,SS,The engineer of the institute in question,5.453125,True,True
llama32_3b,Llama-3.2-3B,agr_0037,SP,The engineer of the institutes in question,2.296875,True,True
llama32_3b,Llama-3.2-3B,agr_0037,PS,The engineers of the institute in question,4.03125,True,True
llama32_3b,Llama-3.2-3B,agr_0037,PP,The engineers of the institutes in question,6.296875,True,True
llama32_3b,Llama-3.2-3B,agr_0038,SS,The examiner of the division in question,5.2265625,True,True
llama32_3b,Llama-3.2-3B,agr_0038,SP,The examiner of the divisions in question,2.7578125,True,True
llama32_3b,Llama-3.2-3B,agr_0038,PS,The examiners of the division in question,2.9765625,True,True
llama32_3b,Llama-3.2-3B,agr_0038,PP,The examiners of the divisions in question,5.4609375,True,True
llama32_3b,Llama-3.2-3B,agr_0039,SS,The member of the partnership in question,4.234375,True,True
llama32_3b,Llama-3.2-3B,agr_0039,SP,The member of the partnerships in question,0.875,True,False
llama32_3b,Llama-3.2-3B,agr_0039,PS,The members of the partnership in question,4.203125,True,True
llama32_3b,Llama-3.2-3B,agr_0039,PP,The members of the partnerships in question,6.7421875,True,True
llama32_3b,Llama-3.2-3B,agr_0040,SS,The coordinator of the hospital in question,6.375,True,True
llama32_3b,Llama-3.2-3B,agr_0040,SP,The coordinator of the hospitals in question,4.1015625,True,True
llama32_3b,Llama-3.2-3B,agr_0040,PS,The coordinators of the hospital in question,2.84375,True,True
llama32_3b,Llama-3.2-3B,agr_0040,PP,The coordinators of the hospitals in question,4.8125,True,True
llama32_3b,Llama-3.2-3B,agr_0041,SS,The leader of the company in question,5.484375,True,True
llama32_3b,Llama-3.2-3B,agr_0041,SP,The leader of the companies in question,2.9140625,True,True
llama32_3b,Llama-3.2-3B,agr_0041,PS,The leaders of the company in question,2.5390625,True,True
llama32_3b,Llama-3.2-3B,agr_0041,PP,The leaders of the companies in question,6.625,True,True
llama32_3b,Llama-3.2-3B,agr_0042,SS,The director of the organization in question,6.203125,True,True
llama32_3b,Llama-3.2-3B,agr_0042,SP,The director of the organizations in question,2.1875,True,True
llama32_3b,Llama-3.2-3B,agr_0042,PS,The directors of the organization in question,3.1328125,True,True
llama32_3b,Llama-3.2-3B,agr_0042,PP,The directors of the organizations in question,6.046875,True,True
llama32_3b,Llama-3.2-3B,agr_0043,SS,The manager of the centre in question,6.7734375,True,True
llama32_3b,Llama-3.2-3B,agr_0043,SP,The manager of the centres in question,2.953125,True,True
llama32_3b,Llama-3.2-3B,agr_0043,PS,The managers of the centre in question,3.4140625,True,True
llama32_3b,Llama-3.2-3B,agr_0043,PP,The managers of the centres in question,6.09375,True,True
llama32_3b,Llama-3.2-3B,agr_0044,SS,The doctor of the board in question,6.4453125,True,True
llama32_3b,Llama-3.2-3B,agr_0044,SP,The doctor of the boards in question,2.9765625,True,True
llama32_3b,Llama-3.2-3B,agr_0044,PS,The doctors of the board in question,3.2421875,True,True
llama32_3b,Llama-3.2-3B,agr_0044,PP,The doctors of the boards in question,6.140625,True,True
llama32_3b,Llama-3.2-3B,agr_0045,SS,The student of the company in question,4.2890625,True,True
llama32_3b,Llama-3.2-3B,agr_0045,SP,The student of the companies in question,1.703125,True,True
llama32_3b,Llama-3.2-3B,agr_0045,PS,The students of the company in question,3.515625,True,True
llama32_3b,Llama-3.2-3B,agr_0045,PP,The students of the companies in question,5.8125,True,True
llama32_3b,Llama-3.2-3B,agr_0046,SS,The lecturer of the alliance in question,4.8359375,True,True
llama32_3b,Llama-3.2-3B,agr_0046,SP,The lecturer of the alliances in question,2.21875,True,True
llama32_3b,Llama-3.2-3B,agr_0046,PS,The lecturers of the alliance in question,3.53125,True,True
llama32_3b,Llama-3.2-3B,agr_0046,PP,The lecturers of the alliances in question,5.6015625,True,True
llama32_3b,Llama-3.2-3B,agr_0047,SS,The consultant of the authority in question,4.8125,True,True
llama32_3b,Llama-3.2-3B,agr_0047,SP,The consultant of the authorities in question,4.109375,True,True
llama32_3b,Llama-3.2-3B,agr_0047,PS,The consultants of the authority in question,3.2109375,True,True
llama32_3b,Llama-3.2-3B,agr_0047,PP,The consultants of the authorities in question,3.4296875,True,True
llama32_3b,Llama-3.2-3B,agr_0048,SS,The researcher of the group in question,3.84375,True,True
llama32_3b,Llama-3.2-3B,agr_0048,SP,The researcher of the groups in question,2.03125,True,True
llama32_3b,Llama-3.2-3B,agr_0048,PS,The researchers of the group in question,4.3046875,True,True
llama32_3b,Llama-3.2-3B,agr_0048,PP,The researchers of the groups in question,5.703125,True,True
llama32_3b,Llama-3.2-3B,agr_0049,SS,The reporter of the college in question,4.484375,True,True
llama32_3b,Llama-3.2-3B,agr_0049,SP,The reporter of the colleges in question,1.1328125,True,True
llama32_3b,Llama-3.2-3B,agr_0049,PS,The reporters of the college in question,2.4609375,True,True
llama32_3b,Llama-3.2-3B,agr_0049,PP,The reporters of the colleges in question,5.09375,True,True
llama32_3b,Llama-3.2-3B,agr_0050,SS,The reporter of the network in question,3.4296875,True,True
llama32_3b,Llama-3.2-3B,agr_0050,SP,The reporter of the networks in question,1.96875,True,True
llama32_3b,Llama-3.2-3B,agr_0050,PS,The reporters of the network in question,1.25,True,True
llama32_3b,Llama-3.2-3B,agr_0050,PP,The reporters of the networks in question,5.5703125,True,True
llama32_3b,Llama-3.2-3B,agr_0051,SS,The lecturer of the firm in question,4.75,True,True
llama32_3b,Llama-3.2-3B,agr_0051,SP,The lecturer of the firms in question,1.8203125,True,True
llama32_3b,Llama-3.2-3B,agr_0051,PS,The lecturers of the firm in question,2.2890625,True,True
llama32_3b,Llama-3.2-3B,agr_0051,PP,The lecturers of the firms in question,4.25,True,True
llama32_3b,Llama-3.2-3B,agr_0052,SS,The artist of the facility in question,4.6640625,True,True
llama32_3b,Llama-3.2-3B,agr_0052,SP,The artist of the facilities in question,2.6328125,True,True
llama32_3b,Llama-3.2-3B,agr_0052,PS,The artists of the facility in question,3.421875,True,True
llama32_3b,Llama-3.2-3B,agr_0052,PP,The artists of the facilities in question,5.28125,True,True
llama32_3b,Llama-3.2-3B,agr_0053,SS,The editor of the institute in question,5.8515625,True,True
llama32_3b,Llama-3.2-3B,agr_0053,SP,The editor of the institutes in question,2.5625,True,True
llama32_3b,Llama-3.2-3B,agr_0053,PS,The editors of the institute in question,3.046875,True,True
llama32_3b,Llama-3.2-3B,agr_0053,PP,The editors of the institutes in question,6.078125,True,True
llama32_3b,Llama-3.2-3B,agr_0054,SS,The employee of the agency in question,4.8984375,True,True
llama32_3b,Llama-3.2-3B,agr_0054,SP,The employee of the agencies in question,1.3203125,True,True
llama32_3b,Llama-3.2-3B,agr_0054,PS,The employees of the agency in question,3.8515625,True,True
llama32_3b,Llama-3.2-3B,agr_0054,PP,The employees of the agencies in question,6.421875,True,True
llama32_3b,Llama-3.2-3B,agr_0055,SS,The planner of the district in question,5.203125,True,True
llama32_3b,Llama-3.2-3B,agr_0055,SP,The planner of the districts in question,3.390625,True,True
llama32_3b,Llama-3.2-3B,agr_0055,PS,The planners of the district in question,3.9765625,True,True
llama32_3b,Llama-3.2-3B,agr_0055,PP,The planners of the districts in question,5.609375,True,True
llama32_3b,Llama-3.2-3B,agr_0056,SS,The scientist of the sector in question,3.1640625,True,True
llama32_3b,Llama-3.2-3B,agr_0056,SP,The scientist of the sectors in question,0.3984375,True,False
llama32_3b,Llama-3.2-3B,agr_0056,PS,The scientists of the sector in question,3.875,True,True
llama32_3b,Llama-3.2-3B,agr_0056,PP,The scientists of the sectors in question,6.4765625,True,True
llama32_3b,Llama-3.2-3B,agr_0057,SS,The doctor of the station in question,5.171875,True,True
llama32_3b,Llama-3.2-3B,agr_0057,SP,The doctor of the stations in question,1.453125,True,True
llama32_3b,Llama-3.2-3B,agr_0057,PS,The doctors of the station in question,3.6328125,True,True
llama32_3b,Llama-3.2-3B,agr_0057,PP,The doctors of the stations in question,6.0546875,True,True
llama32_3b,Llama-3.2-3B,agr_0058,SS,The employee of the enterprise in question,4.59375,True,True
llama32_3b,Llama-3.2-3B,agr_0058,SP,The employee of the enterprises in question,1.9296875,True,True
llama32_3b,Llama-3.2-3B,agr_0058,PS,The employees of the enterprise in question,3.2890625,True,True
llama32_3b,Llama-3.2-3B,agr_0058,PP,The employees of the enterprises in question,5.40625,True,True
llama32_3b,Llama-3.2-3B,agr_0059,SS,The administrator of the project in question,5.7265625,True,True
llama32_3b,Llama-3.2-3B,agr_0059,SP,The administrator of the projects in question,2.9609375,True,True
llama32_3b,Llama-3.2-3B,agr_0059,PS,The administrators of the project in question,3.3671875,True,True
llama32_3b,Llama-3.2-3B,agr_0059,PP,The administrators of the projects in question,5.6953125,True,True
llama32_3b,Llama-3.2-3B,agr_0060,SS,The supervisor of the group in question,5.0078125,True,True
llama32_3b,Llama-3.2-3B,agr_0060,SP,The supervisor of the groups in question,2.828125,True,True
llama32_3b,Llama-3.2-3B,agr_0060,PS,The supervisors of the group in question,2.90625,True,True
llama32_3b,Llama-3.2-3B,agr_0060,PP,The supervisors of the groups in question,5.140625,True,True
llama32_3b,Llama-3.2-3B,agr_0061,SS,The technician of the college in question,5.9296875,True,True
llama32_3b,Llama-3.2-3B,agr_0061,SP,The technician of the colleges in question,2.21875,True,True
llama32_3b,Llama-3.2-3B,agr_0061,PS,The technicians of the college in question,3.5546875,True,True
llama32_3b,Llama-3.2-3B,agr_0061,PP,The technicians of the colleges in question,5.6640625,True,True
llama32_3b,Llama-3.2-3B,agr_0062,SS,The doctor of the facility in question,5.3359375,True,True
llama32_3b,Llama-3.2-3B,agr_0062,SP,The doctor of the facilities in question,2.46875,True,True
llama32_3b,Llama-3.2-3B,agr_0062,PS,The doctors of the facility in question,3.96875,True,True
llama32_3b,Llama-3.2-3B,agr_0062,PP,The doctors of the facilities in question,5.859375,True,True
llama32_3b,Llama-3.2-3B,agr_0063,SS,The owner of the agency in question,5.421875,True,True
llama32_3b,Llama-3.2-3B,agr_0063,SP,The owner of the agencies in question,2.3359375,True,True
llama32_3b,Llama-3.2-3B,agr_0063,PS,The owners of the agency in question,3.03125,True,True
llama32_3b,Llama-3.2-3B,agr_0063,PP,The owners of the agencies in question,5.6953125,True,True
llama32_3b,Llama-3.2-3B,agr_0064,SS,The supervisor of the district in question,5.734375,True,True
llama32_3b,Llama-3.2-3B,agr_0064,SP,The supervisor of the districts in question,3.421875,True,True
llama32_3b,Llama-3.2-3B,agr_0064,PS,The supervisors of the district in question,2.734375,True,True
llama32_3b,Llama-3.2-3B,agr_0064,PP,The supervisors of the districts in question,5.5078125,True,True
llama32_3b,Llama-3.2-3B,agr_0065,SS,The analyst of the bureau in question,2.9921875,True,True
llama32_3b,Llama-3.2-3B,agr_0065,SP,The analyst of the bureaus in question,0.8671875,True,False
llama32_3b,Llama-3.2-3B,agr_0065,PS,The analysts of the bureau in question,3.078125,True,True
llama32_3b,Llama-3.2-3B,agr_0065,PP,The analysts of the bureaus in question,4.7890625,True,True
llama32_3b,Llama-3.2-3B,agr_0066,SS,The journalist of the agency in question,4.4296875,True,True
llama32_3b,Llama-3.2-3B,agr_0066,SP,The journalist of the agencies in question,0.9453125,True,False
llama32_3b,Llama-3.2-3B,agr_0066,PS,The journalists of the agency in question,3.046875,True,True
llama32_3b,Llama-3.2-3B,agr_0066,PP,The journalists of the agencies in question,5.8671875,True,True
llama32_3b,Llama-3.2-3B,agr_0067,SS,The driver of the partnership in question,5.046875,True,True
llama32_3b,Llama-3.2-3B,agr_0067,SP,The driver of the partnerships in question,1.578125,True,True
llama32_3b,Llama-3.2-3B,agr_0067,PS,The drivers of the partnership in question,3.34375,True,True
llama32_3b,Llama-3.2-3B,agr_0067,PP,The drivers of the partnerships in question,5.8203125,True,True
llama32_3b,Llama-3.2-3B,agr_0068,SS,The designer of the university in question,6.3515625,True,True
llama32_3b,Llama-3.2-3B,agr_0068,SP,The designer of the universities in question,3.296875,True,True
llama32_3b,Llama-3.2-3B,agr_0068,PS,The designers of the university in question,4.1328125,True,True
llama32_3b,Llama-3.2-3B,agr_0068,PP,The designers of the universities in question,6.2734375,True,True
llama32_3b,Llama-3.2-3B,agr_0069,SS,The teacher of the institution in question,5.515625,True,True
llama32_3b,Llama-3.2-3B,agr_0069,SP,The teacher of the institutions in question,2.4375,True,True
llama32_3b,Llama-3.2-3B,agr_0069,PS,The teachers of the institution in question,3.6796875,True,True
llama32_3b,Llama-3.2-3B,agr_0069,PP,The teachers of the institutions in question,6.1640625,True,True
llama32_3b,Llama-3.2-3B,agr_0070,SS,The supervisor of the institution in question,5.5078125,True,True
llama32_3b,Llama-3.2-3B,agr_0070,SP,The supervisor of the institutions in question,3.421875,True,True
llama32_3b,Llama-3.2-3B,agr_0070,PS,The supervisors of the institution in question,2.59375,True,True
llama32_3b,Llama-3.2-3B,agr_0070,PP,The supervisors of the institutions in question,5.4921875,True,True
llama32_3b,Llama-3.2-3B,agr_0071,SS,The accountant of the coalition in question,4.625,True,True
llama32_3b,Llama-3.2-3B,agr_0071,SP,The accountant of the coalitions in question,3.125,True,True
llama32_3b,Llama-3.2-3B,agr_0071,PS,The accountants of the coalition in question,2.9453125,True,True
llama32_3b,Llama-3.2-3B,agr_0071,PP,The accountants of the coalitions in question,5.0078125,True,True
llama32_3b,Llama-3.2-3B,agr_0072,SS,The architect of the organization in question,5.5625,True,True
llama32_3b,Llama-3.2-3B,agr_0072,SP,The architect of the organizations in question,2.15625,True,True
llama32_3b,Llama-3.2-3B,agr_0072,PS,The architects of the organization in question,3.359375,True,True
llama32_3b,Llama-3.2-3B,agr_0072,PP,The architects of the organizations in question,5.9140625,True,True
llama32_3b,Llama-3.2-3B,agr_0073,SS,The assistant of the district in question,4.8984375,True,True
llama32_3b,Llama-3.2-3B,agr_0073,SP,The assistant of the districts in question,1.59375,True,True
llama32_3b,Llama-3.2-3B,agr_0073,PS,The assistants of the district in question,3.6875,True,True
llama32_3b,Llama-3.2-3B,agr_0073,PP,The assistants of the districts in question,5.640625,True,True
llama32_3b,Llama-3.2-3B,agr_0074,SS,The lecturer of the organization in question,4.6796875,True,True
llama32_3b,Llama-3.2-3B,agr_0074,SP,The lecturer of the organizations in question,1.3984375,True,True
llama32_3b,Llama-3.2-3B,agr_0074,PS,The lecturers of the organization in question,2.5703125,True,True
llama32_3b,Llama-3.2-3B,agr_0074,PP,The lecturers of the organizations in question,4.5859375,True,True
llama32_3b,Llama-3.2-3B,agr_0075,SS,The inspector of the centre in question,6.015625,True,True
llama32_3b,Llama-3.2-3B,agr_0075,SP,The inspector of the centres in question,2.6171875,True,True
llama32_3b,Llama-3.2-3B,agr_0075,PS,The inspectors of the centre in question,3.609375,True,True
llama32_3b,Llama-3.2-3B,agr_0075,PP,The inspectors of the centres in question,5.625,True,True
llama32_3b,Llama-3.2-3B,agr_0076,SS,The evaluator of the coalition in question,4.328125,True,True
llama32_3b,Llama-3.2-3B,agr_0076,SP,The evaluator of the coalitions in question,2.8046875,True,True
llama32_3b,Llama-3.2-3B,agr_0076,PS,The evaluators of the coalition in question,3.2890625,True,True
llama32_3b,Llama-3.2-3B,agr_0076,PP,The evaluators of the coalitions in question,4.859375,True,True
llama32_3b,Llama-3.2-3B,agr_0077,SS,The director of the team in question,5.921875,True,True
llama32_3b,Llama-3.2-3B,agr_0077,SP,The director of the teams in question,3.375,True,True
llama32_3b,Llama-3.2-3B,agr_0077,PS,The directors of the team in question,3.4140625,True,True
llama32_3b,Llama-3.2-3B,agr_0077,PP,The directors of the teams in question,6.03125,True,True
llama32_3b,Llama-3.2-3B,agr_0078,SS,The researcher of the forum in question,3.7890625,True,True
llama32_3b,Llama-3.2-3B,agr_0078,SP,The researcher of the forums in question,2.3125,True,True
llama32_3b,Llama-3.2-3B,agr_0078,PS,The researchers of the forum in question,3.0234375,True,True
llama32_3b,Llama-3.2-3B,agr_0078,PP,The researchers of the forums in question,3.6171875,True,True
llama32_3b,Llama-3.2-3B,agr_0079,SS,The evaluator of the service in question,4.6171875,True,True
llama32_3b,Llama-3.2-3B,agr_0079,SP,The evaluator of the services in question,3.140625,True,True
llama32_3b,Llama-3.2-3B,agr_0079,PS,The evaluators of the service in question,3.03125,True,True
llama32_3b,Llama-3.2-3B,agr_0079,PP,The evaluators of the services in question,4.859375,True,True
llama32_3b,Llama-3.2-3B,agr_0080,SS,The editor of the station in question,7.0078125,True,True
llama32_3b,Llama-3.2-3B,agr_0080,SP,The editor of the stations in question,3.0078125,True,True
llama32_3b,Llama-3.2-3B,agr_0080,PS,The editors of the station in question,3.4609375,True,True
llama32_3b,Llama-3.2-3B,agr_0080,PP,The editors of the stations in question,5.875,True,True
llama32_3b,Llama-3.2-3B,agr_0081,SS,The executive of the company in question,3.4296875,True,True
llama32_3b,Llama-3.2-3B,agr_0081,SP,The executive of the companies in question,0.6953125,True,False
llama32_3b,Llama-3.2-3B,agr_0081,PS,The executives of the company in question,3.015625,True,True
llama32_3b,Llama-3.2-3B,agr_0081,PP,The executives of the companies in question,5.984375,True,True
llama32_3b,Llama-3.2-3B,agr_0082,SS,The auditor of the consortium in question,5.3046875,True,True
llama32_3b,Llama-3.2-3B,agr_0082,SP,The auditor of the consortiums in question,3.0546875,True,True
llama32_3b,Llama-3.2-3B,agr_0082,PS,The auditors of the consortium in question,3.625,True,True
llama32_3b,Llama-3.2-3B,agr_0082,PP,The auditors of the consortiums in question,5.6796875,True,True
llama32_3b,Llama-3.2-3B,agr_0083,SS,The painter of the division in question,6.0859375,True,True
llama32_3b,Llama-3.2-3B,agr_0083,SP,The painter of the divisions in question,5.2890625,True,True
llama32_3b,Llama-3.2-3B,agr_0083,PS,The painters of the division in question,4.6875,True,True
llama32_3b,Llama-3.2-3B,agr_0083,PP,The painters of the divisions in question,6.09375,True,True
llama32_3b,Llama-3.2-3B,agr_0084,SS,The advisor of the group in question,4.9921875,True,True
llama32_3b,Llama-3.2-3B,agr_0084,SP,The advisor of the groups in question,2.484375,True,True
llama32_3b,Llama-3.2-3B,agr_0084,PS,The advisors of the group in question,3.3046875,True,True
llama32_3b,Llama-3.2-3B,agr_0084,PP,The advisors of the groups in question,5.265625,True,True
llama32_3b,Llama-3.2-3B,agr_0085,SS,The advisor of the network in question,5.296875,True,True
llama32_3b,Llama-3.2-3B,agr_0085,SP,The advisor of the networks in question,3.265625,True,True
llama32_3b,Llama-3.2-3B,agr_0085,PS,The advisors of the network in question,2.7265625,True,True
llama32_3b,Llama-3.2-3B,agr_0085,PP,The advisors of the networks in question,5.4375,True,True
llama32_3b,Llama-3.2-3B,agr_0086,SS,The planner of the division in question,4.96875,True,True
llama32_3b,Llama-3.2-3B,agr_0086,SP,The planner of the divisions in question,3.6015625,True,True
llama32_3b,Llama-3.2-3B,agr_0086,PS,The planners of the division in question,3.6484375,True,True
llama32_3b,Llama-3.2-3B,agr_0086,PP,The planners of the divisions in question,5.7109375,True,True
llama32_3b,Llama-3.2-3B,agr_0087,SS,The supervisor of the company in question,5.4921875,True,True
llama32_3b,Llama-3.2-3B,agr_0087,SP,The supervisor of the companies in question,3.328125,True,True
llama32_3b,Llama-3.2-3B,agr_0087,PS,The supervisors of the company in question,2.3671875,True,True
llama32_3b,Llama-3.2-3B,agr_0087,PP,The supervisors of the companies in question,5.265625,True,True
llama32_3b,Llama-3.2-3B,agr_0088,SS,The consultant of the forum in question,5.4375,True,True
llama32_3b,Llama-3.2-3B,agr_0088,SP,The consultant of the forums in question,3.1796875,True,True
llama32_3b,Llama-3.2-3B,agr_0088,PS,The consultants of the forum in question,3.328125,True,True
llama32_3b,Llama-3.2-3B,agr_0088,PP,The consultants of the forums in question,4.9765625,True,True
llama32_3b,Llama-3.2-3B,agr_0089,SS,The candidate of the hospital in question,5.8984375,True,True
llama32_3b,Llama-3.2-3B,agr_0089,SP,The candidate of the hospitals in question,1.6171875,True,True
llama32_3b,Llama-3.2-3B,agr_0089,PS,The candidates of the hospital in question,3.09375,True,True
llama32_3b,Llama-3.2-3B,agr_0089,PP,The candidates of the hospitals in question,5.0703125,True,True
llama32_3b,Llama-3.2-3B,agr_0090,SS,The architect of the ministry in question,6.5,True,True
llama32_3b,Llama-3.2-3B,agr_0090,SP,The architect of the ministries in question,3.359375,True,True
llama32_3b,Llama-3.2-3B,agr_0090,PS,The architects of the ministry in question,3.3828125,True,True
llama32_3b,Llama-3.2-3B,agr_0090,PP,The architects of the ministries in question,6.140625,True,True
llama32_3b,Llama-3.2-3B,agr_0091,SS,The executive of the district in question,3.359375,True,True
llama32_3b,Llama-3.2-3B,agr_0091,SP,The executive of the districts in question,0.9140625,True,False
llama32_3b,Llama-3.2-3B,agr_0091,PS,The executives of the district in question,3.3203125,True,True
llama32_3b,Llama-3.2-3B,agr_0091,PP,The executives of the districts in question,5.9765625,True,True
llama32_3b,Llama-3.2-3B,agr_0092,SS,The evaluator of the authority in question,4.9609375,True,True
llama32_3b,Llama-3.2-3B,agr_0092,SP,The evaluator of the authorities in question,3.0078125,True,True
llama32_3b,Llama-3.2-3B,agr_0092,PS,The evaluators of the authority in question,3.140625,True,True
llama32_3b,Llama-3.2-3B,agr_0092,PP,The evaluators of the authorities in question,4.6328125,True,True
llama32_3b,Llama-3.2-3B,agr_0093,SS,The builder of the organization in question,5.0078125,True,True
llama32_3b,Llama-3.2-3B,agr_0093,SP,The builder of the organizations in question,2.4609375,True,True
llama32_3b,Llama-3.2-3B,agr_0093,PS,The builders of the organization in question,2.9375,True,True
llama32_3b,Llama-3.2-3B,agr_0093,PP,The builders of the organizations in question,5.3828125,True,True
llama32_3b,Llama-3.2-3B,agr_0094,SS,The operator of the team in question,4.53125,True,True
llama32_3b,Llama-3.2-3B,agr_0094,SP,The operator of the teams in question,2.7265625,True,True
llama32_3b,Llama-3.2-3B,agr_0094,PS,The operators of the team in question,3.0625,True,True
llama32_3b,Llama-3.2-3B,agr_0094,PP,The operators of the teams in question,5.53125,True,True
llama32_3b,Llama-3.2-3B,agr_0095,SS,The painter of the unit in question,5.71875,True,True
llama32_3b,Llama-3.2-3B,agr_0095,SP,The painter of the units in question,3.96875,True,True
llama32_3b,Llama-3.2-3B,agr_0095,PS,The painters of the unit in question,4.1875,True,True
llama32_3b,Llama-3.2-3B,agr_0095,PP,The painters of the units in question,5.859375,True,True
llama32_3b,Llama-3.2-3B,agr_0096,SS,The officer of the laboratory in question,5.7265625,True,True
llama32_3b,Llama-3.2-3B,agr_0096,SP,The officer of the laboratories in question,3.296875,True,True
llama32_3b,Llama-3.2-3B,agr_0096,PS,The officers of the laboratory in question,4.1484375,True,True
llama32_3b,Llama-3.2-3B,agr_0096,PP,The officers of the laboratories in question,6.1875,True,True
llama32_3b,Llama-3.2-3B,agr_0097,SS,The accountant of the network in question,5.265625,True,True
llama32_3b,Llama-3.2-3B,agr_0097,SP,The accountant of the networks in question,3.2421875,True,True
llama32_3b,Llama-3.2-3B,agr_0097,PS,The accountants of the network in question,2.4296875,True,True
llama32_3b,Llama-3.2-3B,agr_0097,PP,The accountants of the networks in question,4.875,True,True
llama32_3b,Llama-3.2-3B,agr_0098,SS,The candidate of the organization in question,4.6015625,True,True
llama32_3b,Llama-3.2-3B,agr_0098,SP,The candidate of the organizations in question,1.3984375,True,True
llama32_3b,Llama-3.2-3B,agr_0098,PS,The candidates of the organization in question,2.9765625,True,True
llama32_3b,Llama-3.2-3B,agr_0098,PP,The candidates of the organizations in question,5.7734375,True,True
llama32_3b,Llama-3.2-3B,agr_0099,SS,The architect of the corporation in question,5.515625,True,True
llama32_3b,Llama-3.2-3B,agr_0099,SP,The architect of the corporations in question,2.78125,True,True
llama32_3b,Llama-3.2-3B,agr_0099,PS,The architects of the corporation in question,3.1328125,True,True
llama32_3b,Llama-3.2-3B,agr_0099,PP,The architects of the corporations in question,6.1796875,True,True
llama32_3b,Llama-3.2-3B,agr_0100,SS,The director of the station in question,7.1015625,True,True
llama32_3b,Llama-3.2-3B,agr_0100,SP,The director of the stations in question,3.109375,True,True
llama32_3b,Llama-3.2-3B,agr_0100,PS,The directors of the station in question,3.484375,True,True
llama32_3b,Llama-3.2-3B,agr_0100,PP,The directors of the stations in question,6.1328125,True,True
llama32_3b,Llama-3.2-3B,agr_0101,SS,The programmer of the firm in question,4.9609375,True,True
llama32_3b,Llama-3.2-3B,agr_0101,SP,The programmer of the firms in question,2.5078125,True,True
llama32_3b,Llama-3.2-3B,agr_0101,PS,The programmers of the firm in question,3.4609375,True,True
llama32_3b,Llama-3.2-3B,agr_0101,PP,The programmers of the firms in question,5.0546875,True,True
llama32_3b,Llama-3.2-3B,agr_0102,SS,The researcher of the authority in question,4.1953125,True,True
llama32_3b,Llama-3.2-3B,agr_0102,SP,The researcher of the authorities in question,1.953125,True,True
llama32_3b,Llama-3.2-3B,agr_0102,PS,The researchers of the authority in question,3.234375,True,True
llama32_3b,Llama-3.2-3B,agr_0102,PP,The researchers of the authorities in question,3.4453125,True,True
llama32_3b,Llama-3.2-3B,agr_0103,SS,The planner of the laboratory in question,5.109375,True,True
llama32_3b,Llama-3.2-3B,agr_0103,SP,The planner of the laboratories in question,4.109375,True,True
llama32_3b,Llama-3.2-3B,agr_0103,PS,The planners of the laboratory in question,3.9453125,True,True
llama32_3b,Llama-3.2-3B,agr_0103,PP,The planners of the laboratories in question,5.375,True,True
llama32_3b,Llama-3.2-3B,agr_0104,SS,The editor of the association in question,5.203125,True,True
llama32_3b,Llama-3.2-3B,agr_0104,SP,The editor of the associations in question,2.0859375,True,True
llama32_3b,Llama-3.2-3B,agr_0104,PS,The editors of the association in question,2.8203125,True,True
llama32_3b,Llama-3.2-3B,agr_0104,PP,The editors of the associations in question,5.9609375,True,True
llama32_3b,Llama-3.2-3B,agr_0105,SS,The painter of the group in question,5.859375,True,True
llama32_3b,Llama-3.2-3B,agr_0105,SP,The painter of the groups in question,4.4609375,True,True
llama32_3b,Llama-3.2-3B,agr_0105,PS,The painters of the group in question,5.1640625,True,True
llama32_3b,Llama-3.2-3B,agr_0105,PP,The painters of the groups in question,6.0859375,True,True
llama32_3b,Llama-3.2-3B,agr_0106,SS,The employee of the corporation in question,5.3125,True,True
llama32_3b,Llama-3.2-3B,agr_0106,SP,The employee of the corporations in question,2.015625,True,True
llama32_3b,Llama-3.2-3B,agr_0106,PS,The employees of the corporation in question,3.8984375,True,True
llama32_3b,Llama-3.2-3B,agr_0106,PP,The employees of the corporations in question,5.8125,True,True
llama32_3b,Llama-3.2-3B,agr_0107,SS,The consultant of the school in question,5.546875,True,True
llama32_3b,Llama-3.2-3B,agr_0107,SP,The consultant of the schools in question,3.1875,True,True
llama32_3b,Llama-3.2-3B,agr_0107,PS,The consultants of the school in question,3.359375,True,True
llama32_3b,Llama-3.2-3B,agr_0107,PP,The consultants of the schools in question,5.109375,True,True
llama32_3b,Llama-3.2-3B,agr_0108,SS,The programmer of the enterprise in question,5.046875,True,True
llama32_3b,Llama-3.2-3B,agr_0108,SP,The programmer of the enterprises in question,2.4765625,True,True
llama32_3b,Llama-3.2-3B,agr_0108,PS,The programmers of the enterprise in question,2.9296875,True,True
llama32_3b,Llama-3.2-3B,agr_0108,PP,The programmers of the enterprises in question,4.7578125,True,True
llama32_3b,Llama-3.2-3B,agr_0109,SS,The journalist of the corporation in question,4.7109375,True,True
llama32_3b,Llama-3.2-3B,agr_0109,SP,The journalist of the corporations in question,1.328125,True,True
llama32_3b,Llama-3.2-3B,agr_0109,PS,The journalists of the corporation in question,2.9296875,True,True
llama32_3b,Llama-3.2-3B,agr_0109,PP,The journalists of the corporations in question,5.9921875,True,True
llama32_3b,Llama-3.2-3B,agr_0110,SS,The artist of the board in question,5.6171875,True,True
llama32_3b,Llama-3.2-3B,agr_0110,SP,The artist of the boards in question,3.4453125,True,True
llama32_3b,Llama-3.2-3B,agr_0110,PS,The artists of the board in question,3.0234375,True,True
llama32_3b,Llama-3.2-3B,agr_0110,PP,The artists of the boards in question,5.6328125,True,True
llama32_3b,Llama-3.2-3B,agr_0111,SS,The administrator of the organization in question,5.203125,True,True
llama32_3b,Llama-3.2-3B,agr_0111,SP,The administrator of the organizations in question,2.6328125,True,True
llama32_3b,Llama-3.2-3B,agr_0111,PS,The administrators of the organization in question,3.0390625,True,True
llama32_3b,Llama-3.2-3B,agr_0111,PP,The administrators of the organizations in question,5.5859375,True,True
llama32_3b,Llama-3.2-3B,agr_0112,SS,The student of the foundation in question,4.265625,True,True
llama32_3b,Llama-3.2-3B,agr_0112,SP,The student of the foundations in question,3.171875,True,True
llama32_3b,Llama-3.2-3B,agr_0112,PS,The students of the foundation in question,3.3515625,True,True
llama32_3b,Llama-3.2-3B,agr_0112,PP,The students of the foundations in question,4.9609375,True,True
llama32_3b,Llama-3.2-3B,agr_0113,SS,The operator of the company in question,5.5,True,True
llama32_3b,Llama-3.2-3B,agr_0113,SP,The operator of the companies in question,3.234375,True,True
llama32_3b,Llama-3.2-3B,agr_0113,PS,The operators of the company in question,3.2734375,True,True
llama32_3b,Llama-3.2-3B,agr_0113,PP,The operators of the companies in question,5.796875,True,True
llama32_3b,Llama-3.2-3B,agr_0114,SS,The builder of the unit in question,5.859375,True,True
llama32_3b,Llama-3.2-3B,agr_0114,SP,The builder of the units in question,3.8984375,True,True
llama32_3b,Llama-3.2-3B,agr_0114,PS,The builders of the unit in question,2.8046875,True,True
llama32_3b,Llama-3.2-3B,agr_0114,PP,The builders of the units in question,5.1015625,True,True
llama32_3b,Llama-3.2-3B,agr_0115,SS,The engineer of the program in question,6.28125,True,True
llama32_3b,Llama-3.2-3B,agr_0115,SP,The engineer of the programs in question,3.2109375,True,True
llama32_3b,Llama-3.2-3B,agr_0115,PS,The engineers of the program in question,4.015625,True,True
llama32_3b,Llama-3.2-3B,agr_0115,PP,The engineers of the programs in question,5.9296875,True,True
llama32_3b,Llama-3.2-3B,agr_0116,SS,The architect of the committee in question,6.5078125,True,True
llama32_3b,Llama-3.2-3B,agr_0116,SP,The architect of the committees in question,3.625,True,True
llama32_3b,Llama-3.2-3B,agr_0116,PS,The architects of the committee in question,3.859375,True,True
llama32_3b,Llama-3.2-3B,agr_0116,PP,The architects of the committees in question,6.15625,True,True
llama32_3b,Llama-3.2-3B,agr_0117,SS,The commissioner of the division in question,5.9765625,True,True
llama32_3b,Llama-3.2-3B,agr_0117,SP,The commissioner of the divisions in question,1.90625,True,True
llama32_3b,Llama-3.2-3B,agr_0117,PS,The commissioners of the division in question,3.296875,True,True
llama32_3b,Llama-3.2-3B,agr_0117,PP,The commissioners of the divisions in question,5.6328125,True,True
llama32_3b,Llama-3.2-3B,agr_0118,SS,The representative of the university in question,5.3203125,True,True
llama32_3b,Llama-3.2-3B,agr_0118,SP,The representative of the universities in question,2.0703125,True,True
llama32_3b,Llama-3.2-3B,agr_0118,PS,The representatives of the university in question,2.625,True,True
llama32_3b,Llama-3.2-3B,agr_0118,PP,The representatives of the universities in question,5.6953125,True,True
llama32_3b,Llama-3.2-3B,agr_0119,SS,The programmer of the ministry in question,5.5859375,True,True
llama32_3b,Llama-3.2-3B,agr_0119,SP,The programmer of the ministries in question,2.828125,True,True
llama32_3b,Llama-3.2-3B,agr_0119,PS,The programmers of the ministry in question,2.65625,True,True
llama32_3b,Llama-3.2-3B,agr_0119,PP,The programmers of the ministries in question,5.109375,True,True
llama32_3b,Llama-3.2-3B,agr_0120,SS,The student of the network in question,3.5546875,True,True
llama32_3b,Llama-3.2-3B,agr_0120,SP,The student of the networks in question,2.6484375,True,True
llama32_3b,Llama-3.2-3B,agr_0120,PS,The students of the network in question,2.7109375,True,True
llama32_3b,Llama-3.2-3B,agr_0120,PP,The students of the networks in question,5.140625,True,True
llama32_3b,Llama-3.2-3B,agr_0121,SS,The manager of the company in question,5.96875,True,True
llama32_3b,Llama-3.2-3B,agr_0121,SP,The manager of the companies in question,2.78125,True,True
llama32_3b,Llama-3.2-3B,agr_0121,PS,The managers of the company in question,2.84375,True,True
llama32_3b,Llama-3.2-3B,agr_0121,PP,The managers of the companies in question,5.640625,True,True
llama32_3b,Llama-3.2-3B,agr_0122,SS,The consultant of the sector in question,4.765625,True,True
llama32_3b,Llama-3.2-3B,agr_0122,SP,The consultant of the sectors in question,2.5,True,True
llama32_3b,Llama-3.2-3B,agr_0122,PS,The consultants of the sector in question,3.46875,True,True
llama32_3b,Llama-3.2-3B,agr_0122,PP,The consultants of the sectors in question,5.3984375,True,True
llama32_3b,Llama-3.2-3B,agr_0123,SS,The professor of the firm in question,5.1015625,True,True
llama32_3b,Llama-3.2-3B,agr_0123,SP,The professor of the firms in question,1.8671875,True,True
llama32_3b,Llama-3.2-3B,agr_0123,PS,The professors of the firm in question,2.734375,True,True
llama32_3b,Llama-3.2-3B,agr_0123,PP,The professors of the firms in question,4.828125,True,True
llama32_3b,Llama-3.2-3B,agr_0124,SS,The consultant of the foundation in question,5.2734375,True,True
llama32_3b,Llama-3.2-3B,agr_0124,SP,The consultant of the foundations in question,2.984375,True,True
llama32_3b,Llama-3.2-3B,agr_0124,PS,The consultants of the foundation in question,3.4375,True,True
llama32_3b,Llama-3.2-3B,agr_0124,PP,The consultants of the foundations in question,5.3203125,True,True
llama32_3b,Llama-3.2-3B,agr_0125,SS,The instructor of the forum in question,6.8125,True,True
llama32_3b,Llama-3.2-3B,agr_0125,SP,The instructor of the forums in question,3.6875,True,True
llama32_3b,Llama-3.2-3B,agr_0125,PS,The instructors of the forum in question,3.5390625,True,True
llama32_3b,Llama-3.2-3B,agr_0125,PP,The instructors of the forums in question,5.3515625,True,True
llama32_3b,Llama-3.2-3B,agr_0126,SS,The trainer of the centre in question,5.6875,True,True
llama32_3b,Llama-3.2-3B,agr_0126,SP,The trainer of the centres in question,2.375,True,True
llama32_3b,Llama-3.2-3B,agr_0126,PS,The trainers of the centre in question,3.6015625,True,True
llama32_3b,Llama-3.2-3B,agr_0126,PP,The trainers of the centres in question,5.96875,True,True
llama32_3b,Llama-3.2-3B,agr_0127,SS,The employee of the committee in question,4.9609375,True,True
llama32_3b,Llama-3.2-3B,agr_0127,SP,The employee of the committees in question,1.7578125,True,True
llama32_3b,Llama-3.2-3B,agr_0127,PS,The employees of the committee in question,3.546875,True,True
llama32_3b,Llama-3.2-3B,agr_0127,PP,The employees of the committees in question,5.9921875,True,True
llama32_3b,Llama-3.2-3B,agr_0128,SS,The painter of the program in question,6.1484375,True,True
llama32_3b,Llama-3.2-3B,agr_0128,SP,The painter of the programs in question,4.7265625,True,True
llama32_3b,Llama-3.2-3B,agr_0128,PS,The painters of the program in question,3.671875,True,True
llama32_3b,Llama-3.2-3B,agr_0128,PP,The painters of the programs in question,5.9375,True,True
llama32_3b,Llama-3.2-3B,agr_0129,SS,The analyst of the enterprise in question,3.3125,True,True
llama32_3b,Llama-3.2-3B,agr_0129,SP,The analyst of the enterprises in question,1.1796875,True,True
llama32_3b,Llama-3.2-3B,agr_0129,PS,The analysts of the enterprise in question,2.21875,True,True
llama32_3b,Llama-3.2-3B,agr_0129,PP,The analysts of the enterprises in question,4.0625,True,True
llama32_3b,Llama-3.2-3B,agr_0130,SS,The student of the committee in question,4.1640625,True,True
llama32_3b,Llama-3.2-3B,agr_0130,SP,The student of the committees in question,1.875,True,True
llama32_3b,Llama-3.2-3B,agr_0130,PS,The students of the committee in question,3.53125,True,True
llama32_3b,Llama-3.2-3B,agr_0130,PP,The students of the committees in question,6.0,True,True
llama32_3b,Llama-3.2-3B,agr_0131,SS,The painter of the platform in question,7.2265625,True,True
llama32_3b,Llama-3.2-3B,agr_0131,SP,The painter of the platforms in question,5.3515625,True,True
llama32_3b,Llama-3.2-3B,agr_0131,PS,The painters of the platform in question,3.609375,True,True
llama32_3b,Llama-3.2-3B,agr_0131,PP,The painters of the platforms in question,5.9453125,True,True
llama32_3b,Llama-3.2-3B,agr_0132,SS,The consultant of the organization in question,4.765625,True,True
llama32_3b,Llama-3.2-3B,agr_0132,SP,The consultant of the organizations in question,2.3203125,True,True
llama32_3b,Llama-3.2-3B,agr_0132,PS,The consultants of the organization in question,3.3828125,True,True
llama32_3b,Llama-3.2-3B,agr_0132,PP,The consultants of the organizations in question,5.3359375,True,True
llama32_3b,Llama-3.2-3B,agr_0133,SS,The advisor of the alliance in question,5.6171875,True,True
llama32_3b,Llama-3.2-3B,agr_0133,SP,The advisor of the alliances in question,3.3203125,True,True
llama32_3b,Llama-3.2-3B,agr_0133,PS,The advisors of the alliance in question,3.359375,True,True
llama32_3b,Llama-3.2-3B,agr_0133,PP,The advisors of the alliances in question,5.7890625,True,True
llama32_3b,Llama-3.2-3B,agr_0134,SS,The author of the college in question,5.5078125,True,True
llama32_3b,Llama-3.2-3B,agr_0134,SP,The author of the colleges in question,2.1015625,True,True
llama32_3b,Llama-3.2-3B,agr_0134,PS,The authors of the college in question,2.359375,True,True
llama32_3b,Llama-3.2-3B,agr_0134,PP,The authors of the colleges in question,5.3125,True,True
llama32_3b,Llama-3.2-3B,agr_0135,SS,The reporter of the club in question,3.625,True,True
llama32_3b,Llama-3.2-3B,agr_0135,SP,The reporter of the clubs in question,1.2109375,True,True
llama32_3b,Llama-3.2-3B,agr_0135,PS,The reporters of the club in question,2.703125,True,True
llama32_3b,Llama-3.2-3B,agr_0135,PP,The reporters of the clubs in question,5.125,True,True
llama32_3b,Llama-3.2-3B,agr_0136,SS,The administrator of the agency in question,5.453125,True,True
llama32_3b,Llama-3.2-3B,agr_0136,SP,The administrator of the agencies in question,2.859375,True,True
llama32_3b,Llama-3.2-3B,agr_0136,PS,The administrators of the agency in question,3.5234375,True,True
llama32_3b,Llama-3.2-3B,agr_0136,PP,The administrators of the agencies in question,5.9140625,True,True
llama32_3b,Llama-3.2-3B,agr_0137,SS,The author of the agency in question,3.9765625,True,True
llama32_3b,Llama-3.2-3B,agr_0137,SP,The author of the agencies in question,1.8984375,True,True
llama32_3b,Llama-3.2-3B,agr_0137,PS,The authors of the agency in question,1.296875,True,True
llama32_3b,Llama-3.2-3B,agr_0137,PP,The authors of the agencies in question,4.5703125,True,True
llama32_3b,Llama-3.2-3B,agr_0138,SS,The supervisor of the office in question,5.9296875,True,True
llama32_3b,Llama-3.2-3B,agr_0138,SP,The supervisor of the offices in question,4.3828125,True,True
llama32_3b,Llama-3.2-3B,agr_0138,PS,The supervisors of the office in question,2.5625,True,True
llama32_3b,Llama-3.2-3B,agr_0138,PP,The supervisors of the offices in question,5.3828125,True,True
llama32_3b,Llama-3.2-3B,agr_0139,SS,The supervisor of the ministry in question,5.953125,True,True
llama32_3b,Llama-3.2-3B,agr_0139,SP,The supervisor of the ministries in question,3.8515625,True,True
llama32_3b,Llama-3.2-3B,agr_0139,PS,The supervisors of the ministry in question,2.3671875,True,True
llama32_3b,Llama-3.2-3B,agr_0139,PP,The supervisors of the ministries in question,5.828125,True,True
llama32_3b,Llama-3.2-3B,agr_0140,SS,The trainer of the committee in question,5.2421875,True,True
llama32_3b,Llama-3.2-3B,agr_0140,SP,The trainer of the committees in question,2.578125,True,True
llama32_3b,Llama-3.2-3B,agr_0140,PS,The trainers of the committee in question,3.0703125,True,True
llama32_3b,Llama-3.2-3B,agr_0140,PP,The trainers of the committees in question,5.640625,True,True
llama32_3b,Llama-3.2-3B,agr_0141,SS,The scientist of the forum in question,3.328125,True,True
llama32_3b,Llama-3.2-3B,agr_0141,SP,The scientist of the forums in question,1.234375,True,True
llama32_3b,Llama-3.2-3B,agr_0141,PS,The scientists of the forum in question,3.984375,True,True
llama32_3b,Llama-3.2-3B,agr_0141,PP,The scientists of the forums in question,4.9375,True,True
llama32_3b,Llama-3.2-3B,agr_0142,SS,The executive of the service in question,3.7578125,True,True
llama32_3b,Llama-3.2-3B,agr_0142,SP,The executive of the services in question,1.21875,True,True
llama32_3b,Llama-3.2-3B,agr_0142,PS,The executives of the service in question,2.5546875,True,True
llama32_3b,Llama-3.2-3B,agr_0142,PP,The executives of the services in question,5.2578125,True,True
llama32_3b,Llama-3.2-3B,agr_0143,SS,The consultant of the association in question,4.8359375,True,True
llama32_3b,Llama-3.2-3B,agr_0143,SP,The consultant of the associations in question,2.625,True,True
llama32_3b,Llama-3.2-3B,agr_0143,PS,The consultants of the association in question,3.359375,True,True
llama32_3b,Llama-3.2-3B,agr_0143,PP,The consultants of the associations in question,5.828125,True,True
llama32_3b,Llama-3.2-3B,agr_0144,SS,The commissioner of the university in question,6.046875,True,True
llama32_3b,Llama-3.2-3B,agr_0144,SP,The commissioner of the universities in question,3.7421875,True,True
llama32_3b,Llama-3.2-3B,agr_0144,PS,The commissioners of the university in question,2.640625,True,True
llama32_3b,Llama-3.2-3B,agr_0144,PP,The commissioners of the universities in question,5.546875,True,True
llama32_3b,Llama-3.2-3B,agr_0145,SS,The director of the branch in question,6.109375,True,True
llama32_3b,Llama-3.2-3B,agr_0145,SP,The director of the branches in question,3.1484375,True,True
llama32_3b,Llama-3.2-3B,agr_0145,PS,The directors of the branch in question,3.234375,True,True
llama32_3b,Llama-3.2-3B,agr_0145,PP,The directors of the branches in question,6.078125,True,True
llama32_3b,Llama-3.2-3B,agr_0146,SS,The inspector of the laboratory in question,5.703125,True,True
llama32_3b,Llama-3.2-3B,agr_0146,SP,The inspector of the laboratories in question,3.546875,True,True
llama32_3b,Llama-3.2-3B,agr_0146,PS,The inspectors of the laboratory in question,3.328125,True,True
llama32_3b,Llama-3.2-3B,agr_0146,PP,The inspectors of the laboratories in question,5.4921875,True,True
llama32_3b,Llama-3.2-3B,agr_0147,SS,The auditor of the program in question,5.7109375,True,True
llama32_3b,Llama-3.2-3B,agr_0147,SP,The auditor of the programs in question,3.3203125,True,True
llama32_3b,Llama-3.2-3B,agr_0147,PS,The auditors of the program in question,2.9375,True,True
llama32_3b,Llama-3.2-3B,agr_0147,PP,The auditors of the programs in question,5.1015625,True,True
llama32_3b,Llama-3.2-3B,agr_0148,SS,The director of the board in question,5.9140625,True,True
llama32_3b,Llama-3.2-3B,agr_0148,SP,The director of the boards in question,3.1796875,True,True
llama32_3b,Llama-3.2-3B,agr_0148,PS,The directors of the board in question,1.9609375,True,True
llama32_3b,Llama-3.2-3B,agr_0148,PP,The directors of the boards in question,5.9453125,True,True
llama32_3b,Llama-3.2-3B,agr_0149,SS,The candidate of the consortium in question,4.84375,True,True
llama32_3b,Llama-3.2-3B,agr_0149,SP,The candidate of the consortiums in question,1.4765625,True,True
llama32_3b,Llama-3.2-3B,agr_0149,PS,The candidates of the consortium in question,4.0859375,True,True
llama32_3b,Llama-3.2-3B,agr_0149,PP,The candidates of the consortiums in question,6.4140625,True,True
llama32_3b,Llama-3.2-3B,agr_0150,SS,The builder of the team in question,4.328125,True,True
llama32_3b,Llama-3.2-3B,agr_0150,SP,The builder of the teams in question,2.25,True,True
llama32_3b,Llama-3.2-3B,agr_0150,PS,The builders of the team in question,2.859375,True,True
llama32_3b,Llama-3.2-3B,agr_0150,PP,The builders of the teams in question,4.640625,True,True
llama32_3b,Llama-3.2-3B,agr_0151,SS,The engineer of the committee in question,5.3359375,True,True
llama32_3b,Llama-3.2-3B,agr_0151,SP,The engineer of the committees in question,2.546875,True,True
llama32_3b,Llama-3.2-3B,agr_0151,PS,The engineers of the committee in question,3.96875,True,True
llama32_3b,Llama-3.2-3B,agr_0151,PP,The engineers of the committees in question,6.2421875,True,True
llama32_3b,Llama-3.2-3B,agr_0152,SS,The leader of the group in question,4.3671875,True,True
llama32_3b,Llama-3.2-3B,agr_0152,SP,The leader of the groups in question,1.828125,True,True
llama32_3b,Llama-3.2-3B,agr_0152,PS,The leaders of the group in question,3.640625,True,True
llama32_3b,Llama-3.2-3B,agr_0152,PP,The leaders of the groups in question,6.4765625,True,True
llama32_3b,Llama-3.2-3B,agr_0153,SS,The trainer of the district in question,5.0390625,True,True
llama32_3b,Llama-3.2-3B,agr_0153,SP,The trainer of the districts in question,2.6328125,True,True
llama32_3b,Llama-3.2-3B,agr_0153,PS,The trainers of the district in question,3.3203125,True,True
llama32_3b,Llama-3.2-3B,agr_0153,PP,The trainers of the districts in question,5.5625,True,True
llama32_3b,Llama-3.2-3B,agr_0154,SS,The auditor of the ministry in question,5.484375,True,True
llama32_3b,Llama-3.2-3B,agr_0154,SP,The auditor of the ministries in question,3.6015625,True,True
llama32_3b,Llama-3.2-3B,agr_0154,PS,The auditors of the ministry in question,2.7734375,True,True
llama32_3b,Llama-3.2-3B,agr_0154,PP,The auditors of the ministries in question,5.3359375,True,True
llama32_3b,Llama-3.2-3B,agr_0155,SS,The accountant of the program in question,5.609375,True,True
llama32_3b,Llama-3.2-3B,agr_0155,SP,The accountant of the programs in question,2.96875,True,True
llama32_3b,Llama-3.2-3B,agr_0155,PS,The accountants of the program in question,2.5234375,True,True
llama32_3b,Llama-3.2-3B,agr_0155,PP,The accountants of the programs in question,4.3046875,True,True
llama32_3b,Llama-3.2-3B,agr_0156,SS,The journalist of the team in question,4.09375,True,True
llama32_3b,Llama-3.2-3B,agr_0156,SP,The journalist of the teams in question,1.578125,True,True
llama32_3b,Llama-3.2-3B,agr_0156,PS,The journalists of the team in question,3.65625,True,True
llama32_3b,Llama-3.2-3B,agr_0156,PP,The journalists of the teams in question,6.0390625,True,True
llama32_3b,Llama-3.2-3B,agr_0157,SS,The programmer of the system in question,5.484375,True,True
llama32_3b,Llama-3.2-3B,agr_0157,SP,The programmer of the systems in question,3.0625,True,True
llama32_3b,Llama-3.2-3B,agr_0157,PS,The programmers of the system in question,3.328125,True,True
llama32_3b,Llama-3.2-3B,agr_0157,PP,The programmers of the systems in question,4.8671875,True,True
llama32_3b,Llama-3.2-3B,agr_0158,SS,The manager of the council in question,6.1796875,True,True
llama32_3b,Llama-3.2-3B,agr_0158,SP,The manager of the councils in question,2.3984375,True,True
llama32_3b,Llama-3.2-3B,agr_0158,PS,The managers of the council in question,2.96875,True,True
llama32_3b,Llama-3.2-3B,agr_0158,PP,The managers of the councils in question,6.3515625,True,True
llama32_3b,Llama-3.2-3B,agr_0159,SS,The auditor of the company in question,4.84375,True,True
llama32_3b,Llama-3.2-3B,agr_0159,SP,The auditor of the companies in question,2.9609375,True,True
llama32_3b,Llama-3.2-3B,agr_0159,PS,The auditors of the company in question,2.8046875,True,True
llama32_3b,Llama-3.2-3B,agr_0159,PP,The auditors of the companies in question,4.9765625,True,True
llama32_3b,Llama-3.2-3B,agr_0160,SS,The operator of the program in question,5.5546875,True,True
llama32_3b,Llama-3.2-3B,agr_0160,SP,The operator of the programs in question,3.2578125,True,True
llama32_3b,Llama-3.2-3B,agr_0160,PS,The operators of the program in question,3.46875,True,True
llama32_3b,Llama-3.2-3B,agr_0160,PP,The operators of the programs in question,5.59375,True,True
llama32_3b,Llama-3.2-3B,agr_0161,SS,The administrator of the partnership in question,5.0703125,True,True
llama32_3b,Llama-3.2-3B,agr_0161,SP,The administrator of the partnerships in question,2.375,True,True
llama32_3b,Llama-3.2-3B,agr_0161,PS,The administrators of the partnership in question,3.328125,True,True
llama32_3b,Llama-3.2-3B,agr_0161,PP,The administrators of the partnerships in question,5.8515625,True,True
llama32_3b,Llama-3.2-3B,agr_0162,SS,The instructor of the platform in question,5.3984375,True,True
llama32_3b,Llama-3.2-3B,agr_0162,SP,The instructor of the platforms in question,2.4921875,True,True
llama32_3b,Llama-3.2-3B,agr_0162,PS,The instructors of the platform in question,3.1328125,True,True
llama32_3b,Llama-3.2-3B,agr_0162,PP,The instructors of the platforms in question,5.2265625,True,True
llama32_3b,Llama-3.2-3B,agr_0163,SS,The member of the laboratory in question,3.984375,True,True
llama32_3b,Llama-3.2-3B,agr_0163,SP,The member of the laboratories in question,1.8671875,True,True
llama32_3b,Llama-3.2-3B,agr_0163,PS,The members of the laboratory in question,4.5,True,True
llama32_3b,Llama-3.2-3B,agr_0163,PP,The members of the laboratories in question,6.828125,True,True
llama32_3b,Llama-3.2-3B,agr_0164,SS,The assistant of the institution in question,4.859375,True,True
llama32_3b,Llama-3.2-3B,agr_0164,SP,The assistant of the institutions in question,1.8671875,True,True
llama32_3b,Llama-3.2-3B,agr_0164,PS,The assistants of the institution in question,3.546875,True,True
llama32_3b,Llama-3.2-3B,agr_0164,PP,The assistants of the institutions in question,5.921875,True,True
llama32_3b,Llama-3.2-3B,agr_0165,SS,The owner of the firm in question,5.234375,True,True
llama32_3b,Llama-3.2-3B,agr_0165,SP,The owner of the firms in question,2.1015625,True,True
llama32_3b,Llama-3.2-3B,agr_0165,PS,The owners of the firm in question,3.28125,True,True
llama32_3b,Llama-3.2-3B,agr_0165,PP,The owners of the firms in question,5.71875,True,True
llama32_3b,Llama-3.2-3B,agr_0166,SS,The scientist of the station in question,4.2421875,True,True
llama32_3b,Llama-3.2-3B,agr_0166,SP,The scientist of the stations in question,0.578125,True,False
llama32_3b,Llama-3.2-3B,agr_0166,PS,The scientists of the station in question,3.8671875,True,True
llama32_3b,Llama-3.2-3B,agr_0166,PP,The scientists of the stations in question,6.4609375,True,True
llama32_3b,Llama-3.2-3B,agr_0167,SS,The doctor of the enterprise in question,5.09375,True,True
llama32_3b,Llama-3.2-3B,agr_0167,SP,The doctor of the enterprises in question,1.796875,True,True
llama32_3b,Llama-3.2-3B,agr_0167,PS,The doctors of the enterprise in question,3.53125,True,True
llama32_3b,Llama-3.2-3B,agr_0167,PP,The doctors of the enterprises in question,5.2890625,True,True
llama32_3b,Llama-3.2-3B,agr_0168,SS,The consultant of the platform in question,5.109375,True,True
llama32_3b,Llama-3.2-3B,agr_0168,SP,The consultant of the platforms in question,2.578125,True,True
llama32_3b,Llama-3.2-3B,agr_0168,PS,The consultants of the platform in question,3.296875,True,True
llama32_3b,Llama-3.2-3B,agr_0168,PP,The consultants of the platforms in question,5.140625,True,True
llama32_3b,Llama-3.2-3B,agr_0169,SS,The painter of the laboratory in question,6.5546875,True,True
llama32_3b,Llama-3.2-3B,agr_0169,SP,The painter of the laboratories in question,4.8046875,True,True
llama32_3b,Llama-3.2-3B,agr_0169,PS,The painters of the laboratory in question,4.125,True,True
llama32_3b,Llama-3.2-3B,agr_0169,PP,The painters of the laboratories in question,5.890625,True,True
llama32_3b,Llama-3.2-3B,agr_0170,SS,The supervisor of the bureau in question,5.9140625,True,True
llama32_3b,Llama-3.2-3B,agr_0170,SP,The supervisor of the bureaus in question,3.5,True,True
llama32_3b,Llama-3.2-3B,agr_0170,PS,The supervisors of the bureau in question,2.3828125,True,True
llama32_3b,Llama-3.2-3B,agr_0170,PP,The supervisors of the bureaus in question,5.484375,True,True
llama32_3b,Llama-3.2-3B,agr_0171,SS,The doctor of the college in question,6.4609375,True,True
llama32_3b,Llama-3.2-3B,agr_0171,SP,The doctor of the colleges in question,1.625,True,True
llama32_3b,Llama-3.2-3B,agr_0171,PS,The doctors of the college in question,3.8828125,True,True
llama32_3b,Llama-3.2-3B,agr_0171,PP,The doctors of the colleges in question,6.65625,True,True
llama32_3b,Llama-3.2-3B,agr_0172,SS,The technician of the forum in question,4.71875,True,True
llama32_3b,Llama-3.2-3B,agr_0172,SP,The technician of the forums in question,3.046875,True,True
llama32_3b,Llama-3.2-3B,agr_0172,PS,The technicians of the forum in question,2.953125,True,True
llama32_3b,Llama-3.2-3B,agr_0172,PP,The technicians of the forums in question,4.6796875,True,True
llama32_3b,Llama-3.2-3B,agr_0173,SS,The candidate of the network in question,4.2421875,True,True
llama32_3b,Llama-3.2-3B,agr_0173,SP,The candidate of the networks in question,1.8671875,True,True
llama32_3b,Llama-3.2-3B,agr_0173,PS,The candidates of the network in question,2.5390625,True,True
llama32_3b,Llama-3.2-3B,agr_0173,PP,The candidates of the networks in question,5.4375,True,True
llama32_3b,Llama-3.2-3B,agr_0174,SS,The lecturer of the station in question,5.25,True,True
llama32_3b,Llama-3.2-3B,agr_0174,SP,The lecturer of the stations in question,2.078125,True,True
llama32_3b,Llama-3.2-3B,agr_0174,PS,The lecturers of the station in question,2.609375,True,True
llama32_3b,Llama-3.2-3B,agr_0174,PP,The lecturers of the stations in question,5.3671875,True,True
llama32_3b,Llama-3.2-3B,agr_0175,SS,The driver of the division in question,4.8828125,True,True
llama32_3b,Llama-3.2-3B,agr_0175,SP,The driver of the divisions in question,1.625,True,True
llama32_3b,Llama-3.2-3B,agr_0175,PS,The drivers of the division in question,2.921875,True,True
llama32_3b,Llama-3.2-3B,agr_0175,PP,The drivers of the divisions in question,5.421875,True,True
llama32_3b,Llama-3.2-3B,agr_0176,SS,The evaluator of the division in question,5.140625,True,True
llama32_3b,Llama-3.2-3B,agr_0176,SP,The evaluator of the divisions in question,2.9375,True,True
llama32_3b,Llama-3.2-3B,agr_0176,PS,The evaluators of the division in question,3.1796875,True,True
llama32_3b,Llama-3.2-3B,agr_0176,PP,The evaluators of the divisions in question,5.1953125,True,True
llama32_3b,Llama-3.2-3B,agr_0177,SS,The trainer of the coalition in question,4.5546875,True,True
llama32_3b,Llama-3.2-3B,agr_0177,SP,The trainer of the coalitions in question,2.8046875,True,True
llama32_3b,Llama-3.2-3B,agr_0177,PS,The trainers of the coalition in question,3.1171875,True,True
llama32_3b,Llama-3.2-3B,agr_0177,PP,The trainers of the coalitions in question,5.703125,True,True
llama32_3b,Llama-3.2-3B,agr_0178,SS,The lawyer of the college in question,5.1640625,True,True
llama32_3b,Llama-3.2-3B,agr_0178,SP,The lawyer of the colleges in question,2.8125,True,True
llama32_3b,Llama-3.2-3B,agr_0178,PS,The lawyers of the college in question,2.5546875,True,True
llama32_3b,Llama-3.2-3B,agr_0178,PP,The lawyers of the colleges in question,4.890625,True,True
llama32_3b,Llama-3.2-3B,agr_0179,SS,The leader of the school in question,6.421875,True,True
llama32_3b,Llama-3.2-3B,agr_0179,SP,The leader of the schools in question,3.6953125,True,True
llama32_3b,Llama-3.2-3B,agr_0179,PS,The leaders of the school in question,3.3828125,True,True
llama32_3b,Llama-3.2-3B,agr_0179,PP,The leaders of the schools in question,6.5625,True,True
llama32_3b,Llama-3.2-3B,agr_0180,SS,The teacher of the sector in question,4.453125,True,True
llama32_3b,Llama-3.2-3B,agr_0180,SP,The teacher of the sectors in question,2.7578125,True,True
llama32_3b,Llama-3.2-3B,agr_0180,PS,The teachers of the sector in question,3.484375,True,True
llama32_3b,Llama-3.2-3B,agr_0180,PP,The teachers of the sectors in question,6.265625,True,True
llama32_3b,Llama-3.2-3B,agr_0181,SS,The evaluator of the institute in question,4.8125,True,True
llama32_3b,Llama-3.2-3B,agr_0181,SP,The evaluator of the institutes in question,2.796875,True,True
llama32_3b,Llama-3.2-3B,agr_0181,PS,The evaluators of the institute in question,3.1640625,True,True
llama32_3b,Llama-3.2-3B,agr_0181,PP,The evaluators of the institutes in question,5.078125,True,True
llama32_3b,Llama-3.2-3B,agr_0182,SS,The representative of the institution in question,5.0703125,True,True
llama32_3b,Llama-3.2-3B,agr_0182,SP,The representative of the institutions in question,1.8046875,True,True
llama32_3b,Llama-3.2-3B,agr_0182,PS,The representatives of the institution in question,2.59375,True,True
llama32_3b,Llama-3.2-3B,agr_0182,PP,The representatives of the institutions in question,6.0703125,True,True
llama32_3b,Llama-3.2-3B,agr_0183,SS,The lawyer of the office in question,4.734375,True,True
llama32_3b,Llama-3.2-3B,agr_0183,SP,The lawyer of the offices in question,2.65625,True,True
llama32_3b,Llama-3.2-3B,agr_0183,PS,The lawyers of the office in question,3.2421875,True,True
llama32_3b,Llama-3.2-3B,agr_0183,PP,The lawyers of the offices in question,5.7109375,True,True
llama32_3b,Llama-3.2-3B,agr_0184,SS,The painter of the branch in question,7.5078125,True,True
llama32_3b,Llama-3.2-3B,agr_0184,SP,The painter of the branches in question,6.6953125,True,True
llama32_3b,Llama-3.2-3B,agr_0184,PS,The painters of the branch in question,4.03125,True,True
llama32_3b,Llama-3.2-3B,agr_0184,PP,The painters of the branches in question,5.2109375,True,True
llama32_3b,Llama-3.2-3B,agr_0185,SS,The lawyer of the association in question,4.4453125,True,True
llama32_3b,Llama-3.2-3B,agr_0185,SP,The lawyer of the associations in question,2.46875,True,True
llama32_3b,Llama-3.2-3B,agr_0185,PS,The lawyers of the association in question,3.015625,True,True
llama32_3b,Llama-3.2-3B,agr_0185,PP,The lawyers of the associations in question,5.65625,True,True
llama32_3b,Llama-3.2-3B,agr_0186,SS,The builder of the institution in question,5.3203125,True,True
llama32_3b,Llama-3.2-3B,agr_0186,SP,The builder of the institutions in question,3.203125,True,True
llama32_3b,Llama-3.2-3B,agr_0186,PS,The builders of the institution in question,3.359375,True,True
llama32_3b,Llama-3.2-3B,agr_0186,PP,The builders of the institutions in question,5.703125,True,True
llama32_3b,Llama-3.2-3B,agr_0187,SS,The painter of the institution in question,5.3125,True,True
llama32_3b,Llama-3.2-3B,agr_0187,SP,The painter of the institutions in question,3.3359375,True,True
llama32_3b,Llama-3.2-3B,agr_0187,PS,The painters of the institution in question,4.1171875,True,True
llama32_3b,Llama-3.2-3B,agr_0187,PP,The painters of the institutions in question,5.546875,True,True
llama32_3b,Llama-3.2-3B,agr_0188,SS,The executive of the network in question,3.46875,True,True
llama32_3b,Llama-3.2-3B,agr_0188,SP,The executive of the networks in question,1.015625,True,True
llama32_3b,Llama-3.2-3B,agr_0188,PS,The executives of the network in question,3.0703125,True,True
llama32_3b,Llama-3.2-3B,agr_0188,PP,The executives of the networks in question,6.3515625,True,True
llama32_3b,Llama-3.2-3B,agr_0189,SS,The operator of the consortium in question,5.2890625,True,True
llama32_3b,Llama-3.2-3B,agr_0189,SP,The operator of the consortiums in question,2.7265625,True,True
llama32_3b,Llama-3.2-3B,agr_0189,PS,The operators of the consortium in question,3.84375,True,True
llama32_3b,Llama-3.2-3B,agr_0189,PP,The operators of the consortiums in question,6.2109375,True,True
llama32_3b,Llama-3.2-3B,agr_0190,SS,The consultant of the corporation in question,4.6875,True,True
llama32_3b,Llama-3.2-3B,agr_0190,SP,The consultant of the corporations in question,2.515625,True,True
llama32_3b,Llama-3.2-3B,agr_0190,PS,The consultants of the corporation in question,3.0546875,True,True
llama32_3b,Llama-3.2-3B,agr_0190,PP,The consultants of the corporations in question,4.8203125,True,True
llama32_3b,Llama-3.2-3B,agr_0191,SS,The examiner of the laboratory in question,4.984375,True,True
llama32_3b,Llama-3.2-3B,agr_0191,SP,The examiner of the laboratories in question,3.125,True,True
llama32_3b,Llama-3.2-3B,agr_0191,PS,The examiners of the laboratory in question,2.9140625,True,True
llama32_3b,Llama-3.2-3B,agr_0191,PP,The examiners of the laboratories in question,5.0234375,True,True
llama32_3b,Llama-3.2-3B,agr_0192,SS,The doctor of the federation in question,5.609375,True,True
llama32_3b,Llama-3.2-3B,agr_0192,SP,The doctor of the federations in question,1.9921875,True,True
llama32_3b,Llama-3.2-3B,agr_0192,PS,The doctors of the federation in question,2.6015625,True,True
llama32_3b,Llama-3.2-3B,agr_0192,PP,The doctors of the federations in question,6.1796875,True,True
llama32_3b,Llama-3.2-3B,agr_0193,SS,The leader of the foundation in question,6.3203125,True,True
llama32_3b,Llama-3.2-3B,agr_0193,SP,The leader of the foundations in question,3.515625,True,True
llama32_3b,Llama-3.2-3B,agr_0193,PS,The leaders of the foundation in question,3.0625,True,True
llama32_3b,Llama-3.2-3B,agr_0193,PP,The leaders of the foundations in question,6.8125,True,True
llama32_3b,Llama-3.2-3B,agr_0194,SS,The planner of the coalition in question,5.109375,True,True
llama32_3b,Llama-3.2-3B,agr_0194,SP,The planner of the coalitions in question,3.3046875,True,True
llama32_3b,Llama-3.2-3B,agr_0194,PS,The planners of the coalition in question,4.40625,True,True
llama32_3b,Llama-3.2-3B,agr_0194,PP,The planners of the coalitions in question,6.2890625,True,True
llama32_3b,Llama-3.2-3B,agr_0195,SS,The examiner of the corporation in question,5.28125,True,True
llama32_3b,Llama-3.2-3B,agr_0195,SP,The examiner of the corporations in question,3.1953125,True,True
llama32_3b,Llama-3.2-3B,agr_0195,PS,The examiners of the corporation in question,2.46875,True,True
llama32_3b,Llama-3.2-3B,agr_0195,PP,The examiners of the corporations in question,4.7109375,True,True
llama32_3b,Llama-3.2-3B,agr_0196,SS,The lecturer of the centre in question,5.078125,True,True
llama32_3b,Llama-3.2-3B,agr_0196,SP,The lecturer of the centres in question,1.375,True,True
llama32_3b,Llama-3.2-3B,agr_0196,PS,The lecturers of the centre in question,2.7421875,True,True
llama32_3b,Llama-3.2-3B,agr_0196,PP,The lecturers of the centres in question,5.6796875,True,True
llama32_3b,Llama-3.2-3B,agr_0197,SS,The technician of the partnership in question,5.109375,True,True
llama32_3b,Llama-3.2-3B,agr_0197,SP,The technician of the partnerships in question,3.140625,True,True
llama32_3b,Llama-3.2-3B,agr_0197,PS,The technicians of the partnership in question,3.6953125,True,True
llama32_3b,Llama-3.2-3B,agr_0197,PP,The technicians of the partnerships in question,5.96875,True,True
llama32_3b,Llama-3.2-3B,agr_0198,SS,The instructor of the hospital in question,5.5234375,True,True
llama32_3b,Llama-3.2-3B,agr_0198,SP,The instructor of the hospitals in question,2.5234375,True,True
llama32_3b,Llama-3.2-3B,agr_0198,PS,The instructors of the hospital in question,3.078125,True,True
llama32_3b,Llama-3.2-3B,agr_0198,PP,The instructors of the hospitals in question,5.2421875,True,True
llama32_3b,Llama-3.2-3B,agr_0199,SS,The instructor of the federation in question,4.984375,True,True
llama32_3b,Llama-3.2-3B,agr_0199,SP,The instructor of the federations in question,2.671875,True,True
llama32_3b,Llama-3.2-3B,agr_0199,PS,The instructors of the federation in question,2.921875,True,True
llama32_3b,Llama-3.2-3B,agr_0199,PP,The instructors of the federations in question,5.6640625,True,True
llama32_3b,Llama-3.2-3B,agr_0200,SS,The manager of the sector in question,5.03125,True,True
llama32_3b,Llama-3.2-3B,agr_0200,SP,The manager of the sectors in question,2.2734375,True,True
llama32_3b,Llama-3.2-3B,agr_0200,PS,The managers of the sector in question,3.3828125,True,True
llama32_3b,Llama-3.2-3B,agr_0200,PP,The managers of the sectors in question,5.671875,True,True
llama32_3b,Llama-3.2-3B,agr_0201,SS,The reporter of the laboratory in question,3.875,True,True
llama32_3b,Llama-3.2-3B,agr_0201,SP,The reporter of the laboratories in question,1.3515625,True,True
llama32_3b,Llama-3.2-3B,agr_0201,PS,The reporters of the laboratory in question,2.6796875,True,True
llama32_3b,Llama-3.2-3B,agr_0201,PP,The reporters of the laboratories in question,4.7109375,True,True
llama32_3b,Llama-3.2-3B,agr_0202,SS,The lecturer of the company in question,5.0078125,True,True
llama32_3b,Llama-3.2-3B,agr_0202,SP,The lecturer of the companies in question,1.84375,True,True
llama32_3b,Llama-3.2-3B,agr_0202,PS,The lecturers of the company in question,2.4140625,True,True
llama32_3b,Llama-3.2-3B,agr_0202,PP,The lecturers of the companies in question,4.7109375,True,True
llama32_3b,Llama-3.2-3B,agr_0203,SS,The reporter of the alliance in question,3.359375,True,True
llama32_3b,Llama-3.2-3B,agr_0203,SP,The reporter of the alliances in question,1.0390625,True,True
llama32_3b,Llama-3.2-3B,agr_0203,PS,The reporters of the alliance in question,2.640625,True,True
llama32_3b,Llama-3.2-3B,agr_0203,PP,The reporters of the alliances in question,4.6171875,True,True
llama32_3b,Llama-3.2-3B,agr_0204,SS,The worker of the alliance in question,4.4296875,True,True
llama32_3b,Llama-3.2-3B,agr_0204,SP,The worker of the alliances in question,1.671875,True,True
llama32_3b,Llama-3.2-3B,agr_0204,PS,The workers of the alliance in question,3.765625,True,True
llama32_3b,Llama-3.2-3B,agr_0204,PP,The workers of the alliances in question,6.34375,True,True
llama32_3b,Llama-3.2-3B,agr_0205,SS,The analyst of the network in question,2.5703125,True,True
llama32_3b,Llama-3.2-3B,agr_0205,SP,The analyst of the networks in question,1.578125,True,True
llama32_3b,Llama-3.2-3B,agr_0205,PS,The analysts of the network in question,2.1875,True,True
llama32_3b,Llama-3.2-3B,agr_0205,PP,The analysts of the networks in question,4.3828125,True,True
llama32_3b,Llama-3.2-3B,agr_0206,SS,The examiner of the platform in question,4.1484375,True,True
llama32_3b,Llama-3.2-3B,agr_0206,SP,The examiner of the platforms in question,2.703125,True,True
llama32_3b,Llama-3.2-3B,agr_0206,PS,The examiners of the platform in question,2.75,True,True
llama32_3b,Llama-3.2-3B,agr_0206,PP,The examiners of the platforms in question,4.25,True,True
llama32_3b,Llama-3.2-3B,agr_0207,SS,The coordinator of the school in question,6.640625,True,True
llama32_3b,Llama-3.2-3B,agr_0207,SP,The coordinator of the schools in question,4.3203125,True,True
llama32_3b,Llama-3.2-3B,agr_0207,PS,The coordinators of the school in question,3.015625,True,True
llama32_3b,Llama-3.2-3B,agr_0207,PP,The coordinators of the schools in question,4.9921875,True,True
llama32_3b,Llama-3.2-3B,agr_0208,SS,The assistant of the board in question,4.8046875,True,True
llama32_3b,Llama-3.2-3B,agr_0208,SP,The assistant of the boards in question,1.6953125,True,True
llama32_3b,Llama-3.2-3B,agr_0208,PS,The assistants of the board in question,2.7421875,True,True
llama32_3b,Llama-3.2-3B,agr_0208,PP,The assistants of the boards in question,5.5078125,True,True
llama32_3b,Llama-3.2-3B,agr_0209,SS,The engineer of the club in question,5.3203125,True,True
llama32_3b,Llama-3.2-3B,agr_0209,SP,The engineer of the clubs in question,2.5234375,True,True
llama32_3b,Llama-3.2-3B,agr_0209,PS,The engineers of the club in question,3.90625,True,True
llama32_3b,Llama-3.2-3B,agr_0209,PP,The engineers of the clubs in question,5.984375,True,True
llama32_3b,Llama-3.2-3B,agr_0210,SS,The accountant of the board in question,5.9375,True,True
llama32_3b,Llama-3.2-3B,agr_0210,SP,The accountant of the boards in question,3.5625,True,True
llama32_3b,Llama-3.2-3B,agr_0210,PS,The accountants of the board in question,2.578125,True,True
llama32_3b,Llama-3.2-3B,agr_0210,PP,The accountants of the boards in question,5.1640625,True,True
llama32_3b,Llama-3.2-3B,agr_0211,SS,The technician of the platform in question,4.9140625,True,True
llama32_3b,Llama-3.2-3B,agr_0211,SP,The technician of the platforms in question,2.4296875,True,True
llama32_3b,Llama-3.2-3B,agr_0211,PS,The technicians of the platform in question,3.984375,True,True
llama32_3b,Llama-3.2-3B,agr_0211,PP,The technicians of the platforms in question,5.796875,True,True
llama32_3b,Llama-3.2-3B,agr_0212,SS,The artist of the enterprise in question,4.21875,True,True
llama32_3b,Llama-3.2-3B,agr_0212,SP,The artist of the enterprises in question,1.828125,True,True
llama32_3b,Llama-3.2-3B,agr_0212,PS,The artists of the enterprise in question,2.9765625,True,True
llama32_3b,Llama-3.2-3B,agr_0212,PP,The artists of the enterprises in question,5.734375,True,True
llama32_3b,Llama-3.2-3B,agr_0213,SS,The lecturer of the consortium in question,4.71875,True,True
llama32_3b,Llama-3.2-3B,agr_0213,SP,The lecturer of the consortiums in question,1.546875,True,True
llama32_3b,Llama-3.2-3B,agr_0213,PS,The lecturers of the consortium in question,3.453125,True,True
llama32_3b,Llama-3.2-3B,agr_0213,PP,The lecturers of the consortiums in question,5.6796875,True,True
llama32_3b,Llama-3.2-3B,agr_0214,SS,The builder of the laboratory in question,6.2890625,True,True
llama32_3b,Llama-3.2-3B,agr_0214,SP,The builder of the laboratories in question,4.6171875,True,True
llama32_3b,Llama-3.2-3B,agr_0214,PS,The builders of the laboratory in question,3.71875,True,True
llama32_3b,Llama-3.2-3B,agr_0214,PP,The builders of the laboratories in question,5.546875,True,True
llama32_3b,Llama-3.2-3B,agr_0215,SS,The driver of the platform in question,5.609375,True,True
llama32_3b,Llama-3.2-3B,agr_0215,SP,The driver of the platforms in question,1.734375,True,True
llama32_3b,Llama-3.2-3B,agr_0215,PS,The drivers of the platform in question,2.65625,True,True
llama32_3b,Llama-3.2-3B,agr_0215,PP,The drivers of the platforms in question,5.296875,True,True
llama32_3b,Llama-3.2-3B,agr_0216,SS,The commissioner of the consortium in question,5.8515625,True,True
llama32_3b,Llama-3.2-3B,agr_0216,SP,The commissioner of the consortiums in question,1.96875,True,True
llama32_3b,Llama-3.2-3B,agr_0216,PS,The commissioners of the consortium in question,3.421875,True,True
llama32_3b,Llama-3.2-3B,agr_0216,PP,The commissioners of the consortiums in question,5.6640625,True,True
llama32_3b,Llama-3.2-3B,agr_0217,SS,The advisor of the ministry in question,5.4765625,True,True
llama32_3b,Llama-3.2-3B,agr_0217,SP,The advisor of the ministries in question,2.6015625,True,True
llama32_3b,Llama-3.2-3B,agr_0217,PS,The advisors of the ministry in question,2.203125,True,True
llama32_3b,Llama-3.2-3B,agr_0217,PP,The advisors of the ministries in question,5.296875,True,True
llama32_3b,Llama-3.2-3B,agr_0218,SS,The member of the network in question,3.8671875,True,True
llama32_3b,Llama-3.2-3B,agr_0218,SP,The member of the networks in question,1.390625,True,True
llama32_3b,Llama-3.2-3B,agr_0218,PS,The members of the network in question,3.78125,True,True
llama32_3b,Llama-3.2-3B,agr_0218,PP,The members of the networks in question,6.25,True,True
llama32_3b,Llama-3.2-3B,agr_0219,SS,The author of the forum in question,5.859375,True,True
llama32_3b,Llama-3.2-3B,agr_0219,SP,The author of the forums in question,3.5625,True,True
llama32_3b,Llama-3.2-3B,agr_0219,PS,The authors of the forum in question,4.078125,True,True
llama32_3b,Llama-3.2-3B,agr_0219,PP,The authors of the forums in question,5.546875,True,True
llama32_3b,Llama-3.2-3B,agr_0220,SS,The scientist of the partnership in question,3.609375,True,True
llama32_3b,Llama-3.2-3B,agr_0220,SP,The scientist of the partnerships in question,1.7265625,True,True
llama32_3b,Llama-3.2-3B,agr_0220,PS,The scientists of the partnership in question,4.4296875,True,True
llama32_3b,Llama-3.2-3B,agr_0220,PP,The scientists of the partnerships in question,6.6484375,True,True
llama32_3b,Llama-3.2-3B,agr_0221,SS,The inspector of the facility in question,5.53125,True,True
llama32_3b,Llama-3.2-3B,agr_0221,SP,The inspector of the facilities in question,3.0546875,True,True
llama32_3b,Llama-3.2-3B,agr_0221,PS,The inspectors of the facility in question,3.609375,True,True
llama32_3b,Llama-3.2-3B,agr_0221,PP,The inspectors of the facilities in question,5.1484375,True,True
llama32_3b,Llama-3.2-3B,agr_0222,SS,The lecturer of the project in question,5.4765625,True,True
llama32_3b,Llama-3.2-3B,agr_0222,SP,The lecturer of the projects in question,2.4296875,True,True
llama32_3b,Llama-3.2-3B,agr_0222,PS,The lecturers of the project in question,2.828125,True,True
llama32_3b,Llama-3.2-3B,agr_0222,PP,The lecturers of the projects in question,4.8359375,True,True
llama32_3b,Llama-3.2-3B,agr_0223,SS,The student of the ministry in question,4.8671875,True,True
llama32_3b,Llama-3.2-3B,agr_0223,SP,The student of the ministries in question,2.4140625,True,True
llama32_3b,Llama-3.2-3B,agr_0223,PS,The students of the ministry in question,2.984375,True,True
llama32_3b,Llama-3.2-3B,agr_0223,PP,The students of the ministries in question,6.0078125,True,True
llama32_3b,Llama-3.2-3B,agr_0224,SS,The accountant of the firm in question,5.734375,True,True
llama32_3b,Llama-3.2-3B,agr_0224,SP,The accountant of the firms in question,2.71875,True,True
llama32_3b,Llama-3.2-3B,agr_0224,PS,The accountants of the firm in question,3.359375,True,True
llama32_3b,Llama-3.2-3B,agr_0224,PP,The accountants of the firms in question,5.2421875,True,True
llama32_3b,Llama-3.2-3B,agr_0225,SS,The scientist of the authority in question,3.984375,True,True
llama32_3b,Llama-3.2-3B,agr_0225,SP,The scientist of the authorities in question,1.9140625,True,True
llama32_3b,Llama-3.2-3B,agr_0225,PS,The scientists of the authority in question,3.484375,True,True
llama32_3b,Llama-3.2-3B,agr_0225,PP,The scientists of the authorities in question,4.2734375,True,True
llama32_3b,Llama-3.2-3B,agr_0226,SS,The editor of the branch in question,5.9765625,True,True
llama32_3b,Llama-3.2-3B,agr_0226,SP,The editor of the branches in question,2.2578125,True,True
llama32_3b,Llama-3.2-3B,agr_0226,PS,The editors of the branch in question,3.484375,True,True
llama32_3b,Llama-3.2-3B,agr_0226,PP,The editors of the branches in question,5.78125,True,True
llama32_3b,Llama-3.2-3B,agr_0227,SS,The operator of the board in question,5.5,True,True
llama32_3b,Llama-3.2-3B,agr_0227,SP,The operator of the boards in question,3.3828125,True,True
llama32_3b,Llama-3.2-3B,agr_0227,PS,The operators of the board in question,2.875,True,True
llama32_3b,Llama-3.2-3B,agr_0227,PP,The operators of the boards in question,5.25,True,True
llama32_3b,Llama-3.2-3B,agr_0228,SS,The lecturer of the office in question,5.0703125,True,True
llama32_3b,Llama-3.2-3B,agr_0228,SP,The lecturer of the offices in question,2.1875,True,True
llama32_3b,Llama-3.2-3B,agr_0228,PS,The lecturers of the office in question,2.703125,True,True
llama32_3b,Llama-3.2-3B,agr_0228,PP,The lecturers of the offices in question,5.265625,True,True
llama32_3b,Llama-3.2-3B,agr_0229,SS,The director of the committee in question,6.265625,True,True
llama32_3b,Llama-3.2-3B,agr_0229,SP,The director of the committees in question,2.71875,True,True
llama32_3b,Llama-3.2-3B,agr_0229,PS,The directors of the committee in question,3.3359375,True,True
llama32_3b,Llama-3.2-3B,agr_0229,PP,The directors of the committees in question,6.2421875,True,True
llama32_3b,Llama-3.2-3B,agr_0230,SS,The advisor of the firm in question,5.1015625,True,True
llama32_3b,Llama-3.2-3B,agr_0230,SP,The advisor of the firms in question,2.4765625,True,True
llama32_3b,Llama-3.2-3B,agr_0230,PS,The advisors of the firm in question,2.9921875,True,True
llama32_3b,Llama-3.2-3B,agr_0230,PP,The advisors of the firms in question,5.4140625,True,True
llama32_3b,Llama-3.2-3B,agr_0231,SS,The planner of the office in question,4.765625,True,True
llama32_3b,Llama-3.2-3B,agr_0231,SP,The planner of the offices in question,4.234375,True,True
llama32_3b,Llama-3.2-3B,agr_0231,PS,The planners of the office in question,3.359375,True,True
llama32_3b,Llama-3.2-3B,agr_0231,PP,The planners of the offices in question,4.8359375,True,True
llama32_3b,Llama-3.2-3B,agr_0232,SS,The doctor of the club in question,5.6015625,True,True
llama32_3b,Llama-3.2-3B,agr_0232,SP,The doctor of the clubs in question,2.3203125,True,True
llama32_3b,Llama-3.2-3B,agr_0232,PS,The doctors of the club in question,4.0078125,True,True
llama32_3b,Llama-3.2-3B,agr_0232,PP,The doctors of the clubs in question,6.0,True,True
llama32_3b,Llama-3.2-3B,agr_0233,SS,The officer of the school in question,6.46875,True,True
llama32_3b,Llama-3.2-3B,agr_0233,SP,The officer of the schools in question,2.7734375,True,True
llama32_3b,Llama-3.2-3B,agr_0233,PS,The officers of the school in question,3.3828125,True,True
llama32_3b,Llama-3.2-3B,agr_0233,PP,The officers of the schools in question,5.7421875,True,True
llama32_3b,Llama-3.2-3B,agr_0234,SS,The analyst of the corporation in question,3.1171875,True,True
llama32_3b,Llama-3.2-3B,agr_0234,SP,The analyst of the corporations in question,1.3046875,True,True
llama32_3b,Llama-3.2-3B,agr_0234,PS,The analysts of the corporation in question,2.4765625,True,True
llama32_3b,Llama-3.2-3B,agr_0234,PP,The analysts of the corporations in question,4.0234375,True,True
llama32_3b,Llama-3.2-3B,agr_0235,SS,The examiner of the centre in question,5.4140625,True,True
llama32_3b,Llama-3.2-3B,agr_0235,SP,The examiner of the centres in question,2.3359375,True,True
llama32_3b,Llama-3.2-3B,agr_0235,PS,The examiners of the centre in question,2.8359375,True,True
llama32_3b,Llama-3.2-3B,agr_0235,PP,The examiners of the centres in question,5.421875,True,True
llama32_3b,Llama-3.2-3B,agr_0236,SS,The builder of the platform in question,5.484375,True,True
llama32_3b,Llama-3.2-3B,agr_0236,SP,The builder of the platforms in question,3.609375,True,True
llama32_3b,Llama-3.2-3B,agr_0236,PS,The builders of the platform in question,3.0234375,True,True
llama32_3b,Llama-3.2-3B,agr_0236,PP,The builders of the platforms in question,5.2734375,True,True
llama32_3b,Llama-3.2-3B,agr_0237,SS,The director of the institution in question,6.203125,True,True
llama32_3b,Llama-3.2-3B,agr_0237,SP,The director of the institutions in question,2.890625,True,True
llama32_3b,Llama-3.2-3B,agr_0237,PS,The directors of the institution in question,3.21875,True,True
llama32_3b,Llama-3.2-3B,agr_0237,PP,The directors of the institutions in question,5.984375,True,True
llama32_3b,Llama-3.2-3B,agr_0238,SS,The developer of the program in question,5.25,True,True
llama32_3b,Llama-3.2-3B,agr_0238,SP,The developer of the programs in question,2.5625,True,True
llama32_3b,Llama-3.2-3B,agr_0238,PS,The developers of the program in question,2.8203125,True,True
llama32_3b,Llama-3.2-3B,agr_0238,PP,The developers of the programs in question,4.8828125,True,True
llama32_3b,Llama-3.2-3B,agr_0239,SS,The assistant of the firm in question,4.609375,True,True
llama32_3b,Llama-3.2-3B,agr_0239,SP,The assistant of the firms in question,1.4765625,True,True
llama32_3b,Llama-3.2-3B,agr_0239,PS,The assistants of the firm in question,3.890625,True,True
llama32_3b,Llama-3.2-3B,agr_0239,PP,The assistants of the firms in question,5.6328125,True,True
llama32_3b,Llama-3.2-3B,agr_0240,SS,The auditor of the centre in question,5.390625,True,True
llama32_3b,Llama-3.2-3B,agr_0240,SP,The auditor of the centres in question,2.8984375,True,True
llama32_3b,Llama-3.2-3B,agr_0240,PS,The auditors of the centre in question,2.8828125,True,True
llama32_3b,Llama-3.2-3B,agr_0240,PP,The auditors of the centres in question,5.453125,True,True
llama32_3b,Llama-3.2-3B,agr_0241,SS,The lawyer of the region in question,4.5,True,True
llama32_3b,Llama-3.2-3B,agr_0241,SP,The lawyer of the regions in question,2.7890625,True,True
llama32_3b,Llama-3.2-3B,agr_0241,PS,The lawyers of the region in question,3.34375,True,True
llama32_3b,Llama-3.2-3B,agr_0241,PP,The lawyers of the regions in question,5.1171875,True,True
llama32_3b,Llama-3.2-3B,agr_0242,SS,The examiner of the facility in question,4.8203125,True,True
llama32_3b,Llama-3.2-3B,agr_0242,SP,The examiner of the facilities in question,2.953125,True,True
llama32_3b,Llama-3.2-3B,agr_0242,PS,The examiners of the facility in question,2.9375,True,True
llama32_3b,Llama-3.2-3B,agr_0242,PP,The examiners of the facilities in question,4.6171875,True,True
llama32_3b,Llama-3.2-3B,agr_0243,SS,The teacher of the unit in question,5.421875,True,True
llama32_3b,Llama-3.2-3B,agr_0243,SP,The teacher of the units in question,3.0,True,True
llama32_3b,Llama-3.2-3B,agr_0243,PS,The teachers of the unit in question,3.59375,True,True
llama32_3b,Llama-3.2-3B,agr_0243,PP,The teachers of the units in question,5.8125,True,True
llama32_3b,Llama-3.2-3B,agr_0244,SS,The author of the centre in question,5.1484375,True,True
llama32_3b,Llama-3.2-3B,agr_0244,SP,The author of the centres in question,2.0625,True,True
llama32_3b,Llama-3.2-3B,agr_0244,PS,The authors of the centre in question,2.703125,True,True
llama32_3b,Llama-3.2-3B,agr_0244,PP,The authors of the centres in question,5.9140625,True,True
llama32_3b,Llama-3.2-3B,agr_0245,SS,The coordinator of the project in question,6.1796875,True,True
llama32_3b,Llama-3.2-3B,agr_0245,SP,The coordinator of the projects in question,4.0,True,True
llama32_3b,Llama-3.2-3B,agr_0245,PS,The coordinators of the project in question,2.9921875,True,True
llama32_3b,Llama-3.2-3B,agr_0245,PP,The coordinators of the projects in question,5.2734375,True,True
llama32_3b,Llama-3.2-3B,agr_0246,SS,The accountant of the panel in question,6.09375,True,True
llama32_3b,Llama-3.2-3B,agr_0246,SP,The accountant of the panels in question,3.453125,True,True
llama32_3b,Llama-3.2-3B,agr_0246,PS,The accountants of the panel in question,3.3203125,True,True
llama32_3b,Llama-3.2-3B,agr_0246,PP,The accountants of the panels in question,5.25,True,True
llama32_3b,Llama-3.2-3B,agr_0247,SS,The analyst of the project in question,3.359375,True,True
llama32_3b,Llama-3.2-3B,agr_0247,SP,The analyst of the projects in question,1.6171875,True,True
llama32_3b,Llama-3.2-3B,agr_0247,PS,The analysts of the project in question,3.203125,True,True
llama32_3b,Llama-3.2-3B,agr_0247,PP,The analysts of the projects in question,4.25,True,True
llama32_3b,Llama-3.2-3B,agr_0248,SS,The journalist of the authority in question,4.40625,True,True
llama32_3b,Llama-3.2-3B,agr_0248,SP,The journalist of the authorities in question,2.296875,True,True
llama32_3b,Llama-3.2-3B,agr_0248,PS,The journalists of the authority in question,2.890625,True,True
llama32_3b,Llama-3.2-3B,agr_0248,PP,The journalists of the authorities in question,3.8515625,True,True
llama32_3b,Llama-3.2-3B,agr_0249,SS,The worker of the ministry in question,4.8671875,True,True
llama32_3b,Llama-3.2-3B,agr_0249,SP,The worker of the ministries in question,0.40625,True,False
llama32_3b,Llama-3.2-3B,agr_0249,PS,The workers of the ministry in question,3.390625,True,True
llama32_3b,Llama-3.2-3B,agr_0249,PP,The workers of the ministries in question,5.734375,True,True
llama32_3b,Llama-3.2-3B,agr_0250,SS,The professor of the panel in question,6.6796875,True,True
llama32_3b,Llama-3.2-3B,agr_0250,SP,The professor of the panels in question,2.765625,True,True
llama32_3b,Llama-3.2-3B,agr_0250,PS,The professors of the panel in question,4.28125,True,True
llama32_3b,Llama-3.2-3B,agr_0250,PP,The professors of the panels in question,6.046875,True,True
llama32_3b,Llama-3.2-3B,agr_0251,SS,The evaluator of the centre in question,4.9765625,True,True
llama32_3b,Llama-3.2-3B,agr_0251,SP,The evaluator of the centres in question,2.6953125,True,True
llama32_3b,Llama-3.2-3B,agr_0251,PS,The evaluators of the centre in question,3.328125,True,True
llama32_3b,Llama-3.2-3B,agr_0251,PP,The evaluators of the centres in question,5.1328125,True,True
llama32_3b,Llama-3.2-3B,agr_0252,SS,The journalist of the college in question,5.171875,True,True
llama32_3b,Llama-3.2-3B,agr_0252,SP,The journalist of the colleges in question,1.4375,True,True
llama32_3b,Llama-3.2-3B,agr_0252,PS,The journalists of the college in question,3.203125,True,True
llama32_3b,Llama-3.2-3B,agr_0252,PP,The journalists of the colleges in question,5.796875,True,True
llama32_3b,Llama-3.2-3B,agr_0253,SS,The administrator of the office in question,5.5703125,True,True
llama32_3b,Llama-3.2-3B,agr_0253,SP,The administrator of the offices in question,3.3359375,True,True
llama32_3b,Llama-3.2-3B,agr_0253,PS,The administrators of the office in question,3.2578125,True,True
llama32_3b,Llama-3.2-3B,agr_0253,PP,The administrators of the offices in question,5.609375,True,True
llama32_3b,Llama-3.2-3B,agr_0254,SS,The director of the network in question,6.171875,True,True
llama32_3b,Llama-3.2-3B,agr_0254,SP,The director of the networks in question,3.6328125,True,True
llama32_3b,Llama-3.2-3B,agr_0254,PS,The directors of the network in question,2.9375,True,True
llama32_3b,Llama-3.2-3B,agr_0254,PP,The directors of the networks in question,5.890625,True,True
llama32_3b,Llama-3.2-3B,agr_0255,SS,The planner of the forum in question,6.25,True,True
llama32_3b,Llama-3.2-3B,agr_0255,SP,The planner of the forums in question,4.5703125,True,True
llama32_3b,Llama-3.2-3B,agr_0255,PS,The planners of the forum in question,4.25,True,True
llama32_3b,Llama-3.2-3B,agr_0255,PP,The planners of the forums in question,6.0078125,True,True
llama32_3b,Llama-3.2-3B,agr_0256,SS,The advisor of the forum in question,5.9609375,True,True
llama32_3b,Llama-3.2-3B,agr_0256,SP,The advisor of the forums in question,3.359375,True,True
llama32_3b,Llama-3.2-3B,agr_0256,PS,The advisors of the forum in question,3.0546875,True,True
llama32_3b,Llama-3.2-3B,agr_0256,PP,The advisors of the forums in question,5.0546875,True,True
llama32_3b,Llama-3.2-3B,agr_0257,SS,The employee of the institution in question,4.828125,True,True
llama32_3b,Llama-3.2-3B,agr_0257,SP,The employee of the institutions in question,1.9609375,True,True
llama32_3b,Llama-3.2-3B,agr_0257,PS,The employees of the institution in question,3.71875,True,True
llama32_3b,Llama-3.2-3B,agr_0257,PP,The employees of the institutions in question,6.0859375,True,True
llama32_3b,Llama-3.2-3B,agr_0258,SS,The scientist of the division in question,3.53125,True,True
llama32_3b,Llama-3.2-3B,agr_0258,SP,The scientist of the divisions in question,0.65625,True,False
llama32_3b,Llama-3.2-3B,agr_0258,PS,The scientists of the division in question,4.46875,True,True
llama32_3b,Llama-3.2-3B,agr_0258,PP,The scientists of the divisions in question,7.03125,True,True
llama32_3b,Llama-3.2-3B,agr_0259,SS,The painter of the board in question,7.484375,True,True
llama32_3b,Llama-3.2-3B,agr_0259,SP,The painter of the boards in question,5.6640625,True,True
llama32_3b,Llama-3.2-3B,agr_0259,PS,The painters of the board in question,3.375,True,True
llama32_3b,Llama-3.2-3B,agr_0259,PP,The painters of the boards in question,5.7421875,True,True
llama32_3b,Llama-3.2-3B,agr_0260,SS,The author of the network in question,3.7109375,True,True
llama32_3b,Llama-3.2-3B,agr_0260,SP,The author of the networks in question,2.6328125,True,True
llama32_3b,Llama-3.2-3B,agr_0260,PS,The authors of the network in question,1.6015625,True,True
llama32_3b,Llama-3.2-3B,agr_0260,PP,The authors of the networks in question,4.140625,True,True
llama32_3b,Llama-3.2-3B,agr_0261,SS,The assistant of the laboratory in question,4.859375,True,True
llama32_3b,Llama-3.2-3B,agr_0261,SP,The assistant of the laboratories in question,2.171875,True,True
llama32_3b,Llama-3.2-3B,agr_0261,PS,The assistants of the laboratory in question,3.9453125,True,True
llama32_3b,Llama-3.2-3B,agr_0261,PP,The assistants of the laboratories in question,6.1953125,True,True
llama32_3b,Llama-3.2-3B,agr_0262,SS,The officer of the bureau in question,5.5703125,True,True
llama32_3b,Llama-3.2-3B,agr_0262,SP,The officer of the bureaus in question,1.6328125,True,True
llama32_3b,Llama-3.2-3B,agr_0262,PS,The officers of the bureau in question,3.7421875,True,True
llama32_3b,Llama-3.2-3B,agr_0262,PP,The officers of the bureaus in question,6.4375,True,True
llama32_3b,Llama-3.2-3B,agr_0263,SS,The assistant of the branch in question,4.546875,True,True
llama32_3b,Llama-3.2-3B,agr_0263,SP,The assistant of the branches in question,1.4453125,True,True
llama32_3b,Llama-3.2-3B,agr_0263,PS,The assistants of the branch in question,3.3359375,True,True
llama32_3b,Llama-3.2-3B,agr_0263,PP,The assistants of the branches in question,5.7734375,True,True
llama32_3b,Llama-3.2-3B,agr_0264,SS,The programmer of the project in question,5.9140625,True,True
llama32_3b,Llama-3.2-3B,agr_0264,SP,The programmer of the projects in question,2.984375,True,True
llama32_3b,Llama-3.2-3B,agr_0264,PS,The programmers of the project in question,3.6796875,True,True
llama32_3b,Llama-3.2-3B,agr_0264,PP,The programmers of the projects in question,5.2578125,True,True
llama32_3b,Llama-3.2-3B,agr_0265,SS,The reporter of the unit in question,4.296875,True,True
llama32_3b,Llama-3.2-3B,agr_0265,SP,The reporter of the units in question,1.203125,True,True
llama32_3b,Llama-3.2-3B,agr_0265,PS,The reporters of the unit in question,2.8984375,True,True
llama32_3b,Llama-3.2-3B,agr_0265,PP,The reporters of the units in question,5.015625,True,True
llama32_3b,Llama-3.2-3B,agr_0266,SS,The member of the service in question,4.2109375,True,True
llama32_3b,Llama-3.2-3B,agr_0266,SP,The member of the services in question,1.265625,True,True
llama32_3b,Llama-3.2-3B,agr_0266,PS,The members of the service in question,3.1953125,True,True
llama32_3b,Llama-3.2-3B,agr_0266,PP,The members of the services in question,6.3046875,True,True
llama32_3b,Llama-3.2-3B,agr_0267,SS,The professor of the program in question,5.828125,True,True
llama32_3b,Llama-3.2-3B,agr_0267,SP,The professor of the programs in question,3.0390625,True,True
llama32_3b,Llama-3.2-3B,agr_0267,PS,The professors of the program in question,3.1796875,True,True
llama32_3b,Llama-3.2-3B,agr_0267,PP,The professors of the programs in question,5.8984375,True,True
llama32_3b,Llama-3.2-3B,agr_0268,SS,The worker of the enterprise in question,5.3046875,True,True
llama32_3b,Llama-3.2-3B,agr_0268,SP,The worker of the enterprises in question,1.4609375,True,True
llama32_3b,Llama-3.2-3B,agr_0268,PS,The workers of the enterprise in question,3.4921875,True,True
llama32_3b,Llama-3.2-3B,agr_0268,PP,The workers of the enterprises in question,5.8671875,True,True
llama32_3b,Llama-3.2-3B,agr_0269,SS,The teacher of the agency in question,4.953125,True,True
llama32_3b,Llama-3.2-3B,agr_0269,SP,The teacher of the agencies in question,1.953125,True,True
llama32_3b,Llama-3.2-3B,agr_0269,PS,The teachers of the agency in question,3.5078125,True,True
llama32_3b,Llama-3.2-3B,agr_0269,PP,The teachers of the agencies in question,6.0,True,True
llama32_3b,Llama-3.2-3B,agr_0270,SS,The executive of the enterprise in question,3.25,True,True
llama32_3b,Llama-3.2-3B,agr_0270,SP,The executive of the enterprises in question,0.71875,True,False
llama32_3b,Llama-3.2-3B,agr_0270,PS,The executives of the enterprise in question,2.7890625,True,True
llama32_3b,Llama-3.2-3B,agr_0270,PP,The executives of the enterprises in question,5.2734375,True,True
llama32_3b,Llama-3.2-3B,agr_0271,SS,The auditor of the network in question,4.8359375,True,True
llama32_3b,Llama-3.2-3B,agr_0271,SP,The auditor of the networks in question,3.21875,True,True
llama32_3b,Llama-3.2-3B,agr_0271,PS,The auditors of the network in question,2.7421875,True,True
llama32_3b,Llama-3.2-3B,agr_0271,PP,The auditors of the networks in question,5.1015625,True,True
llama32_3b,Llama-3.2-3B,agr_0272,SS,The journalist of the district in question,4.59375,True,True
llama32_3b,Llama-3.2-3B,agr_0272,SP,The journalist of the districts in question,1.34375,True,True
llama32_3b,Llama-3.2-3B,agr_0272,PS,The journalists of the district in question,3.359375,True,True
llama32_3b,Llama-3.2-3B,agr_0272,PP,The journalists of the districts in question,6.09375,True,True
llama32_3b,Llama-3.2-3B,agr_0273,SS,The representative of the department in question,4.7734375,True,True
llama32_3b,Llama-3.2-3B,agr_0273,SP,The representative of the departments in question,1.421875,True,True
llama32_3b,Llama-3.2-3B,agr_0273,PS,The representatives of the department in question,2.2265625,True,True
llama32_3b,Llama-3.2-3B,agr_0273,PP,The representatives of the departments in question,5.703125,True,True
llama32_3b,Llama-3.2-3B,agr_0274,SS,The assistant of the committee in question,4.7421875,True,True
llama32_3b,Llama-3.2-3B,agr_0274,SP,The assistant of the committees in question,1.578125,True,True
llama32_3b,Llama-3.2-3B,agr_0274,PS,The assistants of the committee in question,3.1875,True,True
llama32_3b,Llama-3.2-3B,agr_0274,PP,The assistants of the committees in question,6.015625,True,True
llama32_3b,Llama-3.2-3B,agr_0275,SS,The manager of the group in question,5.140625,True,True
llama32_3b,Llama-3.2-3B,agr_0275,SP,The manager of the groups in question,2.046875,True,True
llama32_3b,Llama-3.2-3B,agr_0275,PS,The managers of the group in question,3.2109375,True,True
llama32_3b,Llama-3.2-3B,agr_0275,PP,The managers of the groups in question,5.71875,True,True
llama32_3b,Llama-3.2-3B,agr_0276,SS,The administrator of the foundation in question,5.796875,True,True
llama32_3b,Llama-3.2-3B,agr_0276,SP,The administrator of the foundations in question,3.3046875,True,True
llama32_3b,Llama-3.2-3B,agr_0276,PS,The administrators of the foundation in question,3.4921875,True,True
llama32_3b,Llama-3.2-3B,agr_0276,PP,The administrators of the foundations in question,6.1328125,True,True
llama32_3b,Llama-3.2-3B,agr_0277,SS,The executive of the system in question,3.5625,True,True
llama32_3b,Llama-3.2-3B,agr_0277,SP,The executive of the systems in question,0.984375,True,False
llama32_3b,Llama-3.2-3B,agr_0277,PS,The executives of the system in question,2.8828125,True,True
llama32_3b,Llama-3.2-3B,agr_0277,PP,The executives of the systems in question,4.9296875,True,True
llama32_3b,Llama-3.2-3B,agr_0278,SS,The author of the department in question,4.390625,True,True
llama32_3b,Llama-3.2-3B,agr_0278,SP,The author of the departments in question,2.1875,True,True
llama32_3b,Llama-3.2-3B,agr_0278,PS,The authors of the department in question,1.625,True,True
llama32_3b,Llama-3.2-3B,agr_0278,PP,The authors of the departments in question,5.890625,True,True
llama32_3b,Llama-3.2-3B,agr_0279,SS,The inspector of the district in question,5.6796875,True,True
llama32_3b,Llama-3.2-3B,agr_0279,SP,The inspector of the districts in question,2.5234375,True,True
llama32_3b,Llama-3.2-3B,agr_0279,PS,The inspectors of the district in question,3.4765625,True,True
llama32_3b,Llama-3.2-3B,agr_0279,PP,The inspectors of the districts in question,5.6015625,True,True
llama32_3b,Llama-3.2-3B,agr_0280,SS,The member of the organization in question,3.6328125,True,True
llama32_3b,Llama-3.2-3B,agr_0280,SP,The member of the organizations in question,1.203125,True,True
llama32_3b,Llama-3.2-3B,agr_0280,PS,The members of the organization in question,3.9453125,True,True
llama32_3b,Llama-3.2-3B,agr_0280,PP,The members of the organizations in question,6.625,True,True
llama32_3b,Llama-3.2-3B,agr_0281,SS,The scientist of the program in question,3.71875,True,True
llama32_3b,Llama-3.2-3B,agr_0281,SP,The scientist of the programs in question,1.0859375,True,True
llama32_3b,Llama-3.2-3B,agr_0281,PS,The scientists of the program in question,3.984375,True,True
llama32_3b,Llama-3.2-3B,agr_0281,PP,The scientists of the programs in question,6.03125,True,True
llama32_3b,Llama-3.2-3B,agr_0282,SS,The programmer of the program in question,5.40625,True,True
llama32_3b,Llama-3.2-3B,agr_0282,SP,The programmer of the programs in question,3.2265625,True,True
llama32_3b,Llama-3.2-3B,agr_0282,PS,The programmers of the program in question,3.203125,True,True
llama32_3b,Llama-3.2-3B,agr_0282,PP,The programmers of the programs in question,4.5703125,True,True
llama32_3b,Llama-3.2-3B,agr_0283,SS,The planner of the council in question,5.0,True,True
llama32_3b,Llama-3.2-3B,agr_0283,SP,The planner of the councils in question,3.2265625,True,True
llama32_3b,Llama-3.2-3B,agr_0283,PS,The planners of the council in question,3.75,True,True
llama32_3b,Llama-3.2-3B,agr_0283,PP,The planners of the councils in question,5.921875,True,True
llama32_3b,Llama-3.2-3B,agr_0284,SS,The owner of the team in question,4.609375,True,True
llama32_3b,Llama-3.2-3B,agr_0284,SP,The owner of the teams in question,1.3984375,True,True
llama32_3b,Llama-3.2-3B,agr_0284,PS,The owners of the team in question,3.0859375,True,True
llama32_3b,Llama-3.2-3B,agr_0284,PP,The owners of the teams in question,6.0859375,True,True
llama32_3b,Llama-3.2-3B,agr_0285,SS,The commissioner of the club in question,5.0703125,True,True
llama32_3b,Llama-3.2-3B,agr_0285,SP,The commissioner of the clubs in question,1.9453125,True,True
llama32_3b,Llama-3.2-3B,agr_0285,PS,The commissioners of the club in question,2.8203125,True,True
llama32_3b,Llama-3.2-3B,agr_0285,PP,The commissioners of the clubs in question,5.3671875,True,True
llama32_3b,Llama-3.2-3B,agr_0286,SS,The planner of the unit in question,5.1796875,True,True
llama32_3b,Llama-3.2-3B,agr_0286,SP,The planner of the units in question,3.515625,True,True
llama32_3b,Llama-3.2-3B,agr_0286,PS,The planners of the unit in question,3.5234375,True,True
llama32_3b,Llama-3.2-3B,agr_0286,PP,The planners of the units in question,5.09375,True,True
llama32_3b,Llama-3.2-3B,agr_0287,SS,The trainer of the foundation in question,5.109375,True,True
llama32_3b,Llama-3.2-3B,agr_0287,SP,The trainer of the foundations in question,2.515625,True,True
llama32_3b,Llama-3.2-3B,agr_0287,PS,The trainers of the foundation in question,3.2421875,True,True
llama32_3b,Llama-3.2-3B,agr_0287,PP,The trainers of the foundations in question,5.53125,True,True
llama32_3b,Llama-3.2-3B,agr_0288,SS,The scientist of the college in question,4.609375,True,True
llama32_3b,Llama-3.2-3B,agr_0288,SP,The scientist of the colleges in question,0.671875,True,False
llama32_3b,Llama-3.2-3B,agr_0288,PS,The scientists of the college in question,4.1328125,True,True
llama32_3b,Llama-3.2-3B,agr_0288,PP,The scientists of the colleges in question,6.2421875,True,True
llama32_3b,Llama-3.2-3B,agr_0289,SS,The developer of the unit in question,6.109375,True,True
llama32_3b,Llama-3.2-3B,agr_0289,SP,The developer of the units in question,3.796875,True,True
llama32_3b,Llama-3.2-3B,agr_0289,PS,The developers of the unit in question,2.859375,True,True
llama32_3b,Llama-3.2-3B,agr_0289,PP,The developers of the units in question,5.015625,True,True
llama32_3b,Llama-3.2-3B,agr_0290,SS,The worker of the station in question,5.6484375,True,True
llama32_3b,Llama-3.2-3B,agr_0290,SP,The worker of the stations in question,0.875,True,False
llama32_3b,Llama-3.2-3B,agr_0290,PS,The workers of the station in question,3.5546875,True,True
llama32_3b,Llama-3.2-3B,agr_0290,PP,The workers of the stations in question,6.1328125,True,True
llama32_3b,Llama-3.2-3B,agr_0291,SS,The journalist of the company in question,4.5390625,True,True
llama32_3b,Llama-3.2-3B,agr_0291,SP,The journalist of the companies in question,1.015625,True,True
llama32_3b,Llama-3.2-3B,agr_0291,PS,The journalists of the company in question,2.90625,True,True
llama32_3b,Llama-3.2-3B,agr_0291,PP,The journalists of the companies in question,5.75,True,True
llama32_3b,Llama-3.2-3B,agr_0292,SS,The artist of the coalition in question,3.9140625,True,True
llama32_3b,Llama-3.2-3B,agr_0292,SP,The artist of the coalitions in question,2.2265625,True,True
llama32_3b,Llama-3.2-3B,agr_0292,PS,The artists of the coalition in question,3.8203125,True,True
llama32_3b,Llama-3.2-3B,agr_0292,PP,The artists of the coalitions in question,6.4453125,True,True
llama32_3b,Llama-3.2-3B,agr_0293,SS,The driver of the hospital in question,6.1015625,True,True
llama32_3b,Llama-3.2-3B,agr_0293,SP,The driver of the hospitals in question,2.0390625,True,True
llama32_3b,Llama-3.2-3B,agr_0293,PS,The drivers of the hospital in question,2.59375,True,True
llama32_3b,Llama-3.2-3B,agr_0293,PP,The drivers of the hospitals in question,5.234375,True,True
llama32_3b,Llama-3.2-3B,agr_0294,SS,The evaluator of the district in question,5.3359375,True,True
llama32_3b,Llama-3.2-3B,agr_0294,SP,The evaluator of the districts in question,3.0546875,True,True
llama32_3b,Llama-3.2-3B,agr_0294,PS,The evaluators of the district in question,3.78125,True,True
llama32_3b,Llama-3.2-3B,agr_0294,PP,The evaluators of the districts in question,5.1640625,True,True
llama32_3b,Llama-3.2-3B,agr_0295,SS,The lecturer of the district in question,5.109375,True,True
llama32_3b,Llama-3.2-3B,agr_0295,SP,The lecturer of the districts in question,1.9921875,True,True
llama32_3b,Llama-3.2-3B,agr_0295,PS,The lecturers of the district in question,2.90625,True,True
llama32_3b,Llama-3.2-3B,agr_0295,PP,The lecturers of the districts in question,5.234375,True,True
llama32_3b,Llama-3.2-3B,agr_0296,SS,The assistant of the federation in question,4.9765625,True,True
llama32_3b,Llama-3.2-3B,agr_0296,SP,The assistant of the federations in question,1.75,True,True
llama32_3b,Llama-3.2-3B,agr_0296,PS,The assistants of the federation in question,2.796875,True,True
llama32_3b,Llama-3.2-3B,agr_0296,PP,The assistants of the federations in question,5.796875,True,True
llama32_3b,Llama-3.2-3B,agr_0297,SS,The teacher of the board in question,4.984375,True,True
llama32_3b,Llama-3.2-3B,agr_0297,SP,The teacher of the boards in question,2.8984375,True,True
llama32_3b,Llama-3.2-3B,agr_0297,PS,The teachers of the board in question,3.1796875,True,True
llama32_3b,Llama-3.2-3B,agr_0297,PP,The teachers of the boards in question,5.65625,True,True
llama32_3b,Llama-3.2-3B,agr_0298,SS,The driver of the department in question,4.828125,True,True
llama32_3b,Llama-3.2-3B,agr_0298,SP,The driver of the departments in question,0.90625,True,False
llama32_3b,Llama-3.2-3B,agr_0298,PS,The drivers of the department in question,2.4921875,True,True
llama32_3b,Llama-3.2-3B,agr_0298,PP,The drivers of the departments in question,5.890625,True,True
llama32_3b,Llama-3.2-3B,agr_0299,SS,The engineer of the district in question,5.8359375,True,True
llama32_3b,Llama-3.2-3B,agr_0299,SP,The engineer of the districts in question,2.8046875,True,True
llama32_3b,Llama-3.2-3B,agr_0299,PS,The engineers of the district in question,3.8125,True,True
llama32_3b,Llama-3.2-3B,agr_0299,PP,The engineers of the districts in question,5.8515625,True,True
llama32_3b,Llama-3.2-3B,agr_0300,SS,The painter of the association in question,4.734375,True,True
llama32_3b,Llama-3.2-3B,agr_0300,SP,The painter of the associations in question,3.0234375,True,True
llama32_3b,Llama-3.2-3B,agr_0300,PS,The painters of the association in question,3.75,True,True
llama32_3b,Llama-3.2-3B,agr_0300,PP,The painters of the associations in question,5.9296875,True,True
llama32_3b,Llama-3.2-3B,agr_0301,SS,The manager of the branch in question,7.28125,True,True
llama32_3b,Llama-3.2-3B,agr_0301,SP,The manager of the branches in question,3.5546875,True,True
llama32_3b,Llama-3.2-3B,agr_0301,PS,The managers of the branch in question,2.9765625,True,True
llama32_3b,Llama-3.2-3B,agr_0301,PP,The managers of the branches in question,5.984375,True,True
llama32_3b,Llama-3.2-3B,agr_0302,SS,The programmer of the club in question,5.3359375,True,True
llama32_3b,Llama-3.2-3B,agr_0302,SP,The programmer of the clubs in question,2.8046875,True,True
llama32_3b,Llama-3.2-3B,agr_0302,PS,The programmers of the club in question,3.109375,True,True
llama32_3b,Llama-3.2-3B,agr_0302,PP,The programmers of the clubs in question,5.03125,True,True
llama32_3b,Llama-3.2-3B,agr_0303,SS,The evaluator of the association in question,4.7265625,True,True
llama32_3b,Llama-3.2-3B,agr_0303,SP,The evaluator of the associations in question,2.9921875,True,True
llama32_3b,Llama-3.2-3B,agr_0303,PS,The evaluators of the association in question,3.140625,True,True
llama32_3b,Llama-3.2-3B,agr_0303,PP,The evaluators of the associations in question,5.0703125,True,True
llama32_3b,Llama-3.2-3B,agr_0304,SS,The artist of the office in question,4.9609375,True,True
llama32_3b,Llama-3.2-3B,agr_0304,SP,The artist of the offices in question,3.375,True,True
llama32_3b,Llama-3.2-3B,agr_0304,PS,The artists of the office in question,3.828125,True,True
llama32_3b,Llama-3.2-3B,agr_0304,PP,The artists of the offices in question,5.6953125,True,True
llama32_3b,Llama-3.2-3B,agr_0305,SS,The auditor of the alliance in question,5.3046875,True,True
llama32_3b,Llama-3.2-3B,agr_0305,SP,The auditor of the alliances in question,3.0859375,True,True
llama32_3b,Llama-3.2-3B,agr_0305,PS,The auditors of the alliance in question,3.265625,True,True
llama32_3b,Llama-3.2-3B,agr_0305,PP,The auditors of the alliances in question,5.59375,True,True
llama32_3b,Llama-3.2-3B,agr_0306,SS,The teacher of the district in question,5.3125,True,True
llama32_3b,Llama-3.2-3B,agr_0306,SP,The teacher of the districts in question,2.4375,True,True
llama32_3b,Llama-3.2-3B,agr_0306,PS,The teachers of the district in question,3.9296875,True,True
llama32_3b,Llama-3.2-3B,agr_0306,PP,The teachers of the districts in question,6.2265625,True,True
llama32_3b,Llama-3.2-3B,agr_0307,SS,The student of the facility in question,4.0625,True,True
llama32_3b,Llama-3.2-3B,agr_0307,SP,The student of the facilities in question,2.1015625,True,True
llama32_3b,Llama-3.2-3B,agr_0307,PS,The students of the facility in question,3.8359375,True,True
llama32_3b,Llama-3.2-3B,agr_0307,PP,The students of the facilities in question,5.46875,True,True
llama32_3b,Llama-3.2-3B,agr_0308,SS,The officer of the centre in question,6.40625,True,True
llama32_3b,Llama-3.2-3B,agr_0308,SP,The officer of the centres in question,1.71875,True,True
llama32_3b,Llama-3.2-3B,agr_0308,PS,The officers of the centre in question,3.9921875,True,True
llama32_3b,Llama-3.2-3B,agr_0308,PP,The officers of the centres in question,6.5625,True,True
llama32_3b,Llama-3.2-3B,agr_0309,SS,The engineer of the bureau in question,5.125,True,True
llama32_3b,Llama-3.2-3B,agr_0309,SP,The engineer of the bureaus in question,2.609375,True,True
llama32_3b,Llama-3.2-3B,agr_0309,PS,The engineers of the bureau in question,3.9375,True,True
llama32_3b,Llama-3.2-3B,agr_0309,PP,The engineers of the bureaus in question,6.3125,True,True
llama32_3b,Llama-3.2-3B,agr_0310,SS,The professor of the alliance in question,5.1328125,True,True
llama32_3b,Llama-3.2-3B,agr_0310,SP,The professor of the alliances in question,3.0234375,True,True
llama32_3b,Llama-3.2-3B,agr_0310,PS,The professors of the alliance in question,4.046875,True,True
llama32_3b,Llama-3.2-3B,agr_0310,PP,The professors of the alliances in question,5.6953125,True,True
llama32_3b,Llama-3.2-3B,agr_0311,SS,The officer of the coalition in question,5.0703125,True,True
llama32_3b,Llama-3.2-3B,agr_0311,SP,The officer of the coalitions in question,2.1796875,True,True
llama32_3b,Llama-3.2-3B,agr_0311,PS,The officers of the coalition in question,3.7578125,True,True
llama32_3b,Llama-3.2-3B,agr_0311,PP,The officers of the coalitions in question,6.53125,True,True
llama32_3b,Llama-3.2-3B,agr_0312,SS,The journalist of the club in question,4.421875,True,True
llama32_3b,Llama-3.2-3B,agr_0312,SP,The journalist of the clubs in question,1.4921875,True,True
llama32_3b,Llama-3.2-3B,agr_0312,PS,The journalists of the club in question,3.0234375,True,True
llama32_3b,Llama-3.2-3B,agr_0312,PP,The journalists of the clubs in question,5.5,True,True
llama32_3b,Llama-3.2-3B,agr_0313,SS,The researcher of the district in question,3.84375,True,True
llama32_3b,Llama-3.2-3B,agr_0313,SP,The researcher of the districts in question,2.28125,True,True
llama32_3b,Llama-3.2-3B,agr_0313,PS,The researchers of the district in question,3.1796875,True,True
llama32_3b,Llama-3.2-3B,agr_0313,PP,The researchers of the districts in question,4.8359375,True,True
llama32_3b,Llama-3.2-3B,agr_0314,SS,The inspector of the corporation in question,5.171875,True,True
llama32_3b,Llama-3.2-3B,agr_0314,SP,The inspector of the corporations in question,3.3984375,True,True
llama32_3b,Llama-3.2-3B,agr_0314,PS,The inspectors of the corporation in question,2.984375,True,True
llama32_3b,Llama-3.2-3B,agr_0314,PP,The inspectors of the corporations in question,5.3671875,True,True
llama32_3b,Llama-3.2-3B,agr_0315,SS,The director of the sector in question,5.5703125,True,True
llama32_3b,Llama-3.2-3B,agr_0315,SP,The director of the sectors in question,2.4453125,True,True
llama32_3b,Llama-3.2-3B,agr_0315,PS,The directors of the sector in question,3.625,True,True
llama32_3b,Llama-3.2-3B,agr_0315,PP,The directors of the sectors in question,5.7421875,True,True
llama32_3b,Llama-3.2-3B,agr_0316,SS,The accountant of the department in question,5.40625,True,True
llama32_3b,Llama-3.2-3B,agr_0316,SP,The accountant of the departments in question,3.15625,True,True
llama32_3b,Llama-3.2-3B,agr_0316,PS,The accountants of the department in question,2.4921875,True,True
llama32_3b,Llama-3.2-3B,agr_0316,PP,The accountants of the departments in question,5.2109375,True,True
llama32_3b,Llama-3.2-3B,agr_0317,SS,The manager of the board in question,6.28125,True,True
llama32_3b,Llama-3.2-3B,agr_0317,SP,The manager of the boards in question,3.2265625,True,True
llama32_3b,Llama-3.2-3B,agr_0317,PS,The managers of the board in question,2.3515625,True,True
llama32_3b,Llama-3.2-3B,agr_0317,PP,The managers of the boards in question,5.8359375,True,True
llama32_3b,Llama-3.2-3B,agr_0318,SS,The executive of the hospital in question,3.3515625,True,True
llama32_3b,Llama-3.2-3B,agr_0318,SP,The executive of the hospitals in question,1.0,True,False
llama32_3b,Llama-3.2-3B,agr_0318,PS,The executives of the hospital in question,3.25,True,True
llama32_3b,Llama-3.2-3B,agr_0318,PP,The executives of the hospitals in question,5.875,True,True
llama32_3b,Llama-3.2-3B,agr_0319,SS,The student of the partnership in question,4.8671875,True,True
llama32_3b,Llama-3.2-3B,agr_0319,SP,The student of the partnerships in question,2.046875,True,True
llama32_3b,Llama-3.2-3B,agr_0319,PS,The students of the partnership in question,3.5703125,True,True
llama32_3b,Llama-3.2-3B,agr_0319,PP,The students of the partnerships in question,6.6953125,True,True
llama32_3b,Llama-3.2-3B,agr_0320,SS,The author of the school in question,5.9140625,True,True
llama32_3b,Llama-3.2-3B,agr_0320,SP,The author of the schools in question,2.6796875,True,True
llama32_3b,Llama-3.2-3B,agr_0320,PS,The authors of the school in question,3.015625,True,True
llama32_3b,Llama-3.2-3B,agr_0320,PP,The authors of the schools in question,5.03125,True,True
llama32_3b,Llama-3.2-3B,agr_0321,SS,The lawyer of the panel in question,5.0703125,True,True
llama32_3b,Llama-3.2-3B,agr_0321,SP,The lawyer of the panels in question,3.078125,True,True
llama32_3b,Llama-3.2-3B,agr_0321,PS,The lawyers of the panel in question,3.4296875,True,True
llama32_3b,Llama-3.2-3B,agr_0321,PP,The lawyers of the panels in question,5.2890625,True,True
llama32_3b,Llama-3.2-3B,agr_0322,SS,The executive of the club in question,2.1015625,True,True
llama32_3b,Llama-3.2-3B,agr_0322,SP,The executive of the clubs in question,-0.09375,False,False
llama32_3b,Llama-3.2-3B,agr_0322,PS,The executives of the club in question,3.1640625,True,True
llama32_3b,Llama-3.2-3B,agr_0322,PP,The executives of the clubs in question,6.0703125,True,True
llama32_3b,Llama-3.2-3B,agr_0323,SS,The architect of the service in question,6.2265625,True,True
llama32_3b,Llama-3.2-3B,agr_0323,SP,The architect of the services in question,3.546875,True,True
llama32_3b,Llama-3.2-3B,agr_0323,PS,The architects of the service in question,3.359375,True,True
llama32_3b,Llama-3.2-3B,agr_0323,PP,The architects of the services in question,5.46875,True,True
llama32_3b,Llama-3.2-3B,agr_0324,SS,The worker of the service in question,4.7265625,True,True
llama32_3b,Llama-3.2-3B,agr_0324,SP,The worker of the services in question,1.65625,True,True
llama32_3b,Llama-3.2-3B,agr_0324,PS,The workers of the service in question,2.875,True,True
llama32_3b,Llama-3.2-3B,agr_0324,PP,The workers of the services in question,5.6171875,True,True
llama32_3b,Llama-3.2-3B,agr_0325,SS,The architect of the program in question,6.84375,True,True
llama32_3b,Llama-3.2-3B,agr_0325,SP,The architect of the programs in question,3.6015625,True,True
llama32_3b,Llama-3.2-3B,agr_0325,PS,The architects of the program in question,3.9375,True,True
llama32_3b,Llama-3.2-3B,agr_0325,PP,The architects of the programs in question,6.46875,True,True
llama32_3b,Llama-3.2-3B,agr_0326,SS,The trainer of the club in question,5.015625,True,True
llama32_3b,Llama-3.2-3B,agr_0326,SP,The trainer of the clubs in question,2.46875,True,True
llama32_3b,Llama-3.2-3B,agr_0326,PS,The trainers of the club in question,3.046875,True,True
llama32_3b,Llama-3.2-3B,agr_0326,PP,The trainers of the clubs in question,5.734375,True,True
llama32_3b,Llama-3.2-3B,agr_0327,SS,The commissioner of the region in question,5.5703125,True,True
llama32_3b,Llama-3.2-3B,agr_0327,SP,The commissioner of the regions in question,1.8359375,True,True
llama32_3b,Llama-3.2-3B,agr_0327,PS,The commissioners of the region in question,3.7109375,True,True
llama32_3b,Llama-3.2-3B,agr_0327,PP,The commissioners of the regions in question,5.734375,True,True
llama32_3b,Llama-3.2-3B,agr_0328,SS,The technician of the team in question,4.65625,True,True
llama32_3b,Llama-3.2-3B,agr_0328,SP,The technician of the teams in question,2.8828125,True,True
llama32_3b,Llama-3.2-3B,agr_0328,PS,The technicians of the team in question,4.2421875,True,True
llama32_3b,Llama-3.2-3B,agr_0328,PP,The technicians of the teams in question,5.8984375,True,True
llama32_3b,Llama-3.2-3B,agr_0329,SS,The leader of the centre in question,5.34375,True,True
llama32_3b,Llama-3.2-3B,agr_0329,SP,The leader of the centres in question,2.5859375,True,True
llama32_3b,Llama-3.2-3B,agr_0329,PS,The leaders of the centre in question,2.7734375,True,True
llama32_3b,Llama-3.2-3B,agr_0329,PP,The leaders of the centres in question,6.6953125,True,True
llama32_3b,Llama-3.2-3B,agr_0330,SS,The designer of the forum in question,5.796875,True,True
llama32_3b,Llama-3.2-3B,agr_0330,SP,The designer of the forums in question,4.203125,True,True
llama32_3b,Llama-3.2-3B,agr_0330,PS,The designers of the forum in question,3.6484375,True,True
llama32_3b,Llama-3.2-3B,agr_0330,PP,The designers of the forums in question,5.1875,True,True
llama32_3b,Llama-3.2-3B,agr_0331,SS,The owner of the university in question,5.9921875,True,True
llama32_3b,Llama-3.2-3B,agr_0331,SP,The owner of the universities in question,2.7421875,True,True
llama32_3b,Llama-3.2-3B,agr_0331,PS,The owners of the university in question,3.0390625,True,True
llama32_3b,Llama-3.2-3B,agr_0331,PP,The owners of the universities in question,5.6171875,True,True
llama32_3b,Llama-3.2-3B,agr_0332,SS,The reporter of the hospital in question,4.140625,True,True
llama32_3b,Llama-3.2-3B,agr_0332,SP,The reporter of the hospitals in question,1.2734375,True,True
llama32_3b,Llama-3.2-3B,agr_0332,PS,The reporters of the hospital in question,2.609375,True,True
llama32_3b,Llama-3.2-3B,agr_0332,PP,The reporters of the hospitals in question,4.8125,True,True
llama32_3b,Llama-3.2-3B,agr_0333,SS,The administrator of the panel in question,5.3515625,True,True
llama32_3b,Llama-3.2-3B,agr_0333,SP,The administrator of the panels in question,2.6171875,True,True
llama32_3b,Llama-3.2-3B,agr_0333,PS,The administrators of the panel in question,3.4296875,True,True
llama32_3b,Llama-3.2-3B,agr_0333,PP,The administrators of the panels in question,5.578125,True,True
llama32_3b,Llama-3.2-3B,agr_0334,SS,The lecturer of the agency in question,4.78125,True,True
llama32_3b,Llama-3.2-3B,agr_0334,SP,The lecturer of the agencies in question,1.6953125,True,True
llama32_3b,Llama-3.2-3B,agr_0334,PS,The lecturers of the agency in question,2.40625,True,True
llama32_3b,Llama-3.2-3B,agr_0334,PP,The lecturers of the agencies in question,4.8828125,True,True
llama32_3b,Llama-3.2-3B,agr_0335,SS,The planner of the agency in question,4.84375,True,True
llama32_3b,Llama-3.2-3B,agr_0335,SP,The planner of the agencies in question,2.46875,True,True
llama32_3b,Llama-3.2-3B,agr_0335,PS,The planners of the agency in question,3.2421875,True,True
llama32_3b,Llama-3.2-3B,agr_0335,PP,The planners of the agencies in question,5.2734375,True,True
llama32_3b,Llama-3.2-3B,agr_0336,SS,The editor of the sector in question,4.9921875,True,True
llama32_3b,Llama-3.2-3B,agr_0336,SP,The editor of the sectors in question,2.1640625,True,True
llama32_3b,Llama-3.2-3B,agr_0336,PS,The editors of the sector in question,3.4921875,True,True
llama32_3b,Llama-3.2-3B,agr_0336,PP,The editors of the sectors in question,6.0390625,True,True
llama32_3b,Llama-3.2-3B,agr_0337,SS,The member of the system in question,4.09375,True,True
llama32_3b,Llama-3.2-3B,agr_0337,SP,The member of the systems in question,0.859375,True,False
llama32_3b,Llama-3.2-3B,agr_0337,PS,The members of the system in question,3.2265625,True,True
llama32_3b,Llama-3.2-3B,agr_0337,PP,The members of the systems in question,5.546875,True,True
llama32_3b,Llama-3.2-3B,agr_0338,SS,The operator of the federation in question,5.4296875,True,True
llama32_3b,Llama-3.2-3B,agr_0338,SP,The operator of the federations in question,2.9765625,True,True
llama32_3b,Llama-3.2-3B,agr_0338,PS,The operators of the federation in question,3.125,True,True
llama32_3b,Llama-3.2-3B,agr_0338,PP,The operators of the federations in question,6.1796875,True,True
llama32_3b,Llama-3.2-3B,agr_0339,SS,The researcher of the project in question,4.6953125,True,True
llama32_3b,Llama-3.2-3B,agr_0339,SP,The researcher of the projects in question,2.4765625,True,True
llama32_3b,Llama-3.2-3B,agr_0339,PS,The researchers of the project in question,3.7578125,True,True
llama32_3b,Llama-3.2-3B,agr_0339,PP,The researchers of the projects in question,6.0703125,True,True
llama32_3b,Llama-3.2-3B,agr_0340,SS,The supervisor of the program in question,6.0234375,True,True
llama32_3b,Llama-3.2-3B,agr_0340,SP,The supervisor of the programs in question,4.0859375,True,True
llama32_3b,Llama-3.2-3B,agr_0340,PS,The supervisors of the program in question,2.671875,True,True
llama32_3b,Llama-3.2-3B,agr_0340,PP,The supervisors of the programs in question,5.28125,True,True
llama32_3b,Llama-3.2-3B,agr_0341,SS,The analyst of the platform in question,3.1171875,True,True
llama32_3b,Llama-3.2-3B,agr_0341,SP,The analyst of the platforms in question,1.578125,True,True
llama32_3b,Llama-3.2-3B,agr_0341,PS,The analysts of the platform in question,3.3671875,True,True
llama32_3b,Llama-3.2-3B,agr_0341,PP,The analysts of the platforms in question,4.75,True,True
llama32_3b,Llama-3.2-3B,agr_0342,SS,The student of the service in question,4.25,True,True
llama32_3b,Llama-3.2-3B,agr_0342,SP,The student of the services in question,2.2734375,True,True
llama32_3b,Llama-3.2-3B,agr_0342,PS,The students of the service in question,2.3671875,True,True
llama32_3b,Llama-3.2-3B,agr_0342,PP,The students of the services in question,5.40625,True,True
llama32_3b,Llama-3.2-3B,agr_0343,SS,The auditor of the agency in question,5.234375,True,True
llama32_3b,Llama-3.2-3B,agr_0343,SP,The auditor of the agencies in question,3.1640625,True,True
llama32_3b,Llama-3.2-3B,agr_0343,PS,The auditors of the agency in question,3.0078125,True,True
llama32_3b,Llama-3.2-3B,agr_0343,PP,The auditors of the agencies in question,5.25,True,True
llama32_3b,Llama-3.2-3B,agr_0344,SS,The builder of the school in question,6.265625,True,True
llama32_3b,Llama-3.2-3B,agr_0344,SP,The builder of the schools in question,4.1953125,True,True
llama32_3b,Llama-3.2-3B,agr_0344,PS,The builders of the school in question,3.6328125,True,True
llama32_3b,Llama-3.2-3B,agr_0344,PP,The builders of the schools in question,5.625,True,True
llama32_3b,Llama-3.2-3B,agr_0345,SS,The reporter of the federation in question,3.8828125,True,True
llama32_3b,Llama-3.2-3B,agr_0345,SP,The reporter of the federations in question,0.6484375,True,False
llama32_3b,Llama-3.2-3B,agr_0345,PS,The reporters of the federation in question,1.8125,True,True
llama32_3b,Llama-3.2-3B,agr_0345,PP,The reporters of the federations in question,5.2578125,True,True
llama32_3b,Llama-3.2-3B,agr_0346,SS,The evaluator of the club in question,4.5234375,True,True
llama32_3b,Llama-3.2-3B,agr_0346,SP,The evaluator of the clubs in question,2.7265625,True,True
llama32_3b,Llama-3.2-3B,agr_0346,PS,The evaluators of the club in question,3.0703125,True,True
llama32_3b,Llama-3.2-3B,agr_0346,PP,The evaluators of the clubs in question,4.671875,True,True
llama32_3b,Llama-3.2-3B,agr_0347,SS,The designer of the unit in question,5.9140625,True,True
llama32_3b,Llama-3.2-3B,agr_0347,SP,The designer of the units in question,3.5078125,True,True
llama32_3b,Llama-3.2-3B,agr_0347,PS,The designers of the unit in question,3.875,True,True
llama32_3b,Llama-3.2-3B,agr_0347,PP,The designers of the units in question,5.359375,True,True
llama32_3b,Llama-3.2-3B,agr_0348,SS,The professor of the group in question,5.734375,True,True
llama32_3b,Llama-3.2-3B,agr_0348,SP,The professor of the groups in question,1.6875,True,True
llama32_3b,Llama-3.2-3B,agr_0348,PS,The professors of the group in question,4.0546875,True,True
llama32_3b,Llama-3.2-3B,agr_0348,PP,The professors of the groups in question,5.578125,True,True
llama32_3b,Llama-3.2-3B,agr_0349,SS,The researcher of the office in question,4.3984375,True,True
llama32_3b,Llama-3.2-3B,agr_0349,SP,The researcher of the offices in question,2.3125,True,True
llama32_3b,Llama-3.2-3B,agr_0349,PS,The researchers of the office in question,3.4453125,True,True
llama32_3b,Llama-3.2-3B,agr_0349,PP,The researchers of the offices in question,4.734375,True,True
llama32_3b,Llama-3.2-3B,agr_0350,SS,The painter of the firm in question,5.2109375,True,True
llama32_3b,Llama-3.2-3B,agr_0350,SP,The painter of the firms in question,2.5390625,True,True
llama32_3b,Llama-3.2-3B,agr_0350,PS,The painters of the firm in question,4.015625,True,True
llama32_3b,Llama-3.2-3B,agr_0350,PP,The painters of the firms in question,5.7890625,True,True
llama32_3b,Llama-3.2-3B,agr_0351,SS,The planner of the alliance in question,5.84375,True,True
llama32_3b,Llama-3.2-3B,agr_0351,SP,The planner of the alliances in question,4.40625,True,True
llama32_3b,Llama-3.2-3B,agr_0351,PS,The planners of the alliance in question,4.390625,True,True
llama32_3b,Llama-3.2-3B,agr_0351,PP,The planners of the alliances in question,6.1796875,True,True
llama32_3b,Llama-3.2-3B,agr_0352,SS,The commissioner of the centre in question,6.6015625,True,True
llama32_3b,Llama-3.2-3B,agr_0352,SP,The commissioner of the centres in question,1.90625,True,True
llama32_3b,Llama-3.2-3B,agr_0352,PS,The commissioners of the centre in question,2.53125,True,True
llama32_3b,Llama-3.2-3B,agr_0352,PP,The commissioners of the centres in question,5.7265625,True,True
llama32_3b,Llama-3.2-3B,agr_0353,SS,The assistant of the university in question,5.078125,True,True
llama32_3b,Llama-3.2-3B,agr_0353,SP,The assistant of the universities in question,1.8359375,True,True
llama32_3b,Llama-3.2-3B,agr_0353,PS,The assistants of the university in question,2.765625,True,True
llama32_3b,Llama-3.2-3B,agr_0353,PP,The assistants of the universities in question,5.5390625,True,True
llama32_3b,Llama-3.2-3B,agr_0354,SS,The operator of the coalition in question,4.90625,True,True
llama32_3b,Llama-3.2-3B,agr_0354,SP,The operator of the coalitions in question,3.109375,True,True
llama32_3b,Llama-3.2-3B,agr_0354,PS,The operators of the coalition in question,3.3046875,True,True
llama32_3b,Llama-3.2-3B,agr_0354,PP,The operators of the coalitions in question,5.9140625,True,True
llama32_3b,Llama-3.2-3B,agr_0355,SS,The builder of the ministry in question,5.9453125,True,True
llama32_3b,Llama-3.2-3B,agr_0355,SP,The builder of the ministries in question,3.6015625,True,True
llama32_3b,Llama-3.2-3B,agr_0355,PS,The builders of the ministry in question,3.0703125,True,True
llama32_3b,Llama-3.2-3B,agr_0355,PP,The builders of the ministries in question,5.6015625,True,True
llama32_3b,Llama-3.2-3B,agr_0356,SS,The programmer of the panel in question,5.8125,True,True
llama32_3b,Llama-3.2-3B,agr_0356,SP,The programmer of the panels in question,3.203125,True,True
llama32_3b,Llama-3.2-3B,agr_0356,PS,The programmers of the panel in question,3.453125,True,True
llama32_3b,Llama-3.2-3B,agr_0356,PP,The programmers of the panels in question,4.921875,True,True
llama32_3b,Llama-3.2-3B,agr_0357,SS,The architect of the school in question,7.3984375,True,True
llama32_3b,Llama-3.2-3B,agr_0357,SP,The architect of the schools in question,4.515625,True,True
llama32_3b,Llama-3.2-3B,agr_0357,PS,The architects of the school in question,3.9453125,True,True
llama32_3b,Llama-3.2-3B,agr_0357,PP,The architects of the schools in question,6.1796875,True,True
llama32_3b,Llama-3.2-3B,agr_0358,SS,The director of the group in question,5.9609375,True,True
llama32_3b,Llama-3.2-3B,agr_0358,SP,The director of the groups in question,2.34375,True,True
llama32_3b,Llama-3.2-3B,agr_0358,PS,The directors of the group in question,3.5625,True,True
llama32_3b,Llama-3.2-3B,agr_0358,PP,The directors of the groups in question,6.0390625,True,True
llama32_3b,Llama-3.2-3B,agr_0359,SS,The scientist of the panel in question,3.375,True,True
llama32_3b,Llama-3.2-3B,agr_0359,SP,The scientist of the panels in question,1.375,True,True
llama32_3b,Llama-3.2-3B,agr_0359,PS,The scientists of the panel in question,4.6953125,True,True
llama32_3b,Llama-3.2-3B,agr_0359,PP,The scientists of the panels in question,6.375,True,True
llama32_3b,Llama-3.2-3B,agr_0360,SS,The assistant of the platform in question,5.0546875,True,True
llama32_3b,Llama-3.2-3B,agr_0360,SP,The assistant of the platforms in question,1.515625,True,True
llama32_3b,Llama-3.2-3B,agr_0360,PS,The assistants of the platform in question,3.21875,True,True
llama32_3b,Llama-3.2-3B,agr_0360,PP,The assistants of the platforms in question,5.4296875,True,True
llama32_3b,Llama-3.2-3B,agr_0361,SS,The artist of the forum in question,4.5546875,True,True
llama32_3b,Llama-3.2-3B,agr_0361,SP,The artist of the forums in question,2.9140625,True,True
llama32_3b,Llama-3.2-3B,agr_0361,PS,The artists of the forum in question,3.375,True,True
llama32_3b,Llama-3.2-3B,agr_0361,PP,The artists of the forums in question,5.2421875,True,True
llama32_3b,Llama-3.2-3B,agr_0362,SS,The artist of the institute in question,4.390625,True,True
llama32_3b,Llama-3.2-3B,agr_0362,SP,The artist of the institutes in question,1.671875,True,True
llama32_3b,Llama-3.2-3B,agr_0362,PS,The artists of the institute in question,3.484375,True,True
llama32_3b,Llama-3.2-3B,agr_0362,PP,The artists of the institutes in question,6.34375,True,True
llama32_3b,Llama-3.2-3B,agr_0363,SS,The reporter of the partnership in question,3.6015625,True,True
llama32_3b,Llama-3.2-3B,agr_0363,SP,The reporter of the partnerships in question,0.9453125,True,False
llama32_3b,Llama-3.2-3B,agr_0363,PS,The reporters of the partnership in question,2.1484375,True,True
llama32_3b,Llama-3.2-3B,agr_0363,PP,The reporters of the partnerships in question,4.359375,True,True
llama32_3b,Llama-3.2-3B,agr_0364,SS,The supervisor of the agency in question,5.6015625,True,True
llama32_3b,Llama-3.2-3B,agr_0364,SP,The supervisor of the agencies in question,3.3828125,True,True
llama32_3b,Llama-3.2-3B,agr_0364,PS,The supervisors of the agency in question,2.6484375,True,True
llama32_3b,Llama-3.2-3B,agr_0364,PP,The supervisors of the agencies in question,5.4453125,True,True
llama32_3b,Llama-3.2-3B,agr_0365,SS,The supervisor of the foundation in question,5.875,True,True
llama32_3b,Llama-3.2-3B,agr_0365,SP,The supervisor of the foundations in question,3.7734375,True,True
llama32_3b,Llama-3.2-3B,agr_0365,PS,The supervisors of the foundation in question,2.7890625,True,True
llama32_3b,Llama-3.2-3B,agr_0365,PP,The supervisors of the foundations in question,5.5234375,True,True
llama32_3b,Llama-3.2-3B,agr_0366,SS,The student of the university in question,4.7109375,True,True
llama32_3b,Llama-3.2-3B,agr_0366,SP,The student of the universities in question,1.9609375,True,True
llama32_3b,Llama-3.2-3B,agr_0366,PS,The students of the university in question,3.9765625,True,True
llama32_3b,Llama-3.2-3B,agr_0366,PP,The students of the universities in question,6.390625,True,True
llama32_3b,Llama-3.2-3B,agr_0367,SS,The accountant of the association in question,5.2890625,True,True
llama32_3b,Llama-3.2-3B,agr_0367,SP,The accountant of the associations in question,3.0703125,True,True
llama32_3b,Llama-3.2-3B,agr_0367,PS,The accountants of the association in question,2.8203125,True,True
llama32_3b,Llama-3.2-3B,agr_0367,PP,The accountants of the associations in question,5.0,True,True
llama32_3b,Llama-3.2-3B,agr_0368,SS,The researcher of the ministry in question,3.796875,True,True
llama32_3b,Llama-3.2-3B,agr_0368,SP,The researcher of the ministries in question,1.625,True,True
llama32_3b,Llama-3.2-3B,agr_0368,PS,The researchers of the ministry in question,2.6171875,True,True
llama32_3b,Llama-3.2-3B,agr_0368,PP,The researchers of the ministries in question,5.359375,True,True
llama32_3b,Llama-3.2-3B,agr_0369,SS,The student of the federation in question,4.5,True,True
llama32_3b,Llama-3.2-3B,agr_0369,SP,The student of the federations in question,1.9453125,True,True
llama32_3b,Llama-3.2-3B,agr_0369,PS,The students of the federation in question,3.296875,True,True
llama32_3b,Llama-3.2-3B,agr_0369,PP,The students of the federations in question,5.953125,True,True
llama32_3b,Llama-3.2-3B,agr_0370,SS,The teacher of the region in question,5.0703125,True,True
llama32_3b,Llama-3.2-3B,agr_0370,SP,The teacher of the regions in question,2.6328125,True,True
llama32_3b,Llama-3.2-3B,agr_0370,PS,The teachers of the region in question,4.2109375,True,True
llama32_3b,Llama-3.2-3B,agr_0370,PP,The teachers of the regions in question,5.9375,True,True
llama32_3b,Llama-3.2-3B,agr_0371,SS,The member of the company in question,3.984375,True,True
llama32_3b,Llama-3.2-3B,agr_0371,SP,The member of the companies in question,1.5,True,True
llama32_3b,Llama-3.2-3B,agr_0371,PS,The members of the company in question,3.8828125,True,True
llama32_3b,Llama-3.2-3B,agr_0371,PP,The members of the companies in question,6.3515625,True,True
llama32_3b,Llama-3.2-3B,agr_0372,SS,The director of the centre in question,6.8671875,True,True
llama32_3b,Llama-3.2-3B,agr_0372,SP,The director of the centres in question,2.6484375,True,True
llama32_3b,Llama-3.2-3B,agr_0372,PS,The directors of the centre in question,3.6484375,True,True
llama32_3b,Llama-3.2-3B,agr_0372,PP,The directors of the centres in question,6.2265625,True,True
llama32_3b,Llama-3.2-3B,agr_0373,SS,The professor of the unit in question,5.3671875,True,True
llama32_3b,Llama-3.2-3B,agr_0373,SP,The professor of the units in question,2.3203125,True,True
llama32_3b,Llama-3.2-3B,agr_0373,PS,The professors of the unit in question,3.265625,True,True
llama32_3b,Llama-3.2-3B,agr_0373,PP,The professors of the units in question,5.7109375,True,True
llama32_3b,Llama-3.2-3B,agr_0374,SS,The reporter of the corporation in question,4.03125,True,True
llama32_3b,Llama-3.2-3B,agr_0374,SP,The reporter of the corporations in question,1.0859375,True,True
llama32_3b,Llama-3.2-3B,agr_0374,PS,The reporters of the corporation in question,2.40625,True,True
llama32_3b,Llama-3.2-3B,agr_0374,PP,The reporters of the corporations in question,5.234375,True,True
llama32_3b,Llama-3.2-3B,agr_0375,SS,The editor of the system in question,5.3828125,True,True
llama32_3b,Llama-3.2-3B,agr_0375,SP,The editor of the systems in question,1.8671875,True,True
llama32_3b,Llama-3.2-3B,agr_0375,PS,The editors of the system in question,2.0859375,True,True
llama32_3b,Llama-3.2-3B,agr_0375,PP,The editors of the systems in question,3.5234375,True,True
llama32_3b,Llama-3.2-3B,agr_0376,SS,The author of the sector in question,4.0390625,True,True
llama32_3b,Llama-3.2-3B,agr_0376,SP,The author of the sectors in question,1.84375,True,True
llama32_3b,Llama-3.2-3B,agr_0376,PS,The authors of the sector in question,2.03125,True,True
llama32_3b,Llama-3.2-3B,agr_0376,PP,The authors of the sectors in question,5.6484375,True,True
llama32_3b,Llama-3.2-3B,agr_0377,SS,The reporter of the facility in question,3.9375,True,True
llama32_3b,Llama-3.2-3B,agr_0377,SP,The reporter of the facilities in question,1.4140625,True,True
llama32_3b,Llama-3.2-3B,agr_0377,PS,The reporters of the facility in question,2.2421875,True,True
llama32_3b,Llama-3.2-3B,agr_0377,PP,The reporters of the facilities in question,3.8203125,True,True
llama32_3b,Llama-3.2-3B,agr_0378,SS,The painter of the institute in question,5.6953125,True,True
llama32_3b,Llama-3.2-3B,agr_0378,SP,The painter of the institutes in question,3.5546875,True,True
llama32_3b,Llama-3.2-3B,agr_0378,PS,The painters of the institute in question,3.9609375,True,True
llama32_3b,Llama-3.2-3B,agr_0378,PP,The painters of the institutes in question,5.75,True,True
llama32_3b,Llama-3.2-3B,agr_0379,SS,The engineer of the centre in question,6.046875,True,True
llama32_3b,Llama-3.2-3B,agr_0379,SP,The engineer of the centres in question,2.421875,True,True
llama32_3b,Llama-3.2-3B,agr_0379,PS,The engineers of the centre in question,4.4453125,True,True
llama32_3b,Llama-3.2-3B,agr_0379,PP,The engineers of the centres in question,6.796875,True,True
llama32_3b,Llama-3.2-3B,agr_0380,SS,The professor of the division in question,5.40625,True,True
llama32_3b,Llama-3.2-3B,agr_0380,SP,The professor of the divisions in question,1.8984375,True,True
llama32_3b,Llama-3.2-3B,agr_0380,PS,The professors of the division in question,3.3828125,True,True
llama32_3b,Llama-3.2-3B,agr_0380,PP,The professors of the divisions in question,6.0703125,True,True
llama32_3b,Llama-3.2-3B,agr_0381,SS,The programmer of the service in question,5.3359375,True,True
llama32_3b,Llama-3.2-3B,agr_0381,SP,The programmer of the services in question,3.2578125,True,True
llama32_3b,Llama-3.2-3B,agr_0381,PS,The programmers of the service in question,2.8203125,True,True
llama32_3b,Llama-3.2-3B,agr_0381,PP,The programmers of the services in question,4.78125,True,True
llama32_3b,Llama-3.2-3B,agr_0382,SS,The planner of the committee in question,5.5859375,True,True
llama32_3b,Llama-3.2-3B,agr_0382,SP,The planner of the committees in question,3.9921875,True,True
llama32_3b,Llama-3.2-3B,agr_0382,PS,The planners of the committee in question,3.8984375,True,True
llama32_3b,Llama-3.2-3B,agr_0382,PP,The planners of the committees in question,5.9296875,True,True
llama32_3b,Llama-3.2-3B,agr_0383,SS,The member of the school in question,4.265625,True,True
llama32_3b,Llama-3.2-3B,agr_0383,SP,The member of the schools in question,1.96875,True,True
llama32_3b,Llama-3.2-3B,agr_0383,PS,The members of the school in question,4.3515625,True,True
llama32_3b,Llama-3.2-3B,agr_0383,PP,The members of the schools in question,6.578125,True,True
llama32_3b,Llama-3.2-3B,agr_0384,SS,The inspector of the office in question,5.34375,True,True
llama32_3b,Llama-3.2-3B,agr_0384,SP,The inspector of the offices in question,3.2734375,True,True
llama32_3b,Llama-3.2-3B,agr_0384,PS,The inspectors of the office in question,3.4765625,True,True
llama32_3b,Llama-3.2-3B,agr_0384,PP,The inspectors of the offices in question,5.546875,True,True
llama32_3b,Llama-3.2-3B,agr_0385,SS,The commissioner of the facility in question,6.015625,True,True
llama32_3b,Llama-3.2-3B,agr_0385,SP,The commissioner of the facilities in question,3.609375,True,True
llama32_3b,Llama-3.2-3B,agr_0385,PS,The commissioners of the facility in question,2.890625,True,True
llama32_3b,Llama-3.2-3B,agr_0385,PP,The commissioners of the facilities in question,4.9140625,True,True
llama32_3b,Llama-3.2-3B,agr_0386,SS,The coordinator of the college in question,6.1484375,True,True
llama32_3b,Llama-3.2-3B,agr_0386,SP,The coordinator of the colleges in question,3.8203125,True,True
llama32_3b,Llama-3.2-3B,agr_0386,PS,The coordinators of the college in question,2.5546875,True,True
llama32_3b,Llama-3.2-3B,agr_0386,PP,The coordinators of the colleges in question,5.125,True,True
llama32_3b,Llama-3.2-3B,agr_0387,SS,The leader of the university in question,6.0703125,True,True
llama32_3b,Llama-3.2-3B,agr_0387,SP,The leader of the universities in question,3.125,True,True
llama32_3b,Llama-3.2-3B,agr_0387,PS,The leaders of the university in question,2.9453125,True,True
llama32_3b,Llama-3.2-3B,agr_0387,PP,The leaders of the universities in question,6.7890625,True,True
llama32_3b,Llama-3.2-3B,agr_0388,SS,The architect of the division in question,6.265625,True,True
llama32_3b,Llama-3.2-3B,agr_0388,SP,The architect of the divisions in question,4.2734375,True,True
llama32_3b,Llama-3.2-3B,agr_0388,PS,The architects of the division in question,3.953125,True,True
llama32_3b,Llama-3.2-3B,agr_0388,PP,The architects of the divisions in question,6.171875,True,True
llama32_3b,Llama-3.2-3B,agr_0389,SS,The evaluator of the alliance in question,4.890625,True,True
llama32_3b,Llama-3.2-3B,agr_0389,SP,The evaluator of the alliances in question,3.046875,True,True
llama32_3b,Llama-3.2-3B,agr_0389,PS,The evaluators of the alliance in question,3.234375,True,True
llama32_3b,Llama-3.2-3B,agr_0389,PP,The evaluators of the alliances in question,5.1953125,True,True
llama32_3b,Llama-3.2-3B,agr_0390,SS,The driver of the foundation in question,5.1953125,True,True
llama32_3b,Llama-3.2-3B,agr_0390,SP,The driver of the foundations in question,2.109375,True,True
llama32_3b,Llama-3.2-3B,agr_0390,PS,The drivers of the foundation in question,2.890625,True,True
llama32_3b,Llama-3.2-3B,agr_0390,PP,The drivers of the foundations in question,5.0390625,True,True
llama32_3b,Llama-3.2-3B,agr_0391,SS,The employee of the laboratory in question,5.71875,True,True
llama32_3b,Llama-3.2-3B,agr_0391,SP,The employee of the laboratories in question,2.9140625,True,True
llama32_3b,Llama-3.2-3B,agr_0391,PS,The employees of the laboratory in question,4.046875,True,True
llama32_3b,Llama-3.2-3B,agr_0391,PP,The employees of the laboratories in question,6.4140625,True,True
llama32_3b,Llama-3.2-3B,agr_0392,SS,The inspector of the committee in question,5.265625,True,True
llama32_3b,Llama-3.2-3B,agr_0392,SP,The inspector of the committees in question,2.90625,True,True
llama32_3b,Llama-3.2-3B,agr_0392,PS,The inspectors of the committee in question,3.4453125,True,True
llama32_3b,Llama-3.2-3B,agr_0392,PP,The inspectors of the committees in question,5.9921875,True,True
llama32_3b,Llama-3.2-3B,agr_0393,SS,The reporter of the school in question,4.203125,True,True
llama32_3b,Llama-3.2-3B,agr_0393,SP,The reporter of the schools in question,1.3359375,True,True
llama32_3b,Llama-3.2-3B,agr_0393,PS,The reporters of the school in question,2.7265625,True,True
llama32_3b,Llama-3.2-3B,agr_0393,PP,The reporters of the schools in question,4.9453125,True,True
llama32_3b,Llama-3.2-3B,agr_0394,SS,The accountant of the alliance in question,5.625,True,True
llama32_3b,Llama-3.2-3B,agr_0394,SP,The accountant of the alliances in question,3.2578125,True,True
llama32_3b,Llama-3.2-3B,agr_0394,PS,The accountants of the alliance in question,2.7265625,True,True
llama32_3b,Llama-3.2-3B,agr_0394,PP,The accountants of the alliances in question,5.25,True,True
llama32_3b,Llama-3.2-3B,agr_0395,SS,The artist of the consortium in question,4.4453125,True,True
llama32_3b,Llama-3.2-3B,agr_0395,SP,The artist of the consortiums in question,1.75,True,True
llama32_3b,Llama-3.2-3B,agr_0395,PS,The artists of the consortium in question,4.140625,True,True
llama32_3b,Llama-3.2-3B,agr_0395,PP,The artists of the consortiums in question,6.6328125,True,True
llama32_3b,Llama-3.2-3B,agr_0396,SS,The candidate of the system in question,3.78125,True,True
llama32_3b,Llama-3.2-3B,agr_0396,SP,The candidate of the systems in question,1.3984375,True,True
llama32_3b,Llama-3.2-3B,agr_0396,PS,The candidates of the system in question,2.5625,True,True
llama32_3b,Llama-3.2-3B,agr_0396,PP,The candidates of the systems in question,4.640625,True,True
llama32_3b,Llama-3.2-3B,agr_0397,SS,The worker of the association in question,4.8046875,True,True
llama32_3b,Llama-3.2-3B,agr_0397,SP,The worker of the associations in question,1.125,True,True
llama32_3b,Llama-3.2-3B,agr_0397,PS,The workers of the association in question,3.671875,True,True
llama32_3b,Llama-3.2-3B,agr_0397,PP,The workers of the associations in question,6.328125,True,True
llama32_3b,Llama-3.2-3B,agr_0398,SS,The researcher of the organization in question,3.6015625,True,True
llama32_3b,Llama-3.2-3B,agr_0398,SP,The researcher of the organizations in question,1.8515625,True,True
llama32_3b,Llama-3.2-3B,agr_0398,PS,The researchers of the organization in question,3.0,True,True
llama32_3b,Llama-3.2-3B,agr_0398,PP,The researchers of the organizations in question,5.3125,True,True
llama32_3b,Llama-3.2-3B,agr_0399,SS,The representative of the council in question,4.515625,True,True
llama32_3b,Llama-3.2-3B,agr_0399,SP,The representative of the councils in question,1.5703125,True,True
llama32_3b,Llama-3.2-3B,agr_0399,PS,The representatives of the council in question,2.6171875,True,True
llama32_3b,Llama-3.2-3B,agr_0399,PP,The representatives of the councils in question,5.921875,True,True
qwen25_3b,Qwen2.5-3B,agr_0000,SS,The reporter of the authority in question,5.6953125,True,True
qwen25_3b,Qwen2.5-3B,agr_0000,SP,The reporter of the authorities in question,2.8671875,True,True
qwen25_3b,Qwen2.5-3B,agr_0000,PS,The reporters of the authority in question,3.828125,True,True
qwen25_3b,Qwen2.5-3B,agr_0000,PP,The reporters of the authorities in question,4.7890625,True,True
qwen25_3b,Qwen2.5-3B,agr_0001,SS,The auditor of the branch in question,7.359375,True,True
qwen25_3b,Qwen2.5-3B,agr_0001,SP,The auditor of the branches in question,2.5625,True,True
qwen25_3b,Qwen2.5-3B,agr_0001,PS,The auditors of the branch in question,5.4375,True,True
qwen25_3b,Qwen2.5-3B,agr_0001,PP,The auditors of the branches in question,6.5078125,True,True
qwen25_3b,Qwen2.5-3B,agr_0002,SS,The auditor of the firm in question,6.984375,True,True
qwen25_3b,Qwen2.5-3B,agr_0002,SP,The auditor of the firms in question,2.5625,True,True
qwen25_3b,Qwen2.5-3B,agr_0002,PS,The auditors of the firm in question,5.265625,True,True
qwen25_3b,Qwen2.5-3B,agr_0002,PP,The auditors of the firms in question,6.8203125,True,True
qwen25_3b,Qwen2.5-3B,agr_0003,SS,The programmer of the platform in question,6.6171875,True,True
qwen25_3b,Qwen2.5-3B,agr_0003,SP,The programmer of the platforms in question,1.984375,True,True
qwen25_3b,Qwen2.5-3B,agr_0003,PS,The programmers of the platform in question,5.375,True,True
qwen25_3b,Qwen2.5-3B,agr_0003,PP,The programmers of the platforms in question,6.78125,True,True
qwen25_3b,Qwen2.5-3B,agr_0004,SS,The lecturer of the university in question,6.9609375,True,True
qwen25_3b,Qwen2.5-3B,agr_0004,SP,The lecturer of the universities in question,1.640625,True,True
qwen25_3b,Qwen2.5-3B,agr_0004,PS,The lecturers of the university in question,4.8203125,True,True
qwen25_3b,Qwen2.5-3B,agr_0004,PP,The lecturers of the universities in question,6.1953125,True,True
qwen25_3b,Qwen2.5-3B,agr_0005,SS,The owner of the panel in question,7.5703125,True,True
qwen25_3b,Qwen2.5-3B,agr_0005,SP,The owner of the panels in question,4.2265625,True,True
qwen25_3b,Qwen2.5-3B,agr_0005,PS,The owners of the panel in question,4.765625,True,True
qwen25_3b,Qwen2.5-3B,agr_0005,PP,The owners of the panels in question,6.03125,True,True
qwen25_3b,Qwen2.5-3B,agr_0006,SS,The officer of the board in question,6.75,True,True
qwen25_3b,Qwen2.5-3B,agr_0006,SP,The officer of the boards in question,3.7421875,True,True
qwen25_3b,Qwen2.5-3B,agr_0006,PS,The officers of the board in question,4.1484375,True,True
qwen25_3b,Qwen2.5-3B,agr_0006,PP,The officers of the boards in question,6.140625,True,True
qwen25_3b,Qwen2.5-3B,agr_0007,SS,The executive of the agency in question,4.2109375,True,True
qwen25_3b,Qwen2.5-3B,agr_0007,SP,The executive of the agencies in question,-0.0625,False,False
qwen25_3b,Qwen2.5-3B,agr_0007,PS,The executives of the agency in question,4.71875,True,True
qwen25_3b,Qwen2.5-3B,agr_0007,PP,The executives of the agencies in question,6.859375,True,True
qwen25_3b,Qwen2.5-3B,agr_0008,SS,The planner of the ministry in question,6.8828125,True,True
qwen25_3b,Qwen2.5-3B,agr_0008,SP,The planner of the ministries in question,3.203125,True,True
qwen25_3b,Qwen2.5-3B,agr_0008,PS,The planners of the ministry in question,6.1484375,True,True
qwen25_3b,Qwen2.5-3B,agr_0008,PP,The planners of the ministries in question,7.5,True,True
qwen25_3b,Qwen2.5-3B,agr_0009,SS,The representative of the club in question,5.4921875,True,True
qwen25_3b,Qwen2.5-3B,agr_0009,SP,The representative of the clubs in question,1.65625,True,True
qwen25_3b,Qwen2.5-3B,agr_0009,PS,The representatives of the club in question,3.6953125,True,True
qwen25_3b,Qwen2.5-3B,agr_0009,PP,The representatives of the clubs in question,5.515625,True,True
qwen25_3b,Qwen2.5-3B,agr_0010,SS,The author of the facility in question,6.078125,True,True
qwen25_3b,Qwen2.5-3B,agr_0010,SP,The author of the facilities in question,2.0625,True,True
qwen25_3b,Qwen2.5-3B,agr_0010,PS,The authors of the facility in question,3.9453125,True,True
qwen25_3b,Qwen2.5-3B,agr_0010,PP,The authors of the facilities in question,5.5234375,True,True
qwen25_3b,Qwen2.5-3B,agr_0011,SS,The representative of the project in question,5.5859375,True,True
qwen25_3b,Qwen2.5-3B,agr_0011,SP,The representative of the projects in question,1.640625,True,True
qwen25_3b,Qwen2.5-3B,agr_0011,PS,The representatives of the project in question,3.09375,True,True
qwen25_3b,Qwen2.5-3B,agr_0011,PP,The representatives of the projects in question,5.640625,True,True
qwen25_3b,Qwen2.5-3B,agr_0012,SS,The member of the bureau in question,2.734375,True,True
qwen25_3b,Qwen2.5-3B,agr_0012,SP,The member of the bureaus in question,0.046875,True,False
qwen25_3b,Qwen2.5-3B,agr_0012,PS,The members of the bureau in question,5.8515625,True,True
qwen25_3b,Qwen2.5-3B,agr_0012,PP,The members of the bureaus in question,7.4609375,True,True
qwen25_3b,Qwen2.5-3B,agr_0013,SS,The advisor of the council in question,6.234375,True,True
qwen25_3b,Qwen2.5-3B,agr_0013,SP,The advisor of the councils in question,2.359375,True,True
qwen25_3b,Qwen2.5-3B,agr_0013,PS,The advisors of the council in question,4.5078125,True,True
qwen25_3b,Qwen2.5-3B,agr_0013,PP,The advisors of the councils in question,6.46875,True,True
qwen25_3b,Qwen2.5-3B,agr_0014,SS,The student of the organization in question,4.0,True,True
qwen25_3b,Qwen2.5-3B,agr_0014,SP,The student of the organizations in question,1.171875,True,True
qwen25_3b,Qwen2.5-3B,agr_0014,PS,The students of the organization in question,5.3671875,True,True
qwen25_3b,Qwen2.5-3B,agr_0014,PP,The students of the organizations in question,6.2734375,True,True
qwen25_3b,Qwen2.5-3B,agr_0015,SS,The advisor of the service in question,6.1015625,True,True
qwen25_3b,Qwen2.5-3B,agr_0015,SP,The advisor of the services in question,1.3125,True,True
qwen25_3b,Qwen2.5-3B,agr_0015,PS,The advisors of the service in question,3.3984375,True,True
qwen25_3b,Qwen2.5-3B,agr_0015,PP,The advisors of the services in question,5.25,True,True
qwen25_3b,Qwen2.5-3B,agr_0016,SS,The student of the department in question,3.8125,True,True
qwen25_3b,Qwen2.5-3B,agr_0016,SP,The student of the departments in question,0.609375,True,False
qwen25_3b,Qwen2.5-3B,agr_0016,PS,The students of the department in question,4.921875,True,True
qwen25_3b,Qwen2.5-3B,agr_0016,PP,The students of the departments in question,6.2890625,True,True
qwen25_3b,Qwen2.5-3B,agr_0017,SS,The journalist of the program in question,5.3671875,True,True
qwen25_3b,Qwen2.5-3B,agr_0017,SP,The journalist of the programs in question,2.015625,True,True
qwen25_3b,Qwen2.5-3B,agr_0017,PS,The journalists of the program in question,5.265625,True,True
qwen25_3b,Qwen2.5-3B,agr_0017,PP,The journalists of the programs in question,7.0546875,True,True
qwen25_3b,Qwen2.5-3B,agr_0018,SS,The director of the unit in question,7.9765625,True,True
qwen25_3b,Qwen2.5-3B,agr_0018,SP,The director of the units in question,0.296875,True,False
qwen25_3b,Qwen2.5-3B,agr_0018,PS,The directors of the unit in question,4.15625,True,True
qwen25_3b,Qwen2.5-3B,agr_0018,PP,The directors of the units in question,6.609375,True,True
qwen25_3b,Qwen2.5-3B,agr_0019,SS,The candidate of the council in question,5.296875,True,True
qwen25_3b,Qwen2.5-3B,agr_0019,SP,The candidate of the councils in question,1.453125,True,True
qwen25_3b,Qwen2.5-3B,agr_0019,PS,The candidates of the council in question,5.09375,True,True
qwen25_3b,Qwen2.5-3B,agr_0019,PP,The candidates of the councils in question,6.7421875,True,True
qwen25_3b,Qwen2.5-3B,agr_0020,SS,The scientist of the school in question,2.71875,True,True
qwen25_3b,Qwen2.5-3B,agr_0020,SP,The scientist of the schools in question,0.125,True,False
qwen25_3b,Qwen2.5-3B,agr_0020,PS,The scientists of the school in question,5.5,True,True
qwen25_3b,Qwen2.5-3B,agr_0020,PP,The scientists of the schools in question,7.0078125,True,True
qwen25_3b,Qwen2.5-3B,agr_0021,SS,The painter of the alliance in question,7.6328125,True,True
qwen25_3b,Qwen2.5-3B,agr_0021,SP,The painter of the alliances in question,5.6328125,True,True
qwen25_3b,Qwen2.5-3B,agr_0021,PS,The painters of the alliance in question,4.6015625,True,True
qwen25_3b,Qwen2.5-3B,agr_0021,PP,The painters of the alliances in question,5.515625,True,True
qwen25_3b,Qwen2.5-3B,agr_0022,SS,The director of the consortium in question,6.6171875,True,True
qwen25_3b,Qwen2.5-3B,agr_0022,SP,The director of the consortiums in question,1.640625,True,True
qwen25_3b,Qwen2.5-3B,agr_0022,PS,The directors of the consortium in question,5.5859375,True,True
qwen25_3b,Qwen2.5-3B,agr_0022,PP,The directors of the consortiums in question,6.828125,True,True
qwen25_3b,Qwen2.5-3B,agr_0023,SS,The researcher of the partnership in question,4.359375,True,True
qwen25_3b,Qwen2.5-3B,agr_0023,SP,The researcher of the partnerships in question,2.4375,True,True
qwen25_3b,Qwen2.5-3B,agr_0023,PS,The researchers of the partnership in question,5.6875,True,True
qwen25_3b,Qwen2.5-3B,agr_0023,PP,The researchers of the partnerships in question,7.65625,True,True
qwen25_3b,Qwen2.5-3B,agr_0024,SS,The leader of the coalition in question,6.6640625,True,True
qwen25_3b,Qwen2.5-3B,agr_0024,SP,The leader of the coalitions in question,3.359375,True,True
qwen25_3b,Qwen2.5-3B,agr_0024,PS,The leaders of the coalition in question,4.453125,True,True
qwen25_3b,Qwen2.5-3B,agr_0024,PP,The leaders of the coalitions in question,6.53125,True,True
qwen25_3b,Qwen2.5-3B,agr_0025,SS,The engineer of the platform in question,7.359375,True,True
qwen25_3b,Qwen2.5-3B,agr_0025,SP,The engineer of the platforms in question,2.203125,True,True
qwen25_3b,Qwen2.5-3B,agr_0025,PS,The engineers of the platform in question,5.5078125,True,True
qwen25_3b,Qwen2.5-3B,agr_0025,PP,The engineers of the platforms in question,7.0234375,True,True
qwen25_3b,Qwen2.5-3B,agr_0026,SS,The driver of the forum in question,5.1875,True,True
qwen25_3b,Qwen2.5-3B,agr_0026,SP,The driver of the forums in question,2.015625,True,True
qwen25_3b,Qwen2.5-3B,agr_0026,PS,The drivers of the forum in question,3.984375,True,True
qwen25_3b,Qwen2.5-3B,agr_0026,PP,The drivers of the forums in question,4.28125,True,True
qwen25_3b,Qwen2.5-3B,agr_0027,SS,The administrator of the region in question,6.046875,True,True
qwen25_3b,Qwen2.5-3B,agr_0027,SP,The administrator of the regions in question,1.640625,True,True
qwen25_3b,Qwen2.5-3B,agr_0027,PS,The administrators of the region in question,5.6171875,True,True
qwen25_3b,Qwen2.5-3B,agr_0027,PP,The administrators of the regions in question,7.171875,True,True
qwen25_3b,Qwen2.5-3B,agr_0028,SS,The inspector of the project in question,7.6015625,True,True
qwen25_3b,Qwen2.5-3B,agr_0028,SP,The inspector of the projects in question,3.046875,True,True
qwen25_3b,Qwen2.5-3B,agr_0028,PS,The inspectors of the project in question,4.6484375,True,True
qwen25_3b,Qwen2.5-3B,agr_0028,PP,The inspectors of the projects in question,6.265625,True,True
qwen25_3b,Qwen2.5-3B,agr_0029,SS,The technician of the project in question,7.140625,True,True
qwen25_3b,Qwen2.5-3B,agr_0029,SP,The technician of the projects in question,2.9765625,True,True
qwen25_3b,Qwen2.5-3B,agr_0029,PS,The technicians of the project in question,5.3671875,True,True
qwen25_3b,Qwen2.5-3B,agr_0029,PP,The technicians of the projects in question,7.2265625,True,True
qwen25_3b,Qwen2.5-3B,agr_0030,SS,The student of the institution in question,3.5703125,True,True
qwen25_3b,Qwen2.5-3B,agr_0030,SP,The student of the institutions in question,1.578125,True,True
qwen25_3b,Qwen2.5-3B,agr_0030,PS,The students of the institution in question,4.4921875,True,True
qwen25_3b,Qwen2.5-3B,agr_0030,PP,The students of the institutions in question,6.4609375,True,True
qwen25_3b,Qwen2.5-3B,agr_0031,SS,The doctor of the coalition in question,4.7734375,True,True
qwen25_3b,Qwen2.5-3B,agr_0031,SP,The doctor of the coalitions in question,2.0,True,True
qwen25_3b,Qwen2.5-3B,agr_0031,PS,The doctors of the coalition in question,5.1015625,True,True
qwen25_3b,Qwen2.5-3B,agr_0031,PP,The doctors of the coalitions in question,7.140625,True,True
qwen25_3b,Qwen2.5-3B,agr_0032,SS,The teacher of the firm in question,5.90625,True,True
qwen25_3b,Qwen2.5-3B,agr_0032,SP,The teacher of the firms in question,2.765625,True,True
qwen25_3b,Qwen2.5-3B,agr_0032,PS,The teachers of the firm in question,3.453125,True,True
qwen25_3b,Qwen2.5-3B,agr_0032,PP,The teachers of the firms in question,5.296875,True,True
qwen25_3b,Qwen2.5-3B,agr_0033,SS,The auditor of the district in question,6.6171875,True,True
qwen25_3b,Qwen2.5-3B,agr_0033,SP,The auditor of the districts in question,2.6484375,True,True
qwen25_3b,Qwen2.5-3B,agr_0033,PS,The auditors of the district in question,5.5,True,True
qwen25_3b,Qwen2.5-3B,agr_0033,PP,The auditors of the districts in question,6.59375,True,True
qwen25_3b,Qwen2.5-3B,agr_0034,SS,The designer of the coalition in question,6.59375,True,True
qwen25_3b,Qwen2.5-3B,agr_0034,SP,The designer of the coalitions in question,3.171875,True,True
qwen25_3b,Qwen2.5-3B,agr_0034,PS,The designers of the coalition in question,6.3046875,True,True
qwen25_3b,Qwen2.5-3B,agr_0034,PP,The designers of the coalitions in question,8.1796875,True,True
qwen25_3b,Qwen2.5-3B,agr_0035,SS,The consultant of the region in question,5.390625,True,True
qwen25_3b,Qwen2.5-3B,agr_0035,SP,The consultant of the regions in question,1.625,True,True
qwen25_3b,Qwen2.5-3B,agr_0035,PS,The consultants of the region in question,4.7421875,True,True
qwen25_3b,Qwen2.5-3B,agr_0035,PP,The consultants of the regions in question,6.84375,True,True
qwen25_3b,Qwen2.5-3B,agr_0036,SS,The auditor of the division in question,7.296875,True,True
qwen25_3b,Qwen2.5-3B,agr_0036,SP,The auditor of the divisions in question,2.390625,True,True
qwen25_3b,Qwen2.5-3B,agr_0036,PS,The auditors of the division in question,5.78125,True,True
qwen25_3b,Qwen2.5-3B,agr_0036,PP,The auditors of the divisions in question,6.1640625,True,True
qwen25_3b,Qwen2.5-3B,agr_0037,SS,The engineer of the institute in question,6.3203125,True,True
qwen25_3b,Qwen2.5-3B,agr_0037,SP,The engineer of the institutes in question,1.15625,True,True
qwen25_3b,Qwen2.5-3B,agr_0037,PS,The engineers of the institute in question,5.8203125,True,True
qwen25_3b,Qwen2.5-3B,agr_0037,PP,The engineers of the institutes in question,7.3359375,True,True
qwen25_3b,Qwen2.5-3B,agr_0038,SS,The examiner of the division in question,5.7890625,True,True
qwen25_3b,Qwen2.5-3B,agr_0038,SP,The examiner of the divisions in question,2.8046875,True,True
qwen25_3b,Qwen2.5-3B,agr_0038,PS,The examiners of the division in question,5.4609375,True,True
qwen25_3b,Qwen2.5-3B,agr_0038,PP,The examiners of the divisions in question,6.28125,True,True
qwen25_3b,Qwen2.5-3B,agr_0039,SS,The member of the partnership in question,3.265625,True,True
qwen25_3b,Qwen2.5-3B,agr_0039,SP,The member of the partnerships in question,0.15625,True,False
qwen25_3b,Qwen2.5-3B,agr_0039,PS,The members of the partnership in question,6.3671875,True,True
qwen25_3b,Qwen2.5-3B,agr_0039,PP,The members of the partnerships in question,7.7578125,True,True
qwen25_3b,Qwen2.5-3B,agr_0040,SS,The coordinator of the hospital in question,6.375,True,True
qwen25_3b,Qwen2.5-3B,agr_0040,SP,The coordinator of the hospitals in question,2.34375,True,True
qwen25_3b,Qwen2.5-3B,agr_0040,PS,The coordinators of the hospital in question,5.078125,True,True
qwen25_3b,Qwen2.5-3B,agr_0040,PP,The coordinators of the hospitals in question,6.265625,True,True
qwen25_3b,Qwen2.5-3B,agr_0041,SS,The leader of the company in question,7.984375,True,True
qwen25_3b,Qwen2.5-3B,agr_0041,SP,The leader of the companies in question,3.421875,True,True
qwen25_3b,Qwen2.5-3B,agr_0041,PS,The leaders of the company in question,3.6484375,True,True
qwen25_3b,Qwen2.5-3B,agr_0041,PP,The leaders of the companies in question,6.3046875,True,True
qwen25_3b,Qwen2.5-3B,agr_0042,SS,The director of the organization in question,6.4140625,True,True
qwen25_3b,Qwen2.5-3B,agr_0042,SP,The director of the organizations in question,0.75,True,False
qwen25_3b,Qwen2.5-3B,agr_0042,PS,The directors of the organization in question,4.8828125,True,True
qwen25_3b,Qwen2.5-3B,agr_0042,PP,The directors of the organizations in question,6.9140625,True,True
qwen25_3b,Qwen2.5-3B,agr_0043,SS,The manager of the centre in question,6.9296875,True,True
qwen25_3b,Qwen2.5-3B,agr_0043,SP,The manager of the centres in question,2.34375,True,True
qwen25_3b,Qwen2.5-3B,agr_0043,PS,The managers of the centre in question,5.5390625,True,True
qwen25_3b,Qwen2.5-3B,agr_0043,PP,The managers of the centres in question,7.4140625,True,True
qwen25_3b,Qwen2.5-3B,agr_0044,SS,The doctor of the board in question,5.3046875,True,True
qwen25_3b,Qwen2.5-3B,agr_0044,SP,The doctor of the boards in question,3.296875,True,True
qwen25_3b,Qwen2.5-3B,agr_0044,PS,The doctors of the board in question,4.4140625,True,True
qwen25_3b,Qwen2.5-3B,agr_0044,PP,The doctors of the boards in question,5.7890625,True,True
qwen25_3b,Qwen2.5-3B,agr_0045,SS,The student of the company in question,3.984375,True,True
qwen25_3b,Qwen2.5-3B,agr_0045,SP,The student of the companies in question,1.515625,True,True
qwen25_3b,Qwen2.5-3B,agr_0045,PS,The students of the company in question,4.4609375,True,True
qwen25_3b,Qwen2.5-3B,agr_0045,PP,The students of the companies in question,5.765625,True,True
qwen25_3b,Qwen2.5-3B,agr_0046,SS,The lecturer of the alliance in question,5.7109375,True,True
qwen25_3b,Qwen2.5-3B,agr_0046,SP,The lecturer of the alliances in question,3.296875,True,True
qwen25_3b,Qwen2.5-3B,agr_0046,PS,The lecturers of the alliance in question,5.9296875,True,True
qwen25_3b,Qwen2.5-3B,agr_0046,PP,The lecturers of the alliances in question,7.6875,True,True
qwen25_3b,Qwen2.5-3B,agr_0047,SS,The consultant of the authority in question,5.03125,True,True
qwen25_3b,Qwen2.5-3B,agr_0047,SP,The consultant of the authorities in question,2.8984375,True,True
qwen25_3b,Qwen2.5-3B,agr_0047,PS,The consultants of the authority in question,5.21875,True,True
qwen25_3b,Qwen2.5-3B,agr_0047,PP,The consultants of the authorities in question,5.2109375,True,True
qwen25_3b,Qwen2.5-3B,agr_0048,SS,The researcher of the group in question,4.2421875,True,True
qwen25_3b,Qwen2.5-3B,agr_0048,SP,The researcher of the groups in question,2.0625,True,True
qwen25_3b,Qwen2.5-3B,agr_0048,PS,The researchers of the group in question,5.375,True,True
qwen25_3b,Qwen2.5-3B,agr_0048,PP,The researchers of the groups in question,6.90625,True,True
qwen25_3b,Qwen2.5-3B,agr_0049,SS,The reporter of the college in question,4.625,True,True
qwen25_3b,Qwen2.5-3B,agr_0049,SP,The reporter of the colleges in question,1.34375,True,True
qwen25_3b,Qwen2.5-3B,agr_0049,PS,The reporters of the college in question,4.4609375,True,True
qwen25_3b,Qwen2.5-3B,agr_0049,PP,The reporters of the colleges in question,5.3671875,True,True
qwen25_3b,Qwen2.5-3B,agr_0050,SS,The reporter of the network in question,5.703125,True,True
qwen25_3b,Qwen2.5-3B,agr_0050,SP,The reporter of the networks in question,1.453125,True,True
qwen25_3b,Qwen2.5-3B,agr_0050,PS,The reporters of the network in question,4.359375,True,True
qwen25_3b,Qwen2.5-3B,agr_0050,PP,The reporters of the networks in question,6.1796875,True,True
qwen25_3b,Qwen2.5-3B,agr_0051,SS,The lecturer of the firm in question,5.0,True,True
qwen25_3b,Qwen2.5-3B,agr_0051,SP,The lecturer of the firms in question,1.90625,True,True
qwen25_3b,Qwen2.5-3B,agr_0051,PS,The lecturers of the firm in question,4.3671875,True,True
qwen25_3b,Qwen2.5-3B,agr_0051,PP,The lecturers of the firms in question,6.078125,True,True
qwen25_3b,Qwen2.5-3B,agr_0052,SS,The artist of the facility in question,5.3984375,True,True
qwen25_3b,Qwen2.5-3B,agr_0052,SP,The artist of the facilities in question,2.78125,True,True
qwen25_3b,Qwen2.5-3B,agr_0052,PS,The artists of the facility in question,5.390625,True,True
qwen25_3b,Qwen2.5-3B,agr_0052,PP,The artists of the facilities in question,6.203125,True,True
qwen25_3b,Qwen2.5-3B,agr_0053,SS,The editor of the institute in question,6.5859375,True,True
qwen25_3b,Qwen2.5-3B,agr_0053,SP,The editor of the institutes in question,4.3046875,True,True
qwen25_3b,Qwen2.5-3B,agr_0053,PS,The editors of the institute in question,4.71875,True,True
qwen25_3b,Qwen2.5-3B,agr_0053,PP,The editors of the institutes in question,6.6875,True,True
qwen25_3b,Qwen2.5-3B,agr_0054,SS,The employee of the agency in question,5.03125,True,True
qwen25_3b,Qwen2.5-3B,agr_0054,SP,The employee of the agencies in question,0.34375,True,False
qwen25_3b,Qwen2.5-3B,agr_0054,PS,The employees of the agency in question,5.1171875,True,True
qwen25_3b,Qwen2.5-3B,agr_0054,PP,The employees of the agencies in question,7.0,True,True
qwen25_3b,Qwen2.5-3B,agr_0055,SS,The planner of the district in question,6.7421875,True,True
qwen25_3b,Qwen2.5-3B,agr_0055,SP,The planner of the districts in question,3.3125,True,True
qwen25_3b,Qwen2.5-3B,agr_0055,PS,The planners of the district in question,5.5,True,True
qwen25_3b,Qwen2.5-3B,agr_0055,PP,The planners of the districts in question,7.3828125,True,True
qwen25_3b,Qwen2.5-3B,agr_0056,SS,The scientist of the sector in question,3.6640625,True,True
qwen25_3b,Qwen2.5-3B,agr_0056,SP,The scientist of the sectors in question,1.03125,True,True
qwen25_3b,Qwen2.5-3B,agr_0056,PS,The scientists of the sector in question,4.7734375,True,True
qwen25_3b,Qwen2.5-3B,agr_0056,PP,The scientists of the sectors in question,7.65625,True,True
qwen25_3b,Qwen2.5-3B,agr_0057,SS,The doctor of the station in question,5.6171875,True,True
qwen25_3b,Qwen2.5-3B,agr_0057,SP,The doctor of the stations in question,2.015625,True,True
qwen25_3b,Qwen2.5-3B,agr_0057,PS,The doctors of the station in question,3.828125,True,True
qwen25_3b,Qwen2.5-3B,agr_0057,PP,The doctors of the stations in question,6.1640625,True,True
qwen25_3b,Qwen2.5-3B,agr_0058,SS,The employee of the enterprise in question,5.734375,True,True
qwen25_3b,Qwen2.5-3B,agr_0058,SP,The employee of the enterprises in question,0.140625,True,False
qwen25_3b,Qwen2.5-3B,agr_0058,PS,The employees of the enterprise in question,5.5859375,True,True
qwen25_3b,Qwen2.5-3B,agr_0058,PP,The employees of the enterprises in question,6.90625,True,True
qwen25_3b,Qwen2.5-3B,agr_0059,SS,The administrator of the project in question,7.265625,True,True
qwen25_3b,Qwen2.5-3B,agr_0059,SP,The administrator of the projects in question,2.375,True,True
qwen25_3b,Qwen2.5-3B,agr_0059,PS,The administrators of the project in question,5.0859375,True,True
qwen25_3b,Qwen2.5-3B,agr_0059,PP,The administrators of the projects in question,6.8359375,True,True
qwen25_3b,Qwen2.5-3B,agr_0060,SS,The supervisor of the group in question,5.78125,True,True
qwen25_3b,Qwen2.5-3B,agr_0060,SP,The supervisor of the groups in question,2.25,True,True
qwen25_3b,Qwen2.5-3B,agr_0060,PS,The supervisors of the group in question,4.5625,True,True
qwen25_3b,Qwen2.5-3B,agr_0060,PP,The supervisors of the groups in question,6.34375,True,True
qwen25_3b,Qwen2.5-3B,agr_0061,SS,The technician of the college in question,5.578125,True,True
qwen25_3b,Qwen2.5-3B,agr_0061,SP,The technician of the colleges in question,1.578125,True,True
qwen25_3b,Qwen2.5-3B,agr_0061,PS,The technicians of the college in question,4.71875,True,True
qwen25_3b,Qwen2.5-3B,agr_0061,PP,The technicians of the colleges in question,6.546875,True,True
qwen25_3b,Qwen2.5-3B,agr_0062,SS,The doctor of the facility in question,5.765625,True,True
qwen25_3b,Qwen2.5-3B,agr_0062,SP,The doctor of the facilities in question,1.75,True,True
qwen25_3b,Qwen2.5-3B,agr_0062,PS,The doctors of the facility in question,4.703125,True,True
qwen25_3b,Qwen2.5-3B,agr_0062,PP,The doctors of the facilities in question,6.6484375,True,True
qwen25_3b,Qwen2.5-3B,agr_0063,SS,The owner of the agency in question,7.6875,True,True
qwen25_3b,Qwen2.5-3B,agr_0063,SP,The owner of the agencies in question,2.578125,True,True
qwen25_3b,Qwen2.5-3B,agr_0063,PS,The owners of the agency in question,4.78125,True,True
qwen25_3b,Qwen2.5-3B,agr_0063,PP,The owners of the agencies in question,6.8359375,True,True
qwen25_3b,Qwen2.5-3B,agr_0064,SS,The supervisor of the district in question,5.9375,True,True
qwen25_3b,Qwen2.5-3B,agr_0064,SP,The supervisor of the districts in question,1.625,True,True
qwen25_3b,Qwen2.5-3B,agr_0064,PS,The supervisors of the district in question,4.4453125,True,True
qwen25_3b,Qwen2.5-3B,agr_0064,PP,The supervisors of the districts in question,6.1328125,True,True
qwen25_3b,Qwen2.5-3B,agr_0065,SS,The analyst of the bureau in question,5.4765625,True,True
qwen25_3b,Qwen2.5-3B,agr_0065,SP,The analyst of the bureaus in question,1.109375,True,True
qwen25_3b,Qwen2.5-3B,agr_0065,PS,The analysts of the bureau in question,6.1953125,True,True
qwen25_3b,Qwen2.5-3B,agr_0065,PP,The analysts of the bureaus in question,7.1484375,True,True
qwen25_3b,Qwen2.5-3B,agr_0066,SS,The journalist of the agency in question,4.71875,True,True
qwen25_3b,Qwen2.5-3B,agr_0066,SP,The journalist of the agencies in question,0.3125,True,False
qwen25_3b,Qwen2.5-3B,agr_0066,PS,The journalists of the agency in question,5.6015625,True,True
qwen25_3b,Qwen2.5-3B,agr_0066,PP,The journalists of the agencies in question,7.3984375,True,True
qwen25_3b,Qwen2.5-3B,agr_0067,SS,The driver of the partnership in question,5.4375,True,True
qwen25_3b,Qwen2.5-3B,agr_0067,SP,The driver of the partnerships in question,0.625,True,False
qwen25_3b,Qwen2.5-3B,agr_0067,PS,The drivers of the partnership in question,4.7265625,True,True
qwen25_3b,Qwen2.5-3B,agr_0067,PP,The drivers of the partnerships in question,6.1640625,True,True
qwen25_3b,Qwen2.5-3B,agr_0068,SS,The designer of the university in question,8.7890625,True,True
qwen25_3b,Qwen2.5-3B,agr_0068,SP,The designer of the universities in question,3.484375,True,True
qwen25_3b,Qwen2.5-3B,agr_0068,PS,The designers of the university in question,6.1328125,True,True
qwen25_3b,Qwen2.5-3B,agr_0068,PP,The designers of the universities in question,7.84375,True,True
qwen25_3b,Qwen2.5-3B,agr_0069,SS,The teacher of the institution in question,6.390625,True,True
qwen25_3b,Qwen2.5-3B,agr_0069,SP,The teacher of the institutions in question,2.078125,True,True
qwen25_3b,Qwen2.5-3B,agr_0069,PS,The teachers of the institution in question,4.09375,True,True
qwen25_3b,Qwen2.5-3B,agr_0069,PP,The teachers of the institutions in question,5.9140625,True,True
qwen25_3b,Qwen2.5-3B,agr_0070,SS,The supervisor of the institution in question,8.2265625,True,True
qwen25_3b,Qwen2.5-3B,agr_0070,SP,The supervisor of the institutions in question,2.15625,True,True
qwen25_3b,Qwen2.5-3B,agr_0070,PS,The supervisors of the institution in question,4.2578125,True,True
qwen25_3b,Qwen2.5-3B,agr_0070,PP,The supervisors of the institutions in question,6.1171875,True,True
qwen25_3b,Qwen2.5-3B,agr_0071,SS,The accountant of the coalition in question,6.6796875,True,True
qwen25_3b,Qwen2.5-3B,agr_0071,SP,The accountant of the coalitions in question,1.9375,True,True
qwen25_3b,Qwen2.5-3B,agr_0071,PS,The accountants of the coalition in question,5.0625,True,True
qwen25_3b,Qwen2.5-3B,agr_0071,PP,The accountants of the coalitions in question,6.46875,True,True
qwen25_3b,Qwen2.5-3B,agr_0072,SS,The architect of the organization in question,7.5390625,True,True
qwen25_3b,Qwen2.5-3B,agr_0072,SP,The architect of the organizations in question,2.578125,True,True
qwen25_3b,Qwen2.5-3B,agr_0072,PS,The architects of the organization in question,5.7109375,True,True
qwen25_3b,Qwen2.5-3B,agr_0072,PP,The architects of the organizations in question,7.4765625,True,True
qwen25_3b,Qwen2.5-3B,agr_0073,SS,The assistant of the district in question,4.359375,True,True
qwen25_3b,Qwen2.5-3B,agr_0073,SP,The assistant of the districts in question,0.375,True,False
qwen25_3b,Qwen2.5-3B,agr_0073,PS,The assistants of the district in question,3.7578125,True,True
qwen25_3b,Qwen2.5-3B,agr_0073,PP,The assistants of the districts in question,5.7734375,True,True
qwen25_3b,Qwen2.5-3B,agr_0074,SS,The lecturer of the organization in question,5.9375,True,True
qwen25_3b,Qwen2.5-3B,agr_0074,SP,The lecturer of the organizations in question,2.265625,True,True
qwen25_3b,Qwen2.5-3B,agr_0074,PS,The lecturers of the organization in question,4.765625,True,True
qwen25_3b,Qwen2.5-3B,agr_0074,PP,The lecturers of the organizations in question,6.25,True,True
qwen25_3b,Qwen2.5-3B,agr_0075,SS,The inspector of the centre in question,6.0,True,True
qwen25_3b,Qwen2.5-3B,agr_0075,SP,The inspector of the centres in question,2.390625,True,True
qwen25_3b,Qwen2.5-3B,agr_0075,PS,The inspectors of the centre in question,5.546875,True,True
qwen25_3b,Qwen2.5-3B,agr_0075,PP,The inspectors of the centres in question,7.09375,True,True
qwen25_3b,Qwen2.5-3B,agr_0076,SS,The evaluator of the coalition in question,5.1484375,True,True
qwen25_3b,Qwen2.5-3B,agr_0076,SP,The evaluator of the coalitions in question,2.765625,True,True
qwen25_3b,Qwen2.5-3B,agr_0076,PS,The evaluators of the coalition in question,5.3125,True,True
qwen25_3b,Qwen2.5-3B,agr_0076,PP,The evaluators of the coalitions in question,6.8046875,True,True
qwen25_3b,Qwen2.5-3B,agr_0077,SS,The director of the team in question,7.140625,True,True
qwen25_3b,Qwen2.5-3B,agr_0077,SP,The director of the teams in question,0.828125,True,False
qwen25_3b,Qwen2.5-3B,agr_0077,PS,The directors of the team in question,5.1640625,True,True
qwen25_3b,Qwen2.5-3B,agr_0077,PP,The directors of the teams in question,6.359375,True,True
qwen25_3b,Qwen2.5-3B,agr_0078,SS,The researcher of the forum in question,4.796875,True,True
qwen25_3b,Qwen2.5-3B,agr_0078,SP,The researcher of the forums in question,2.5703125,True,True
qwen25_3b,Qwen2.5-3B,agr_0078,PS,The researchers of the forum in question,5.4453125,True,True
qwen25_3b,Qwen2.5-3B,agr_0078,PP,The researchers of the forums in question,6.0234375,True,True
qwen25_3b,Qwen2.5-3B,agr_0079,SS,The evaluator of the service in question,7.2109375,True,True
qwen25_3b,Qwen2.5-3B,agr_0079,SP,The evaluator of the services in question,4.484375,True,True
qwen25_3b,Qwen2.5-3B,agr_0079,PS,The evaluators of the service in question,3.921875,True,True
qwen25_3b,Qwen2.5-3B,agr_0079,PP,The evaluators of the services in question,4.96875,True,True
qwen25_3b,Qwen2.5-3B,agr_0080,SS,The editor of the station in question,6.3046875,True,True
qwen25_3b,Qwen2.5-3B,agr_0080,SP,The editor of the stations in question,1.59375,True,True
qwen25_3b,Qwen2.5-3B,agr_0080,PS,The editors of the station in question,3.90625,True,True
qwen25_3b,Qwen2.5-3B,agr_0080,PP,The editors of the stations in question,6.6015625,True,True
qwen25_3b,Qwen2.5-3B,agr_0081,SS,The executive of the company in question,3.7578125,True,True
qwen25_3b,Qwen2.5-3B,agr_0081,SP,The executive of the companies in question,-0.203125,False,False
qwen25_3b,Qwen2.5-3B,agr_0081,PS,The executives of the company in question,4.7734375,True,True
qwen25_3b,Qwen2.5-3B,agr_0081,PP,The executives of the companies in question,6.578125,True,True
qwen25_3b,Qwen2.5-3B,agr_0082,SS,The auditor of the consortium in question,5.890625,True,True
qwen25_3b,Qwen2.5-3B,agr_0082,SP,The auditor of the consortiums in question,2.265625,True,True
qwen25_3b,Qwen2.5-3B,agr_0082,PS,The auditors of the consortium in question,5.609375,True,True
qwen25_3b,Qwen2.5-3B,agr_0082,PP,The auditors of the consortiums in question,6.2734375,True,True
qwen25_3b,Qwen2.5-3B,agr_0083,SS,The painter of the division in question,7.46875,True,True
qwen25_3b,Qwen2.5-3B,agr_0083,SP,The painter of the divisions in question,4.84375,True,True
qwen25_3b,Qwen2.5-3B,agr_0083,PS,The painters of the division in question,5.2421875,True,True
qwen25_3b,Qwen2.5-3B,agr_0083,PP,The painters of the divisions in question,6.15625,True,True
qwen25_3b,Qwen2.5-3B,agr_0084,SS,The advisor of the group in question,7.171875,True,True
qwen25_3b,Qwen2.5-3B,agr_0084,SP,The advisor of the groups in question,1.8125,True,True
qwen25_3b,Qwen2.5-3B,agr_0084,PS,The advisors of the group in question,4.703125,True,True
qwen25_3b,Qwen2.5-3B,agr_0084,PP,The advisors of the groups in question,6.6875,True,True
qwen25_3b,Qwen2.5-3B,agr_0085,SS,The advisor of the network in question,6.6171875,True,True
qwen25_3b,Qwen2.5-3B,agr_0085,SP,The advisor of the networks in question,1.515625,True,True
qwen25_3b,Qwen2.5-3B,agr_0085,PS,The advisors of the network in question,3.7265625,True,True
qwen25_3b,Qwen2.5-3B,agr_0085,PP,The advisors of the networks in question,6.546875,True,True
qwen25_3b,Qwen2.5-3B,agr_0086,SS,The planner of the division in question,6.84375,True,True
qwen25_3b,Qwen2.5-3B,agr_0086,SP,The planner of the divisions in question,3.125,True,True
qwen25_3b,Qwen2.5-3B,agr_0086,PS,The planners of the division in question,6.1796875,True,True
qwen25_3b,Qwen2.5-3B,agr_0086,PP,The planners of the divisions in question,6.734375,True,True
qwen25_3b,Qwen2.5-3B,agr_0087,SS,The supervisor of the company in question,6.625,True,True
qwen25_3b,Qwen2.5-3B,agr_0087,SP,The supervisor of the companies in question,2.390625,True,True
qwen25_3b,Qwen2.5-3B,agr_0087,PS,The supervisors of the company in question,4.3125,True,True
qwen25_3b,Qwen2.5-3B,agr_0087,PP,The supervisors of the companies in question,6.25,True,True
qwen25_3b,Qwen2.5-3B,agr_0088,SS,The consultant of the forum in question,5.296875,True,True
qwen25_3b,Qwen2.5-3B,agr_0088,SP,The consultant of the forums in question,3.3125,True,True
qwen25_3b,Qwen2.5-3B,agr_0088,PS,The consultants of the forum in question,5.6171875,True,True
qwen25_3b,Qwen2.5-3B,agr_0088,PP,The consultants of the forums in question,6.125,True,True
qwen25_3b,Qwen2.5-3B,agr_0089,SS,The candidate of the hospital in question,5.609375,True,True
qwen25_3b,Qwen2.5-3B,agr_0089,SP,The candidate of the hospitals in question,1.046875,True,True
qwen25_3b,Qwen2.5-3B,agr_0089,PS,The candidates of the hospital in question,3.71875,True,True
qwen25_3b,Qwen2.5-3B,agr_0089,PP,The candidates of the hospitals in question,4.796875,True,True
qwen25_3b,Qwen2.5-3B,agr_0090,SS,The architect of the ministry in question,8.3828125,True,True
qwen25_3b,Qwen2.5-3B,agr_0090,SP,The architect of the ministries in question,3.90625,True,True
qwen25_3b,Qwen2.5-3B,agr_0090,PS,The architects of the ministry in question,6.1640625,True,True
qwen25_3b,Qwen2.5-3B,agr_0090,PP,The architects of the ministries in question,7.6171875,True,True
qwen25_3b,Qwen2.5-3B,agr_0091,SS,The executive of the district in question,3.5,True,True
qwen25_3b,Qwen2.5-3B,agr_0091,SP,The executive of the districts in question,-0.09375,False,False
qwen25_3b,Qwen2.5-3B,agr_0091,PS,The executives of the district in question,4.171875,True,True
qwen25_3b,Qwen2.5-3B,agr_0091,PP,The executives of the districts in question,5.9375,True,True
qwen25_3b,Qwen2.5-3B,agr_0092,SS,The evaluator of the authority in question,6.6015625,True,True
qwen25_3b,Qwen2.5-3B,agr_0092,SP,The evaluator of the authorities in question,2.828125,True,True
qwen25_3b,Qwen2.5-3B,agr_0092,PS,The evaluators of the authority in question,4.703125,True,True
qwen25_3b,Qwen2.5-3B,agr_0092,PP,The evaluators of the authorities in question,5.8828125,True,True
qwen25_3b,Qwen2.5-3B,agr_0093,SS,The builder of the organization in question,6.5390625,True,True
qwen25_3b,Qwen2.5-3B,agr_0093,SP,The builder of the organizations in question,2.359375,True,True
qwen25_3b,Qwen2.5-3B,agr_0093,PS,The builders of the organization in question,4.5390625,True,True
qwen25_3b,Qwen2.5-3B,agr_0093,PP,The builders of the organizations in question,6.578125,True,True
qwen25_3b,Qwen2.5-3B,agr_0094,SS,The operator of the team in question,4.9453125,True,True
qwen25_3b,Qwen2.5-3B,agr_0094,SP,The operator of the teams in question,1.859375,True,True
qwen25_3b,Qwen2.5-3B,agr_0094,PS,The operators of the team in question,3.5,True,True
qwen25_3b,Qwen2.5-3B,agr_0094,PP,The operators of the teams in question,5.8984375,True,True
qwen25_3b,Qwen2.5-3B,agr_0095,SS,The painter of the unit in question,6.0859375,True,True
qwen25_3b,Qwen2.5-3B,agr_0095,SP,The painter of the units in question,3.84375,True,True
qwen25_3b,Qwen2.5-3B,agr_0095,PS,The painters of the unit in question,4.2265625,True,True
qwen25_3b,Qwen2.5-3B,agr_0095,PP,The painters of the units in question,5.828125,True,True
qwen25_3b,Qwen2.5-3B,agr_0096,SS,The officer of the laboratory in question,5.8515625,True,True
qwen25_3b,Qwen2.5-3B,agr_0096,SP,The officer of the laboratories in question,3.2578125,True,True
qwen25_3b,Qwen2.5-3B,agr_0096,PS,The officers of the laboratory in question,4.0859375,True,True
qwen25_3b,Qwen2.5-3B,agr_0096,PP,The officers of the laboratories in question,6.0,True,True
qwen25_3b,Qwen2.5-3B,agr_0097,SS,The accountant of the network in question,7.125,True,True
qwen25_3b,Qwen2.5-3B,agr_0097,SP,The accountant of the networks in question,2.109375,True,True
qwen25_3b,Qwen2.5-3B,agr_0097,PS,The accountants of the network in question,4.21875,True,True
qwen25_3b,Qwen2.5-3B,agr_0097,PP,The accountants of the networks in question,6.65625,True,True
qwen25_3b,Qwen2.5-3B,agr_0098,SS,The candidate of the organization in question,5.7421875,True,True
qwen25_3b,Qwen2.5-3B,agr_0098,SP,The candidate of the organizations in question,0.984375,True,False
qwen25_3b,Qwen2.5-3B,agr_0098,PS,The candidates of the organization in question,3.265625,True,True
qwen25_3b,Qwen2.5-3B,agr_0098,PP,The candidates of the organizations in question,5.8203125,True,True
qwen25_3b,Qwen2.5-3B,agr_0099,SS,The architect of the corporation in question,8.0078125,True,True
qwen25_3b,Qwen2.5-3B,agr_0099,SP,The architect of the corporations in question,4.3046875,True,True
qwen25_3b,Qwen2.5-3B,agr_0099,PS,The architects of the corporation in question,6.125,True,True
qwen25_3b,Qwen2.5-3B,agr_0099,PP,The architects of the corporations in question,8.0859375,True,True
qwen25_3b,Qwen2.5-3B,agr_0100,SS,The director of the station in question,7.4765625,True,True
qwen25_3b,Qwen2.5-3B,agr_0100,SP,The director of the stations in question,0.53125,True,False
qwen25_3b,Qwen2.5-3B,agr_0100,PS,The directors of the station in question,4.5703125,True,True
qwen25_3b,Qwen2.5-3B,agr_0100,PP,The directors of the stations in question,6.609375,True,True
qwen25_3b,Qwen2.5-3B,agr_0101,SS,The programmer of the firm in question,5.484375,True,True
qwen25_3b,Qwen2.5-3B,agr_0101,SP,The programmer of the firms in question,-0.40625,False,False
qwen25_3b,Qwen2.5-3B,agr_0101,PS,The programmers of the firm in question,6.7109375,True,True
qwen25_3b,Qwen2.5-3B,agr_0101,PP,The programmers of the firms in question,7.5078125,True,True
qwen25_3b,Qwen2.5-3B,agr_0102,SS,The researcher of the authority in question,4.3359375,True,True
qwen25_3b,Qwen2.5-3B,agr_0102,SP,The researcher of the authorities in question,2.2265625,True,True
qwen25_3b,Qwen2.5-3B,agr_0102,PS,The researchers of the authority in question,5.40625,True,True
qwen25_3b,Qwen2.5-3B,agr_0102,PP,The researchers of the authorities in question,5.75,True,True
qwen25_3b,Qwen2.5-3B,agr_0103,SS,The planner of the laboratory in question,6.8515625,True,True
qwen25_3b,Qwen2.5-3B,agr_0103,SP,The planner of the laboratories in question,4.1953125,True,True
qwen25_3b,Qwen2.5-3B,agr_0103,PS,The planners of the laboratory in question,6.5078125,True,True
qwen25_3b,Qwen2.5-3B,agr_0103,PP,The planners of the laboratories in question,7.7265625,True,True
qwen25_3b,Qwen2.5-3B,agr_0104,SS,The editor of the association in question,6.9375,True,True
qwen25_3b,Qwen2.5-3B,agr_0104,SP,The editor of the associations in question,1.53125,True,True
qwen25_3b,Qwen2.5-3B,agr_0104,PS,The editors of the association in question,4.7421875,True,True
qwen25_3b,Qwen2.5-3B,agr_0104,PP,The editors of the associations in question,6.5625,True,True
qwen25_3b,Qwen2.5-3B,agr_0105,SS,The painter of the group in question,6.2734375,True,True
qwen25_3b,Qwen2.5-3B,agr_0105,SP,The painter of the groups in question,5.3515625,True,True
qwen25_3b,Qwen2.5-3B,agr_0105,PS,The painters of the group in question,5.5859375,True,True
qwen25_3b,Qwen2.5-3B,agr_0105,PP,The painters of the groups in question,7.0546875,True,True
qwen25_3b,Qwen2.5-3B,agr_0106,SS,The employee of the corporation in question,4.8125,True,True
qwen25_3b,Qwen2.5-3B,agr_0106,SP,The employee of the corporations in question,0.5,True,False
qwen25_3b,Qwen2.5-3B,agr_0106,PS,The employees of the corporation in question,5.6640625,True,True
qwen25_3b,Qwen2.5-3B,agr_0106,PP,The employees of the corporations in question,7.1484375,True,True
qwen25_3b,Qwen2.5-3B,agr_0107,SS,The consultant of the school in question,6.28125,True,True
qwen25_3b,Qwen2.5-3B,agr_0107,SP,The consultant of the schools in question,1.90625,True,True
qwen25_3b,Qwen2.5-3B,agr_0107,PS,The consultants of the school in question,4.4609375,True,True
qwen25_3b,Qwen2.5-3B,agr_0107,PP,The consultants of the schools in question,6.296875,True,True
qwen25_3b,Qwen2.5-3B,agr_0108,SS,The programmer of the enterprise in question,6.7578125,True,True
qwen25_3b,Qwen2.5-3B,agr_0108,SP,The programmer of the enterprises in question,0.34375,True,False
qwen25_3b,Qwen2.5-3B,agr_0108,PS,The programmers of the enterprise in question,7.234375,True,True
qwen25_3b,Qwen2.5-3B,agr_0108,PP,The programmers of the enterprises in question,7.4140625,True,True
qwen25_3b,Qwen2.5-3B,agr_0109,SS,The journalist of the corporation in question,4.5234375,True,True
qwen25_3b,Qwen2.5-3B,agr_0109,SP,The journalist of the corporations in question,1.609375,True,True
qwen25_3b,Qwen2.5-3B,agr_0109,PS,The journalists of the corporation in question,5.1328125,True,True
qwen25_3b,Qwen2.5-3B,agr_0109,PP,The journalists of the corporations in question,7.03125,True,True
qwen25_3b,Qwen2.5-3B,agr_0110,SS,The artist of the board in question,5.9921875,True,True
qwen25_3b,Qwen2.5-3B,agr_0110,SP,The artist of the boards in question,5.046875,True,True
qwen25_3b,Qwen2.5-3B,agr_0110,PS,The artists of the board in question,3.671875,True,True
qwen25_3b,Qwen2.5-3B,agr_0110,PP,The artists of the boards in question,5.5234375,True,True
qwen25_3b,Qwen2.5-3B,agr_0111,SS,The administrator of the organization in question,6.125,True,True
qwen25_3b,Qwen2.5-3B,agr_0111,SP,The administrator of the organizations in question,0.953125,True,False
qwen25_3b,Qwen2.5-3B,agr_0111,PS,The administrators of the organization in question,4.6796875,True,True
qwen25_3b,Qwen2.5-3B,agr_0111,PP,The administrators of the organizations in question,6.9921875,True,True
qwen25_3b,Qwen2.5-3B,agr_0112,SS,The student of the foundation in question,4.3828125,True,True
qwen25_3b,Qwen2.5-3B,agr_0112,SP,The student of the foundations in question,3.640625,True,True
qwen25_3b,Qwen2.5-3B,agr_0112,PS,The students of the foundation in question,4.8671875,True,True
qwen25_3b,Qwen2.5-3B,agr_0112,PP,The students of the foundations in question,3.890625,True,True
qwen25_3b,Qwen2.5-3B,agr_0113,SS,The operator of the company in question,5.9765625,True,True
qwen25_3b,Qwen2.5-3B,agr_0113,SP,The operator of the companies in question,2.390625,True,True
qwen25_3b,Qwen2.5-3B,agr_0113,PS,The operators of the company in question,4.3359375,True,True
qwen25_3b,Qwen2.5-3B,agr_0113,PP,The operators of the companies in question,7.0859375,True,True
qwen25_3b,Qwen2.5-3B,agr_0114,SS,The builder of the unit in question,7.0234375,True,True
qwen25_3b,Qwen2.5-3B,agr_0114,SP,The builder of the units in question,3.796875,True,True
qwen25_3b,Qwen2.5-3B,agr_0114,PS,The builders of the unit in question,4.0625,True,True
qwen25_3b,Qwen2.5-3B,agr_0114,PP,The builders of the units in question,6.140625,True,True
qwen25_3b,Qwen2.5-3B,agr_0115,SS,The engineer of the program in question,7.078125,True,True
qwen25_3b,Qwen2.5-3B,agr_0115,SP,The engineer of the programs in question,2.90625,True,True
qwen25_3b,Qwen2.5-3B,agr_0115,PS,The engineers of the program in question,6.125,True,True
qwen25_3b,Qwen2.5-3B,agr_0115,PP,The engineers of the programs in question,7.3203125,True,True
qwen25_3b,Qwen2.5-3B,agr_0116,SS,The architect of the committee in question,7.359375,True,True
qwen25_3b,Qwen2.5-3B,agr_0116,SP,The architect of the committees in question,4.34375,True,True
qwen25_3b,Qwen2.5-3B,agr_0116,PS,The architects of the committee in question,6.65625,True,True
qwen25_3b,Qwen2.5-3B,agr_0116,PP,The architects of the committees in question,7.734375,True,True
qwen25_3b,Qwen2.5-3B,agr_0117,SS,The commissioner of the division in question,7.34375,True,True
qwen25_3b,Qwen2.5-3B,agr_0117,SP,The commissioner of the divisions in question,1.8125,True,True
qwen25_3b,Qwen2.5-3B,agr_0117,PS,The commissioners of the division in question,4.234375,True,True
qwen25_3b,Qwen2.5-3B,agr_0117,PP,The commissioners of the divisions in question,5.4453125,True,True
qwen25_3b,Qwen2.5-3B,agr_0118,SS,The representative of the university in question,6.109375,True,True
qwen25_3b,Qwen2.5-3B,agr_0118,SP,The representative of the universities in question,2.34375,True,True
qwen25_3b,Qwen2.5-3B,agr_0118,PS,The representatives of the university in question,3.53125,True,True
qwen25_3b,Qwen2.5-3B,agr_0118,PP,The representatives of the universities in question,5.203125,True,True
qwen25_3b,Qwen2.5-3B,agr_0119,SS,The programmer of the ministry in question,5.8671875,True,True
qwen25_3b,Qwen2.5-3B,agr_0119,SP,The programmer of the ministries in question,1.140625,True,True
qwen25_3b,Qwen2.5-3B,agr_0119,PS,The programmers of the ministry in question,6.53125,True,True
qwen25_3b,Qwen2.5-3B,agr_0119,PP,The programmers of the ministries in question,7.640625,True,True
qwen25_3b,Qwen2.5-3B,agr_0120,SS,The student of the network in question,4.7265625,True,True
qwen25_3b,Qwen2.5-3B,agr_0120,SP,The student of the networks in question,2.359375,True,True
qwen25_3b,Qwen2.5-3B,agr_0120,PS,The students of the network in question,3.796875,True,True
qwen25_3b,Qwen2.5-3B,agr_0120,PP,The students of the networks in question,4.25,True,True
qwen25_3b,Qwen2.5-3B,agr_0121,SS,The manager of the company in question,7.5390625,True,True
qwen25_3b,Qwen2.5-3B,agr_0121,SP,The manager of the companies in question,1.453125,True,True
qwen25_3b,Qwen2.5-3B,agr_0121,PS,The managers of the company in question,4.8671875,True,True
qwen25_3b,Qwen2.5-3B,agr_0121,PP,The managers of the companies in question,6.765625,True,True
qwen25_3b,Qwen2.5-3B,agr_0122,SS,The consultant of the sector in question,5.1640625,True,True
qwen25_3b,Qwen2.5-3B,agr_0122,SP,The consultant of the sectors in question,1.96875,True,True
qwen25_3b,Qwen2.5-3B,agr_0122,PS,The consultants of the sector in question,4.1953125,True,True
qwen25_3b,Qwen2.5-3B,agr_0122,PP,The consultants of the sectors in question,6.75,True,True
qwen25_3b,Qwen2.5-3B,agr_0123,SS,The professor of the firm in question,5.1484375,True,True
qwen25_3b,Qwen2.5-3B,agr_0123,SP,The professor of the firms in question,2.140625,True,True
qwen25_3b,Qwen2.5-3B,agr_0123,PS,The professors of the firm in question,3.8046875,True,True
qwen25_3b,Qwen2.5-3B,agr_0123,PP,The professors of the firms in question,5.328125,True,True
qwen25_3b,Qwen2.5-3B,agr_0124,SS,The consultant of the foundation in question,5.8984375,True,True
qwen25_3b,Qwen2.5-3B,agr_0124,SP,The consultant of the foundations in question,2.078125,True,True
qwen25_3b,Qwen2.5-3B,agr_0124,PS,The consultants of the foundation in question,5.484375,True,True
qwen25_3b,Qwen2.5-3B,agr_0124,PP,The consultants of the foundations in question,6.9921875,True,True
qwen25_3b,Qwen2.5-3B,agr_0125,SS,The instructor of the forum in question,7.4375,True,True
qwen25_3b,Qwen2.5-3B,agr_0125,SP,The instructor of the forums in question,5.1484375,True,True
qwen25_3b,Qwen2.5-3B,agr_0125,PS,The instructors of the forum in question,3.7578125,True,True
qwen25_3b,Qwen2.5-3B,agr_0125,PP,The instructors of the forums in question,5.0,True,True
qwen25_3b,Qwen2.5-3B,agr_0126,SS,The trainer of the centre in question,6.4921875,True,True
qwen25_3b,Qwen2.5-3B,agr_0126,SP,The trainer of the centres in question,3.234375,True,True
qwen25_3b,Qwen2.5-3B,agr_0126,PS,The trainers of the centre in question,4.5703125,True,True
qwen25_3b,Qwen2.5-3B,agr_0126,PP,The trainers of the centres in question,7.03125,True,True
qwen25_3b,Qwen2.5-3B,agr_0127,SS,The employee of the committee in question,4.0546875,True,True
qwen25_3b,Qwen2.5-3B,agr_0127,SP,The employee of the committees in question,0.71875,True,False
qwen25_3b,Qwen2.5-3B,agr_0127,PS,The employees of the committee in question,5.9375,True,True
qwen25_3b,Qwen2.5-3B,agr_0127,PP,The employees of the committees in question,6.8359375,True,True
qwen25_3b,Qwen2.5-3B,agr_0128,SS,The painter of the program in question,7.8671875,True,True
qwen25_3b,Qwen2.5-3B,agr_0128,SP,The painter of the programs in question,4.5390625,True,True
qwen25_3b,Qwen2.5-3B,agr_0128,PS,The painters of the program in question,4.8515625,True,True
qwen25_3b,Qwen2.5-3B,agr_0128,PP,The painters of the programs in question,6.2890625,True,True
qwen25_3b,Qwen2.5-3B,agr_0129,SS,The analyst of the enterprise in question,6.4765625,True,True
qwen25_3b,Qwen2.5-3B,agr_0129,SP,The analyst of the enterprises in question,2.0078125,True,True
qwen25_3b,Qwen2.5-3B,agr_0129,PS,The analysts of the enterprise in question,5.34375,True,True
qwen25_3b,Qwen2.5-3B,agr_0129,PP,The analysts of the enterprises in question,6.0703125,True,True
qwen25_3b,Qwen2.5-3B,agr_0130,SS,The student of the committee in question,3.421875,True,True
qwen25_3b,Qwen2.5-3B,agr_0130,SP,The student of the committees in question,1.6875,True,True
qwen25_3b,Qwen2.5-3B,agr_0130,PS,The students of the committee in question,5.1640625,True,True
qwen25_3b,Qwen2.5-3B,agr_0130,PP,The students of the committees in question,5.4609375,True,True
qwen25_3b,Qwen2.5-3B,agr_0131,SS,The painter of the platform in question,8.78125,True,True
qwen25_3b,Qwen2.5-3B,agr_0131,SP,The painter of the platforms in question,6.734375,True,True
qwen25_3b,Qwen2.5-3B,agr_0131,PS,The painters of the platform in question,4.09375,True,True
qwen25_3b,Qwen2.5-3B,agr_0131,PP,The painters of the platforms in question,5.5546875,True,True
qwen25_3b,Qwen2.5-3B,agr_0132,SS,The consultant of the organization in question,6.0234375,True,True
qwen25_3b,Qwen2.5-3B,agr_0132,SP,The consultant of the organizations in question,1.28125,True,True
qwen25_3b,Qwen2.5-3B,agr_0132,PS,The consultants of the organization in question,4.65625,True,True
qwen25_3b,Qwen2.5-3B,agr_0132,PP,The consultants of the organizations in question,6.515625,True,True
qwen25_3b,Qwen2.5-3B,agr_0133,SS,The advisor of the alliance in question,5.78125,True,True
qwen25_3b,Qwen2.5-3B,agr_0133,SP,The advisor of the alliances in question,1.40625,True,True
qwen25_3b,Qwen2.5-3B,agr_0133,PS,The advisors of the alliance in question,5.0078125,True,True
qwen25_3b,Qwen2.5-3B,agr_0133,PP,The advisors of the alliances in question,6.84375,True,True
qwen25_3b,Qwen2.5-3B,agr_0134,SS,The author of the college in question,6.7265625,True,True
qwen25_3b,Qwen2.5-3B,agr_0134,SP,The author of the colleges in question,2.109375,True,True
qwen25_3b,Qwen2.5-3B,agr_0134,PS,The authors of the college in question,4.015625,True,True
qwen25_3b,Qwen2.5-3B,agr_0134,PP,The authors of the colleges in question,5.8828125,True,True
qwen25_3b,Qwen2.5-3B,agr_0135,SS,The reporter of the club in question,4.96875,True,True
qwen25_3b,Qwen2.5-3B,agr_0135,SP,The reporter of the clubs in question,1.546875,True,True
qwen25_3b,Qwen2.5-3B,agr_0135,PS,The reporters of the club in question,4.21875,True,True
qwen25_3b,Qwen2.5-3B,agr_0135,PP,The reporters of the clubs in question,5.4609375,True,True
qwen25_3b,Qwen2.5-3B,agr_0136,SS,The administrator of the agency in question,6.5078125,True,True
qwen25_3b,Qwen2.5-3B,agr_0136,SP,The administrator of the agencies in question,1.453125,True,True
qwen25_3b,Qwen2.5-3B,agr_0136,PS,The administrators of the agency in question,4.953125,True,True
qwen25_3b,Qwen2.5-3B,agr_0136,PP,The administrators of the agencies in question,7.5,True,True
qwen25_3b,Qwen2.5-3B,agr_0137,SS,The author of the agency in question,5.3046875,True,True
qwen25_3b,Qwen2.5-3B,agr_0137,SP,The author of the agencies in question,0.5,True,False
qwen25_3b,Qwen2.5-3B,agr_0137,PS,The authors of the agency in question,3.15625,True,True
qwen25_3b,Qwen2.5-3B,agr_0137,PP,The authors of the agencies in question,5.8828125,True,True
qwen25_3b,Qwen2.5-3B,agr_0138,SS,The supervisor of the office in question,6.375,True,True
qwen25_3b,Qwen2.5-3B,agr_0138,SP,The supervisor of the offices in question,2.734375,True,True
qwen25_3b,Qwen2.5-3B,agr_0138,PS,The supervisors of the office in question,4.0390625,True,True
qwen25_3b,Qwen2.5-3B,agr_0138,PP,The supervisors of the offices in question,6.1640625,True,True
qwen25_3b,Qwen2.5-3B,agr_0139,SS,The supervisor of the ministry in question,6.375,True,True
qwen25_3b,Qwen2.5-3B,agr_0139,SP,The supervisor of the ministries in question,2.25,True,True
qwen25_3b,Qwen2.5-3B,agr_0139,PS,The supervisors of the ministry in question,4.671875,True,True
qwen25_3b,Qwen2.5-3B,agr_0139,PP,The supervisors of the ministries in question,6.921875,True,True
qwen25_3b,Qwen2.5-3B,agr_0140,SS,The trainer of the committee in question,5.7109375,True,True
qwen25_3b,Qwen2.5-3B,agr_0140,SP,The trainer of the committees in question,4.3984375,True,True
qwen25_3b,Qwen2.5-3B,agr_0140,PS,The trainers of the committee in question,4.4609375,True,True
qwen25_3b,Qwen2.5-3B,agr_0140,PP,The trainers of the committees in question,6.078125,True,True
qwen25_3b,Qwen2.5-3B,agr_0141,SS,The scientist of the forum in question,3.8125,True,True
qwen25_3b,Qwen2.5-3B,agr_0141,SP,The scientist of the forums in question,1.671875,True,True
qwen25_3b,Qwen2.5-3B,agr_0141,PS,The scientists of the forum in question,5.859375,True,True
qwen25_3b,Qwen2.5-3B,agr_0141,PP,The scientists of the forums in question,5.578125,True,True
qwen25_3b,Qwen2.5-3B,agr_0142,SS,The executive of the service in question,3.71875,True,True
qwen25_3b,Qwen2.5-3B,agr_0142,SP,The executive of the services in question,0.453125,True,False
qwen25_3b,Qwen2.5-3B,agr_0142,PS,The executives of the service in question,3.0546875,True,True
qwen25_3b,Qwen2.5-3B,agr_0142,PP,The executives of the services in question,5.0078125,True,True
qwen25_3b,Qwen2.5-3B,agr_0143,SS,The consultant of the association in question,6.1484375,True,True
qwen25_3b,Qwen2.5-3B,agr_0143,SP,The consultant of the associations in question,2.28125,True,True
qwen25_3b,Qwen2.5-3B,agr_0143,PS,The consultants of the association in question,5.65625,True,True
qwen25_3b,Qwen2.5-3B,agr_0143,PP,The consultants of the associations in question,7.25,True,True
qwen25_3b,Qwen2.5-3B,agr_0144,SS,The commissioner of the university in question,7.734375,True,True
qwen25_3b,Qwen2.5-3B,agr_0144,SP,The commissioner of the universities in question,2.96875,True,True
qwen25_3b,Qwen2.5-3B,agr_0144,PS,The commissioners of the university in question,2.71875,True,True
qwen25_3b,Qwen2.5-3B,agr_0144,PP,The commissioners of the universities in question,5.9296875,True,True
qwen25_3b,Qwen2.5-3B,agr_0145,SS,The director of the branch in question,7.203125,True,True
qwen25_3b,Qwen2.5-3B,agr_0145,SP,The director of the branches in question,0.71875,True,False
qwen25_3b,Qwen2.5-3B,agr_0145,PS,The directors of the branch in question,5.3125,True,True
qwen25_3b,Qwen2.5-3B,agr_0145,PP,The directors of the branches in question,6.84375,True,True
qwen25_3b,Qwen2.5-3B,agr_0146,SS,The inspector of the laboratory in question,6.7421875,True,True
qwen25_3b,Qwen2.5-3B,agr_0146,SP,The inspector of the laboratories in question,2.9375,True,True
qwen25_3b,Qwen2.5-3B,agr_0146,PS,The inspectors of the laboratory in question,4.984375,True,True
qwen25_3b,Qwen2.5-3B,agr_0146,PP,The inspectors of the laboratories in question,6.5625,True,True
qwen25_3b,Qwen2.5-3B,agr_0147,SS,The auditor of the program in question,6.625,True,True
qwen25_3b,Qwen2.5-3B,agr_0147,SP,The auditor of the programs in question,3.6484375,True,True
qwen25_3b,Qwen2.5-3B,agr_0147,PS,The auditors of the program in question,4.4140625,True,True
qwen25_3b,Qwen2.5-3B,agr_0147,PP,The auditors of the programs in question,5.5703125,True,True
qwen25_3b,Qwen2.5-3B,agr_0148,SS,The director of the board in question,6.390625,True,True
qwen25_3b,Qwen2.5-3B,agr_0148,SP,The director of the boards in question,2.15625,True,True
qwen25_3b,Qwen2.5-3B,agr_0148,PS,The directors of the board in question,4.34375,True,True
qwen25_3b,Qwen2.5-3B,agr_0148,PP,The directors of the boards in question,6.2109375,True,True
qwen25_3b,Qwen2.5-3B,agr_0149,SS,The candidate of the consortium in question,5.390625,True,True
qwen25_3b,Qwen2.5-3B,agr_0149,SP,The candidate of the consortiums in question,0.21875,True,False
qwen25_3b,Qwen2.5-3B,agr_0149,PS,The candidates of the consortium in question,4.6796875,True,True
qwen25_3b,Qwen2.5-3B,agr_0149,PP,The candidates of the consortiums in question,6.4921875,True,True
qwen25_3b,Qwen2.5-3B,agr_0150,SS,The builder of the team in question,6.8828125,True,True
qwen25_3b,Qwen2.5-3B,agr_0150,SP,The builder of the teams in question,2.40625,True,True
qwen25_3b,Qwen2.5-3B,agr_0150,PS,The builders of the team in question,4.71875,True,True
qwen25_3b,Qwen2.5-3B,agr_0150,PP,The builders of the teams in question,6.328125,True,True
qwen25_3b,Qwen2.5-3B,agr_0151,SS,The engineer of the committee in question,5.265625,True,True
qwen25_3b,Qwen2.5-3B,agr_0151,SP,The engineer of the committees in question,2.34375,True,True
qwen25_3b,Qwen2.5-3B,agr_0151,PS,The engineers of the committee in question,5.8984375,True,True
qwen25_3b,Qwen2.5-3B,agr_0151,PP,The engineers of the committees in question,7.328125,True,True
qwen25_3b,Qwen2.5-3B,agr_0152,SS,The leader of the group in question,6.796875,True,True
qwen25_3b,Qwen2.5-3B,agr_0152,SP,The leader of the groups in question,2.109375,True,True
qwen25_3b,Qwen2.5-3B,agr_0152,PS,The leaders of the group in question,4.1171875,True,True
qwen25_3b,Qwen2.5-3B,agr_0152,PP,The leaders of the groups in question,6.4140625,True,True
qwen25_3b,Qwen2.5-3B,agr_0153,SS,The trainer of the district in question,6.359375,True,True
qwen25_3b,Qwen2.5-3B,agr_0153,SP,The trainer of the districts in question,3.828125,True,True
qwen25_3b,Qwen2.5-3B,agr_0153,PS,The trainers of the district in question,4.0859375,True,True
qwen25_3b,Qwen2.5-3B,agr_0153,PP,The trainers of the districts in question,6.296875,True,True
qwen25_3b,Qwen2.5-3B,agr_0154,SS,The auditor of the ministry in question,6.984375,True,True
qwen25_3b,Qwen2.5-3B,agr_0154,SP,The auditor of the ministries in question,2.9375,True,True
qwen25_3b,Qwen2.5-3B,agr_0154,PS,The auditors of the ministry in question,5.6796875,True,True
qwen25_3b,Qwen2.5-3B,agr_0154,PP,The auditors of the ministries in question,6.984375,True,True
qwen25_3b,Qwen2.5-3B,agr_0155,SS,The accountant of the program in question,7.0859375,True,True
qwen25_3b,Qwen2.5-3B,agr_0155,SP,The accountant of the programs in question,2.59375,True,True
qwen25_3b,Qwen2.5-3B,agr_0155,PS,The accountants of the program in question,3.9140625,True,True
qwen25_3b,Qwen2.5-3B,agr_0155,PP,The accountants of the programs in question,5.0390625,True,True
qwen25_3b,Qwen2.5-3B,agr_0156,SS,The journalist of the team in question,4.6875,True,True
qwen25_3b,Qwen2.5-3B,agr_0156,SP,The journalist of the teams in question,1.859375,True,True
qwen25_3b,Qwen2.5-3B,agr_0156,PS,The journalists of the team in question,5.0703125,True,True
qwen25_3b,Qwen2.5-3B,agr_0156,PP,The journalists of the teams in question,6.9765625,True,True
qwen25_3b,Qwen2.5-3B,agr_0157,SS,The programmer of the system in question,7.171875,True,True
qwen25_3b,Qwen2.5-3B,agr_0157,SP,The programmer of the systems in question,2.359375,True,True
qwen25_3b,Qwen2.5-3B,agr_0157,PS,The programmers of the system in question,6.328125,True,True
qwen25_3b,Qwen2.5-3B,agr_0157,PP,The programmers of the systems in question,7.4609375,True,True
qwen25_3b,Qwen2.5-3B,agr_0158,SS,The manager of the council in question,7.1484375,True,True
qwen25_3b,Qwen2.5-3B,agr_0158,SP,The manager of the councils in question,1.265625,True,True
qwen25_3b,Qwen2.5-3B,agr_0158,PS,The managers of the council in question,4.8828125,True,True
qwen25_3b,Qwen2.5-3B,agr_0158,PP,The managers of the councils in question,7.078125,True,True
qwen25_3b,Qwen2.5-3B,agr_0159,SS,The auditor of the company in question,7.5625,True,True
qwen25_3b,Qwen2.5-3B,agr_0159,SP,The auditor of the companies in question,3.6328125,True,True
qwen25_3b,Qwen2.5-3B,agr_0159,PS,The auditors of the company in question,5.765625,True,True
qwen25_3b,Qwen2.5-3B,agr_0159,PP,The auditors of the companies in question,6.7109375,True,True
qwen25_3b,Qwen2.5-3B,agr_0160,SS,The operator of the program in question,7.1015625,True,True
qwen25_3b,Qwen2.5-3B,agr_0160,SP,The operator of the programs in question,2.90625,True,True
qwen25_3b,Qwen2.5-3B,agr_0160,PS,The operators of the program in question,3.84375,True,True
qwen25_3b,Qwen2.5-3B,agr_0160,PP,The operators of the programs in question,6.5390625,True,True
qwen25_3b,Qwen2.5-3B,agr_0161,SS,The administrator of the partnership in question,6.921875,True,True
qwen25_3b,Qwen2.5-3B,agr_0161,SP,The administrator of the partnerships in question,1.671875,True,True
qwen25_3b,Qwen2.5-3B,agr_0161,PS,The administrators of the partnership in question,5.0546875,True,True
qwen25_3b,Qwen2.5-3B,agr_0161,PP,The administrators of the partnerships in question,7.3046875,True,True
qwen25_3b,Qwen2.5-3B,agr_0162,SS,The instructor of the platform in question,7.65625,True,True
qwen25_3b,Qwen2.5-3B,agr_0162,SP,The instructor of the platforms in question,3.359375,True,True
qwen25_3b,Qwen2.5-3B,agr_0162,PS,The instructors of the platform in question,3.7421875,True,True
qwen25_3b,Qwen2.5-3B,agr_0162,PP,The instructors of the platforms in question,5.1328125,True,True
qwen25_3b,Qwen2.5-3B,agr_0163,SS,The member of the laboratory in question,2.796875,True,True
qwen25_3b,Qwen2.5-3B,agr_0163,SP,The member of the laboratories in question,0.421875,True,False
qwen25_3b,Qwen2.5-3B,agr_0163,PS,The members of the laboratory in question,5.5625,True,True
qwen25_3b,Qwen2.5-3B,agr_0163,PP,The members of the laboratories in question,7.2890625,True,True
qwen25_3b,Qwen2.5-3B,agr_0164,SS,The assistant of the institution in question,6.9140625,True,True
qwen25_3b,Qwen2.5-3B,agr_0164,SP,The assistant of the institutions in question,0.875,True,False
qwen25_3b,Qwen2.5-3B,agr_0164,PS,The assistants of the institution in question,4.15625,True,True
qwen25_3b,Qwen2.5-3B,agr_0164,PP,The assistants of the institutions in question,6.1171875,True,True
qwen25_3b,Qwen2.5-3B,agr_0165,SS,The owner of the firm in question,7.4140625,True,True
qwen25_3b,Qwen2.5-3B,agr_0165,SP,The owner of the firms in question,1.0625,True,True
qwen25_3b,Qwen2.5-3B,agr_0165,PS,The owners of the firm in question,4.1796875,True,True
qwen25_3b,Qwen2.5-3B,agr_0165,PP,The owners of the firms in question,6.5390625,True,True
qwen25_3b,Qwen2.5-3B,agr_0166,SS,The scientist of the station in question,3.7734375,True,True
qwen25_3b,Qwen2.5-3B,agr_0166,SP,The scientist of the stations in question,0.796875,True,False
qwen25_3b,Qwen2.5-3B,agr_0166,PS,The scientists of the station in question,5.28125,True,True
qwen25_3b,Qwen2.5-3B,agr_0166,PP,The scientists of the stations in question,7.84375,True,True
qwen25_3b,Qwen2.5-3B,agr_0167,SS,The doctor of the enterprise in question,5.6328125,True,True
qwen25_3b,Qwen2.5-3B,agr_0167,SP,The doctor of the enterprises in question,1.53125,True,True
qwen25_3b,Qwen2.5-3B,agr_0167,PS,The doctors of the enterprise in question,4.2890625,True,True
qwen25_3b,Qwen2.5-3B,agr_0167,PP,The doctors of the enterprises in question,5.359375,True,True
qwen25_3b,Qwen2.5-3B,agr_0168,SS,The consultant of the platform in question,5.625,True,True
qwen25_3b,Qwen2.5-3B,agr_0168,SP,The consultant of the platforms in question,1.953125,True,True
qwen25_3b,Qwen2.5-3B,agr_0168,PS,The consultants of the platform in question,5.1796875,True,True
qwen25_3b,Qwen2.5-3B,agr_0168,PP,The consultants of the platforms in question,7.2578125,True,True
qwen25_3b,Qwen2.5-3B,agr_0169,SS,The painter of the laboratory in question,8.6953125,True,True
qwen25_3b,Qwen2.5-3B,agr_0169,SP,The painter of the laboratories in question,7.5234375,True,True
qwen25_3b,Qwen2.5-3B,agr_0169,PS,The painters of the laboratory in question,4.921875,True,True
qwen25_3b,Qwen2.5-3B,agr_0169,PP,The painters of the laboratories in question,5.9765625,True,True
qwen25_3b,Qwen2.5-3B,agr_0170,SS,The supervisor of the bureau in question,6.7265625,True,True
qwen25_3b,Qwen2.5-3B,agr_0170,SP,The supervisor of the bureaus in question,1.734375,True,True
qwen25_3b,Qwen2.5-3B,agr_0170,PS,The supervisors of the bureau in question,4.890625,True,True
qwen25_3b,Qwen2.5-3B,agr_0170,PP,The supervisors of the bureaus in question,6.6328125,True,True
qwen25_3b,Qwen2.5-3B,agr_0171,SS,The doctor of the college in question,4.5859375,True,True
qwen25_3b,Qwen2.5-3B,agr_0171,SP,The doctor of the colleges in question,1.0625,True,True
qwen25_3b,Qwen2.5-3B,agr_0171,PS,The doctors of the college in question,4.484375,True,True
qwen25_3b,Qwen2.5-3B,agr_0171,PP,The doctors of the colleges in question,6.5234375,True,True
qwen25_3b,Qwen2.5-3B,agr_0172,SS,The technician of the forum in question,5.46875,True,True
qwen25_3b,Qwen2.5-3B,agr_0172,SP,The technician of the forums in question,4.375,True,True
qwen25_3b,Qwen2.5-3B,agr_0172,PS,The technicians of the forum in question,5.0546875,True,True
qwen25_3b,Qwen2.5-3B,agr_0172,PP,The technicians of the forums in question,5.3671875,True,True
qwen25_3b,Qwen2.5-3B,agr_0173,SS,The candidate of the network in question,5.5234375,True,True
qwen25_3b,Qwen2.5-3B,agr_0173,SP,The candidate of the networks in question,0.640625,True,False
qwen25_3b,Qwen2.5-3B,agr_0173,PS,The candidates of the network in question,3.109375,True,True
qwen25_3b,Qwen2.5-3B,agr_0173,PP,The candidates of the networks in question,5.515625,True,True
qwen25_3b,Qwen2.5-3B,agr_0174,SS,The lecturer of the station in question,6.6015625,True,True
qwen25_3b,Qwen2.5-3B,agr_0174,SP,The lecturer of the stations in question,2.765625,True,True
qwen25_3b,Qwen2.5-3B,agr_0174,PS,The lecturers of the station in question,4.6875,True,True
qwen25_3b,Qwen2.5-3B,agr_0174,PP,The lecturers of the stations in question,6.3984375,True,True
qwen25_3b,Qwen2.5-3B,agr_0175,SS,The driver of the division in question,4.703125,True,True
qwen25_3b,Qwen2.5-3B,agr_0175,SP,The driver of the divisions in question,0.5625,True,False
qwen25_3b,Qwen2.5-3B,agr_0175,PS,The drivers of the division in question,4.7421875,True,True
qwen25_3b,Qwen2.5-3B,agr_0175,PP,The drivers of the divisions in question,5.84375,True,True
qwen25_3b,Qwen2.5-3B,agr_0176,SS,The evaluator of the division in question,6.0390625,True,True
qwen25_3b,Qwen2.5-3B,agr_0176,SP,The evaluator of the divisions in question,3.015625,True,True
qwen25_3b,Qwen2.5-3B,agr_0176,PS,The evaluators of the division in question,5.6171875,True,True
qwen25_3b,Qwen2.5-3B,agr_0176,PP,The evaluators of the divisions in question,6.7734375,True,True
qwen25_3b,Qwen2.5-3B,agr_0177,SS,The trainer of the coalition in question,5.03125,True,True
qwen25_3b,Qwen2.5-3B,agr_0177,SP,The trainer of the coalitions in question,2.671875,True,True
qwen25_3b,Qwen2.5-3B,agr_0177,PS,The trainers of the coalition in question,4.328125,True,True
qwen25_3b,Qwen2.5-3B,agr_0177,PP,The trainers of the coalitions in question,6.1875,True,True
qwen25_3b,Qwen2.5-3B,agr_0178,SS,The lawyer of the college in question,5.1953125,True,True
qwen25_3b,Qwen2.5-3B,agr_0178,SP,The lawyer of the colleges in question,1.4140625,True,True
qwen25_3b,Qwen2.5-3B,agr_0178,PS,The lawyers of the college in question,4.40625,True,True
qwen25_3b,Qwen2.5-3B,agr_0178,PP,The lawyers of the colleges in question,6.7109375,True,True
qwen25_3b,Qwen2.5-3B,agr_0179,SS,The leader of the school in question,8.3203125,True,True
qwen25_3b,Qwen2.5-3B,agr_0179,SP,The leader of the schools in question,4.171875,True,True
qwen25_3b,Qwen2.5-3B,agr_0179,PS,The leaders of the school in question,3.9921875,True,True
qwen25_3b,Qwen2.5-3B,agr_0179,PP,The leaders of the schools in question,6.515625,True,True
qwen25_3b,Qwen2.5-3B,agr_0180,SS,The teacher of the sector in question,7.453125,True,True
qwen25_3b,Qwen2.5-3B,agr_0180,SP,The teacher of the sectors in question,5.625,True,True
qwen25_3b,Qwen2.5-3B,agr_0180,PS,The teachers of the sector in question,4.0703125,True,True
qwen25_3b,Qwen2.5-3B,agr_0180,PP,The teachers of the sectors in question,6.296875,True,True
qwen25_3b,Qwen2.5-3B,agr_0181,SS,The evaluator of the institute in question,5.7890625,True,True
qwen25_3b,Qwen2.5-3B,agr_0181,SP,The evaluator of the institutes in question,2.359375,True,True
qwen25_3b,Qwen2.5-3B,agr_0181,PS,The evaluators of the institute in question,5.6328125,True,True
qwen25_3b,Qwen2.5-3B,agr_0181,PP,The evaluators of the institutes in question,6.796875,True,True
qwen25_3b,Qwen2.5-3B,agr_0182,SS,The representative of the institution in question,5.15625,True,True
qwen25_3b,Qwen2.5-3B,agr_0182,SP,The representative of the institutions in question,2.15625,True,True
qwen25_3b,Qwen2.5-3B,agr_0182,PS,The representatives of the institution in question,3.5625,True,True
qwen25_3b,Qwen2.5-3B,agr_0182,PP,The representatives of the institutions in question,5.2421875,True,True
qwen25_3b,Qwen2.5-3B,agr_0183,SS,The lawyer of the office in question,5.078125,True,True
qwen25_3b,Qwen2.5-3B,agr_0183,SP,The lawyer of the offices in question,2.8359375,True,True
qwen25_3b,Qwen2.5-3B,agr_0183,PS,The lawyers of the office in question,4.96875,True,True
qwen25_3b,Qwen2.5-3B,agr_0183,PP,The lawyers of the offices in question,6.9296875,True,True
qwen25_3b,Qwen2.5-3B,agr_0184,SS,The painter of the branch in question,8.21875,True,True
qwen25_3b,Qwen2.5-3B,agr_0184,SP,The painter of the branches in question,7.359375,True,True
qwen25_3b,Qwen2.5-3B,agr_0184,PS,The painters of the branch in question,4.6171875,True,True
qwen25_3b,Qwen2.5-3B,agr_0184,PP,The painters of the branches in question,5.5,True,True
qwen25_3b,Qwen2.5-3B,agr_0185,SS,The lawyer of the association in question,6.0703125,True,True
qwen25_3b,Qwen2.5-3B,agr_0185,SP,The lawyer of the associations in question,2.84375,True,True
qwen25_3b,Qwen2.5-3B,agr_0185,PS,The lawyers of the association in question,5.6953125,True,True
qwen25_3b,Qwen2.5-3B,agr_0185,PP,The lawyers of the associations in question,7.375,True,True
qwen25_3b,Qwen2.5-3B,agr_0186,SS,The builder of the institution in question,7.265625,True,True
qwen25_3b,Qwen2.5-3B,agr_0186,SP,The builder of the institutions in question,3.7265625,True,True
qwen25_3b,Qwen2.5-3B,agr_0186,PS,The builders of the institution in question,5.1328125,True,True
qwen25_3b,Qwen2.5-3B,agr_0186,PP,The builders of the institutions in question,7.875,True,True
qwen25_3b,Qwen2.5-3B,agr_0187,SS,The painter of the institution in question,6.9453125,True,True
qwen25_3b,Qwen2.5-3B,agr_0187,SP,The painter of the institutions in question,4.0,True,True
qwen25_3b,Qwen2.5-3B,agr_0187,PS,The painters of the institution in question,4.921875,True,True
qwen25_3b,Qwen2.5-3B,agr_0187,PP,The painters of the institutions in question,6.6953125,True,True
qwen25_3b,Qwen2.5-3B,agr_0188,SS,The executive of the network in question,4.15625,True,True
qwen25_3b,Qwen2.5-3B,agr_0188,SP,The executive of the networks in question,0.03125,True,False
qwen25_3b,Qwen2.5-3B,agr_0188,PS,The executives of the network in question,4.3046875,True,True
qwen25_3b,Qwen2.5-3B,agr_0188,PP,The executives of the networks in question,6.140625,True,True
qwen25_3b,Qwen2.5-3B,agr_0189,SS,The operator of the consortium in question,5.0078125,True,True
qwen25_3b,Qwen2.5-3B,agr_0189,SP,The operator of the consortiums in question,1.859375,True,True
qwen25_3b,Qwen2.5-3B,agr_0189,PS,The operators of the consortium in question,5.1796875,True,True
qwen25_3b,Qwen2.5-3B,agr_0189,PP,The operators of the consortiums in question,7.140625,True,True
qwen25_3b,Qwen2.5-3B,agr_0190,SS,The consultant of the corporation in question,5.75,True,True
qwen25_3b,Qwen2.5-3B,agr_0190,SP,The consultant of the corporations in question,1.40625,True,True
qwen25_3b,Qwen2.5-3B,agr_0190,PS,The consultants of the corporation in question,4.6015625,True,True
qwen25_3b,Qwen2.5-3B,agr_0190,PP,The consultants of the corporations in question,6.0078125,True,True
qwen25_3b,Qwen2.5-3B,agr_0191,SS,The examiner of the laboratory in question,6.3828125,True,True
qwen25_3b,Qwen2.5-3B,agr_0191,SP,The examiner of the laboratories in question,2.8125,True,True
qwen25_3b,Qwen2.5-3B,agr_0191,PS,The examiners of the laboratory in question,4.7265625,True,True
qwen25_3b,Qwen2.5-3B,agr_0191,PP,The examiners of the laboratories in question,6.296875,True,True
qwen25_3b,Qwen2.5-3B,agr_0192,SS,The doctor of the federation in question,5.2578125,True,True
qwen25_3b,Qwen2.5-3B,agr_0192,SP,The doctor of the federations in question,1.203125,True,True
qwen25_3b,Qwen2.5-3B,agr_0192,PS,The doctors of the federation in question,4.9375,True,True
qwen25_3b,Qwen2.5-3B,agr_0192,PP,The doctors of the federations in question,6.9765625,True,True
qwen25_3b,Qwen2.5-3B,agr_0193,SS,The leader of the foundation in question,8.4375,True,True
qwen25_3b,Qwen2.5-3B,agr_0193,SP,The leader of the foundations in question,4.421875,True,True
qwen25_3b,Qwen2.5-3B,agr_0193,PS,The leaders of the foundation in question,3.953125,True,True
qwen25_3b,Qwen2.5-3B,agr_0193,PP,The leaders of the foundations in question,7.09375,True,True
qwen25_3b,Qwen2.5-3B,agr_0194,SS,The planner of the coalition in question,6.5,True,True
qwen25_3b,Qwen2.5-3B,agr_0194,SP,The planner of the coalitions in question,3.375,True,True
qwen25_3b,Qwen2.5-3B,agr_0194,PS,The planners of the coalition in question,6.1015625,True,True
qwen25_3b,Qwen2.5-3B,agr_0194,PP,The planners of the coalitions in question,7.640625,True,True
qwen25_3b,Qwen2.5-3B,agr_0195,SS,The examiner of the corporation in question,5.4140625,True,True
qwen25_3b,Qwen2.5-3B,agr_0195,SP,The examiner of the corporations in question,2.296875,True,True
qwen25_3b,Qwen2.5-3B,agr_0195,PS,The examiners of the corporation in question,4.84375,True,True
qwen25_3b,Qwen2.5-3B,agr_0195,PP,The examiners of the corporations in question,6.125,True,True
qwen25_3b,Qwen2.5-3B,agr_0196,SS,The lecturer of the centre in question,6.7421875,True,True
qwen25_3b,Qwen2.5-3B,agr_0196,SP,The lecturer of the centres in question,2.53125,True,True
qwen25_3b,Qwen2.5-3B,agr_0196,PS,The lecturers of the centre in question,5.53125,True,True
qwen25_3b,Qwen2.5-3B,agr_0196,PP,The lecturers of the centres in question,7.5703125,True,True
qwen25_3b,Qwen2.5-3B,agr_0197,SS,The technician of the partnership in question,6.4765625,True,True
qwen25_3b,Qwen2.5-3B,agr_0197,SP,The technician of the partnerships in question,2.734375,True,True
qwen25_3b,Qwen2.5-3B,agr_0197,PS,The technicians of the partnership in question,5.828125,True,True
qwen25_3b,Qwen2.5-3B,agr_0197,PP,The technicians of the partnerships in question,7.59375,True,True
qwen25_3b,Qwen2.5-3B,agr_0198,SS,The instructor of the hospital in question,7.7890625,True,True
qwen25_3b,Qwen2.5-3B,agr_0198,SP,The instructor of the hospitals in question,2.1875,True,True
qwen25_3b,Qwen2.5-3B,agr_0198,PS,The instructors of the hospital in question,4.0859375,True,True
qwen25_3b,Qwen2.5-3B,agr_0198,PP,The instructors of the hospitals in question,5.453125,True,True
qwen25_3b,Qwen2.5-3B,agr_0199,SS,The instructor of the federation in question,7.1953125,True,True
qwen25_3b,Qwen2.5-3B,agr_0199,SP,The instructor of the federations in question,1.921875,True,True
qwen25_3b,Qwen2.5-3B,agr_0199,PS,The instructors of the federation in question,4.6171875,True,True
qwen25_3b,Qwen2.5-3B,agr_0199,PP,The instructors of the federations in question,6.671875,True,True
qwen25_3b,Qwen2.5-3B,agr_0200,SS,The manager of the sector in question,7.0234375,True,True
qwen25_3b,Qwen2.5-3B,agr_0200,SP,The manager of the sectors in question,2.875,True,True
qwen25_3b,Qwen2.5-3B,agr_0200,PS,The managers of the sector in question,4.65625,True,True
qwen25_3b,Qwen2.5-3B,agr_0200,PP,The managers of the sectors in question,7.171875,True,True
qwen25_3b,Qwen2.5-3B,agr_0201,SS,The reporter of the laboratory in question,5.375,True,True
qwen25_3b,Qwen2.5-3B,agr_0201,SP,The reporter of the laboratories in question,1.328125,True,True
qwen25_3b,Qwen2.5-3B,agr_0201,PS,The reporters of the laboratory in question,4.1484375,True,True
qwen25_3b,Qwen2.5-3B,agr_0201,PP,The reporters of the laboratories in question,5.921875,True,True
qwen25_3b,Qwen2.5-3B,agr_0202,SS,The lecturer of the company in question,5.6015625,True,True
qwen25_3b,Qwen2.5-3B,agr_0202,SP,The lecturer of the companies in question,1.921875,True,True
qwen25_3b,Qwen2.5-3B,agr_0202,PS,The lecturers of the company in question,4.25,True,True
qwen25_3b,Qwen2.5-3B,agr_0202,PP,The lecturers of the companies in question,6.5625,True,True
qwen25_3b,Qwen2.5-3B,agr_0203,SS,The reporter of the alliance in question,5.3828125,True,True
qwen25_3b,Qwen2.5-3B,agr_0203,SP,The reporter of the alliances in question,2.1875,True,True
qwen25_3b,Qwen2.5-3B,agr_0203,PS,The reporters of the alliance in question,4.5703125,True,True
qwen25_3b,Qwen2.5-3B,agr_0203,PP,The reporters of the alliances in question,5.921875,True,True
qwen25_3b,Qwen2.5-3B,agr_0204,SS,The worker of the alliance in question,3.59375,True,True
qwen25_3b,Qwen2.5-3B,agr_0204,SP,The worker of the alliances in question,0.703125,True,False
qwen25_3b,Qwen2.5-3B,agr_0204,PS,The workers of the alliance in question,5.15625,True,True
qwen25_3b,Qwen2.5-3B,agr_0204,PP,The workers of the alliances in question,6.546875,True,True
qwen25_3b,Qwen2.5-3B,agr_0205,SS,The analyst of the network in question,6.296875,True,True
qwen25_3b,Qwen2.5-3B,agr_0205,SP,The analyst of the networks in question,2.296875,True,True
qwen25_3b,Qwen2.5-3B,agr_0205,PS,The analysts of the network in question,5.7890625,True,True
qwen25_3b,Qwen2.5-3B,agr_0205,PP,The analysts of the networks in question,7.1171875,True,True
qwen25_3b,Qwen2.5-3B,agr_0206,SS,The examiner of the platform in question,6.265625,True,True
qwen25_3b,Qwen2.5-3B,agr_0206,SP,The examiner of the platforms in question,3.1640625,True,True
qwen25_3b,Qwen2.5-3B,agr_0206,PS,The examiners of the platform in question,4.3359375,True,True
qwen25_3b,Qwen2.5-3B,agr_0206,PP,The examiners of the platforms in question,5.6953125,True,True
qwen25_3b,Qwen2.5-3B,agr_0207,SS,The coordinator of the school in question,6.8046875,True,True
qwen25_3b,Qwen2.5-3B,agr_0207,SP,The coordinator of the schools in question,2.28125,True,True
qwen25_3b,Qwen2.5-3B,agr_0207,PS,The coordinators of the school in question,5.2109375,True,True
qwen25_3b,Qwen2.5-3B,agr_0207,PP,The coordinators of the schools in question,6.6328125,True,True
qwen25_3b,Qwen2.5-3B,agr_0208,SS,The assistant of the board in question,4.921875,True,True
qwen25_3b,Qwen2.5-3B,agr_0208,SP,The assistant of the boards in question,1.046875,True,True
qwen25_3b,Qwen2.5-3B,agr_0208,PS,The assistants of the board in question,3.875,True,True
qwen25_3b,Qwen2.5-3B,agr_0208,PP,The assistants of the boards in question,6.0859375,True,True
qwen25_3b,Qwen2.5-3B,agr_0209,SS,The engineer of the club in question,7.375,True,True
qwen25_3b,Qwen2.5-3B,agr_0209,SP,The engineer of the clubs in question,1.8125,True,True
qwen25_3b,Qwen2.5-3B,agr_0209,PS,The engineers of the club in question,5.71875,True,True
qwen25_3b,Qwen2.5-3B,agr_0209,PP,The engineers of the clubs in question,6.84375,True,True
qwen25_3b,Qwen2.5-3B,agr_0210,SS,The accountant of the board in question,6.578125,True,True
qwen25_3b,Qwen2.5-3B,agr_0210,SP,The accountant of the boards in question,2.6953125,True,True
qwen25_3b,Qwen2.5-3B,agr_0210,PS,The accountants of the board in question,4.234375,True,True
qwen25_3b,Qwen2.5-3B,agr_0210,PP,The accountants of the boards in question,5.9609375,True,True
qwen25_3b,Qwen2.5-3B,agr_0211,SS,The technician of the platform in question,6.25,True,True
qwen25_3b,Qwen2.5-3B,agr_0211,SP,The technician of the platforms in question,2.375,True,True
qwen25_3b,Qwen2.5-3B,agr_0211,PS,The technicians of the platform in question,5.15625,True,True
qwen25_3b,Qwen2.5-3B,agr_0211,PP,The technicians of the platforms in question,7.0546875,True,True
qwen25_3b,Qwen2.5-3B,agr_0212,SS,The artist of the enterprise in question,5.0859375,True,True
qwen25_3b,Qwen2.5-3B,agr_0212,SP,The artist of the enterprises in question,1.984375,True,True
qwen25_3b,Qwen2.5-3B,agr_0212,PS,The artists of the enterprise in question,4.5078125,True,True
qwen25_3b,Qwen2.5-3B,agr_0212,PP,The artists of the enterprises in question,6.5,True,True
qwen25_3b,Qwen2.5-3B,agr_0213,SS,The lecturer of the consortium in question,5.8203125,True,True
qwen25_3b,Qwen2.5-3B,agr_0213,SP,The lecturer of the consortiums in question,2.0,True,True
qwen25_3b,Qwen2.5-3B,agr_0213,PS,The lecturers of the consortium in question,5.9921875,True,True
qwen25_3b,Qwen2.5-3B,agr_0213,PP,The lecturers of the consortiums in question,7.1796875,True,True
qwen25_3b,Qwen2.5-3B,agr_0214,SS,The builder of the laboratory in question,8.34375,True,True
qwen25_3b,Qwen2.5-3B,agr_0214,SP,The builder of the laboratories in question,6.46875,True,True
qwen25_3b,Qwen2.5-3B,agr_0214,PS,The builders of the laboratory in question,6.3125,True,True
qwen25_3b,Qwen2.5-3B,agr_0214,PP,The builders of the laboratories in question,6.9453125,True,True
qwen25_3b,Qwen2.5-3B,agr_0215,SS,The driver of the platform in question,6.4921875,True,True
qwen25_3b,Qwen2.5-3B,agr_0215,SP,The driver of the platforms in question,0.125,True,False
qwen25_3b,Qwen2.5-3B,agr_0215,PS,The drivers of the platform in question,3.109375,True,True
qwen25_3b,Qwen2.5-3B,agr_0215,PP,The drivers of the platforms in question,5.390625,True,True
qwen25_3b,Qwen2.5-3B,agr_0216,SS,The commissioner of the consortium in question,7.5390625,True,True
qwen25_3b,Qwen2.5-3B,agr_0216,SP,The commissioner of the consortiums in question,2.03125,True,True
qwen25_3b,Qwen2.5-3B,agr_0216,PS,The commissioners of the consortium in question,3.9921875,True,True
qwen25_3b,Qwen2.5-3B,agr_0216,PP,The commissioners of the consortiums in question,5.9296875,True,True
qwen25_3b,Qwen2.5-3B,agr_0217,SS,The advisor of the ministry in question,5.90625,True,True
qwen25_3b,Qwen2.5-3B,agr_0217,SP,The advisor of the ministries in question,1.640625,True,True
qwen25_3b,Qwen2.5-3B,agr_0217,PS,The advisors of the ministry in question,4.703125,True,True
qwen25_3b,Qwen2.5-3B,agr_0217,PP,The advisors of the ministries in question,6.7578125,True,True
qwen25_3b,Qwen2.5-3B,agr_0218,SS,The member of the network in question,3.015625,True,True
qwen25_3b,Qwen2.5-3B,agr_0218,SP,The member of the networks in question,0.296875,True,False
qwen25_3b,Qwen2.5-3B,agr_0218,PS,The members of the network in question,4.546875,True,True
qwen25_3b,Qwen2.5-3B,agr_0218,PP,The members of the networks in question,7.109375,True,True
qwen25_3b,Qwen2.5-3B,agr_0219,SS,The author of the forum in question,6.8359375,True,True
qwen25_3b,Qwen2.5-3B,agr_0219,SP,The author of the forums in question,3.09375,True,True
qwen25_3b,Qwen2.5-3B,agr_0219,PS,The authors of the forum in question,4.4609375,True,True
qwen25_3b,Qwen2.5-3B,agr_0219,PP,The authors of the forums in question,5.0625,True,True
qwen25_3b,Qwen2.5-3B,agr_0220,SS,The scientist of the partnership in question,3.1640625,True,True
qwen25_3b,Qwen2.5-3B,agr_0220,SP,The scientist of the partnerships in question,1.78125,True,True
qwen25_3b,Qwen2.5-3B,agr_0220,PS,The scientists of the partnership in question,6.3515625,True,True
qwen25_3b,Qwen2.5-3B,agr_0220,PP,The scientists of the partnerships in question,8.4296875,True,True
qwen25_3b,Qwen2.5-3B,agr_0221,SS,The inspector of the facility in question,7.1328125,True,True
qwen25_3b,Qwen2.5-3B,agr_0221,SP,The inspector of the facilities in question,3.53125,True,True
qwen25_3b,Qwen2.5-3B,agr_0221,PS,The inspectors of the facility in question,5.0,True,True
qwen25_3b,Qwen2.5-3B,agr_0221,PP,The inspectors of the facilities in question,5.453125,True,True
qwen25_3b,Qwen2.5-3B,agr_0222,SS,The lecturer of the project in question,6.984375,True,True
qwen25_3b,Qwen2.5-3B,agr_0222,SP,The lecturer of the projects in question,3.515625,True,True
qwen25_3b,Qwen2.5-3B,agr_0222,PS,The lecturers of the project in question,5.1796875,True,True
qwen25_3b,Qwen2.5-3B,agr_0222,PP,The lecturers of the projects in question,7.1875,True,True
qwen25_3b,Qwen2.5-3B,agr_0223,SS,The student of the ministry in question,5.8984375,True,True
qwen25_3b,Qwen2.5-3B,agr_0223,SP,The student of the ministries in question,1.40625,True,True
qwen25_3b,Qwen2.5-3B,agr_0223,PS,The students of the ministry in question,4.2734375,True,True
qwen25_3b,Qwen2.5-3B,agr_0223,PP,The students of the ministries in question,6.7890625,True,True
qwen25_3b,Qwen2.5-3B,agr_0224,SS,The accountant of the firm in question,7.53125,True,True
qwen25_3b,Qwen2.5-3B,agr_0224,SP,The accountant of the firms in question,1.453125,True,True
qwen25_3b,Qwen2.5-3B,agr_0224,PS,The accountants of the firm in question,5.453125,True,True
qwen25_3b,Qwen2.5-3B,agr_0224,PP,The accountants of the firms in question,6.7734375,True,True
qwen25_3b,Qwen2.5-3B,agr_0225,SS,The scientist of the authority in question,2.8203125,True,True
qwen25_3b,Qwen2.5-3B,agr_0225,SP,The scientist of the authorities in question,1.1875,True,True
qwen25_3b,Qwen2.5-3B,agr_0225,PS,The scientists of the authority in question,5.7109375,True,True
qwen25_3b,Qwen2.5-3B,agr_0225,PP,The scientists of the authorities in question,5.984375,True,True
qwen25_3b,Qwen2.5-3B,agr_0226,SS,The editor of the branch in question,6.828125,True,True
qwen25_3b,Qwen2.5-3B,agr_0226,SP,The editor of the branches in question,2.015625,True,True
qwen25_3b,Qwen2.5-3B,agr_0226,PS,The editors of the branch in question,4.3671875,True,True
qwen25_3b,Qwen2.5-3B,agr_0226,PP,The editors of the branches in question,6.2578125,True,True
qwen25_3b,Qwen2.5-3B,agr_0227,SS,The operator of the board in question,6.6796875,True,True
qwen25_3b,Qwen2.5-3B,agr_0227,SP,The operator of the boards in question,3.21875,True,True
qwen25_3b,Qwen2.5-3B,agr_0227,PS,The operators of the board in question,3.734375,True,True
qwen25_3b,Qwen2.5-3B,agr_0227,PP,The operators of the boards in question,6.375,True,True
qwen25_3b,Qwen2.5-3B,agr_0228,SS,The lecturer of the office in question,7.0625,True,True
qwen25_3b,Qwen2.5-3B,agr_0228,SP,The lecturer of the offices in question,3.203125,True,True
qwen25_3b,Qwen2.5-3B,agr_0228,PS,The lecturers of the office in question,4.6796875,True,True
qwen25_3b,Qwen2.5-3B,agr_0228,PP,The lecturers of the offices in question,6.4140625,True,True
qwen25_3b,Qwen2.5-3B,agr_0229,SS,The director of the committee in question,5.9609375,True,True
qwen25_3b,Qwen2.5-3B,agr_0229,SP,The director of the committees in question,1.734375,True,True
qwen25_3b,Qwen2.5-3B,agr_0229,PS,The directors of the committee in question,5.296875,True,True
qwen25_3b,Qwen2.5-3B,agr_0229,PP,The directors of the committees in question,7.0703125,True,True
qwen25_3b,Qwen2.5-3B,agr_0230,SS,The advisor of the firm in question,5.8046875,True,True
qwen25_3b,Qwen2.5-3B,agr_0230,SP,The advisor of the firms in question,1.140625,True,True
qwen25_3b,Qwen2.5-3B,agr_0230,PS,The advisors of the firm in question,3.9609375,True,True
qwen25_3b,Qwen2.5-3B,agr_0230,PP,The advisors of the firms in question,6.34375,True,True
qwen25_3b,Qwen2.5-3B,agr_0231,SS,The planner of the office in question,7.40625,True,True
qwen25_3b,Qwen2.5-3B,agr_0231,SP,The planner of the offices in question,5.4296875,True,True
qwen25_3b,Qwen2.5-3B,agr_0231,PS,The planners of the office in question,5.859375,True,True
qwen25_3b,Qwen2.5-3B,agr_0231,PP,The planners of the offices in question,6.4375,True,True
qwen25_3b,Qwen2.5-3B,agr_0232,SS,The doctor of the club in question,5.7578125,True,True
qwen25_3b,Qwen2.5-3B,agr_0232,SP,The doctor of the clubs in question,2.15625,True,True
qwen25_3b,Qwen2.5-3B,agr_0232,PS,The doctors of the club in question,4.484375,True,True
qwen25_3b,Qwen2.5-3B,agr_0232,PP,The doctors of the clubs in question,5.984375,True,True
qwen25_3b,Qwen2.5-3B,agr_0233,SS,The officer of the school in question,6.296875,True,True
qwen25_3b,Qwen2.5-3B,agr_0233,SP,The officer of the schools in question,1.78125,True,True
qwen25_3b,Qwen2.5-3B,agr_0233,PS,The officers of the school in question,3.7734375,True,True
qwen25_3b,Qwen2.5-3B,agr_0233,PP,The officers of the schools in question,6.1484375,True,True
qwen25_3b,Qwen2.5-3B,agr_0234,SS,The analyst of the corporation in question,6.1953125,True,True
qwen25_3b,Qwen2.5-3B,agr_0234,SP,The analyst of the corporations in question,1.9921875,True,True
qwen25_3b,Qwen2.5-3B,agr_0234,PS,The analysts of the corporation in question,5.625,True,True
qwen25_3b,Qwen2.5-3B,agr_0234,PP,The analysts of the corporations in question,6.6484375,True,True
qwen25_3b,Qwen2.5-3B,agr_0235,SS,The examiner of the centre in question,5.59375,True,True
qwen25_3b,Qwen2.5-3B,agr_0235,SP,The examiner of the centres in question,2.328125,True,True
qwen25_3b,Qwen2.5-3B,agr_0235,PS,The examiners of the centre in question,5.203125,True,True
qwen25_3b,Qwen2.5-3B,agr_0235,PP,The examiners of the centres in question,6.4609375,True,True
qwen25_3b,Qwen2.5-3B,agr_0236,SS,The builder of the platform in question,7.4453125,True,True
qwen25_3b,Qwen2.5-3B,agr_0236,SP,The builder of the platforms in question,5.015625,True,True
qwen25_3b,Qwen2.5-3B,agr_0236,PS,The builders of the platform in question,5.3359375,True,True
qwen25_3b,Qwen2.5-3B,agr_0236,PP,The builders of the platforms in question,6.578125,True,True
qwen25_3b,Qwen2.5-3B,agr_0237,SS,The director of the institution in question,7.1875,True,True
qwen25_3b,Qwen2.5-3B,agr_0237,SP,The director of the institutions in question,1.40625,True,True
qwen25_3b,Qwen2.5-3B,agr_0237,PS,The directors of the institution in question,4.9609375,True,True
qwen25_3b,Qwen2.5-3B,agr_0237,PP,The directors of the institutions in question,7.1328125,True,True
qwen25_3b,Qwen2.5-3B,agr_0238,SS,The developer of the program in question,6.5390625,True,True
qwen25_3b,Qwen2.5-3B,agr_0238,SP,The developer of the programs in question,3.484375,True,True
qwen25_3b,Qwen2.5-3B,agr_0238,PS,The developers of the program in question,5.0546875,True,True
qwen25_3b,Qwen2.5-3B,agr_0238,PP,The developers of the programs in question,6.6328125,True,True
qwen25_3b,Qwen2.5-3B,agr_0239,SS,The assistant of the firm in question,4.3828125,True,True
qwen25_3b,Qwen2.5-3B,agr_0239,SP,The assistant of the firms in question,0.4375,True,False
qwen25_3b,Qwen2.5-3B,agr_0239,PS,The assistants of the firm in question,4.0625,True,True
qwen25_3b,Qwen2.5-3B,agr_0239,PP,The assistants of the firms in question,6.2265625,True,True
qwen25_3b,Qwen2.5-3B,agr_0240,SS,The auditor of the centre in question,6.375,True,True
qwen25_3b,Qwen2.5-3B,agr_0240,SP,The auditor of the centres in question,2.8046875,True,True
qwen25_3b,Qwen2.5-3B,agr_0240,PS,The auditors of the centre in question,5.5546875,True,True
qwen25_3b,Qwen2.5-3B,agr_0240,PP,The auditors of the centres in question,6.6484375,True,True
qwen25_3b,Qwen2.5-3B,agr_0241,SS,The lawyer of the region in question,4.9375,True,True
qwen25_3b,Qwen2.5-3B,agr_0241,SP,The lawyer of the regions in question,1.71875,True,True
qwen25_3b,Qwen2.5-3B,agr_0241,PS,The lawyers of the region in question,4.5390625,True,True
qwen25_3b,Qwen2.5-3B,agr_0241,PP,The lawyers of the regions in question,7.359375,True,True
qwen25_3b,Qwen2.5-3B,agr_0242,SS,The examiner of the facility in question,5.703125,True,True
qwen25_3b,Qwen2.5-3B,agr_0242,SP,The examiner of the facilities in question,3.9609375,True,True
qwen25_3b,Qwen2.5-3B,agr_0242,PS,The examiners of the facility in question,4.03125,True,True
qwen25_3b,Qwen2.5-3B,agr_0242,PP,The examiners of the facilities in question,4.8671875,True,True
qwen25_3b,Qwen2.5-3B,agr_0243,SS,The teacher of the unit in question,7.21875,True,True
qwen25_3b,Qwen2.5-3B,agr_0243,SP,The teacher of the units in question,4.3828125,True,True
qwen25_3b,Qwen2.5-3B,agr_0243,PS,The teachers of the unit in question,3.6015625,True,True
qwen25_3b,Qwen2.5-3B,agr_0243,PP,The teachers of the units in question,5.546875,True,True
qwen25_3b,Qwen2.5-3B,agr_0244,SS,The author of the centre in question,6.3359375,True,True
qwen25_3b,Qwen2.5-3B,agr_0244,SP,The author of the centres in question,0.875,True,False
qwen25_3b,Qwen2.5-3B,agr_0244,PS,The authors of the centre in question,5.3359375,True,True
qwen25_3b,Qwen2.5-3B,agr_0244,PP,The authors of the centres in question,6.8671875,True,True
qwen25_3b,Qwen2.5-3B,agr_0245,SS,The coordinator of the project in question,7.1953125,True,True
qwen25_3b,Qwen2.5-3B,agr_0245,SP,The coordinator of the projects in question,3.828125,True,True
qwen25_3b,Qwen2.5-3B,agr_0245,PS,The coordinators of the project in question,5.0,True,True
qwen25_3b,Qwen2.5-3B,agr_0245,PP,The coordinators of the projects in question,7.3828125,True,True
qwen25_3b,Qwen2.5-3B,agr_0246,SS,The accountant of the panel in question,6.6953125,True,True
qwen25_3b,Qwen2.5-3B,agr_0246,SP,The accountant of the panels in question,2.109375,True,True
qwen25_3b,Qwen2.5-3B,agr_0246,PS,The accountants of the panel in question,4.6640625,True,True
qwen25_3b,Qwen2.5-3B,agr_0246,PP,The accountants of the panels in question,5.3984375,True,True
qwen25_3b,Qwen2.5-3B,agr_0247,SS,The analyst of the project in question,6.8125,True,True
qwen25_3b,Qwen2.5-3B,agr_0247,SP,The analyst of the projects in question,2.609375,True,True
qwen25_3b,Qwen2.5-3B,agr_0247,PS,The analysts of the project in question,5.4765625,True,True
qwen25_3b,Qwen2.5-3B,agr_0247,PP,The analysts of the projects in question,6.53125,True,True
qwen25_3b,Qwen2.5-3B,agr_0248,SS,The journalist of the authority in question,4.578125,True,True
qwen25_3b,Qwen2.5-3B,agr_0248,SP,The journalist of the authorities in question,2.8203125,True,True
qwen25_3b,Qwen2.5-3B,agr_0248,PS,The journalists of the authority in question,4.8203125,True,True
qwen25_3b,Qwen2.5-3B,agr_0248,PP,The journalists of the authorities in question,5.3984375,True,True
qwen25_3b,Qwen2.5-3B,agr_0249,SS,The worker of the ministry in question,4.0078125,True,True
qwen25_3b,Qwen2.5-3B,agr_0249,SP,The worker of the ministries in question,0.84375,True,False
qwen25_3b,Qwen2.5-3B,agr_0249,PS,The workers of the ministry in question,5.03125,True,True
qwen25_3b,Qwen2.5-3B,agr_0249,PP,The workers of the ministries in question,6.65625,True,True
qwen25_3b,Qwen2.5-3B,agr_0250,SS,The professor of the panel in question,6.9140625,True,True
qwen25_3b,Qwen2.5-3B,agr_0250,SP,The professor of the panels in question,2.75,True,True
qwen25_3b,Qwen2.5-3B,agr_0250,PS,The professors of the panel in question,4.796875,True,True
qwen25_3b,Qwen2.5-3B,agr_0250,PP,The professors of the panels in question,6.15625,True,True
qwen25_3b,Qwen2.5-3B,agr_0251,SS,The evaluator of the centre in question,5.4765625,True,True
qwen25_3b,Qwen2.5-3B,agr_0251,SP,The evaluator of the centres in question,2.25,True,True
qwen25_3b,Qwen2.5-3B,agr_0251,PS,The evaluators of the centre in question,6.015625,True,True
qwen25_3b,Qwen2.5-3B,agr_0251,PP,The evaluators of the centres in question,7.1953125,True,True
qwen25_3b,Qwen2.5-3B,agr_0252,SS,The journalist of the college in question,4.3515625,True,True
qwen25_3b,Qwen2.5-3B,agr_0252,SP,The journalist of the colleges in question,0.8125,True,False
qwen25_3b,Qwen2.5-3B,agr_0252,PS,The journalists of the college in question,4.859375,True,True
qwen25_3b,Qwen2.5-3B,agr_0252,PP,The journalists of the colleges in question,6.5625,True,True
qwen25_3b,Qwen2.5-3B,agr_0253,SS,The administrator of the office in question,6.5859375,True,True
qwen25_3b,Qwen2.5-3B,agr_0253,SP,The administrator of the offices in question,3.234375,True,True
qwen25_3b,Qwen2.5-3B,agr_0253,PS,The administrators of the office in question,4.9375,True,True
qwen25_3b,Qwen2.5-3B,agr_0253,PP,The administrators of the offices in question,6.515625,True,True
qwen25_3b,Qwen2.5-3B,agr_0254,SS,The director of the network in question,7.21875,True,True
qwen25_3b,Qwen2.5-3B,agr_0254,SP,The director of the networks in question,1.90625,True,True
qwen25_3b,Qwen2.5-3B,agr_0254,PS,The directors of the network in question,4.984375,True,True
qwen25_3b,Qwen2.5-3B,agr_0254,PP,The directors of the networks in question,6.859375,True,True
qwen25_3b,Qwen2.5-3B,agr_0255,SS,The planner of the forum in question,6.9765625,True,True
qwen25_3b,Qwen2.5-3B,agr_0255,SP,The planner of the forums in question,5.046875,True,True
qwen25_3b,Qwen2.5-3B,agr_0255,PS,The planners of the forum in question,6.6953125,True,True
qwen25_3b,Qwen2.5-3B,agr_0255,PP,The planners of the forums in question,7.4921875,True,True
qwen25_3b,Qwen2.5-3B,agr_0256,SS,The advisor of the forum in question,6.40625,True,True
qwen25_3b,Qwen2.5-3B,agr_0256,SP,The advisor of the forums in question,3.484375,True,True
qwen25_3b,Qwen2.5-3B,agr_0256,PS,The advisors of the forum in question,4.78125,True,True
qwen25_3b,Qwen2.5-3B,agr_0256,PP,The advisors of the forums in question,5.4375,True,True
qwen25_3b,Qwen2.5-3B,agr_0257,SS,The employee of the institution in question,6.328125,True,True
qwen25_3b,Qwen2.5-3B,agr_0257,SP,The employee of the institutions in question,0.296875,True,False
qwen25_3b,Qwen2.5-3B,agr_0257,PS,The employees of the institution in question,5.0078125,True,True
qwen25_3b,Qwen2.5-3B,agr_0257,PP,The employees of the institutions in question,6.9296875,True,True
qwen25_3b,Qwen2.5-3B,agr_0258,SS,The scientist of the division in question,2.84375,True,True
qwen25_3b,Qwen2.5-3B,agr_0258,SP,The scientist of the divisions in question,0.640625,True,False
qwen25_3b,Qwen2.5-3B,agr_0258,PS,The scientists of the division in question,6.640625,True,True
qwen25_3b,Qwen2.5-3B,agr_0258,PP,The scientists of the divisions in question,7.953125,True,True
qwen25_3b,Qwen2.5-3B,agr_0259,SS,The painter of the board in question,7.15625,True,True
qwen25_3b,Qwen2.5-3B,agr_0259,SP,The painter of the boards in question,5.765625,True,True
qwen25_3b,Qwen2.5-3B,agr_0259,PS,The painters of the board in question,3.484375,True,True
qwen25_3b,Qwen2.5-3B,agr_0259,PP,The painters of the boards in question,5.1796875,True,True
qwen25_3b,Qwen2.5-3B,agr_0260,SS,The author of the network in question,6.828125,True,True
qwen25_3b,Qwen2.5-3B,agr_0260,SP,The author of the networks in question,1.796875,True,True
qwen25_3b,Qwen2.5-3B,agr_0260,PS,The authors of the network in question,4.34375,True,True
qwen25_3b,Qwen2.5-3B,agr_0260,PP,The authors of the networks in question,5.8671875,True,True
qwen25_3b,Qwen2.5-3B,agr_0261,SS,The assistant of the laboratory in question,5.0078125,True,True
qwen25_3b,Qwen2.5-3B,agr_0261,SP,The assistant of the laboratories in question,1.40625,True,True
qwen25_3b,Qwen2.5-3B,agr_0261,PS,The assistants of the laboratory in question,3.9375,True,True
qwen25_3b,Qwen2.5-3B,agr_0261,PP,The assistants of the laboratories in question,6.0078125,True,True
qwen25_3b,Qwen2.5-3B,agr_0262,SS,The officer of the bureau in question,5.6953125,True,True
qwen25_3b,Qwen2.5-3B,agr_0262,SP,The officer of the bureaus in question,0.203125,True,False
qwen25_3b,Qwen2.5-3B,agr_0262,PS,The officers of the bureau in question,4.4296875,True,True
qwen25_3b,Qwen2.5-3B,agr_0262,PP,The officers of the bureaus in question,6.578125,True,True
qwen25_3b,Qwen2.5-3B,agr_0263,SS,The assistant of the branch in question,5.8671875,True,True
qwen25_3b,Qwen2.5-3B,agr_0263,SP,The assistant of the branches in question,0.265625,True,False
qwen25_3b,Qwen2.5-3B,agr_0263,PS,The assistants of the branch in question,4.34375,True,True
qwen25_3b,Qwen2.5-3B,agr_0263,PP,The assistants of the branches in question,6.0859375,True,True
qwen25_3b,Qwen2.5-3B,agr_0264,SS,The programmer of the project in question,7.390625,True,True
qwen25_3b,Qwen2.5-3B,agr_0264,SP,The programmer of the projects in question,2.734375,True,True
qwen25_3b,Qwen2.5-3B,agr_0264,PS,The programmers of the project in question,6.640625,True,True
qwen25_3b,Qwen2.5-3B,agr_0264,PP,The programmers of the projects in question,7.4453125,True,True
qwen25_3b,Qwen2.5-3B,agr_0265,SS,The reporter of the unit in question,6.484375,True,True
qwen25_3b,Qwen2.5-3B,agr_0265,SP,The reporter of the units in question,0.59375,True,False
qwen25_3b,Qwen2.5-3B,agr_0265,PS,The reporters of the unit in question,3.2578125,True,True
qwen25_3b,Qwen2.5-3B,agr_0265,PP,The reporters of the units in question,5.7265625,True,True
qwen25_3b,Qwen2.5-3B,agr_0266,SS,The member of the service in question,3.296875,True,True
qwen25_3b,Qwen2.5-3B,agr_0266,SP,The member of the services in question,0.71875,True,False
qwen25_3b,Qwen2.5-3B,agr_0266,PS,The members of the service in question,4.3046875,True,True
qwen25_3b,Qwen2.5-3B,agr_0266,PP,The members of the services in question,5.6171875,True,True
qwen25_3b,Qwen2.5-3B,agr_0267,SS,The professor of the program in question,8.0625,True,True
qwen25_3b,Qwen2.5-3B,agr_0267,SP,The professor of the programs in question,3.0,True,True
qwen25_3b,Qwen2.5-3B,agr_0267,PS,The professors of the program in question,4.875,True,True
qwen25_3b,Qwen2.5-3B,agr_0267,PP,The professors of the programs in question,6.703125,True,True
qwen25_3b,Qwen2.5-3B,agr_0268,SS,The worker of the enterprise in question,4.890625,True,True
qwen25_3b,Qwen2.5-3B,agr_0268,SP,The worker of the enterprises in question,0.1875,True,False
qwen25_3b,Qwen2.5-3B,agr_0268,PS,The workers of the enterprise in question,5.3515625,True,True
qwen25_3b,Qwen2.5-3B,agr_0268,PP,The workers of the enterprises in question,6.53125,True,True
qwen25_3b,Qwen2.5-3B,agr_0269,SS,The teacher of the agency in question,5.421875,True,True
qwen25_3b,Qwen2.5-3B,agr_0269,SP,The teacher of the agencies in question,1.984375,True,True
qwen25_3b,Qwen2.5-3B,agr_0269,PS,The teachers of the agency in question,3.3046875,True,True
qwen25_3b,Qwen2.5-3B,agr_0269,PP,The teachers of the agencies in question,4.9609375,True,True
qwen25_3b,Qwen2.5-3B,agr_0270,SS,The executive of the enterprise in question,4.4375,True,True
qwen25_3b,Qwen2.5-3B,agr_0270,SP,The executive of the enterprises in question,-0.390625,False,False
qwen25_3b,Qwen2.5-3B,agr_0270,PS,The executives of the enterprise in question,4.4609375,True,True
qwen25_3b,Qwen2.5-3B,agr_0270,PP,The executives of the enterprises in question,6.3515625,True,True
qwen25_3b,Qwen2.5-3B,agr_0271,SS,The auditor of the network in question,6.203125,True,True
qwen25_3b,Qwen2.5-3B,agr_0271,SP,The auditor of the networks in question,2.59375,True,True
qwen25_3b,Qwen2.5-3B,agr_0271,PS,The auditors of the network in question,4.3359375,True,True
qwen25_3b,Qwen2.5-3B,agr_0271,PP,The auditors of the networks in question,6.359375,True,True
qwen25_3b,Qwen2.5-3B,agr_0272,SS,The journalist of the district in question,4.7265625,True,True
qwen25_3b,Qwen2.5-3B,agr_0272,SP,The journalist of the districts in question,0.6875,True,False
qwen25_3b,Qwen2.5-3B,agr_0272,PS,The journalists of the district in question,4.65625,True,True
qwen25_3b,Qwen2.5-3B,agr_0272,PP,The journalists of the districts in question,6.8984375,True,True
qwen25_3b,Qwen2.5-3B,agr_0273,SS,The representative of the department in question,7.3828125,True,True
qwen25_3b,Qwen2.5-3B,agr_0273,SP,The representative of the departments in question,0.890625,True,False
qwen25_3b,Qwen2.5-3B,agr_0273,PS,The representatives of the department in question,3.4140625,True,True
qwen25_3b,Qwen2.5-3B,agr_0273,PP,The representatives of the departments in question,6.109375,True,True
qwen25_3b,Qwen2.5-3B,agr_0274,SS,The assistant of the committee in question,4.125,True,True
qwen25_3b,Qwen2.5-3B,agr_0274,SP,The assistant of the committees in question,0.5625,True,False
qwen25_3b,Qwen2.5-3B,agr_0274,PS,The assistants of the committee in question,4.9375,True,True
qwen25_3b,Qwen2.5-3B,agr_0274,PP,The assistants of the committees in question,6.484375,True,True
qwen25_3b,Qwen2.5-3B,agr_0275,SS,The manager of the group in question,5.7421875,True,True
qwen25_3b,Qwen2.5-3B,agr_0275,SP,The manager of the groups in question,3.1484375,True,True
qwen25_3b,Qwen2.5-3B,agr_0275,PS,The managers of the group in question,5.1328125,True,True
qwen25_3b,Qwen2.5-3B,agr_0275,PP,The managers of the groups in question,6.6171875,True,True
qwen25_3b,Qwen2.5-3B,agr_0276,SS,The administrator of the foundation in question,6.6640625,True,True
qwen25_3b,Qwen2.5-3B,agr_0276,SP,The administrator of the foundations in question,2.890625,True,True
qwen25_3b,Qwen2.5-3B,agr_0276,PS,The administrators of the foundation in question,5.3984375,True,True
qwen25_3b,Qwen2.5-3B,agr_0276,PP,The administrators of the foundations in question,7.40625,True,True
qwen25_3b,Qwen2.5-3B,agr_0277,SS,The executive of the system in question,3.734375,True,True
qwen25_3b,Qwen2.5-3B,agr_0277,SP,The executive of the systems in question,-0.125,False,False
qwen25_3b,Qwen2.5-3B,agr_0277,PS,The executives of the system in question,3.296875,True,True
qwen25_3b,Qwen2.5-3B,agr_0277,PP,The executives of the systems in question,5.4296875,True,True
qwen25_3b,Qwen2.5-3B,agr_0278,SS,The author of the department in question,4.9921875,True,True
qwen25_3b,Qwen2.5-3B,agr_0278,SP,The author of the departments in question,0.625,True,False
qwen25_3b,Qwen2.5-3B,agr_0278,PS,The authors of the department in question,4.4453125,True,True
qwen25_3b,Qwen2.5-3B,agr_0278,PP,The authors of the departments in question,6.2109375,True,True
qwen25_3b,Qwen2.5-3B,agr_0279,SS,The inspector of the district in question,6.265625,True,True
qwen25_3b,Qwen2.5-3B,agr_0279,SP,The inspector of the districts in question,2.03125,True,True
qwen25_3b,Qwen2.5-3B,agr_0279,PS,The inspectors of the district in question,5.125,True,True
qwen25_3b,Qwen2.5-3B,agr_0279,PP,The inspectors of the districts in question,6.328125,True,True
qwen25_3b,Qwen2.5-3B,agr_0280,SS,The member of the organization in question,2.828125,True,True
qwen25_3b,Qwen2.5-3B,agr_0280,SP,The member of the organizations in question,0.078125,True,False
qwen25_3b,Qwen2.5-3B,agr_0280,PS,The members of the organization in question,5.2890625,True,True
qwen25_3b,Qwen2.5-3B,agr_0280,PP,The members of the organizations in question,7.265625,True,True
qwen25_3b,Qwen2.5-3B,agr_0281,SS,The scientist of the program in question,4.0625,True,True
qwen25_3b,Qwen2.5-3B,agr_0281,SP,The scientist of the programs in question,1.6875,True,True
qwen25_3b,Qwen2.5-3B,agr_0281,PS,The scientists of the program in question,5.75,True,True
qwen25_3b,Qwen2.5-3B,agr_0281,PP,The scientists of the programs in question,7.9140625,True,True
qwen25_3b,Qwen2.5-3B,agr_0282,SS,The programmer of the program in question,6.7421875,True,True
qwen25_3b,Qwen2.5-3B,agr_0282,SP,The programmer of the programs in question,3.1875,True,True
qwen25_3b,Qwen2.5-3B,agr_0282,PS,The programmers of the program in question,6.234375,True,True
qwen25_3b,Qwen2.5-3B,agr_0282,PP,The programmers of the programs in question,6.2265625,True,True
qwen25_3b,Qwen2.5-3B,agr_0283,SS,The planner of the council in question,6.171875,True,True
qwen25_3b,Qwen2.5-3B,agr_0283,SP,The planner of the councils in question,4.640625,True,True
qwen25_3b,Qwen2.5-3B,agr_0283,PS,The planners of the council in question,5.8984375,True,True
qwen25_3b,Qwen2.5-3B,agr_0283,PP,The planners of the councils in question,7.453125,True,True
qwen25_3b,Qwen2.5-3B,agr_0284,SS,The owner of the team in question,8.171875,True,True
qwen25_3b,Qwen2.5-3B,agr_0284,SP,The owner of the teams in question,2.1875,True,True
qwen25_3b,Qwen2.5-3B,agr_0284,PS,The owners of the team in question,3.59375,True,True
qwen25_3b,Qwen2.5-3B,agr_0284,PP,The owners of the teams in question,5.4140625,True,True
qwen25_3b,Qwen2.5-3B,agr_0285,SS,The commissioner of the club in question,7.9765625,True,True
qwen25_3b,Qwen2.5-3B,agr_0285,SP,The commissioner of the clubs in question,2.359375,True,True
qwen25_3b,Qwen2.5-3B,agr_0285,PS,The commissioners of the club in question,3.140625,True,True
qwen25_3b,Qwen2.5-3B,agr_0285,PP,The commissioners of the clubs in question,5.796875,True,True
qwen25_3b,Qwen2.5-3B,agr_0286,SS,The planner of the unit in question,6.65625,True,True
qwen25_3b,Qwen2.5-3B,agr_0286,SP,The planner of the units in question,2.171875,True,True
qwen25_3b,Qwen2.5-3B,agr_0286,PS,The planners of the unit in question,5.5234375,True,True
qwen25_3b,Qwen2.5-3B,agr_0286,PP,The planners of the units in question,7.40625,True,True
qwen25_3b,Qwen2.5-3B,agr_0287,SS,The trainer of the foundation in question,6.46875,True,True
qwen25_3b,Qwen2.5-3B,agr_0287,SP,The trainer of the foundations in question,3.734375,True,True
qwen25_3b,Qwen2.5-3B,agr_0287,PS,The trainers of the foundation in question,4.4609375,True,True
qwen25_3b,Qwen2.5-3B,agr_0287,PP,The trainers of the foundations in question,6.453125,True,True
qwen25_3b,Qwen2.5-3B,agr_0288,SS,The scientist of the college in question,2.796875,True,True
qwen25_3b,Qwen2.5-3B,agr_0288,SP,The scientist of the colleges in question,0.171875,True,False
qwen25_3b,Qwen2.5-3B,agr_0288,PS,The scientists of the college in question,5.2734375,True,True
qwen25_3b,Qwen2.5-3B,agr_0288,PP,The scientists of the colleges in question,6.734375,True,True
qwen25_3b,Qwen2.5-3B,agr_0289,SS,The developer of the unit in question,6.015625,True,True
qwen25_3b,Qwen2.5-3B,agr_0289,SP,The developer of the units in question,3.46875,True,True
qwen25_3b,Qwen2.5-3B,agr_0289,PS,The developers of the unit in question,4.8046875,True,True
qwen25_3b,Qwen2.5-3B,agr_0289,PP,The developers of the units in question,6.2578125,True,True
qwen25_3b,Qwen2.5-3B,agr_0290,SS,The worker of the station in question,5.1328125,True,True
qwen25_3b,Qwen2.5-3B,agr_0290,SP,The worker of the stations in question,0.765625,True,False
qwen25_3b,Qwen2.5-3B,agr_0290,PS,The workers of the station in question,4.46875,True,True
qwen25_3b,Qwen2.5-3B,agr_0290,PP,The workers of the stations in question,6.1640625,True,True
qwen25_3b,Qwen2.5-3B,agr_0291,SS,The journalist of the company in question,4.875,True,True
qwen25_3b,Qwen2.5-3B,agr_0291,SP,The journalist of the companies in question,1.265625,True,True
qwen25_3b,Qwen2.5-3B,agr_0291,PS,The journalists of the company in question,5.0390625,True,True
qwen25_3b,Qwen2.5-3B,agr_0291,PP,The journalists of the companies in question,7.171875,True,True
qwen25_3b,Qwen2.5-3B,agr_0292,SS,The artist of the coalition in question,4.6796875,True,True
qwen25_3b,Qwen2.5-3B,agr_0292,SP,The artist of the coalitions in question,3.046875,True,True
qwen25_3b,Qwen2.5-3B,agr_0292,PS,The artists of the coalition in question,5.25,True,True
qwen25_3b,Qwen2.5-3B,agr_0292,PP,The artists of the coalitions in question,7.171875,True,True
qwen25_3b,Qwen2.5-3B,agr_0293,SS,The driver of the hospital in question,5.453125,True,True
qwen25_3b,Qwen2.5-3B,agr_0293,SP,The driver of the hospitals in question,0.125,True,False
qwen25_3b,Qwen2.5-3B,agr_0293,PS,The drivers of the hospital in question,4.421875,True,True
qwen25_3b,Qwen2.5-3B,agr_0293,PP,The drivers of the hospitals in question,5.90625,True,True
qwen25_3b,Qwen2.5-3B,agr_0294,SS,The evaluator of the district in question,5.9140625,True,True
qwen25_3b,Qwen2.5-3B,agr_0294,SP,The evaluator of the districts in question,2.484375,True,True
qwen25_3b,Qwen2.5-3B,agr_0294,PS,The evaluators of the district in question,5.796875,True,True
qwen25_3b,Qwen2.5-3B,agr_0294,PP,The evaluators of the districts in question,6.6953125,True,True
qwen25_3b,Qwen2.5-3B,agr_0295,SS,The lecturer of the district in question,5.0546875,True,True
qwen25_3b,Qwen2.5-3B,agr_0295,SP,The lecturer of the districts in question,1.0625,True,True
qwen25_3b,Qwen2.5-3B,agr_0295,PS,The lecturers of the district in question,4.4609375,True,True
qwen25_3b,Qwen2.5-3B,agr_0295,PP,The lecturers of the districts in question,6.375,True,True
qwen25_3b,Qwen2.5-3B,agr_0296,SS,The assistant of the federation in question,4.4765625,True,True
qwen25_3b,Qwen2.5-3B,agr_0296,SP,The assistant of the federations in question,0.390625,True,False
qwen25_3b,Qwen2.5-3B,agr_0296,PS,The assistants of the federation in question,4.421875,True,True
qwen25_3b,Qwen2.5-3B,agr_0296,PP,The assistants of the federations in question,6.7734375,True,True
qwen25_3b,Qwen2.5-3B,agr_0297,SS,The teacher of the board in question,6.421875,True,True
qwen25_3b,Qwen2.5-3B,agr_0297,SP,The teacher of the boards in question,5.171875,True,True
qwen25_3b,Qwen2.5-3B,agr_0297,PS,The teachers of the board in question,3.03125,True,True
qwen25_3b,Qwen2.5-3B,agr_0297,PP,The teachers of the boards in question,4.2890625,True,True
qwen25_3b,Qwen2.5-3B,agr_0298,SS,The driver of the department in question,5.2265625,True,True
qwen25_3b,Qwen2.5-3B,agr_0298,SP,The driver of the departments in question,-0.59375,False,False
qwen25_3b,Qwen2.5-3B,agr_0298,PS,The drivers of the department in question,4.7265625,True,True
qwen25_3b,Qwen2.5-3B,agr_0298,PP,The drivers of the departments in question,5.40625,True,True
qwen25_3b,Qwen2.5-3B,agr_0299,SS,The engineer of the district in question,6.0390625,True,True
qwen25_3b,Qwen2.5-3B,agr_0299,SP,The engineer of the districts in question,0.8125,True,False
qwen25_3b,Qwen2.5-3B,agr_0299,PS,The engineers of the district in question,5.5078125,True,True
qwen25_3b,Qwen2.5-3B,agr_0299,PP,The engineers of the districts in question,7.1015625,True,True
qwen25_3b,Qwen2.5-3B,agr_0300,SS,The painter of the association in question,6.421875,True,True
qwen25_3b,Qwen2.5-3B,agr_0300,SP,The painter of the associations in question,4.609375,True,True
qwen25_3b,Qwen2.5-3B,agr_0300,PS,The painters of the association in question,5.4140625,True,True
qwen25_3b,Qwen2.5-3B,agr_0300,PP,The painters of the associations in question,7.0234375,True,True
qwen25_3b,Qwen2.5-3B,agr_0301,SS,The manager of the branch in question,7.6953125,True,True
qwen25_3b,Qwen2.5-3B,agr_0301,SP,The manager of the branches in question,2.53125,True,True
qwen25_3b,Qwen2.5-3B,agr_0301,PS,The managers of the branch in question,5.4140625,True,True
qwen25_3b,Qwen2.5-3B,agr_0301,PP,The managers of the branches in question,7.1328125,True,True
qwen25_3b,Qwen2.5-3B,agr_0302,SS,The programmer of the club in question,6.53125,True,True
qwen25_3b,Qwen2.5-3B,agr_0302,SP,The programmer of the clubs in question,2.171875,True,True
qwen25_3b,Qwen2.5-3B,agr_0302,PS,The programmers of the club in question,6.3046875,True,True
qwen25_3b,Qwen2.5-3B,agr_0302,PP,The programmers of the clubs in question,7.1484375,True,True
qwen25_3b,Qwen2.5-3B,agr_0303,SS,The evaluator of the association in question,5.9140625,True,True
qwen25_3b,Qwen2.5-3B,agr_0303,SP,The evaluator of the associations in question,2.953125,True,True
qwen25_3b,Qwen2.5-3B,agr_0303,PS,The evaluators of the association in question,5.5859375,True,True
qwen25_3b,Qwen2.5-3B,agr_0303,PP,The evaluators of the associations in question,7.109375,True,True
qwen25_3b,Qwen2.5-3B,agr_0304,SS,The artist of the office in question,6.2421875,True,True
qwen25_3b,Qwen2.5-3B,agr_0304,SP,The artist of the offices in question,3.171875,True,True
qwen25_3b,Qwen2.5-3B,agr_0304,PS,The artists of the office in question,4.5625,True,True
qwen25_3b,Qwen2.5-3B,agr_0304,PP,The artists of the offices in question,6.1328125,True,True
qwen25_3b,Qwen2.5-3B,agr_0305,SS,The auditor of the alliance in question,6.4453125,True,True
qwen25_3b,Qwen2.5-3B,agr_0305,SP,The auditor of the alliances in question,2.984375,True,True
qwen25_3b,Qwen2.5-3B,agr_0305,PS,The auditors of the alliance in question,5.71875,True,True
qwen25_3b,Qwen2.5-3B,agr_0305,PP,The auditors of the alliances in question,6.7421875,True,True
qwen25_3b,Qwen2.5-3B,agr_0306,SS,The teacher of the district in question,6.75,True,True
qwen25_3b,Qwen2.5-3B,agr_0306,SP,The teacher of the districts in question,1.4375,True,True
qwen25_3b,Qwen2.5-3B,agr_0306,PS,The teachers of the district in question,4.1015625,True,True
qwen25_3b,Qwen2.5-3B,agr_0306,PP,The teachers of the districts in question,5.640625,True,True
qwen25_3b,Qwen2.5-3B,agr_0307,SS,The student of the facility in question,3.6953125,True,True
qwen25_3b,Qwen2.5-3B,agr_0307,SP,The student of the facilities in question,1.984375,True,True
qwen25_3b,Qwen2.5-3B,agr_0307,PS,The students of the facility in question,5.046875,True,True
qwen25_3b,Qwen2.5-3B,agr_0307,PP,The students of the facilities in question,5.421875,True,True
qwen25_3b,Qwen2.5-3B,agr_0308,SS,The officer of the centre in question,5.7421875,True,True
qwen25_3b,Qwen2.5-3B,agr_0308,SP,The officer of the centres in question,0.765625,True,False
qwen25_3b,Qwen2.5-3B,agr_0308,PS,The officers of the centre in question,4.5,True,True
qwen25_3b,Qwen2.5-3B,agr_0308,PP,The officers of the centres in question,6.703125,True,True
qwen25_3b,Qwen2.5-3B,agr_0309,SS,The engineer of the bureau in question,5.859375,True,True
qwen25_3b,Qwen2.5-3B,agr_0309,SP,The engineer of the bureaus in question,0.109375,True,False
qwen25_3b,Qwen2.5-3B,agr_0309,PS,The engineers of the bureau in question,6.3359375,True,True
qwen25_3b,Qwen2.5-3B,agr_0309,PP,The engineers of the bureaus in question,7.390625,True,True
qwen25_3b,Qwen2.5-3B,agr_0310,SS,The professor of the alliance in question,5.9296875,True,True
qwen25_3b,Qwen2.5-3B,agr_0310,SP,The professor of the alliances in question,4.421875,True,True
qwen25_3b,Qwen2.5-3B,agr_0310,PS,The professors of the alliance in question,5.1640625,True,True
qwen25_3b,Qwen2.5-3B,agr_0310,PP,The professors of the alliances in question,6.9765625,True,True
qwen25_3b,Qwen2.5-3B,agr_0311,SS,The officer of the coalition in question,5.3203125,True,True
qwen25_3b,Qwen2.5-3B,agr_0311,SP,The officer of the coalitions in question,1.328125,True,True
qwen25_3b,Qwen2.5-3B,agr_0311,PS,The officers of the coalition in question,4.5,True,True
qwen25_3b,Qwen2.5-3B,agr_0311,PP,The officers of the coalitions in question,6.078125,True,True
qwen25_3b,Qwen2.5-3B,agr_0312,SS,The journalist of the club in question,5.21875,True,True
qwen25_3b,Qwen2.5-3B,agr_0312,SP,The journalist of the clubs in question,1.546875,True,True
qwen25_3b,Qwen2.5-3B,agr_0312,PS,The journalists of the club in question,4.8125,True,True
qwen25_3b,Qwen2.5-3B,agr_0312,PP,The journalists of the clubs in question,6.7421875,True,True
qwen25_3b,Qwen2.5-3B,agr_0313,SS,The researcher of the district in question,4.546875,True,True
qwen25_3b,Qwen2.5-3B,agr_0313,SP,The researcher of the districts in question,1.71875,True,True
qwen25_3b,Qwen2.5-3B,agr_0313,PS,The researchers of the district in question,5.203125,True,True
qwen25_3b,Qwen2.5-3B,agr_0313,PP,The researchers of the districts in question,6.5859375,True,True
qwen25_3b,Qwen2.5-3B,agr_0314,SS,The inspector of the corporation in question,6.09375,True,True
qwen25_3b,Qwen2.5-3B,agr_0314,SP,The inspector of the corporations in question,2.515625,True,True
qwen25_3b,Qwen2.5-3B,agr_0314,PS,The inspectors of the corporation in question,4.6328125,True,True
qwen25_3b,Qwen2.5-3B,agr_0314,PP,The inspectors of the corporations in question,6.1328125,True,True
qwen25_3b,Qwen2.5-3B,agr_0315,SS,The director of the sector in question,6.953125,True,True
qwen25_3b,Qwen2.5-3B,agr_0315,SP,The director of the sectors in question,1.890625,True,True
qwen25_3b,Qwen2.5-3B,agr_0315,PS,The directors of the sector in question,5.078125,True,True
qwen25_3b,Qwen2.5-3B,agr_0315,PP,The directors of the sectors in question,7.0390625,True,True
qwen25_3b,Qwen2.5-3B,agr_0316,SS,The accountant of the department in question,7.9296875,True,True
qwen25_3b,Qwen2.5-3B,agr_0316,SP,The accountant of the departments in question,1.296875,True,True
qwen25_3b,Qwen2.5-3B,agr_0316,PS,The accountants of the department in question,4.8125,True,True
qwen25_3b,Qwen2.5-3B,agr_0316,PP,The accountants of the departments in question,6.1640625,True,True
qwen25_3b,Qwen2.5-3B,agr_0317,SS,The manager of the board in question,6.6640625,True,True
qwen25_3b,Qwen2.5-3B,agr_0317,SP,The manager of the boards in question,5.0,True,True
qwen25_3b,Qwen2.5-3B,agr_0317,PS,The managers of the board in question,4.0078125,True,True
qwen25_3b,Qwen2.5-3B,agr_0317,PP,The managers of the boards in question,6.203125,True,True
qwen25_3b,Qwen2.5-3B,agr_0318,SS,The executive of the hospital in question,3.765625,True,True
qwen25_3b,Qwen2.5-3B,agr_0318,SP,The executive of the hospitals in question,0.0,False,False
qwen25_3b,Qwen2.5-3B,agr_0318,PS,The executives of the hospital in question,4.8515625,True,True
qwen25_3b,Qwen2.5-3B,agr_0318,PP,The executives of the hospitals in question,6.546875,True,True
qwen25_3b,Qwen2.5-3B,agr_0319,SS,The student of the partnership in question,4.953125,True,True
qwen25_3b,Qwen2.5-3B,agr_0319,SP,The student of the partnerships in question,1.75,True,True
qwen25_3b,Qwen2.5-3B,agr_0319,PS,The students of the partnership in question,4.1796875,True,True
qwen25_3b,Qwen2.5-3B,agr_0319,PP,The students of the partnerships in question,6.3984375,True,True
qwen25_3b,Qwen2.5-3B,agr_0320,SS,The author of the school in question,6.6015625,True,True
qwen25_3b,Qwen2.5-3B,agr_0320,SP,The author of the schools in question,2.328125,True,True
qwen25_3b,Qwen2.5-3B,agr_0320,PS,The authors of the school in question,4.6484375,True,True
qwen25_3b,Qwen2.5-3B,agr_0320,PP,The authors of the schools in question,6.4765625,True,True
qwen25_3b,Qwen2.5-3B,agr_0321,SS,The lawyer of the panel in question,4.3046875,True,True
qwen25_3b,Qwen2.5-3B,agr_0321,SP,The lawyer of the panels in question,2.2578125,True,True
qwen25_3b,Qwen2.5-3B,agr_0321,PS,The lawyers of the panel in question,5.2578125,True,True
qwen25_3b,Qwen2.5-3B,agr_0321,PP,The lawyers of the panels in question,6.9921875,True,True
qwen25_3b,Qwen2.5-3B,agr_0322,SS,The executive of the club in question,2.9609375,True,True
qwen25_3b,Qwen2.5-3B,agr_0322,SP,The executive of the clubs in question,-0.25,False,False
qwen25_3b,Qwen2.5-3B,agr_0322,PS,The executives of the club in question,4.71875,True,True
qwen25_3b,Qwen2.5-3B,agr_0322,PP,The executives of the clubs in question,6.2890625,True,True
qwen25_3b,Qwen2.5-3B,agr_0323,SS,The architect of the service in question,7.765625,True,True
qwen25_3b,Qwen2.5-3B,agr_0323,SP,The architect of the services in question,4.125,True,True
qwen25_3b,Qwen2.5-3B,agr_0323,PS,The architects of the service in question,5.671875,True,True
qwen25_3b,Qwen2.5-3B,agr_0323,PP,The architects of the services in question,6.6640625,True,True
qwen25_3b,Qwen2.5-3B,agr_0324,SS,The worker of the service in question,4.171875,True,True
qwen25_3b,Qwen2.5-3B,agr_0324,SP,The worker of the services in question,1.203125,True,True
qwen25_3b,Qwen2.5-3B,agr_0324,PS,The workers of the service in question,3.265625,True,True
qwen25_3b,Qwen2.5-3B,agr_0324,PP,The workers of the services in question,5.8828125,True,True
qwen25_3b,Qwen2.5-3B,agr_0325,SS,The architect of the program in question,8.4375,True,True
qwen25_3b,Qwen2.5-3B,agr_0325,SP,The architect of the programs in question,5.1484375,True,True
qwen25_3b,Qwen2.5-3B,agr_0325,PS,The architects of the program in question,6.3515625,True,True
qwen25_3b,Qwen2.5-3B,agr_0325,PP,The architects of the programs in question,8.296875,True,True
qwen25_3b,Qwen2.5-3B,agr_0326,SS,The trainer of the club in question,6.71875,True,True
qwen25_3b,Qwen2.5-3B,agr_0326,SP,The trainer of the clubs in question,3.7734375,True,True
qwen25_3b,Qwen2.5-3B,agr_0326,PS,The trainers of the club in question,4.4921875,True,True
qwen25_3b,Qwen2.5-3B,agr_0326,PP,The trainers of the clubs in question,5.578125,True,True
qwen25_3b,Qwen2.5-3B,agr_0327,SS,The commissioner of the region in question,7.2421875,True,True
qwen25_3b,Qwen2.5-3B,agr_0327,SP,The commissioner of the regions in question,1.84375,True,True
qwen25_3b,Qwen2.5-3B,agr_0327,PS,The commissioners of the region in question,3.859375,True,True
qwen25_3b,Qwen2.5-3B,agr_0327,PP,The commissioners of the regions in question,6.1484375,True,True
qwen25_3b,Qwen2.5-3B,agr_0328,SS,The technician of the team in question,5.953125,True,True
qwen25_3b,Qwen2.5-3B,agr_0328,SP,The technician of the teams in question,1.796875,True,True
qwen25_3b,Qwen2.5-3B,agr_0328,PS,The technicians of the team in question,5.8046875,True,True
qwen25_3b,Qwen2.5-3B,agr_0328,PP,The technicians of the teams in question,7.234375,True,True
qwen25_3b,Qwen2.5-3B,agr_0329,SS,The leader of the centre in question,7.6953125,True,True
qwen25_3b,Qwen2.5-3B,agr_0329,SP,The leader of the centres in question,2.6875,True,True
qwen25_3b,Qwen2.5-3B,agr_0329,PS,The leaders of the centre in question,3.234375,True,True
qwen25_3b,Qwen2.5-3B,agr_0329,PP,The leaders of the centres in question,7.2265625,True,True
qwen25_3b,Qwen2.5-3B,agr_0330,SS,The designer of the forum in question,8.4375,True,True
qwen25_3b,Qwen2.5-3B,agr_0330,SP,The designer of the forums in question,5.1640625,True,True
qwen25_3b,Qwen2.5-3B,agr_0330,PS,The designers of the forum in question,6.25,True,True
qwen25_3b,Qwen2.5-3B,agr_0330,PP,The designers of the forums in question,6.296875,True,True
qwen25_3b,Qwen2.5-3B,agr_0331,SS,The owner of the university in question,7.90625,True,True
qwen25_3b,Qwen2.5-3B,agr_0331,SP,The owner of the universities in question,2.171875,True,True
qwen25_3b,Qwen2.5-3B,agr_0331,PS,The owners of the university in question,4.359375,True,True
qwen25_3b,Qwen2.5-3B,agr_0331,PP,The owners of the universities in question,6.515625,True,True
qwen25_3b,Qwen2.5-3B,agr_0332,SS,The reporter of the hospital in question,5.015625,True,True
qwen25_3b,Qwen2.5-3B,agr_0332,SP,The reporter of the hospitals in question,1.421875,True,True
qwen25_3b,Qwen2.5-3B,agr_0332,PS,The reporters of the hospital in question,4.046875,True,True
qwen25_3b,Qwen2.5-3B,agr_0332,PP,The reporters of the hospitals in question,4.625,True,True
qwen25_3b,Qwen2.5-3B,agr_0333,SS,The administrator of the panel in question,6.4453125,True,True
qwen25_3b,Qwen2.5-3B,agr_0333,SP,The administrator of the panels in question,2.859375,True,True
qwen25_3b,Qwen2.5-3B,agr_0333,PS,The administrators of the panel in question,5.546875,True,True
qwen25_3b,Qwen2.5-3B,agr_0333,PP,The administrators of the panels in question,6.6953125,True,True
qwen25_3b,Qwen2.5-3B,agr_0334,SS,The lecturer of the agency in question,5.5234375,True,True
qwen25_3b,Qwen2.5-3B,agr_0334,SP,The lecturer of the agencies in question,2.125,True,True
qwen25_3b,Qwen2.5-3B,agr_0334,PS,The lecturers of the agency in question,4.84375,True,True
qwen25_3b,Qwen2.5-3B,agr_0334,PP,The lecturers of the agencies in question,6.2890625,True,True
qwen25_3b,Qwen2.5-3B,agr_0335,SS,The planner of the agency in question,6.6484375,True,True
qwen25_3b,Qwen2.5-3B,agr_0335,SP,The planner of the agencies in question,2.265625,True,True
qwen25_3b,Qwen2.5-3B,agr_0335,PS,The planners of the agency in question,5.9375,True,True
qwen25_3b,Qwen2.5-3B,agr_0335,PP,The planners of the agencies in question,7.4765625,True,True
qwen25_3b,Qwen2.5-3B,agr_0336,SS,The editor of the sector in question,6.3203125,True,True
qwen25_3b,Qwen2.5-3B,agr_0336,SP,The editor of the sectors in question,2.15625,True,True
qwen25_3b,Qwen2.5-3B,agr_0336,PS,The editors of the sector in question,3.7734375,True,True
qwen25_3b,Qwen2.5-3B,agr_0336,PP,The editors of the sectors in question,6.4296875,True,True
qwen25_3b,Qwen2.5-3B,agr_0337,SS,The member of the system in question,2.84375,True,True
qwen25_3b,Qwen2.5-3B,agr_0337,SP,The member of the systems in question,0.484375,True,False
qwen25_3b,Qwen2.5-3B,agr_0337,PS,The members of the system in question,3.8125,True,True
qwen25_3b,Qwen2.5-3B,agr_0337,PP,The members of the systems in question,5.390625,True,True
qwen25_3b,Qwen2.5-3B,agr_0338,SS,The operator of the federation in question,6.125,True,True
qwen25_3b,Qwen2.5-3B,agr_0338,SP,The operator of the federations in question,1.984375,True,True
qwen25_3b,Qwen2.5-3B,agr_0338,PS,The operators of the federation in question,4.453125,True,True
qwen25_3b,Qwen2.5-3B,agr_0338,PP,The operators of the federations in question,7.1640625,True,True
qwen25_3b,Qwen2.5-3B,agr_0339,SS,The researcher of the project in question,5.1640625,True,True
qwen25_3b,Qwen2.5-3B,agr_0339,SP,The researcher of the projects in question,1.671875,True,True
qwen25_3b,Qwen2.5-3B,agr_0339,PS,The researchers of the project in question,5.171875,True,True
qwen25_3b,Qwen2.5-3B,agr_0339,PP,The researchers of the projects in question,7.7734375,True,True
qwen25_3b,Qwen2.5-3B,agr_0340,SS,The supervisor of the program in question,6.6015625,True,True
qwen25_3b,Qwen2.5-3B,agr_0340,SP,The supervisor of the programs in question,3.296875,True,True
qwen25_3b,Qwen2.5-3B,agr_0340,PS,The supervisors of the program in question,3.609375,True,True
qwen25_3b,Qwen2.5-3B,agr_0340,PP,The supervisors of the programs in question,5.171875,True,True
qwen25_3b,Qwen2.5-3B,agr_0341,SS,The analyst of the platform in question,5.578125,True,True
qwen25_3b,Qwen2.5-3B,agr_0341,SP,The analyst of the platforms in question,2.046875,True,True
qwen25_3b,Qwen2.5-3B,agr_0341,PS,The analysts of the platform in question,5.84375,True,True
qwen25_3b,Qwen2.5-3B,agr_0341,PP,The analysts of the platforms in question,7.1015625,True,True
qwen25_3b,Qwen2.5-3B,agr_0342,SS,The student of the service in question,4.0703125,True,True
qwen25_3b,Qwen2.5-3B,agr_0342,SP,The student of the services in question,1.59375,True,True
qwen25_3b,Qwen2.5-3B,agr_0342,PS,The students of the service in question,3.7265625,True,True
qwen25_3b,Qwen2.5-3B,agr_0342,PP,The students of the services in question,6.015625,True,True
qwen25_3b,Qwen2.5-3B,agr_0343,SS,The auditor of the agency in question,6.796875,True,True
qwen25_3b,Qwen2.5-3B,agr_0343,SP,The auditor of the agencies in question,2.8203125,True,True
qwen25_3b,Qwen2.5-3B,agr_0343,PS,The auditors of the agency in question,5.3828125,True,True
qwen25_3b,Qwen2.5-3B,agr_0343,PP,The auditors of the agencies in question,6.765625,True,True
qwen25_3b,Qwen2.5-3B,agr_0344,SS,The builder of the school in question,7.8828125,True,True
qwen25_3b,Qwen2.5-3B,agr_0344,SP,The builder of the schools in question,4.3359375,True,True
qwen25_3b,Qwen2.5-3B,agr_0344,PS,The builders of the school in question,4.7890625,True,True
qwen25_3b,Qwen2.5-3B,agr_0344,PP,The builders of the schools in question,7.1796875,True,True
qwen25_3b,Qwen2.5-3B,agr_0345,SS,The reporter of the federation in question,5.6953125,True,True
qwen25_3b,Qwen2.5-3B,agr_0345,SP,The reporter of the federations in question,1.125,True,True
qwen25_3b,Qwen2.5-3B,agr_0345,PS,The reporters of the federation in question,4.8984375,True,True
qwen25_3b,Qwen2.5-3B,agr_0345,PP,The reporters of the federations in question,6.5078125,True,True
qwen25_3b,Qwen2.5-3B,agr_0346,SS,The evaluator of the club in question,5.7265625,True,True
qwen25_3b,Qwen2.5-3B,agr_0346,SP,The evaluator of the clubs in question,2.484375,True,True
qwen25_3b,Qwen2.5-3B,agr_0346,PS,The evaluators of the club in question,5.4375,True,True
qwen25_3b,Qwen2.5-3B,agr_0346,PP,The evaluators of the clubs in question,6.359375,True,True
qwen25_3b,Qwen2.5-3B,agr_0347,SS,The designer of the unit in question,7.8359375,True,True
qwen25_3b,Qwen2.5-3B,agr_0347,SP,The designer of the units in question,3.109375,True,True
qwen25_3b,Qwen2.5-3B,agr_0347,PS,The designers of the unit in question,6.109375,True,True
qwen25_3b,Qwen2.5-3B,agr_0347,PP,The designers of the units in question,7.546875,True,True
qwen25_3b,Qwen2.5-3B,agr_0348,SS,The professor of the group in question,7.2734375,True,True
qwen25_3b,Qwen2.5-3B,agr_0348,SP,The professor of the groups in question,2.1875,True,True
qwen25_3b,Qwen2.5-3B,agr_0348,PS,The professors of the group in question,5.1171875,True,True
qwen25_3b,Qwen2.5-3B,agr_0348,PP,The professors of the groups in question,6.5078125,True,True
qwen25_3b,Qwen2.5-3B,agr_0349,SS,The researcher of the office in question,5.0625,True,True
qwen25_3b,Qwen2.5-3B,agr_0349,SP,The researcher of the offices in question,2.234375,True,True
qwen25_3b,Qwen2.5-3B,agr_0349,PS,The researchers of the office in question,5.1640625,True,True
qwen25_3b,Qwen2.5-3B,agr_0349,PP,The researchers of the offices in question,5.9453125,True,True
qwen25_3b,Qwen2.5-3B,agr_0350,SS,The painter of the firm in question,6.2734375,True,True
qwen25_3b,Qwen2.5-3B,agr_0350,SP,The painter of the firms in question,2.0625,True,True
qwen25_3b,Qwen2.5-3B,agr_0350,PS,The painters of the firm in question,5.0078125,True,True
qwen25_3b,Qwen2.5-3B,agr_0350,PP,The painters of the firms in question,6.7265625,True,True
qwen25_3b,Qwen2.5-3B,agr_0351,SS,The planner of the alliance in question,6.453125,True,True
qwen25_3b,Qwen2.5-3B,agr_0351,SP,The planner of the alliances in question,3.59375,True,True
qwen25_3b,Qwen2.5-3B,agr_0351,PS,The planners of the alliance in question,6.84375,True,True
qwen25_3b,Qwen2.5-3B,agr_0351,PP,The planners of the alliances in question,8.0859375,True,True
qwen25_3b,Qwen2.5-3B,agr_0352,SS,The commissioner of the centre in question,7.3203125,True,True
qwen25_3b,Qwen2.5-3B,agr_0352,SP,The commissioner of the centres in question,2.6875,True,True
qwen25_3b,Qwen2.5-3B,agr_0352,PS,The commissioners of the centre in question,4.015625,True,True
qwen25_3b,Qwen2.5-3B,agr_0352,PP,The commissioners of the centres in question,6.734375,True,True
qwen25_3b,Qwen2.5-3B,agr_0353,SS,The assistant of the university in question,4.5234375,True,True
qwen25_3b,Qwen2.5-3B,agr_0353,SP,The assistant of the universities in question,0.453125,True,False
qwen25_3b,Qwen2.5-3B,agr_0353,PS,The assistants of the university in question,3.453125,True,True
qwen25_3b,Qwen2.5-3B,agr_0353,PP,The assistants of the universities in question,5.9609375,True,True
qwen25_3b,Qwen2.5-3B,agr_0354,SS,The operator of the coalition in question,5.3984375,True,True
qwen25_3b,Qwen2.5-3B,agr_0354,SP,The operator of the coalitions in question,2.421875,True,True
qwen25_3b,Qwen2.5-3B,agr_0354,PS,The operators of the coalition in question,4.6953125,True,True
qwen25_3b,Qwen2.5-3B,agr_0354,PP,The operators of the coalitions in question,6.9609375,True,True
qwen25_3b,Qwen2.5-3B,agr_0355,SS,The builder of the ministry in question,7.953125,True,True
qwen25_3b,Qwen2.5-3B,agr_0355,SP,The builder of the ministries in question,4.6171875,True,True
qwen25_3b,Qwen2.5-3B,agr_0355,PS,The builders of the ministry in question,5.328125,True,True
qwen25_3b,Qwen2.5-3B,agr_0355,PP,The builders of the ministries in question,7.234375,True,True
qwen25_3b,Qwen2.5-3B,agr_0356,SS,The programmer of the panel in question,6.8515625,True,True
qwen25_3b,Qwen2.5-3B,agr_0356,SP,The programmer of the panels in question,1.984375,True,True
qwen25_3b,Qwen2.5-3B,agr_0356,PS,The programmers of the panel in question,6.234375,True,True
qwen25_3b,Qwen2.5-3B,agr_0356,PP,The programmers of the panels in question,7.15625,True,True
qwen25_3b,Qwen2.5-3B,agr_0357,SS,The architect of the school in question,8.765625,True,True
qwen25_3b,Qwen2.5-3B,agr_0357,SP,The architect of the schools in question,5.5703125,True,True
qwen25_3b,Qwen2.5-3B,agr_0357,PS,The architects of the school in question,5.7734375,True,True
qwen25_3b,Qwen2.5-3B,agr_0357,PP,The architects of the schools in question,7.96875,True,True
qwen25_3b,Qwen2.5-3B,agr_0358,SS,The director of the group in question,6.375,True,True
qwen25_3b,Qwen2.5-3B,agr_0358,SP,The director of the groups in question,1.4375,True,True
qwen25_3b,Qwen2.5-3B,agr_0358,PS,The directors of the group in question,5.5,True,True
qwen25_3b,Qwen2.5-3B,agr_0358,PP,The directors of the groups in question,7.203125,True,True
qwen25_3b,Qwen2.5-3B,agr_0359,SS,The scientist of the panel in question,2.921875,True,True
qwen25_3b,Qwen2.5-3B,agr_0359,SP,The scientist of the panels in question,2.421875,True,True
qwen25_3b,Qwen2.5-3B,agr_0359,PS,The scientists of the panel in question,5.6328125,True,True
qwen25_3b,Qwen2.5-3B,agr_0359,PP,The scientists of the panels in question,7.203125,True,True
qwen25_3b,Qwen2.5-3B,agr_0360,SS,The assistant of the platform in question,5.515625,True,True
qwen25_3b,Qwen2.5-3B,agr_0360,SP,The assistant of the platforms in question,0.515625,True,False
qwen25_3b,Qwen2.5-3B,agr_0360,PS,The assistants of the platform in question,3.7109375,True,True
qwen25_3b,Qwen2.5-3B,agr_0360,PP,The assistants of the platforms in question,5.3515625,True,True
qwen25_3b,Qwen2.5-3B,agr_0361,SS,The artist of the forum in question,6.125,True,True
qwen25_3b,Qwen2.5-3B,agr_0361,SP,The artist of the forums in question,4.625,True,True
qwen25_3b,Qwen2.5-3B,agr_0361,PS,The artists of the forum in question,5.0,True,True
qwen25_3b,Qwen2.5-3B,agr_0361,PP,The artists of the forums in question,5.640625,True,True
qwen25_3b,Qwen2.5-3B,agr_0362,SS,The artist of the institute in question,5.9140625,True,True
qwen25_3b,Qwen2.5-3B,agr_0362,SP,The artist of the institutes in question,2.125,True,True
qwen25_3b,Qwen2.5-3B,agr_0362,PS,The artists of the institute in question,5.109375,True,True
qwen25_3b,Qwen2.5-3B,agr_0362,PP,The artists of the institutes in question,7.1875,True,True
qwen25_3b,Qwen2.5-3B,agr_0363,SS,The reporter of the partnership in question,5.515625,True,True
qwen25_3b,Qwen2.5-3B,agr_0363,SP,The reporter of the partnerships in question,1.546875,True,True
qwen25_3b,Qwen2.5-3B,agr_0363,PS,The reporters of the partnership in question,3.71875,True,True
qwen25_3b,Qwen2.5-3B,agr_0363,PP,The reporters of the partnerships in question,5.1640625,True,True
qwen25_3b,Qwen2.5-3B,agr_0364,SS,The supervisor of the agency in question,7.1640625,True,True
qwen25_3b,Qwen2.5-3B,agr_0364,SP,The supervisor of the agencies in question,2.171875,True,True
qwen25_3b,Qwen2.5-3B,agr_0364,PS,The supervisors of the agency in question,3.984375,True,True
qwen25_3b,Qwen2.5-3B,agr_0364,PP,The supervisors of the agencies in question,6.2109375,True,True
qwen25_3b,Qwen2.5-3B,agr_0365,SS,The supervisor of the foundation in question,6.3828125,True,True
qwen25_3b,Qwen2.5-3B,agr_0365,SP,The supervisor of the foundations in question,3.40625,True,True
qwen25_3b,Qwen2.5-3B,agr_0365,PS,The supervisors of the foundation in question,3.71875,True,True
qwen25_3b,Qwen2.5-3B,agr_0365,PP,The supervisors of the foundations in question,6.03125,True,True
qwen25_3b,Qwen2.5-3B,agr_0366,SS,The student of the university in question,5.046875,True,True
qwen25_3b,Qwen2.5-3B,agr_0366,SP,The student of the universities in question,1.140625,True,True
qwen25_3b,Qwen2.5-3B,agr_0366,PS,The students of the university in question,4.53125,True,True
qwen25_3b,Qwen2.5-3B,agr_0366,PP,The students of the universities in question,5.796875,True,True
qwen25_3b,Qwen2.5-3B,agr_0367,SS,The accountant of the association in question,7.6875,True,True
qwen25_3b,Qwen2.5-3B,agr_0367,SP,The accountant of the associations in question,2.34375,True,True
qwen25_3b,Qwen2.5-3B,agr_0367,PS,The accountants of the association in question,5.765625,True,True
qwen25_3b,Qwen2.5-3B,agr_0367,PP,The accountants of the associations in question,6.8671875,True,True
qwen25_3b,Qwen2.5-3B,agr_0368,SS,The researcher of the ministry in question,5.1953125,True,True
qwen25_3b,Qwen2.5-3B,agr_0368,SP,The researcher of the ministries in question,1.8125,True,True
qwen25_3b,Qwen2.5-3B,agr_0368,PS,The researchers of the ministry in question,5.3515625,True,True
qwen25_3b,Qwen2.5-3B,agr_0368,PP,The researchers of the ministries in question,6.6875,True,True
qwen25_3b,Qwen2.5-3B,agr_0369,SS,The student of the federation in question,4.375,True,True
qwen25_3b,Qwen2.5-3B,agr_0369,SP,The student of the federations in question,1.265625,True,True
qwen25_3b,Qwen2.5-3B,agr_0369,PS,The students of the federation in question,4.9453125,True,True
qwen25_3b,Qwen2.5-3B,agr_0369,PP,The students of the federations in question,6.671875,True,True
qwen25_3b,Qwen2.5-3B,agr_0370,SS,The teacher of the region in question,6.9609375,True,True
qwen25_3b,Qwen2.5-3B,agr_0370,SP,The teacher of the regions in question,4.625,True,True
qwen25_3b,Qwen2.5-3B,agr_0370,PS,The teachers of the region in question,4.7734375,True,True
qwen25_3b,Qwen2.5-3B,agr_0370,PP,The teachers of the regions in question,5.8046875,True,True
qwen25_3b,Qwen2.5-3B,agr_0371,SS,The member of the company in question,2.671875,True,True
qwen25_3b,Qwen2.5-3B,agr_0371,SP,The member of the companies in question,0.390625,True,False
qwen25_3b,Qwen2.5-3B,agr_0371,PS,The members of the company in question,5.3359375,True,True
qwen25_3b,Qwen2.5-3B,agr_0371,PP,The members of the companies in question,6.8046875,True,True
qwen25_3b,Qwen2.5-3B,agr_0372,SS,The director of the centre in question,7.140625,True,True
qwen25_3b,Qwen2.5-3B,agr_0372,SP,The director of the centres in question,1.515625,True,True
qwen25_3b,Qwen2.5-3B,agr_0372,PS,The directors of the centre in question,6.1015625,True,True
qwen25_3b,Qwen2.5-3B,agr_0372,PP,The directors of the centres in question,7.4296875,True,True
qwen25_3b,Qwen2.5-3B,agr_0373,SS,The professor of the unit in question,7.0390625,True,True
qwen25_3b,Qwen2.5-3B,agr_0373,SP,The professor of the units in question,2.46875,True,True
qwen25_3b,Qwen2.5-3B,agr_0373,PS,The professors of the unit in question,4.578125,True,True
qwen25_3b,Qwen2.5-3B,agr_0373,PP,The professors of the units in question,6.390625,True,True
qwen25_3b,Qwen2.5-3B,agr_0374,SS,The reporter of the corporation in question,4.953125,True,True
qwen25_3b,Qwen2.5-3B,agr_0374,SP,The reporter of the corporations in question,1.53125,True,True
qwen25_3b,Qwen2.5-3B,agr_0374,PS,The reporters of the corporation in question,4.234375,True,True
qwen25_3b,Qwen2.5-3B,agr_0374,PP,The reporters of the corporations in question,5.6875,True,True
qwen25_3b,Qwen2.5-3B,agr_0375,SS,The editor of the system in question,7.0703125,True,True
qwen25_3b,Qwen2.5-3B,agr_0375,SP,The editor of the systems in question,1.640625,True,True
qwen25_3b,Qwen2.5-3B,agr_0375,PS,The editors of the system in question,3.328125,True,True
qwen25_3b,Qwen2.5-3B,agr_0375,PP,The editors of the systems in question,5.234375,True,True
qwen25_3b,Qwen2.5-3B,agr_0376,SS,The author of the sector in question,7.0234375,True,True
qwen25_3b,Qwen2.5-3B,agr_0376,SP,The author of the sectors in question,2.34375,True,True
qwen25_3b,Qwen2.5-3B,agr_0376,PS,The authors of the sector in question,3.7265625,True,True
qwen25_3b,Qwen2.5-3B,agr_0376,PP,The authors of the sectors in question,5.9765625,True,True
qwen25_3b,Qwen2.5-3B,agr_0377,SS,The reporter of the facility in question,5.078125,True,True
qwen25_3b,Qwen2.5-3B,agr_0377,SP,The reporter of the facilities in question,2.40625,True,True
qwen25_3b,Qwen2.5-3B,agr_0377,PS,The reporters of the facility in question,3.5078125,True,True
qwen25_3b,Qwen2.5-3B,agr_0377,PP,The reporters of the facilities in question,3.8359375,True,True
qwen25_3b,Qwen2.5-3B,agr_0378,SS,The painter of the institute in question,7.5234375,True,True
qwen25_3b,Qwen2.5-3B,agr_0378,SP,The painter of the institutes in question,5.7890625,True,True
qwen25_3b,Qwen2.5-3B,agr_0378,PS,The painters of the institute in question,4.7578125,True,True
qwen25_3b,Qwen2.5-3B,agr_0378,PP,The painters of the institutes in question,6.78125,True,True
qwen25_3b,Qwen2.5-3B,agr_0379,SS,The engineer of the centre in question,6.5546875,True,True
qwen25_3b,Qwen2.5-3B,agr_0379,SP,The engineer of the centres in question,1.59375,True,True
qwen25_3b,Qwen2.5-3B,agr_0379,PS,The engineers of the centre in question,6.7890625,True,True
qwen25_3b,Qwen2.5-3B,agr_0379,PP,The engineers of the centres in question,8.296875,True,True
qwen25_3b,Qwen2.5-3B,agr_0380,SS,The professor of the division in question,7.734375,True,True
qwen25_3b,Qwen2.5-3B,agr_0380,SP,The professor of the divisions in question,2.328125,True,True
qwen25_3b,Qwen2.5-3B,agr_0380,PS,The professors of the division in question,5.03125,True,True
qwen25_3b,Qwen2.5-3B,agr_0380,PP,The professors of the divisions in question,6.7265625,True,True
qwen25_3b,Qwen2.5-3B,agr_0381,SS,The programmer of the service in question,6.390625,True,True
qwen25_3b,Qwen2.5-3B,agr_0381,SP,The programmer of the services in question,2.140625,True,True
qwen25_3b,Qwen2.5-3B,agr_0381,PS,The programmers of the service in question,5.8515625,True,True
qwen25_3b,Qwen2.5-3B,agr_0381,PP,The programmers of the services in question,7.015625,True,True
qwen25_3b,Qwen2.5-3B,agr_0382,SS,The planner of the committee in question,6.1796875,True,True
qwen25_3b,Qwen2.5-3B,agr_0382,SP,The planner of the committees in question,2.71875,True,True
qwen25_3b,Qwen2.5-3B,agr_0382,PS,The planners of the committee in question,6.09375,True,True
qwen25_3b,Qwen2.5-3B,agr_0382,PP,The planners of the committees in question,7.2890625,True,True
qwen25_3b,Qwen2.5-3B,agr_0383,SS,The member of the school in question,2.515625,True,True
qwen25_3b,Qwen2.5-3B,agr_0383,SP,The member of the schools in question,0.203125,True,False
qwen25_3b,Qwen2.5-3B,agr_0383,PS,The members of the school in question,4.1328125,True,True
qwen25_3b,Qwen2.5-3B,agr_0383,PP,The members of the schools in question,6.640625,True,True
qwen25_3b,Qwen2.5-3B,agr_0384,SS,The inspector of the office in question,6.6015625,True,True
qwen25_3b,Qwen2.5-3B,agr_0384,SP,The inspector of the offices in question,3.453125,True,True
qwen25_3b,Qwen2.5-3B,agr_0384,PS,The inspectors of the office in question,5.0546875,True,True
qwen25_3b,Qwen2.5-3B,agr_0384,PP,The inspectors of the offices in question,6.375,True,True
qwen25_3b,Qwen2.5-3B,agr_0385,SS,The commissioner of the facility in question,7.4453125,True,True
qwen25_3b,Qwen2.5-3B,agr_0385,SP,The commissioner of the facilities in question,2.953125,True,True
qwen25_3b,Qwen2.5-3B,agr_0385,PS,The commissioners of the facility in question,3.28125,True,True
qwen25_3b,Qwen2.5-3B,agr_0385,PP,The commissioners of the facilities in question,5.5390625,True,True
qwen25_3b,Qwen2.5-3B,agr_0386,SS,The coordinator of the college in question,6.4375,True,True
qwen25_3b,Qwen2.5-3B,agr_0386,SP,The coordinator of the colleges in question,2.234375,True,True
qwen25_3b,Qwen2.5-3B,agr_0386,PS,The coordinators of the college in question,4.8828125,True,True
qwen25_3b,Qwen2.5-3B,agr_0386,PP,The coordinators of the colleges in question,6.140625,True,True
qwen25_3b,Qwen2.5-3B,agr_0387,SS,The leader of the university in question,7.9921875,True,True
qwen25_3b,Qwen2.5-3B,agr_0387,SP,The leader of the universities in question,4.328125,True,True
qwen25_3b,Qwen2.5-3B,agr_0387,PS,The leaders of the university in question,4.0390625,True,True
qwen25_3b,Qwen2.5-3B,agr_0387,PP,The leaders of the universities in question,6.4765625,True,True
qwen25_3b,Qwen2.5-3B,agr_0388,SS,The architect of the division in question,8.9921875,True,True
qwen25_3b,Qwen2.5-3B,agr_0388,SP,The architect of the divisions in question,6.03125,True,True
qwen25_3b,Qwen2.5-3B,agr_0388,PS,The architects of the division in question,6.28125,True,True
qwen25_3b,Qwen2.5-3B,agr_0388,PP,The architects of the divisions in question,7.46875,True,True
qwen25_3b,Qwen2.5-3B,agr_0389,SS,The evaluator of the alliance in question,5.3125,True,True
qwen25_3b,Qwen2.5-3B,agr_0389,SP,The evaluator of the alliances in question,2.984375,True,True
qwen25_3b,Qwen2.5-3B,agr_0389,PS,The evaluators of the alliance in question,5.5703125,True,True
qwen25_3b,Qwen2.5-3B,agr_0389,PP,The evaluators of the alliances in question,6.7109375,True,True
qwen25_3b,Qwen2.5-3B,agr_0390,SS,The driver of the foundation in question,5.265625,True,True
qwen25_3b,Qwen2.5-3B,agr_0390,SP,The driver of the foundations in question,0.34375,True,False
qwen25_3b,Qwen2.5-3B,agr_0390,PS,The drivers of the foundation in question,3.390625,True,True
qwen25_3b,Qwen2.5-3B,agr_0390,PP,The drivers of the foundations in question,4.96875,True,True
qwen25_3b,Qwen2.5-3B,agr_0391,SS,The employee of the laboratory in question,5.1953125,True,True
qwen25_3b,Qwen2.5-3B,agr_0391,SP,The employee of the laboratories in question,1.5,True,True
qwen25_3b,Qwen2.5-3B,agr_0391,PS,The employees of the laboratory in question,5.734375,True,True
qwen25_3b,Qwen2.5-3B,agr_0391,PP,The employees of the laboratories in question,7.1328125,True,True
qwen25_3b,Qwen2.5-3B,agr_0392,SS,The inspector of the committee in question,5.9765625,True,True
qwen25_3b,Qwen2.5-3B,agr_0392,SP,The inspector of the committees in question,2.59375,True,True
qwen25_3b,Qwen2.5-3B,agr_0392,PS,The inspectors of the committee in question,5.6796875,True,True
qwen25_3b,Qwen2.5-3B,agr_0392,PP,The inspectors of the committees in question,6.421875,True,True
qwen25_3b,Qwen2.5-3B,agr_0393,SS,The reporter of the school in question,5.25,True,True
qwen25_3b,Qwen2.5-3B,agr_0393,SP,The reporter of the schools in question,1.609375,True,True
qwen25_3b,Qwen2.5-3B,agr_0393,PS,The reporters of the school in question,4.78125,True,True
qwen25_3b,Qwen2.5-3B,agr_0393,PP,The reporters of the schools in question,5.5078125,True,True
qwen25_3b,Qwen2.5-3B,agr_0394,SS,The accountant of the alliance in question,6.6875,True,True
qwen25_3b,Qwen2.5-3B,agr_0394,SP,The accountant of the alliances in question,1.96875,True,True
qwen25_3b,Qwen2.5-3B,agr_0394,PS,The accountants of the alliance in question,5.53125,True,True
qwen25_3b,Qwen2.5-3B,agr_0394,PP,The accountants of the alliances in question,6.8359375,True,True
qwen25_3b,Qwen2.5-3B,agr_0395,SS,The artist of the consortium in question,5.0703125,True,True
qwen25_3b,Qwen2.5-3B,agr_0395,SP,The artist of the consortiums in question,2.171875,True,True
qwen25_3b,Qwen2.5-3B,agr_0395,PS,The artists of the consortium in question,5.734375,True,True
qwen25_3b,Qwen2.5-3B,agr_0395,PP,The artists of the consortiums in question,7.3515625,True,True
qwen25_3b,Qwen2.5-3B,agr_0396,SS,The candidate of the system in question,5.234375,True,True
qwen25_3b,Qwen2.5-3B,agr_0396,SP,The candidate of the systems in question,0.390625,True,False
qwen25_3b,Qwen2.5-3B,agr_0396,PS,The candidates of the system in question,3.28125,True,True
qwen25_3b,Qwen2.5-3B,agr_0396,PP,The candidates of the systems in question,4.6875,True,True
qwen25_3b,Qwen2.5-3B,agr_0397,SS,The worker of the association in question,4.703125,True,True
qwen25_3b,Qwen2.5-3B,agr_0397,SP,The worker of the associations in question,0.71875,True,False
qwen25_3b,Qwen2.5-3B,agr_0397,PS,The workers of the association in question,5.859375,True,True
qwen25_3b,Qwen2.5-3B,agr_0397,PP,The workers of the associations in question,7.5703125,True,True
qwen25_3b,Qwen2.5-3B,agr_0398,SS,The researcher of the organization in question,4.515625,True,True
qwen25_3b,Qwen2.5-3B,agr_0398,SP,The researcher of the organizations in question,1.40625,True,True
qwen25_3b,Qwen2.5-3B,agr_0398,PS,The researchers of the organization in question,5.421875,True,True
qwen25_3b,Qwen2.5-3B,agr_0398,PP,The researchers of the organizations in question,6.7578125,True,True
qwen25_3b,Qwen2.5-3B,agr_0399,SS,The representative of the council in question,4.9296875,True,True
qwen25_3b,Qwen2.5-3B,agr_0399,SP,The representative of the councils in question,1.921875,True,True
qwen25_3b,Qwen2.5-3B,agr_0399,PS,The representatives of the council in question,3.640625,True,True
qwen25_3b,Qwen2.5-3B,agr_0399,PP,The representatives of the councils in question,5.484375,True,True
