aux_pair,condition,prompt,subject,distractor,subject_num,group_id,anchor_template
be_present,SS,The representative of the institution in question,representative,institution,sg,agr_0182,of_in_question
be_present,SS,The director of the station in question,director,station,sg,agr_0100,of_in_question
be_present,PS,The supervisors of the bureau in question,supervisors,bureau,pl,agr_0170,of_in_question
be_present,PS,The students of the institution in question,students,institution,pl,agr_0030,of_in_question
be_present,PP,The lecturers of the universities in question,lecturers,universities,pl,agr_0004,of_in_question
be_present,SS,The planner of the unit in question,planner,unit,sg,agr_0286,of_in_question
be_present,PP,The painters of the programs in question,painters,programs,pl,agr_0128,of_in_question
be_present,SP,The programmer of the enterprises in question,programmer,enterprises,sg,agr_0108,of_in_question
be_present,PS,The engineers of the committee in question,engineers,committee,pl,agr_0151,of_in_question
be_present,SS,The candidate of the network in question,candidate,network,sg,agr_0173,of_in_question
be_present,SP,The developer of the units in question,developer,units,sg,agr_0289,of_in_question
be_present,PS,The teachers of the sector in question,teachers,sector,pl,agr_0180,of_in_question
be_present,PP,The lecturers of the districts in question,lecturers,districts,pl,agr_0295,of_in_question
be_present,SS,The reporter of the network in question,reporter,network,sg,agr_0050,of_in_question
be_present,PP,The professors of the programs in question,professors,programs,pl,agr_0267,of_in_question
be_present,PP,The reporters of the hospitals in question,reporters,hospitals,pl,agr_0332,of_in_question
be_present,PS,The candidates of the system in question,candidates,system,pl,agr_0396,of_in_question
be_present,SS,The teacher of the district in question,teacher,district,sg,agr_0306,of_in_question
be_present,SS,The director of the committee in question,director,committee,sg,agr_0229,of_in_question
be_present,PP,The painters of the branches in question,painters,branches,pl,agr_0184,of_in_question
be_present,PS,The trainers of the foundation in question,trainers,foundation,pl,agr_0287,of_in_question
be_present,SP,The teacher of the boards in question,teacher,boards,sg,agr_0297,of_in_question
be_present,SS,The developer of the program in question,developer,program,sg,agr_0238,of_in_question
be_present,PP,The editors of the stations in question,editors,stations,pl,agr_0080,of_in_question
be_present,PS,The managers of the company in question,managers,company,pl,agr_0121,of_in_question
be_present,PS,The programmers of the system in question,programmers,system,pl,agr_0157,of_in_question
be_present,SP,The doctor of the boards in question,doctor,boards,sg,agr_0044,of_in_question
be_present,PP,The journalists of the teams in question,journalists,teams,pl,agr_0156,of_in_question
be_present,PP,The auditors of the ministries in question,auditors,ministries,pl,agr_0154,of_in_question
be_present,PS,The administrators of the panel in question,administrators,panel,pl,agr_0333,of_in_question
be_present,PP,The journalists of the companies in question,journalists,companies,pl,agr_0291,of_in_question
be_present,SS,The reporter of the club in question,reporter,club,sg,agr_0135,of_in_question
be_present,SS,The doctor of the coalition in question,doctor,coalition,sg,agr_0031,of_in_question
be_present,SP,The member of the bureaus in question,member,bureaus,sg,agr_0012,of_in_question
be_present,PS,The architects of the program in question,architects,program,pl,agr_0325,of_in_question
be_present,PS,The reporters of the club in question,reporters,club,pl,agr_0135,of_in_question
be_present,PP,The technicians of the colleges in question,technicians,colleges,pl,agr_0061,of_in_question
be_present,PP,The advisors of the services in question,advisors,services,pl,agr_0015,of_in_question
be_present,PS,The lawyers of the office in question,lawyers,office,pl,agr_0183,of_in_question
be_present,SS,The painter of the program in question,painter,program,sg,agr_0128,of_in_question
be_present,SP,The trainer of the districts in question,trainer,districts,sg,agr_0153,of_in_question
be_present,PP,The engineers of the institutes in question,engineers,institutes,pl,agr_0037,of_in_question
be_present,SS,The executive of the service in question,executive,service,sg,agr_0142,of_in_question
be_present,PS,The architects of the organization in question,architects,organization,pl,agr_0072,of_in_question
be_present,SP,The representative of the projects in question,representative,projects,sg,agr_0011,of_in_question
be_present,PS,The lecturers of the alliance in question,lecturers,alliance,pl,agr_0046,of_in_question
be_present,PS,The assistants of the platform in question,assistants,platform,pl,agr_0360,of_in_question
be_present,PP,The inspectors of the projects in question,inspectors,projects,pl,agr_0028,of_in_question
be_present,PP,The workers of the ministries in question,workers,ministries,pl,agr_0249,of_in_question
be_present,PS,The lawyers of the panel in question,lawyers,panel,pl,agr_0321,of_in_question
be_present,SP,The programmer of the projects in question,programmer,projects,sg,agr_0264,of_in_question
be_present,SP,The painter of the programs in question,painter,programs,sg,agr_0128,of_in_question
be_present,PP,The scientists of the sectors in question,scientists,sectors,pl,agr_0056,of_in_question
be_present,PP,The assistants of the laboratories in question,assistants,laboratories,pl,agr_0261,of_in_question
be_present,SS,The accountant of the department in question,accountant,department,sg,agr_0316,of_in_question
be_present,PP,The leaders of the universities in question,leaders,universities,pl,agr_0387,of_in_question
be_present,SP,The examiner of the laboratories in question,examiner,laboratories,sg,agr_0191,of_in_question
be_present,SP,The director of the stations in question,director,stations,sg,agr_0100,of_in_question
be_present,SP,The inspector of the centres in question,inspector,centres,sg,agr_0075,of_in_question
be_present,PP,The teachers of the districts in question,teachers,districts,pl,agr_0306,of_in_question
be_present,PP,The researchers of the groups in question,researchers,groups,pl,agr_0048,of_in_question
be_present,PS,The researchers of the partnership in question,researchers,partnership,pl,agr_0023,of_in_question
be_present,PP,The candidates of the hospitals in question,candidates,hospitals,pl,agr_0089,of_in_question
be_present,PS,The journalists of the program in question,journalists,program,pl,agr_0017,of_in_question
be_present,PP,The consultants of the authorities in question,consultants,authorities,pl,agr_0047,of_in_question
be_present,SS,The owner of the agency in question,owner,agency,sg,agr_0063,of_in_question
be_present,PP,The commissioners of the regions in question,commissioners,regions,pl,agr_0327,of_in_question
be_present,PS,The painters of the alliance in question,painters,alliance,pl,agr_0021,of_in_question
be_present,PP,The directors of the committees in question,directors,committees,pl,agr_0229,of_in_question
be_present,PS,The engineers of the club in question,engineers,club,pl,agr_0209,of_in_question
be_present,PS,The administrators of the foundation in question,administrators,foundation,pl,agr_0276,of_in_question
be_present,PP,The representatives of the universities in question,representatives,universities,pl,agr_0118,of_in_question
be_present,SP,The director of the institutions in question,director,institutions,sg,agr_0237,of_in_question
be_present,PS,The evaluators of the authority in question,evaluators,authority,pl,agr_0092,of_in_question
be_present,PS,The accountants of the network in question,accountants,network,pl,agr_0097,of_in_question
be_present,PS,The evaluators of the division in question,evaluators,division,pl,agr_0176,of_in_question
be_present,PS,The drivers of the forum in question,drivers,forum,pl,agr_0026,of_in_question
be_present,PP,The directors of the institutions in question,directors,institutions,pl,agr_0237,of_in_question
be_present,SS,The inspector of the facility in question,inspector,facility,sg,agr_0221,of_in_question
be_present,SP,The professor of the programs in question,professor,programs,sg,agr_0267,of_in_question
be_present,SP,The advisor of the alliances in question,advisor,alliances,sg,agr_0133,of_in_question
be_present,PP,The operators of the federations in question,operators,federations,pl,agr_0338,of_in_question
be_present,SP,The consultant of the sectors in question,consultant,sectors,sg,agr_0122,of_in_question
be_present,PP,The inspectors of the facilities in question,inspectors,facilities,pl,agr_0221,of_in_question
be_present,PP,The engineers of the platforms in question,engineers,platforms,pl,agr_0025,of_in_question
be_present,SP,The doctor of the clubs in question,doctor,clubs,sg,agr_0232,of_in_question
be_present,SP,The evaluator of the alliances in question,evaluator,alliances,sg,agr_0389,of_in_question
be_present,PP,The planners of the units in question,planners,units,pl,agr_0286,of_in_question
be_present,SP,The officer of the coalitions in question,officer,coalitions,sg,agr_0311,of_in_question
be_present,SS,The artist of the forum in question,artist,forum,sg,agr_0361,of_in_question
be_present,PS,The commissioners of the facility in question,commissioners,facility,pl,agr_0385,of_in_question
be_present,PS,The consultants of the forum in question,consultants,forum,pl,agr_0088,of_in_question
be_present,PP,The examiners of the centres in question,examiners,centres,pl,agr_0235,of_in_question
be_present,PP,The directors of the boards in question,directors,boards,pl,agr_0148,of_in_question
be_present,SS,The painter of the branch in question,painter,branch,sg,agr_0184,of_in_question
be_present,SS,The officer of the bureau in question,officer,bureau,sg,agr_0262,of_in_question
be_present,PP,The programmers of the programs in question,programmers,programs,pl,agr_0282,of_in_question
be_present,SS,The supervisor of the company in question,supervisor,company,sg,agr_0087,of_in_question
be_present,PP,The members of the companies in question,members,companies,pl,agr_0371,of_in_question
be_present,PP,The students of the facilities in question,students,facilities,pl,agr_0307,of_in_question
be_present,PP,The technicians of the forums in question,technicians,forums,pl,agr_0172,of_in_question
be_present,PS,The artists of the board in question,artists,board,pl,agr_0110,of_in_question
be_present,SS,The architect of the division in question,architect,division,sg,agr_0388,of_in_question
be_present,PP,The advisors of the groups in question,advisors,groups,pl,agr_0084,of_in_question
be_present,SP,The worker of the stations in question,worker,stations,sg,agr_0290,of_in_question
be_present,SS,The architect of the corporation in question,architect,corporation,sg,agr_0099,of_in_question
be_present,SP,The manager of the boards in question,manager,boards,sg,agr_0317,of_in_question
be_present,SS,The trainer of the foundation in question,trainer,foundation,sg,agr_0287,of_in_question
be_present,SP,The assistant of the laboratories in question,assistant,laboratories,sg,agr_0261,of_in_question
be_present,SS,The operator of the federation in question,operator,federation,sg,agr_0338,of_in_question
be_present,PS,The administrators of the partnership in question,administrators,partnership,pl,agr_0161,of_in_question
be_present,SS,The planner of the forum in question,planner,forum,sg,agr_0255,of_in_question
be_present,PP,The painters of the associations in question,painters,associations,pl,agr_0300,of_in_question
be_present,SP,The administrator of the offices in question,administrator,offices,sg,agr_0253,of_in_question
be_present,SP,The scientist of the partnerships in question,scientist,partnerships,sg,agr_0220,of_in_question
be_present,SP,The auditor of the agencies in question,auditor,agencies,sg,agr_0343,of_in_question
be_present,PP,The painters of the laboratories in question,painters,laboratories,pl,agr_0169,of_in_question
be_present,PS,The members of the laboratory in question,members,laboratory,pl,agr_0163,of_in_question
be_present,SS,The member of the partnership in question,member,partnership,sg,agr_0039,of_in_question
be_present,PP,The evaluators of the alliances in question,evaluators,alliances,pl,agr_0389,of_in_question
be_present,PS,The executives of the service in question,executives,service,pl,agr_0142,of_in_question
be_present,SP,The supervisor of the programs in question,supervisor,programs,sg,agr_0340,of_in_question
be_present,SS,The architect of the program in question,architect,program,sg,agr_0325,of_in_question
be_present,SP,The architect of the services in question,architect,services,sg,agr_0323,of_in_question
be_present,PP,The inspectors of the centres in question,inspectors,centres,pl,agr_0075,of_in_question
be_present,SP,The evaluator of the districts in question,evaluator,districts,sg,agr_0294,of_in_question
be_present,PS,The operators of the team in question,operators,team,pl,agr_0094,of_in_question
be_present,PP,The technicians of the teams in question,technicians,teams,pl,agr_0328,of_in_question
be_present,SP,The director of the committees in question,director,committees,sg,agr_0229,of_in_question
be_present,SP,The planner of the units in question,planner,units,sg,agr_0286,of_in_question
be_present,PS,The assistants of the branch in question,assistants,branch,pl,agr_0263,of_in_question
be_present,SS,The researcher of the group in question,researcher,group,sg,agr_0048,of_in_question
be_present,PP,The lawyers of the associations in question,lawyers,associations,pl,agr_0185,of_in_question
be_present,PP,The instructors of the platforms in question,instructors,platforms,pl,agr_0162,of_in_question
be_present,SS,The planner of the office in question,planner,office,sg,agr_0231,of_in_question
be_present,SS,The programmer of the project in question,programmer,project,sg,agr_0264,of_in_question
be_present,SS,The supervisor of the foundation in question,supervisor,foundation,sg,agr_0365,of_in_question
be_present,PS,The architects of the service in question,architects,service,pl,agr_0323,of_in_question
be_present,PS,The accountants of the board in question,accountants,board,pl,agr_0210,of_in_question
be_present,SP,The builder of the teams in question,builder,teams,sg,agr_0150,of_in_question
be_present,SS,The operator of the board in question,operator,board,sg,agr_0227,of_in_question
be_present,SS,The planner of the division in question,planner,division,sg,agr_0086,of_in_question
be_present,PS,The workers of the ministry in question,workers,ministry,pl,agr_0249,of_in_question
be_present,SS,The author of the facility in question,author,facility,sg,agr_0010,of_in_question
be_present,SP,The technician of the colleges in question,technician,colleges,sg,agr_0061,of_in_question
be_present,PS,The leaders of the centre in question,leaders,centre,pl,agr_0329,of_in_question
be_present,SS,The worker of the alliance in question,worker,alliance,sg,agr_0204,of_in_question
be_present,SP,The inspector of the facilities in question,inspector,facilities,sg,agr_0221,of_in_question
be_present,PP,The students of the partnerships in question,students,partnerships,pl,agr_0319,of_in_question
be_present,PS,The teachers of the institution in question,teachers,institution,pl,agr_0069,of_in_question
be_present,SS,The assistant of the firm in question,assistant,firm,sg,agr_0239,of_in_question
be_present,PS,The evaluators of the institute in question,evaluators,institute,pl,agr_0181,of_in_question
be_present,SP,The advisor of the groups in question,advisor,groups,sg,agr_0084,of_in_question
be_present,PS,The developers of the program in question,developers,program,pl,agr_0238,of_in_question
be_present,SS,The employee of the committee in question,employee,committee,sg,agr_0127,of_in_question
be_present,PP,The authors of the colleges in question,authors,colleges,pl,agr_0134,of_in_question
be_present,PS,The workers of the service in question,workers,service,pl,agr_0324,of_in_question
be_present,PP,The programmers of the services in question,programmers,services,pl,agr_0381,of_in_question
be_present,SP,The trainer of the committees in question,trainer,committees,sg,agr_0140,of_in_question
be_present,PP,The developers of the units in question,developers,units,pl,agr_0289,of_in_question
be_present,SP,The professor of the panels in question,professor,panels,sg,agr_0250,of_in_question
be_present,SS,The engineer of the program in question,engineer,program,sg,agr_0115,of_in_question
be_present,SS,The engineer of the centre in question,engineer,centre,sg,agr_0379,of_in_question
be_present,PS,The candidates of the network in question,candidates,network,pl,agr_0173,of_in_question
be_present,PP,The directors of the organizations in question,directors,organizations,pl,agr_0042,of_in_question
be_present,SP,The member of the organizations in question,member,organizations,sg,agr_0280,of_in_question
be_present,PP,The accountants of the coalitions in question,accountants,coalitions,pl,agr_0071,of_in_question
be_present,SS,The programmer of the program in question,programmer,program,sg,agr_0282,of_in_question
be_present,SP,The researcher of the organizations in question,researcher,organizations,sg,agr_0398,of_in_question
be_present,PS,The engineers of the platform in question,engineers,platform,pl,agr_0025,of_in_question
be_present,SS,The officer of the coalition in question,officer,coalition,sg,agr_0311,of_in_question
be_present,SP,The auditor of the networks in question,auditor,networks,sg,agr_0271,of_in_question
be_present,PP,The consultants of the forums in question,consultants,forums,pl,agr_0088,of_in_question
be_present,PS,The assistants of the committee in question,assistants,committee,pl,agr_0274,of_in_question
be_present,PP,The drivers of the divisions in question,drivers,divisions,pl,agr_0175,of_in_question
be_present,PS,The students of the university in question,students,university,pl,agr_0366,of_in_question
be_present,PS,The authors of the centre in question,authors,centre,pl,agr_0244,of_in_question
be_present,SP,The officer of the laboratories in question,officer,laboratories,sg,agr_0096,of_in_question
be_present,PP,The scientists of the panels in question,scientists,panels,pl,agr_0359,of_in_question
be_present,SP,The professor of the alliances in question,professor,alliances,sg,agr_0310,of_in_question
be_present,SP,The architect of the corporations in question,architect,corporations,sg,agr_0099,of_in_question
be_present,SS,The coordinator of the project in question,coordinator,project,sg,agr_0245,of_in_question
be_present,PP,The officers of the centres in question,officers,centres,pl,agr_0308,of_in_question
be_present,SS,The researcher of the authority in question,researcher,authority,sg,agr_0102,of_in_question
be_present,PS,The editors of the branch in question,editors,branch,pl,agr_0226,of_in_question
be_present,SS,The officer of the centre in question,officer,centre,sg,agr_0308,of_in_question
be_present,PP,The administrators of the agencies in question,administrators,agencies,pl,agr_0136,of_in_question
be_present,SS,The lawyer of the region in question,lawyer,region,sg,agr_0241,of_in_question
be_present,PP,The analysts of the bureaus in question,analysts,bureaus,pl,agr_0065,of_in_question
be_present,PP,The researchers of the projects in question,researchers,projects,pl,agr_0339,of_in_question
be_present,SS,The auditor of the division in question,auditor,division,sg,agr_0036,of_in_question
be_present,SS,The inspector of the project in question,inspector,project,sg,agr_0028,of_in_question
be_present,PS,The consultants of the corporation in question,consultants,corporation,pl,agr_0190,of_in_question
be_present,SP,The reporter of the federations in question,reporter,federations,sg,agr_0345,of_in_question
be_present,PP,The lecturers of the organizations in question,lecturers,organizations,pl,agr_0074,of_in_question
be_present,PS,The consultants of the platform in question,consultants,platform,pl,agr_0168,of_in_question
be_present,PS,The students of the committee in question,students,committee,pl,agr_0130,of_in_question
be_present,SP,The member of the networks in question,member,networks,sg,agr_0218,of_in_question
be_present,SS,The supervisor of the group in question,supervisor,group,sg,agr_0060,of_in_question
be_present,PS,The analysts of the enterprise in question,analysts,enterprise,pl,agr_0129,of_in_question
be_present,SS,The leader of the centre in question,leader,centre,sg,agr_0329,of_in_question
be_present,SS,The lecturer of the university in question,lecturer,university,sg,agr_0004,of_in_question
be_present,SP,The worker of the alliances in question,worker,alliances,sg,agr_0204,of_in_question
be_present,SS,The researcher of the office in question,researcher,office,sg,agr_0349,of_in_question
be_present,SP,The teacher of the districts in question,teacher,districts,sg,agr_0306,of_in_question
be_present,PS,The candidates of the hospital in question,candidates,hospital,pl,agr_0089,of_in_question
be_present,SP,The advisor of the forums in question,advisor,forums,sg,agr_0256,of_in_question
be_present,SP,The technician of the teams in question,technician,teams,sg,agr_0328,of_in_question
be_present,SS,The professor of the panel in question,professor,panel,sg,agr_0250,of_in_question
be_present,SS,The painter of the institution in question,painter,institution,sg,agr_0187,of_in_question
be_present,SP,The representative of the clubs in question,representative,clubs,sg,agr_0009,of_in_question
be_present,SP,The candidate of the systems in question,candidate,systems,sg,agr_0396,of_in_question
be_present,PS,The journalists of the agency in question,journalists,agency,pl,agr_0066,of_in_question
be_present,SP,The employee of the corporations in question,employee,corporations,sg,agr_0106,of_in_question
be_present,SP,The leader of the foundations in question,leader,foundations,sg,agr_0193,of_in_question
be_present,PP,The painters of the alliances in question,painters,alliances,pl,agr_0021,of_in_question
be_present,SS,The teacher of the sector in question,teacher,sector,sg,agr_0180,of_in_question
be_present,PP,The programmers of the systems in question,programmers,systems,pl,agr_0157,of_in_question
be_present,SP,The analyst of the corporations in question,analyst,corporations,sg,agr_0234,of_in_question
be_present,PS,The programmers of the panel in question,programmers,panel,pl,agr_0356,of_in_question
be_present,SP,The reporter of the networks in question,reporter,networks,sg,agr_0050,of_in_question
be_present,SP,The planner of the alliances in question,planner,alliances,sg,agr_0351,of_in_question
be_present,SS,The builder of the team in question,builder,team,sg,agr_0150,of_in_question
be_present,SP,The author of the forums in question,author,forums,sg,agr_0219,of_in_question
be_present,PP,The programmers of the panels in question,programmers,panels,pl,agr_0356,of_in_question
be_present,PS,The commissioners of the club in question,commissioners,club,pl,agr_0285,of_in_question
be_present,SS,The analyst of the project in question,analyst,project,sg,agr_0247,of_in_question
be_present,PS,The leaders of the coalition in question,leaders,coalition,pl,agr_0024,of_in_question
be_present,PP,The reporters of the laboratories in question,reporters,laboratories,pl,agr_0201,of_in_question
be_present,SS,The student of the company in question,student,company,sg,agr_0045,of_in_question
be_present,PS,The reporters of the unit in question,reporters,unit,pl,agr_0265,of_in_question
be_present,PP,The architects of the schools in question,architects,schools,pl,agr_0357,of_in_question
be_present,SS,The researcher of the forum in question,researcher,forum,sg,agr_0078,of_in_question
be_present,SS,The artist of the consortium in question,artist,consortium,sg,agr_0395,of_in_question
be_present,SS,The evaluator of the division in question,evaluator,division,sg,agr_0176,of_in_question
be_present,PS,The candidates of the council in question,candidates,council,pl,agr_0019,of_in_question
be_present,SP,The leader of the schools in question,leader,schools,sg,agr_0179,of_in_question
be_present,PP,The supervisors of the ministries in question,supervisors,ministries,pl,agr_0139,of_in_question
be_present,SS,The painter of the group in question,painter,group,sg,agr_0105,of_in_question
be_present,SP,The representative of the councils in question,representative,councils,sg,agr_0399,of_in_question
be_present,PS,The painters of the laboratory in question,painters,laboratory,pl,agr_0169,of_in_question
be_present,PP,The teachers of the regions in question,teachers,regions,pl,agr_0370,of_in_question
be_present,PS,The directors of the sector in question,directors,sector,pl,agr_0315,of_in_question
be_present,SS,The journalist of the company in question,journalist,company,sg,agr_0291,of_in_question
be_present,PP,The reporters of the schools in question,reporters,schools,pl,agr_0393,of_in_question
be_present,PS,The teachers of the district in question,teachers,district,pl,agr_0306,of_in_question
be_present,SP,The supervisor of the foundations in question,supervisor,foundations,sg,agr_0365,of_in_question
be_present,SP,The painter of the firms in question,painter,firms,sg,agr_0350,of_in_question
be_present,PP,The analysts of the projects in question,analysts,projects,pl,agr_0247,of_in_question
be_present,PP,The inspectors of the districts in question,inspectors,districts,pl,agr_0279,of_in_question
be_present,SP,The evaluator of the divisions in question,evaluator,divisions,sg,agr_0176,of_in_question
be_present,PP,The directors of the units in question,directors,units,pl,agr_0018,of_in_question
be_present,PP,The managers of the branches in question,managers,branches,pl,agr_0301,of_in_question
be_present,PS,The supervisors of the ministry in question,supervisors,ministry,pl,agr_0139,of_in_question
be_present,SS,The author of the department in question,author,department,sg,agr_0278,of_in_question
be_present,SP,The artist of the enterprises in question,artist,enterprises,sg,agr_0212,of_in_question
be_present,PP,The evaluators of the districts in question,evaluators,districts,pl,agr_0294,of_in_question
be_present,PP,The advisors of the networks in question,advisors,networks,pl,agr_0085,of_in_question
be_present,PP,The consultants of the organizations in question,consultants,organizations,pl,agr_0132,of_in_question
be_present,SS,The commissioner of the consortium in question,commissioner,consortium,sg,agr_0216,of_in_question
be_present,PS,The planners of the council in question,planners,council,pl,agr_0283,of_in_question
be_present,PP,The researchers of the ministries in question,researchers,ministries,pl,agr_0368,of_in_question
be_present,SP,The accountant of the firms in question,accountant,firms,sg,agr_0224,of_in_question
be_present,SP,The painter of the boards in question,painter,boards,sg,agr_0259,of_in_question
be_present,SS,The worker of the enterprise in question,worker,enterprise,sg,agr_0268,of_in_question
be_present,SS,The officer of the board in question,officer,board,sg,agr_0006,of_in_question
be_present,PP,The teachers of the firms in question,teachers,firms,pl,agr_0032,of_in_question
be_present,PS,The teachers of the agency in question,teachers,agency,pl,agr_0269,of_in_question
be_present,SS,The lecturer of the agency in question,lecturer,agency,sg,agr_0334,of_in_question
be_present,PP,The consultants of the associations in question,consultants,associations,pl,agr_0143,of_in_question
be_present,PS,The assistants of the university in question,assistants,university,pl,agr_0353,of_in_question
be_present,SS,The engineer of the bureau in question,engineer,bureau,sg,agr_0309,of_in_question
be_present,SS,The evaluator of the coalition in question,evaluator,coalition,sg,agr_0076,of_in_question
be_present,SS,The director of the centre in question,director,centre,sg,agr_0372,of_in_question
be_present,PP,The leaders of the companies in question,leaders,companies,pl,agr_0041,of_in_question
be_present,PP,The students of the companies in question,students,companies,pl,agr_0045,of_in_question
be_present,PP,The members of the bureaus in question,members,bureaus,pl,agr_0012,of_in_question
be_present,PS,The students of the federation in question,students,federation,pl,agr_0369,of_in_question
be_present,PP,The engineers of the bureaus in question,engineers,bureaus,pl,agr_0309,of_in_question
be_present,PS,The officers of the coalition in question,officers,coalition,pl,agr_0311,of_in_question
be_present,SS,The owner of the team in question,owner,team,sg,agr_0284,of_in_question
be_present,SS,The manager of the branch in question,manager,branch,sg,agr_0301,of_in_question
be_present,PS,The instructors of the hospital in question,instructors,hospital,pl,agr_0198,of_in_question
be_present,SS,The professor of the firm in question,professor,firm,sg,agr_0123,of_in_question
be_present,SP,The lecturer of the organizations in question,lecturer,organizations,sg,agr_0074,of_in_question
be_present,SP,The planner of the forums in question,planner,forums,sg,agr_0255,of_in_question
be_present,SS,The accountant of the association in question,accountant,association,sg,agr_0367,of_in_question
be_present,SP,The auditor of the ministries in question,auditor,ministries,sg,agr_0154,of_in_question
be_present,SP,The owner of the panels in question,owner,panels,sg,agr_0005,of_in_question
be_present,SS,The commissioner of the division in question,commissioner,division,sg,agr_0117,of_in_question
be_present,PP,The programmers of the platforms in question,programmers,platforms,pl,agr_0003,of_in_question
be_present,SP,The student of the departments in question,student,departments,sg,agr_0016,of_in_question
be_present,PS,The candidates of the organization in question,candidates,organization,pl,agr_0098,of_in_question
be_present,SP,The examiner of the corporations in question,examiner,corporations,sg,agr_0195,of_in_question
be_present,PP,The drivers of the hospitals in question,drivers,hospitals,pl,agr_0293,of_in_question
be_present,SP,The supervisor of the bureaus in question,supervisor,bureaus,sg,agr_0170,of_in_question
be_present,PP,The analysts of the corporations in question,analysts,corporations,pl,agr_0234,of_in_question
be_present,SS,The evaluator of the district in question,evaluator,district,sg,agr_0294,of_in_question
be_present,SS,The worker of the station in question,worker,station,sg,agr_0290,of_in_question
be_present,SS,The administrator of the office in question,administrator,office,sg,agr_0253,of_in_question
be_present,SP,The designer of the universities in question,designer,universities,sg,agr_0068,of_in_question
be_present,SS,The driver of the platform in question,driver,platform,sg,agr_0215,of_in_question
be_present,PP,The developers of the programs in question,developers,programs,pl,agr_0238,of_in_question
be_present,SP,The doctor of the facilities in question,doctor,facilities,sg,agr_0062,of_in_question
be_present,SP,The student of the institutions in question,student,institutions,sg,agr_0030,of_in_question
be_present,SS,The reporter of the school in question,reporter,school,sg,agr_0393,of_in_question
be_present,SS,The assistant of the board in question,assistant,board,sg,agr_0208,of_in_question
be_present,PP,The operators of the consortiums in question,operators,consortiums,pl,agr_0189,of_in_question
be_present,PS,The employees of the institution in question,employees,institution,pl,agr_0257,of_in_question
be_present,SS,The scientist of the division in question,scientist,division,sg,agr_0258,of_in_question
be_present,PS,The members of the organization in question,members,organization,pl,agr_0280,of_in_question
be_present,PP,The programmers of the ministries in question,programmers,ministries,pl,agr_0119,of_in_question
be_present,PS,The leaders of the company in question,leaders,company,pl,agr_0041,of_in_question
be_present,SP,The accountant of the boards in question,accountant,boards,sg,agr_0210,of_in_question
be_present,PS,The programmers of the project in question,programmers,project,pl,agr_0264,of_in_question
be_present,PP,The auditors of the consortiums in question,auditors,consortiums,pl,agr_0082,of_in_question
be_present,SS,The analyst of the bureau in question,analyst,bureau,sg,agr_0065,of_in_question
be_present,SP,The professor of the divisions in question,professor,divisions,sg,agr_0380,of_in_question
be_present,SS,The lawyer of the college in question,lawyer,college,sg,agr_0178,of_in_question
be_present,SP,The developer of the programs in question,developer,programs,sg,agr_0238,of_in_question
be_present,SS,The programmer of the club in question,programmer,club,sg,agr_0302,of_in_question
be_present,SS,The evaluator of the centre in question,evaluator,centre,sg,agr_0251,of_in_question
be_present,PP,The officers of the bureaus in question,officers,bureaus,pl,agr_0262,of_in_question
be_present,PP,The scientists of the programs in question,scientists,programs,pl,agr_0281,of_in_question
be_present,SP,The researcher of the groups in question,researcher,groups,sg,agr_0048,of_in_question
be_present,PP,The employees of the agencies in question,employees,agencies,pl,agr_0054,of_in_question
be_present,SS,The planner of the ministry in question,planner,ministry,sg,agr_0008,of_in_question
be_present,PP,The authors of the networks in question,authors,networks,pl,agr_0260,of_in_question
be_present,SP,The administrator of the organizations in question,administrator,organizations,sg,agr_0111,of_in_question
be_present,PP,The planners of the coalitions in question,planners,coalitions,pl,agr_0194,of_in_question
be_present,PS,The advisors of the network in question,advisors,network,pl,agr_0085,of_in_question
be_present,PP,The reporters of the corporations in question,reporters,corporations,pl,agr_0374,of_in_question
be_present,PS,The lecturers of the agency in question,lecturers,agency,pl,agr_0334,of_in_question
be_present,PP,The assistants of the universities in question,assistants,universities,pl,agr_0353,of_in_question
be_present,SS,The lecturer of the firm in question,lecturer,firm,sg,agr_0051,of_in_question
be_present,PP,The consultants of the regions in question,consultants,regions,pl,agr_0035,of_in_question
be_present,SS,The auditor of the program in question,auditor,program,sg,agr_0147,of_in_question
be_present,PS,The planners of the office in question,planners,office,pl,agr_0231,of_in_question
be_present,SP,The commissioner of the clubs in question,commissioner,clubs,sg,agr_0285,of_in_question
be_present,PP,The examiners of the corporations in question,examiners,corporations,pl,agr_0195,of_in_question
be_present,SS,The accountant of the network in question,accountant,network,sg,agr_0097,of_in_question
be_present,PS,The evaluators of the association in question,evaluators,association,pl,agr_0303,of_in_question
be_present,SS,The planner of the laboratory in question,planner,laboratory,sg,agr_0103,of_in_question
be_present,SS,The teacher of the unit in question,teacher,unit,sg,agr_0243,of_in_question
be_present,SP,The instructor of the platforms in question,instructor,platforms,sg,agr_0162,of_in_question
be_present,PP,The drivers of the platforms in question,drivers,platforms,pl,agr_0215,of_in_question
be_present,SP,The operator of the teams in question,operator,teams,sg,agr_0094,of_in_question
be_present,PS,The planners of the forum in question,planners,forum,pl,agr_0255,of_in_question
be_present,SS,The accountant of the alliance in question,accountant,alliance,sg,agr_0394,of_in_question
be_present,PS,The accountants of the program in question,accountants,program,pl,agr_0155,of_in_question
be_present,PP,The painters of the groups in question,painters,groups,pl,agr_0105,of_in_question
be_present,PS,The researchers of the ministry in question,researchers,ministry,pl,agr_0368,of_in_question
be_present,PS,The supervisors of the district in question,supervisors,district,pl,agr_0064,of_in_question
be_present,PP,The candidates of the consortiums in question,candidates,consortiums,pl,agr_0149,of_in_question
be_present,PP,The professors of the panels in question,professors,panels,pl,agr_0250,of_in_question
be_present,PP,The examiners of the facilities in question,examiners,facilities,pl,agr_0242,of_in_question
be_present,PP,The advisors of the firms in question,advisors,firms,pl,agr_0230,of_in_question
be_present,PS,The editors of the station in question,editors,station,pl,agr_0080,of_in_question
be_present,SS,The painter of the platform in question,painter,platform,sg,agr_0131,of_in_question
be_present,PS,The technicians of the platform in question,technicians,platform,pl,agr_0211,of_in_question
be_present,PP,The planners of the ministries in question,planners,ministries,pl,agr_0008,of_in_question
be_present,PP,The operators of the programs in question,operators,programs,pl,agr_0160,of_in_question
be_present,PP,The students of the universities in question,students,universities,pl,agr_0366,of_in_question
be_present,SS,The journalist of the program in question,journalist,program,sg,agr_0017,of_in_question
be_present,SP,The coordinator of the schools in question,coordinator,schools,sg,agr_0207,of_in_question
be_present,SP,The member of the laboratories in question,member,laboratories,sg,agr_0163,of_in_question
be_present,PS,The commissioners of the university in question,commissioners,university,pl,agr_0144,of_in_question
be_present,SP,The auditor of the programs in question,auditor,programs,sg,agr_0147,of_in_question
be_present,SS,The scientist of the college in question,scientist,college,sg,agr_0288,of_in_question
be_present,SS,The inspector of the committee in question,inspector,committee,sg,agr_0392,of_in_question
be_present,PS,The operators of the federation in question,operators,federation,pl,agr_0338,of_in_question
be_present,SS,The director of the consortium in question,director,consortium,sg,agr_0022,of_in_question
be_present,SP,The instructor of the hospitals in question,instructor,hospitals,sg,agr_0198,of_in_question
be_present,PP,The coordinators of the schools in question,coordinators,schools,pl,agr_0207,of_in_question
be_present,PP,The lawyers of the panels in question,lawyers,panels,pl,agr_0321,of_in_question
be_present,PP,The operators of the coalitions in question,operators,coalitions,pl,agr_0354,of_in_question
be_present,SS,The painter of the board in question,painter,board,sg,agr_0259,of_in_question
be_present,PP,The builders of the ministries in question,builders,ministries,pl,agr_0355,of_in_question
be_present,SS,The administrator of the partnership in question,administrator,partnership,sg,agr_0161,of_in_question
be_present,PP,The builders of the organizations in question,builders,organizations,pl,agr_0093,of_in_question
be_present,SS,The programmer of the platform in question,programmer,platform,sg,agr_0003,of_in_question
be_present,SP,The supervisor of the agencies in question,supervisor,agencies,sg,agr_0364,of_in_question
be_present,PP,The employees of the institutions in question,employees,institutions,pl,agr_0257,of_in_question
be_present,SP,The leader of the centres in question,leader,centres,sg,agr_0329,of_in_question
be_present,SS,The driver of the foundation in question,driver,foundation,sg,agr_0390,of_in_question
be_present,SS,The employee of the institution in question,employee,institution,sg,agr_0257,of_in_question
be_present,PP,The authors of the facilities in question,authors,facilities,pl,agr_0010,of_in_question
be_present,SS,The examiner of the laboratory in question,examiner,laboratory,sg,agr_0191,of_in_question
be_present,PP,The consultants of the platforms in question,consultants,platforms,pl,agr_0168,of_in_question
be_present,SS,The director of the organization in question,director,organization,sg,agr_0042,of_in_question
be_present,SS,The author of the network in question,author,network,sg,agr_0260,of_in_question
be_present,PS,The supervisors of the program in question,supervisors,program,pl,agr_0340,of_in_question
be_present,SP,The driver of the platforms in question,driver,platforms,sg,agr_0215,of_in_question
be_present,PS,The painters of the branch in question,painters,branch,pl,agr_0184,of_in_question
be_present,PS,The reporters of the corporation in question,reporters,corporation,pl,agr_0374,of_in_question
be_present,SS,The advisor of the council in question,advisor,council,sg,agr_0013,of_in_question
be_present,PS,The auditors of the program in question,auditors,program,pl,agr_0147,of_in_question
be_present,PS,The reporters of the partnership in question,reporters,partnership,pl,agr_0363,of_in_question
be_present,SS,The builder of the institution in question,builder,institution,sg,agr_0186,of_in_question
be_present,PP,The architects of the ministries in question,architects,ministries,pl,agr_0090,of_in_question
be_present,PP,The engineers of the districts in question,engineers,districts,pl,agr_0299,of_in_question
be_present,SP,The consultant of the regions in question,consultant,regions,sg,agr_0035,of_in_question
be_present,PP,The planners of the forums in question,planners,forums,pl,agr_0255,of_in_question
be_present,SS,The auditor of the branch in question,auditor,branch,sg,agr_0001,of_in_question
be_present,PP,The instructors of the hospitals in question,instructors,hospitals,pl,agr_0198,of_in_question
be_present,PS,The evaluators of the service in question,evaluators,service,pl,agr_0079,of_in_question
be_present,PS,The lecturers of the firm in question,lecturers,firm,pl,agr_0051,of_in_question
be_present,PS,The operators of the company in question,operators,company,pl,agr_0113,of_in_question
be_present,SP,The consultant of the corporations in question,consultant,corporations,sg,agr_0190,of_in_question
be_present,SS,The journalist of the district in question,journalist,district,sg,agr_0272,of_in_question
be_present,PS,The consultants of the sector in question,consultants,sector,pl,agr_0122,of_in_question
be_present,PS,The officers of the centre in question,officers,centre,pl,agr_0308,of_in_question
be_present,SP,The assistant of the universities in question,assistant,universities,sg,agr_0353,of_in_question
be_present,PS,The professors of the program in question,professors,program,pl,agr_0267,of_in_question
be_present,PP,The architects of the committees in question,architects,committees,pl,agr_0116,of_in_question
be_present,SP,The journalist of the teams in question,journalist,teams,sg,agr_0156,of_in_question
be_present,PS,The inspectors of the laboratory in question,inspectors,laboratory,pl,agr_0146,of_in_question
be_present,SS,The assistant of the university in question,assistant,university,sg,agr_0353,of_in_question
be_present,PP,The advisors of the ministries in question,advisors,ministries,pl,agr_0217,of_in_question
be_present,PS,The auditors of the network in question,auditors,network,pl,agr_0271,of_in_question
be_present,PS,The candidates of the consortium in question,candidates,consortium,pl,agr_0149,of_in_question
be_present,PS,The journalists of the company in question,journalists,company,pl,agr_0291,of_in_question
be_present,SS,The programmer of the system in question,programmer,system,sg,agr_0157,of_in_question
be_present,SP,The reporter of the schools in question,reporter,schools,sg,agr_0393,of_in_question
be_present,PP,The officers of the boards in question,officers,boards,pl,agr_0006,of_in_question
be_present,PS,The planners of the alliance in question,planners,alliance,pl,agr_0351,of_in_question
be_present,SP,The analyst of the networks in question,analyst,networks,sg,agr_0205,of_in_question
be_present,SS,The evaluator of the association in question,evaluator,association,sg,agr_0303,of_in_question
be_present,SP,The student of the foundations in question,student,foundations,sg,agr_0112,of_in_question
be_present,PS,The members of the school in question,members,school,pl,agr_0383,of_in_question
be_present,PS,The accountants of the coalition in question,accountants,coalition,pl,agr_0071,of_in_question
be_present,PP,The accountants of the networks in question,accountants,networks,pl,agr_0097,of_in_question
be_present,PP,The doctors of the facilities in question,doctors,facilities,pl,agr_0062,of_in_question
be_present,PS,The drivers of the division in question,drivers,division,pl,agr_0175,of_in_question
be_present,PS,The doctors of the coalition in question,doctors,coalition,pl,agr_0031,of_in_question
be_present,PS,The directors of the consortium in question,directors,consortium,pl,agr_0022,of_in_question
be_present,PS,The instructors of the platform in question,instructors,platform,pl,agr_0162,of_in_question
be_present,PS,The directors of the organization in question,directors,organization,pl,agr_0042,of_in_question
be_present,SP,The scientist of the stations in question,scientist,stations,sg,agr_0166,of_in_question
be_present,PS,The reporters of the facility in question,reporters,facility,pl,agr_0377,of_in_question
be_present,PP,The researchers of the districts in question,researchers,districts,pl,agr_0313,of_in_question
be_present,SP,The editor of the sectors in question,editor,sectors,sg,agr_0336,of_in_question
be_present,SP,The operator of the coalitions in question,operator,coalitions,sg,agr_0354,of_in_question
be_present,SS,The advisor of the firm in question,advisor,firm,sg,agr_0230,of_in_question
be_present,SS,The administrator of the panel in question,administrator,panel,sg,agr_0333,of_in_question
be_present,SP,The manager of the branches in question,manager,branches,sg,agr_0301,of_in_question
be_present,SP,The evaluator of the institutes in question,evaluator,institutes,sg,agr_0181,of_in_question
be_present,SP,The author of the networks in question,author,networks,sg,agr_0260,of_in_question
be_present,SS,The examiner of the corporation in question,examiner,corporation,sg,agr_0195,of_in_question
be_present,PP,The artists of the offices in question,artists,offices,pl,agr_0304,of_in_question
be_present,SP,The worker of the associations in question,worker,associations,sg,agr_0397,of_in_question
be_present,SS,The representative of the department in question,representative,department,sg,agr_0273,of_in_question
be_present,PS,The members of the network in question,members,network,pl,agr_0218,of_in_question
be_present,SS,The scientist of the partnership in question,scientist,partnership,sg,agr_0220,of_in_question
be_present,SP,The engineer of the platforms in question,engineer,platforms,sg,agr_0025,of_in_question
be_present,PP,The evaluators of the centres in question,evaluators,centres,pl,agr_0251,of_in_question
be_present,PS,The planners of the agency in question,planners,agency,pl,agr_0335,of_in_question
be_present,SS,The editor of the association in question,editor,association,sg,agr_0104,of_in_question
be_present,SP,The driver of the partnerships in question,driver,partnerships,sg,agr_0067,of_in_question
be_present,PS,The editors of the system in question,editors,system,pl,agr_0375,of_in_question
be_present,PS,The commissioners of the centre in question,commissioners,centre,pl,agr_0352,of_in_question
be_present,PP,The managers of the boards in question,managers,boards,pl,agr_0317,of_in_question
be_present,PP,The lecturers of the agencies in question,lecturers,agencies,pl,agr_0334,of_in_question
be_present,PP,The assistants of the firms in question,assistants,firms,pl,agr_0239,of_in_question
be_present,SP,The artist of the institutes in question,artist,institutes,sg,agr_0362,of_in_question
be_present,PP,The lecturers of the consortiums in question,lecturers,consortiums,pl,agr_0213,of_in_question
be_present,SP,The member of the schools in question,member,schools,sg,agr_0383,of_in_question
be_present,PS,The engineers of the institute in question,engineers,institute,pl,agr_0037,of_in_question
be_present,SS,The architect of the ministry in question,architect,ministry,sg,agr_0090,of_in_question
be_present,SS,The designer of the forum in question,designer,forum,sg,agr_0330,of_in_question
be_present,SP,The lecturer of the stations in question,lecturer,stations,sg,agr_0174,of_in_question
be_present,SP,The doctor of the stations in question,doctor,stations,sg,agr_0057,of_in_question
be_present,SS,The assistant of the federation in question,assistant,federation,sg,agr_0296,of_in_question
be_present,PP,The candidates of the organizations in question,candidates,organizations,pl,agr_0098,of_in_question
be_present,SS,The artist of the facility in question,artist,facility,sg,agr_0052,of_in_question
be_present,PS,The directors of the network in question,directors,network,pl,agr_0254,of_in_question
be_present,PP,The workers of the services in question,workers,services,pl,agr_0324,of_in_question
be_present,PS,The artists of the coalition in question,artists,coalition,pl,agr_0292,of_in_question
be_present,PS,The workers of the alliance in question,workers,alliance,pl,agr_0204,of_in_question
be_present,PS,The representatives of the club in question,representatives,club,pl,agr_0009,of_in_question
be_present,SS,The driver of the forum in question,driver,forum,sg,agr_0026,of_in_question
be_present,PS,The officers of the school in question,officers,school,pl,agr_0233,of_in_question
be_present,PP,The accountants of the departments in question,accountants,departments,pl,agr_0316,of_in_question
be_present,PP,The members of the networks in question,members,networks,pl,agr_0218,of_in_question
be_present,PP,The consultants of the corporations in question,consultants,corporations,pl,agr_0190,of_in_question
be_present,PS,The auditors of the company in question,auditors,company,pl,agr_0159,of_in_question
be_present,PS,The managers of the sector in question,managers,sector,pl,agr_0200,of_in_question
be_present,SS,The builder of the platform in question,builder,platform,sg,agr_0236,of_in_question
be_present,PS,The engineers of the district in question,engineers,district,pl,agr_0299,of_in_question
be_present,PS,The reporters of the hospital in question,reporters,hospital,pl,agr_0332,of_in_question
be_present,SP,The trainer of the clubs in question,trainer,clubs,sg,agr_0326,of_in_question
be_present,PS,The researchers of the group in question,researchers,group,pl,agr_0048,of_in_question
be_present,PP,The editors of the branches in question,editors,branches,pl,agr_0226,of_in_question
be_present,PS,The lecturers of the district in question,lecturers,district,pl,agr_0295,of_in_question
be_present,PP,The assistants of the committees in question,assistants,committees,pl,agr_0274,of_in_question
be_present,PS,The directors of the centre in question,directors,centre,pl,agr_0372,of_in_question
be_present,SP,The director of the units in question,director,units,sg,agr_0018,of_in_question
be_present,SP,The architect of the committees in question,architect,committees,sg,agr_0116,of_in_question
be_present,SP,The consultant of the foundations in question,consultant,foundations,sg,agr_0124,of_in_question
be_present,SS,The instructor of the hospital in question,instructor,hospital,sg,agr_0198,of_in_question
be_present,SP,The planner of the councils in question,planner,councils,sg,agr_0283,of_in_question
be_present,PP,The programmers of the clubs in question,programmers,clubs,pl,agr_0302,of_in_question
be_present,PS,The builders of the institution in question,builders,institution,pl,agr_0186,of_in_question
be_present,SP,The employee of the agencies in question,employee,agencies,sg,agr_0054,of_in_question
be_present,SP,The operator of the federations in question,operator,federations,sg,agr_0338,of_in_question
be_present,PS,The reporters of the laboratory in question,reporters,laboratory,pl,agr_0201,of_in_question
be_present,PP,The advisors of the forums in question,advisors,forums,pl,agr_0256,of_in_question
be_present,PS,The evaluators of the centre in question,evaluators,centre,pl,agr_0251,of_in_question
be_present,PS,The consultants of the region in question,consultants,region,pl,agr_0035,of_in_question
be_present,PP,The members of the schools in question,members,schools,pl,agr_0383,of_in_question
be_present,PP,The doctors of the boards in question,doctors,boards,pl,agr_0044,of_in_question
be_present,SP,The director of the branches in question,director,branches,sg,agr_0145,of_in_question
be_present,PS,The directors of the unit in question,directors,unit,pl,agr_0018,of_in_question
be_present,SS,The manager of the council in question,manager,council,sg,agr_0158,of_in_question
be_present,SS,The trainer of the coalition in question,trainer,coalition,sg,agr_0177,of_in_question
be_present,SP,The supervisor of the offices in question,supervisor,offices,sg,agr_0138,of_in_question
be_present,PP,The planners of the agencies in question,planners,agencies,pl,agr_0335,of_in_question
be_present,PS,The supervisors of the institution in question,supervisors,institution,pl,agr_0070,of_in_question
be_present,SS,The administrator of the project in question,administrator,project,sg,agr_0059,of_in_question
be_present,PP,The leaders of the groups in question,leaders,groups,pl,agr_0152,of_in_question
be_present,PP,The evaluators of the institutes in question,evaluators,institutes,pl,agr_0181,of_in_question
be_present,SP,The student of the companies in question,student,companies,sg,agr_0045,of_in_question
be_present,PP,The commissioners of the consortiums in question,commissioners,consortiums,pl,agr_0216,of_in_question
be_present,PP,The directors of the centres in question,directors,centres,pl,agr_0372,of_in_question
be_present,PS,The commissioners of the region in question,commissioners,region,pl,agr_0327,of_in_question
be_present,SP,The planner of the coalitions in question,planner,coalitions,sg,agr_0194,of_in_question
be_present,PS,The artists of the institute in question,artists,institute,pl,agr_0362,of_in_question
be_present,PP,The managers of the councils in question,managers,councils,pl,agr_0158,of_in_question
be_present,SS,The advisor of the network in question,advisor,network,sg,agr_0085,of_in_question
be_present,PS,The painters of the institute in question,painters,institute,pl,agr_0378,of_in_question
be_present,SS,The planner of the coalition in question,planner,coalition,sg,agr_0194,of_in_question
be_present,PP,The commissioners of the centres in question,commissioners,centres,pl,agr_0352,of_in_question
be_present,PS,The inspectors of the corporation in question,inspectors,corporation,pl,agr_0314,of_in_question
be_present,SS,The consultant of the foundation in question,consultant,foundation,sg,agr_0124,of_in_question
be_present,PP,The advisors of the councils in question,advisors,councils,pl,agr_0013,of_in_question
be_present,SP,The evaluator of the authorities in question,evaluator,authorities,sg,agr_0092,of_in_question
be_present,PS,The auditors of the alliance in question,auditors,alliance,pl,agr_0305,of_in_question
be_present,SS,The author of the forum in question,author,forum,sg,agr_0219,of_in_question
be_present,PP,The engineers of the committees in question,engineers,committees,pl,agr_0151,of_in_question
be_present,PS,The designers of the university in question,designers,university,pl,agr_0068,of_in_question
be_present,SS,The professor of the division in question,professor,division,sg,agr_0380,of_in_question
be_present,PP,The architects of the divisions in question,architects,divisions,pl,agr_0388,of_in_question
be_present,PP,The inspectors of the committees in question,inspectors,committees,pl,agr_0392,of_in_question
be_present,SS,The builder of the organization in question,builder,organization,sg,agr_0093,of_in_question
be_present,SS,The doctor of the station in question,doctor,station,sg,agr_0057,of_in_question
be_present,PP,The doctors of the enterprises in question,doctors,enterprises,pl,agr_0167,of_in_question
be_present,SS,The advisor of the alliance in question,advisor,alliance,sg,agr_0133,of_in_question
be_present,PP,The authors of the schools in question,authors,schools,pl,agr_0320,of_in_question
be_present,PS,The doctors of the federation in question,doctors,federation,pl,agr_0192,of_in_question
be_present,SP,The director of the boards in question,director,boards,sg,agr_0148,of_in_question
be_present,PS,The supervisors of the agency in question,supervisors,agency,pl,agr_0364,of_in_question
be_present,PP,The inspectors of the laboratories in question,inspectors,laboratories,pl,agr_0146,of_in_question
be_present,SS,The student of the network in question,student,network,sg,agr_0120,of_in_question
be_present,SP,The builder of the schools in question,builder,schools,sg,agr_0344,of_in_question
be_present,PS,The coordinators of the school in question,coordinators,school,pl,agr_0207,of_in_question
be_present,SP,The reporter of the clubs in question,reporter,clubs,sg,agr_0135,of_in_question
be_present,SP,The student of the universities in question,student,universities,sg,agr_0366,of_in_question
be_present,SP,The scientist of the colleges in question,scientist,colleges,sg,agr_0288,of_in_question
be_present,SS,The examiner of the division in question,examiner,division,sg,agr_0038,of_in_question
be_present,PP,The scientists of the divisions in question,scientists,divisions,pl,agr_0258,of_in_question
be_present,SS,The auditor of the district in question,auditor,district,sg,agr_0033,of_in_question
be_present,SS,The assistant of the district in question,assistant,district,sg,agr_0073,of_in_question
be_present,SS,The lecturer of the centre in question,lecturer,centre,sg,agr_0196,of_in_question
be_present,SP,The builder of the platforms in question,builder,platforms,sg,agr_0236,of_in_question
be_present,PS,The inspectors of the project in question,inspectors,project,pl,agr_0028,of_in_question
be_present,PS,The builders of the school in question,builders,school,pl,agr_0344,of_in_question
be_present,SS,The advisor of the service in question,advisor,service,sg,agr_0015,of_in_question
be_present,PP,The students of the federations in question,students,federations,pl,agr_0369,of_in_question
be_present,SP,The auditor of the centres in question,auditor,centres,sg,agr_0240,of_in_question
be_present,PP,The lecturers of the alliances in question,lecturers,alliances,pl,agr_0046,of_in_question
be_present,PS,The journalists of the college in question,journalists,college,pl,agr_0252,of_in_question
be_present,PS,The supervisors of the group in question,supervisors,group,pl,agr_0060,of_in_question
be_present,PS,The coordinators of the college in question,coordinators,college,pl,agr_0386,of_in_question
be_present,SP,The painter of the branches in question,painter,branches,sg,agr_0184,of_in_question
be_present,PP,The reporters of the federations in question,reporters,federations,pl,agr_0345,of_in_question
be_present,PP,The officers of the schools in question,officers,schools,pl,agr_0233,of_in_question
be_present,SP,The editor of the associations in question,editor,associations,sg,agr_0104,of_in_question
be_present,PP,The painters of the institutions in question,painters,institutions,pl,agr_0187,of_in_question
be_present,SP,The technician of the projects in question,technician,projects,sg,agr_0029,of_in_question
be_present,PP,The editors of the sectors in question,editors,sectors,pl,agr_0336,of_in_question
be_present,SS,The inspector of the district in question,inspector,district,sg,agr_0279,of_in_question
be_present,PP,The consultants of the sectors in question,consultants,sectors,pl,agr_0122,of_in_question
be_present,SS,The consultant of the association in question,consultant,association,sg,agr_0143,of_in_question
be_present,PS,The managers of the branch in question,managers,branch,pl,agr_0301,of_in_question
be_present,PS,The consultants of the school in question,consultants,school,pl,agr_0107,of_in_question
be_present,PS,The technicians of the partnership in question,technicians,partnership,pl,agr_0197,of_in_question
be_present,PP,The auditors of the divisions in question,auditors,divisions,pl,agr_0036,of_in_question
be_present,SS,The reporter of the alliance in question,reporter,alliance,sg,agr_0203,of_in_question
be_present,PS,The inspectors of the committee in question,inspectors,committee,pl,agr_0392,of_in_question
be_present,SS,The painter of the firm in question,painter,firm,sg,agr_0350,of_in_question
be_present,SS,The student of the organization in question,student,organization,sg,agr_0014,of_in_question
be_present,PP,The evaluators of the services in question,evaluators,services,pl,agr_0079,of_in_question
be_present,PS,The doctors of the college in question,doctors,college,pl,agr_0171,of_in_question
be_present,PS,The advisors of the firm in question,advisors,firm,pl,agr_0230,of_in_question
be_present,SS,The evaluator of the club in question,evaluator,club,sg,agr_0346,of_in_question
be_present,PP,The editors of the associations in question,editors,associations,pl,agr_0104,of_in_question
be_present,PP,The examiners of the divisions in question,examiners,divisions,pl,agr_0038,of_in_question
be_present,SP,The teacher of the sectors in question,teacher,sectors,sg,agr_0180,of_in_question
be_present,PP,The drivers of the partnerships in question,drivers,partnerships,pl,agr_0067,of_in_question
be_present,SS,The student of the partnership in question,student,partnership,sg,agr_0319,of_in_question
be_present,SS,The teacher of the board in question,teacher,board,sg,agr_0297,of_in_question
be_present,PS,The builders of the laboratory in question,builders,laboratory,pl,agr_0214,of_in_question
be_present,PP,The doctors of the stations in question,doctors,stations,pl,agr_0057,of_in_question
be_present,PS,The artists of the forum in question,artists,forum,pl,agr_0361,of_in_question
be_present,PS,The programmers of the club in question,programmers,club,pl,agr_0302,of_in_question
be_present,SP,The journalist of the agencies in question,journalist,agencies,sg,agr_0066,of_in_question
be_present,PP,The assistants of the branches in question,assistants,branches,pl,agr_0263,of_in_question
be_present,SS,The programmer of the panel in question,programmer,panel,sg,agr_0356,of_in_question
be_present,PP,The leaders of the schools in question,leaders,schools,pl,agr_0179,of_in_question
be_present,SS,The auditor of the ministry in question,auditor,ministry,sg,agr_0154,of_in_question
be_present,SP,The auditor of the divisions in question,auditor,divisions,sg,agr_0036,of_in_question
be_present,PS,The employees of the committee in question,employees,committee,pl,agr_0127,of_in_question
be_present,PS,The doctors of the facility in question,doctors,facility,pl,agr_0062,of_in_question
be_present,SS,The artist of the coalition in question,artist,coalition,sg,agr_0292,of_in_question
be_present,PS,The executives of the network in question,executives,network,pl,agr_0188,of_in_question
be_present,PP,The designers of the coalitions in question,designers,coalitions,pl,agr_0034,of_in_question
be_present,PP,The designers of the units in question,designers,units,pl,agr_0347,of_in_question
be_present,PS,The lecturers of the organization in question,lecturers,organization,pl,agr_0074,of_in_question
be_present,SP,The journalist of the clubs in question,journalist,clubs,sg,agr_0312,of_in_question
be_present,PS,The accountants of the alliance in question,accountants,alliance,pl,agr_0394,of_in_question
be_present,SP,The member of the companies in question,member,companies,sg,agr_0371,of_in_question
be_present,PP,The commissioners of the universities in question,commissioners,universities,pl,agr_0144,of_in_question
be_present,PP,The leaders of the coalitions in question,leaders,coalitions,pl,agr_0024,of_in_question
be_present,SP,The technician of the partnerships in question,technician,partnerships,sg,agr_0197,of_in_question
be_present,SS,The representative of the club in question,representative,club,sg,agr_0009,of_in_question
be_present,PS,The artists of the enterprise in question,artists,enterprise,pl,agr_0212,of_in_question
be_present,PS,The members of the partnership in question,members,partnership,pl,agr_0039,of_in_question
be_present,SS,The doctor of the club in question,doctor,club,sg,agr_0232,of_in_question
be_present,PP,The designers of the forums in question,designers,forums,pl,agr_0330,of_in_question
be_present,PS,The scientists of the sector in question,scientists,sector,pl,agr_0056,of_in_question
be_present,PS,The reporters of the alliance in question,reporters,alliance,pl,agr_0203,of_in_question
be_present,SP,The author of the agencies in question,author,agencies,sg,agr_0137,of_in_question
be_present,PS,The professors of the group in question,professors,group,pl,agr_0348,of_in_question
be_present,SS,The planner of the agency in question,planner,agency,sg,agr_0335,of_in_question
be_present,SP,The reporter of the corporations in question,reporter,corporations,sg,agr_0374,of_in_question
be_present,SS,The consultant of the organization in question,consultant,organization,sg,agr_0132,of_in_question
be_present,PS,The designers of the coalition in question,designers,coalition,pl,agr_0034,of_in_question
be_present,PS,The doctors of the club in question,doctors,club,pl,agr_0232,of_in_question
be_present,PS,The scientists of the forum in question,scientists,forum,pl,agr_0141,of_in_question
be_present,SS,The planner of the alliance in question,planner,alliance,sg,agr_0351,of_in_question
be_present,PP,The doctors of the coalitions in question,doctors,coalitions,pl,agr_0031,of_in_question
be_present,SS,The author of the centre in question,author,centre,sg,agr_0244,of_in_question
be_present,SS,The engineer of the committee in question,engineer,committee,sg,agr_0151,of_in_question
be_present,SP,The lecturer of the universities in question,lecturer,universities,sg,agr_0004,of_in_question
be_present,PP,The members of the partnerships in question,members,partnerships,pl,agr_0039,of_in_question
be_present,PS,The leaders of the foundation in question,leaders,foundation,pl,agr_0193,of_in_question
be_present,PS,The accountants of the firm in question,accountants,firm,pl,agr_0224,of_in_question
be_present,SP,The commissioner of the facilities in question,commissioner,facilities,sg,agr_0385,of_in_question
be_present,SP,The student of the services in question,student,services,sg,agr_0342,of_in_question
be_present,SS,The editor of the system in question,editor,system,sg,agr_0375,of_in_question
be_present,SP,The commissioner of the divisions in question,commissioner,divisions,sg,agr_0117,of_in_question
be_present,PS,The managers of the centre in question,managers,centre,pl,agr_0043,of_in_question
be_present,SP,The lawyer of the regions in question,lawyer,regions,sg,agr_0241,of_in_question
be_present,SP,The student of the committees in question,student,committees,sg,agr_0130,of_in_question
be_present,PP,The lecturers of the firms in question,lecturers,firms,pl,agr_0051,of_in_question
be_present,PP,The directors of the branches in question,directors,branches,pl,agr_0145,of_in_question
be_present,PP,The authors of the forums in question,authors,forums,pl,agr_0219,of_in_question
be_present,SS,The worker of the association in question,worker,association,sg,agr_0397,of_in_question
be_present,SP,The representative of the institutions in question,representative,institutions,sg,agr_0182,of_in_question
be_present,PP,The coordinators of the colleges in question,coordinators,colleges,pl,agr_0386,of_in_question
be_present,PS,The lawyers of the region in question,lawyers,region,pl,agr_0241,of_in_question
be_present,SP,The researcher of the projects in question,researcher,projects,sg,agr_0339,of_in_question
be_present,PP,The builders of the schools in question,builders,schools,pl,agr_0344,of_in_question
be_present,PS,The painters of the program in question,painters,program,pl,agr_0128,of_in_question
be_present,SS,The coordinator of the college in question,coordinator,college,sg,agr_0386,of_in_question
be_present,SS,The analyst of the platform in question,analyst,platform,sg,agr_0341,of_in_question
be_present,PS,The evaluators of the club in question,evaluators,club,pl,agr_0346,of_in_question
be_present,PP,The accountants of the associations in question,accountants,associations,pl,agr_0367,of_in_question
be_present,PS,The workers of the enterprise in question,workers,enterprise,pl,agr_0268,of_in_question
be_present,SP,The designer of the units in question,designer,units,sg,agr_0347,of_in_question
be_present,PP,The lecturers of the stations in question,lecturers,stations,pl,agr_0174,of_in_question
be_present,SP,The examiner of the centres in question,examiner,centres,sg,agr_0235,of_in_question
be_present,PS,The programmers of the enterprise in question,programmers,enterprise,pl,agr_0108,of_in_question
be_present,SS,The accountant of the coalition in question,accountant,coalition,sg,agr_0071,of_in_question
be_present,SP,The professor of the groups in question,professor,groups,sg,agr_0348,of_in_question
be_present,SP,The consultant of the organizations in question,consultant,organizations,sg,agr_0132,of_in_question
be_present,SS,The consultant of the corporation in question,consultant,corporation,sg,agr_0190,of_in_question
be_present,SS,The officer of the laboratory in question,officer,laboratory,sg,agr_0096,of_in_question
be_present,PS,The builders of the team in question,builders,team,pl,agr_0150,of_in_question
be_present,SS,The leader of the foundation in question,leader,foundation,sg,agr_0193,of_in_question
be_present,SS,The candidate of the hospital in question,candidate,hospital,sg,agr_0089,of_in_question
be_present,PP,The assistants of the districts in question,assistants,districts,pl,agr_0073,of_in_question
be_present,PS,The lecturers of the company in question,lecturers,company,pl,agr_0202,of_in_question
be_present,SP,The professor of the firms in question,professor,firms,sg,agr_0123,of_in_question
be_present,SS,The auditor of the centre in question,auditor,centre,sg,agr_0240,of_in_question
be_present,SP,The commissioner of the centres in question,commissioner,centres,sg,agr_0352,of_in_question
be_present,PP,The accountants of the alliances in question,accountants,alliances,pl,agr_0394,of_in_question
be_present,PP,The builders of the platforms in question,builders,platforms,pl,agr_0236,of_in_question
be_present,PP,The candidates of the networks in question,candidates,networks,pl,agr_0173,of_in_question
be_present,SP,The journalist of the authorities in question,journalist,authorities,sg,agr_0248,of_in_question
be_present,SS,The scientist of the school in question,scientist,school,sg,agr_0020,of_in_question
be_present,PP,The employees of the corporations in question,employees,corporations,pl,agr_0106,of_in_question
be_present,SS,The member of the service in question,member,service,sg,agr_0266,of_in_question
be_present,SS,The operator of the program in question,operator,program,sg,agr_0160,of_in_question
be_present,PS,The examiners of the platform in question,examiners,platform,pl,agr_0206,of_in_question
be_present,PP,The researchers of the partnerships in question,researchers,partnerships,pl,agr_0023,of_in_question
be_present,SS,The builder of the laboratory in question,builder,laboratory,sg,agr_0214,of_in_question
be_present,SP,The programmer of the systems in question,programmer,systems,sg,agr_0157,of_in_question
be_present,PP,The researchers of the organizations in question,researchers,organizations,pl,agr_0398,of_in_question
be_present,SS,The scientist of the sector in question,scientist,sector,sg,agr_0056,of_in_question
be_present,PP,The journalists of the authorities in question,journalists,authorities,pl,agr_0248,of_in_question
be_present,SS,The auditor of the consortium in question,auditor,consortium,sg,agr_0082,of_in_question
be_present,SP,The operator of the programs in question,operator,programs,sg,agr_0160,of_in_question
be_present,SS,The commissioner of the facility in question,commissioner,facility,sg,agr_0385,of_in_question
be_present,PP,The reporters of the alliances in question,reporters,alliances,pl,agr_0203,of_in_question
be_present,PS,The inspectors of the district in question,inspectors,district,pl,agr_0279,of_in_question
be_present,SS,The analyst of the enterprise in question,analyst,enterprise,sg,agr_0129,of_in_question
be_present,PS,The journalists of the club in question,journalists,club,pl,agr_0312,of_in_question
be_present,PS,The builders of the organization in question,builders,organization,pl,agr_0093,of_in_question
be_present,PS,The editors of the association in question,editors,association,pl,agr_0104,of_in_question
be_present,PS,The engineers of the bureau in question,engineers,bureau,pl,agr_0309,of_in_question
be_present,PP,The students of the institutions in question,students,institutions,pl,agr_0030,of_in_question
be_present,PP,The supervisors of the groups in question,supervisors,groups,pl,agr_0060,of_in_question
be_present,SP,The reporter of the facilities in question,reporter,facilities,sg,agr_0377,of_in_question
be_present,PS,The journalists of the authority in question,journalists,authority,pl,agr_0248,of_in_question
be_present,SP,The consultant of the schools in question,consultant,schools,sg,agr_0107,of_in_question
be_present,PS,The auditors of the centre in question,auditors,centre,pl,agr_0240,of_in_question
be_present,SS,The director of the unit in question,director,unit,sg,agr_0018,of_in_question
be_present,SS,The representative of the project in question,representative,project,sg,agr_0011,of_in_question
be_present,SS,The employee of the agency in question,employee,agency,sg,agr_0054,of_in_question
be_present,SS,The reporter of the laboratory in question,reporter,laboratory,sg,agr_0201,of_in_question
be_present,SP,The evaluator of the coalitions in question,evaluator,coalitions,sg,agr_0076,of_in_question
be_present,SS,The supervisor of the district in question,supervisor,district,sg,agr_0064,of_in_question
be_present,SP,The employee of the committees in question,employee,committees,sg,agr_0127,of_in_question
be_present,PS,The authors of the forum in question,authors,forum,pl,agr_0219,of_in_question
be_present,PP,The consultants of the schools in question,consultants,schools,pl,agr_0107,of_in_question
be_present,PS,The inspectors of the centre in question,inspectors,centre,pl,agr_0075,of_in_question
be_present,SS,The engineer of the institute in question,engineer,institute,sg,agr_0037,of_in_question
be_present,PP,The evaluators of the divisions in question,evaluators,divisions,pl,agr_0176,of_in_question
be_present,SP,The lawyer of the offices in question,lawyer,offices,sg,agr_0183,of_in_question
be_present,SP,The painter of the institutes in question,painter,institutes,sg,agr_0378,of_in_question
be_present,SS,The reporter of the facility in question,reporter,facility,sg,agr_0377,of_in_question
be_present,PP,The supervisors of the agencies in question,supervisors,agencies,pl,agr_0364,of_in_question
be_present,PS,The programmers of the program in question,programmers,program,pl,agr_0282,of_in_question
be_present,PS,The painters of the firm in question,painters,firm,pl,agr_0350,of_in_question
be_present,PP,The lecturers of the projects in question,lecturers,projects,pl,agr_0222,of_in_question
be_present,PP,The owners of the universities in question,owners,universities,pl,agr_0331,of_in_question
be_present,PS,The assistants of the district in question,assistants,district,pl,agr_0073,of_in_question
be_present,SS,The director of the team in question,director,team,sg,agr_0077,of_in_question
be_present,SS,The accountant of the program in question,accountant,program,sg,agr_0155,of_in_question
be_present,SP,The manager of the sectors in question,manager,sectors,sg,agr_0200,of_in_question
be_present,SS,The planner of the committee in question,planner,committee,sg,agr_0382,of_in_question
be_present,SS,The assistant of the platform in question,assistant,platform,sg,agr_0360,of_in_question
be_present,PP,The assistants of the platforms in question,assistants,platforms,pl,agr_0360,of_in_question
be_present,PS,The architects of the committee in question,architects,committee,pl,agr_0116,of_in_question
be_present,SP,The supervisor of the companies in question,supervisor,companies,sg,agr_0087,of_in_question
be_present,PS,The professors of the alliance in question,professors,alliance,pl,agr_0310,of_in_question
be_present,PS,The reporters of the school in question,reporters,school,pl,agr_0393,of_in_question
be_present,SS,The teacher of the agency in question,teacher,agency,sg,agr_0269,of_in_question
be_present,SS,The trainer of the centre in question,trainer,centre,sg,agr_0126,of_in_question
be_present,PP,The candidates of the councils in question,candidates,councils,pl,agr_0019,of_in_question
be_present,SS,The worker of the service in question,worker,service,sg,agr_0324,of_in_question
be_present,PS,The analysts of the platform in question,analysts,platform,pl,agr_0341,of_in_question
be_present,SP,The designer of the forums in question,designer,forums,sg,agr_0330,of_in_question
be_present,PS,The operators of the program in question,operators,program,pl,agr_0160,of_in_question
be_present,SP,The researcher of the forums in question,researcher,forums,sg,agr_0078,of_in_question
be_present,PP,The technicians of the platforms in question,technicians,platforms,pl,agr_0211,of_in_question
be_present,PP,The programmers of the projects in question,programmers,projects,pl,agr_0264,of_in_question
be_present,SS,The reporter of the college in question,reporter,college,sg,agr_0049,of_in_question
be_present,PP,The builders of the laboratories in question,builders,laboratories,pl,agr_0214,of_in_question
be_present,PS,The professors of the firm in question,professors,firm,pl,agr_0123,of_in_question
be_present,SP,The manager of the companies in question,manager,companies,sg,agr_0121,of_in_question
be_present,PS,The administrators of the project in question,administrators,project,pl,agr_0059,of_in_question
be_present,PS,The students of the facility in question,students,facility,pl,agr_0307,of_in_question
be_present,SP,The artist of the facilities in question,artist,facilities,sg,agr_0052,of_in_question
be_present,PP,The supervisors of the bureaus in question,supervisors,bureaus,pl,agr_0170,of_in_question
be_present,PP,The supervisors of the programs in question,supervisors,programs,pl,agr_0340,of_in_question
be_present,PS,The lecturers of the consortium in question,lecturers,consortium,pl,agr_0213,of_in_question
be_present,PP,The auditors of the networks in question,auditors,networks,pl,agr_0271,of_in_question
be_present,SP,The worker of the ministries in question,worker,ministries,sg,agr_0249,of_in_question
be_present,PS,The administrators of the region in question,administrators,region,pl,agr_0027,of_in_question
be_present,PS,The workers of the association in question,workers,association,pl,agr_0397,of_in_question
be_present,SP,The artist of the offices in question,artist,offices,sg,agr_0304,of_in_question
be_present,SS,The doctor of the facility in question,doctor,facility,sg,agr_0062,of_in_question
be_present,SS,The engineer of the district in question,engineer,district,sg,agr_0299,of_in_question
be_present,PP,The artists of the forums in question,artists,forums,pl,agr_0361,of_in_question
be_present,SP,The director of the consortiums in question,director,consortiums,sg,agr_0022,of_in_question
be_present,SP,The engineer of the bureaus in question,engineer,bureaus,sg,agr_0309,of_in_question
be_present,SS,The trainer of the district in question,trainer,district,sg,agr_0153,of_in_question
be_present,SS,The reporter of the corporation in question,reporter,corporation,sg,agr_0374,of_in_question
be_present,PP,The professors of the alliances in question,professors,alliances,pl,agr_0310,of_in_question
be_present,PP,The directors of the sectors in question,directors,sectors,pl,agr_0315,of_in_question
be_present,PP,The directors of the teams in question,directors,teams,pl,agr_0077,of_in_question
be_present,SP,The engineer of the districts in question,engineer,districts,sg,agr_0299,of_in_question
be_present,SS,The editor of the sector in question,editor,sector,sg,agr_0336,of_in_question
be_present,PS,The professors of the division in question,professors,division,pl,agr_0380,of_in_question
be_present,SS,The consultant of the region in question,consultant,region,sg,agr_0035,of_in_question
be_present,SP,The programmer of the ministries in question,programmer,ministries,sg,agr_0119,of_in_question
be_present,SS,The commissioner of the university in question,commissioner,university,sg,agr_0144,of_in_question
be_present,SS,The inspector of the centre in question,inspector,centre,sg,agr_0075,of_in_question
be_present,SS,The director of the institution in question,director,institution,sg,agr_0237,of_in_question
be_present,SP,The owner of the firms in question,owner,firms,sg,agr_0165,of_in_question
be_present,PS,The architects of the corporation in question,architects,corporation,pl,agr_0099,of_in_question
be_present,SP,The commissioner of the consortiums in question,commissioner,consortiums,sg,agr_0216,of_in_question
be_present,PS,The trainers of the committee in question,trainers,committee,pl,agr_0140,of_in_question
be_present,PS,The students of the company in question,students,company,pl,agr_0045,of_in_question
be_present,SP,The artist of the boards in question,artist,boards,sg,agr_0110,of_in_question
be_present,PS,The directors of the board in question,directors,board,pl,agr_0148,of_in_question
be_present,PS,The members of the company in question,members,company,pl,agr_0371,of_in_question
be_present,SS,The operator of the company in question,operator,company,sg,agr_0113,of_in_question
be_present,PS,The operators of the board in question,operators,board,pl,agr_0227,of_in_question
be_present,PS,The authors of the school in question,authors,school,pl,agr_0320,of_in_question
be_present,PP,The trainers of the clubs in question,trainers,clubs,pl,agr_0326,of_in_question
be_present,SS,The researcher of the partnership in question,researcher,partnership,sg,agr_0023,of_in_question
be_present,SS,The lecturer of the office in question,lecturer,office,sg,agr_0228,of_in_question
be_present,PP,The owners of the panels in question,owners,panels,pl,agr_0005,of_in_question
be_present,PS,The editors of the sector in question,editors,sector,pl,agr_0336,of_in_question
be_present,SP,The doctor of the enterprises in question,doctor,enterprises,sg,agr_0167,of_in_question
be_present,PP,The artists of the institutes in question,artists,institutes,pl,agr_0362,of_in_question
be_present,SP,The journalist of the districts in question,journalist,districts,sg,agr_0272,of_in_question
be_present,SP,The assistant of the firms in question,assistant,firms,sg,agr_0239,of_in_question
be_present,SP,The supervisor of the districts in question,supervisor,districts,sg,agr_0064,of_in_question
be_present,SS,The designer of the unit in question,designer,unit,sg,agr_0347,of_in_question
be_present,PS,The inspectors of the office in question,inspectors,office,pl,agr_0384,of_in_question
be_present,PS,The reporters of the federation in question,reporters,federation,pl,agr_0345,of_in_question
be_present,SS,The owner of the panel in question,owner,panel,sg,agr_0005,of_in_question
be_present,PP,The scientists of the colleges in question,scientists,colleges,pl,agr_0288,of_in_question
be_present,PS,The advisors of the alliance in question,advisors,alliance,pl,agr_0133,of_in_question
be_present,PS,The lawyers of the association in question,lawyers,association,pl,agr_0185,of_in_question
be_present,SS,The evaluator of the institute in question,evaluator,institute,sg,agr_0181,of_in_question
be_present,PP,The administrators of the partnerships in question,administrators,partnerships,pl,agr_0161,of_in_question
be_present,SS,The technician of the partnership in question,technician,partnership,sg,agr_0197,of_in_question
be_present,SS,The director of the branch in question,director,branch,sg,agr_0145,of_in_question
be_present,PP,The managers of the companies in question,managers,companies,pl,agr_0121,of_in_question
be_present,SP,The reporter of the authorities in question,reporter,authorities,sg,agr_0000,of_in_question
be_present,SS,The member of the organization in question,member,organization,sg,agr_0280,of_in_question
be_present,PP,The artists of the enterprises in question,artists,enterprises,pl,agr_0212,of_in_question
be_present,SS,The analyst of the network in question,analyst,network,sg,agr_0205,of_in_question
be_present,PS,The teachers of the region in question,teachers,region,pl,agr_0370,of_in_question
be_present,PP,The administrators of the regions in question,administrators,regions,pl,agr_0027,of_in_question
be_present,SS,The researcher of the ministry in question,researcher,ministry,sg,agr_0368,of_in_question
be_present,PS,The officers of the laboratory in question,officers,laboratory,pl,agr_0096,of_in_question
be_present,SP,The reporter of the units in question,reporter,units,sg,agr_0265,of_in_question
be_present,SP,The painter of the laboratories in question,painter,laboratories,sg,agr_0169,of_in_question
be_present,PS,The lecturers of the centre in question,lecturers,centre,pl,agr_0196,of_in_question
be_present,PS,The students of the ministry in question,students,ministry,pl,agr_0223,of_in_question
be_present,SP,The painter of the divisions in question,painter,divisions,sg,agr_0083,of_in_question
be_present,PS,The administrators of the office in question,administrators,office,pl,agr_0253,of_in_question
be_present,SP,The candidate of the consortiums in question,candidate,consortiums,sg,agr_0149,of_in_question
be_present,PP,The builders of the units in question,builders,units,pl,agr_0114,of_in_question
be_present,SP,The student of the facilities in question,student,facilities,sg,agr_0307,of_in_question
be_present,SP,The lecturer of the firms in question,lecturer,firms,sg,agr_0051,of_in_question
be_present,PS,The examiners of the facility in question,examiners,facility,pl,agr_0242,of_in_question
be_present,SP,The auditor of the alliances in question,auditor,alliances,sg,agr_0305,of_in_question
be_present,PP,The planners of the divisions in question,planners,divisions,pl,agr_0086,of_in_question
be_present,SP,The supervisor of the institutions in question,supervisor,institutions,sg,agr_0070,of_in_question
be_present,SP,The engineer of the programs in question,engineer,programs,sg,agr_0115,of_in_question
be_present,SS,The coordinator of the school in question,coordinator,school,sg,agr_0207,of_in_question
be_present,PP,The drivers of the forums in question,drivers,forums,pl,agr_0026,of_in_question
be_present,PS,The doctors of the enterprise in question,doctors,enterprise,pl,agr_0167,of_in_question
be_present,PP,The teachers of the institutions in question,teachers,institutions,pl,agr_0069,of_in_question
be_present,SP,The engineer of the institutes in question,engineer,institutes,sg,agr_0037,of_in_question
be_present,SP,The lawyer of the associations in question,lawyer,associations,sg,agr_0185,of_in_question
be_present,SS,The student of the ministry in question,student,ministry,sg,agr_0223,of_in_question
be_present,SP,The architect of the organizations in question,architect,organizations,sg,agr_0072,of_in_question
be_present,SS,The director of the group in question,director,group,sg,agr_0358,of_in_question
be_present,PS,The assistants of the laboratory in question,assistants,laboratory,pl,agr_0261,of_in_question
be_present,PS,The scientists of the authority in question,scientists,authority,pl,agr_0225,of_in_question
be_present,SP,The journalist of the corporations in question,journalist,corporations,sg,agr_0109,of_in_question
be_present,SS,The evaluator of the authority in question,evaluator,authority,sg,agr_0092,of_in_question
be_present,SP,The architect of the ministries in question,architect,ministries,sg,agr_0090,of_in_question
be_present,PS,The analysts of the bureau in question,analysts,bureau,pl,agr_0065,of_in_question
be_present,SP,The worker of the enterprises in question,worker,enterprises,sg,agr_0268,of_in_question
be_present,SP,The executive of the networks in question,executive,networks,sg,agr_0188,of_in_question
be_present,SS,The operator of the team in question,operator,team,sg,agr_0094,of_in_question
be_present,SS,The administrator of the organization in question,administrator,organization,sg,agr_0111,of_in_question
be_present,PP,The commissioners of the clubs in question,commissioners,clubs,pl,agr_0285,of_in_question
be_present,SP,The owner of the universities in question,owner,universities,sg,agr_0331,of_in_question
be_present,SP,The member of the partnerships in question,member,partnerships,sg,agr_0039,of_in_question
be_present,SP,The manager of the centres in question,manager,centres,sg,agr_0043,of_in_question
be_present,PP,The instructors of the forums in question,instructors,forums,pl,agr_0125,of_in_question
be_present,PS,The lecturers of the station in question,lecturers,station,pl,agr_0174,of_in_question
be_present,PS,The architects of the division in question,architects,division,pl,agr_0388,of_in_question
be_present,PP,The members of the systems in question,members,systems,pl,agr_0337,of_in_question
be_present,SP,The scientist of the programs in question,scientist,programs,sg,agr_0281,of_in_question
be_present,SS,The architect of the committee in question,architect,committee,sg,agr_0116,of_in_question
be_present,PS,The authors of the facility in question,authors,facility,pl,agr_0010,of_in_question
be_present,PS,The teachers of the board in question,teachers,board,pl,agr_0297,of_in_question
be_present,SP,The director of the groups in question,director,groups,sg,agr_0358,of_in_question
be_present,SP,The inspector of the committees in question,inspector,committees,sg,agr_0392,of_in_question
be_present,SP,The teacher of the agencies in question,teacher,agencies,sg,agr_0269,of_in_question
be_present,PS,The painters of the group in question,painters,group,pl,agr_0105,of_in_question
be_present,PS,The examiners of the division in question,examiners,division,pl,agr_0038,of_in_question
be_present,PP,The authors of the agencies in question,authors,agencies,pl,agr_0137,of_in_question
be_present,PP,The researchers of the authorities in question,researchers,authorities,pl,agr_0102,of_in_question
be_present,SS,The assistant of the committee in question,assistant,committee,sg,agr_0274,of_in_question
be_present,SP,The researcher of the partnerships in question,researcher,partnerships,sg,agr_0023,of_in_question
be_present,SP,The candidate of the hospitals in question,candidate,hospitals,sg,agr_0089,of_in_question
be_present,SP,The author of the centres in question,author,centres,sg,agr_0244,of_in_question
be_present,PP,The professors of the groups in question,professors,groups,pl,agr_0348,of_in_question
be_present,PS,The officers of the bureau in question,officers,bureau,pl,agr_0262,of_in_question
be_present,PS,The instructors of the federation in question,instructors,federation,pl,agr_0199,of_in_question
be_present,PP,The professors of the firms in question,professors,firms,pl,agr_0123,of_in_question
be_present,PP,The journalists of the corporations in question,journalists,corporations,pl,agr_0109,of_in_question
be_present,SS,The editor of the station in question,editor,station,sg,agr_0080,of_in_question
be_present,PS,The examiners of the laboratory in question,examiners,laboratory,pl,agr_0191,of_in_question
be_present,PS,The researchers of the organization in question,researchers,organization,pl,agr_0398,of_in_question
be_present,PP,The assistants of the boards in question,assistants,boards,pl,agr_0208,of_in_question
be_present,PS,The painters of the division in question,painters,division,pl,agr_0083,of_in_question
be_present,PS,The trainers of the coalition in question,trainers,coalition,pl,agr_0177,of_in_question
be_present,PS,The students of the partnership in question,students,partnership,pl,agr_0319,of_in_question
be_present,PP,The supervisors of the offices in question,supervisors,offices,pl,agr_0138,of_in_question
be_present,SS,The developer of the unit in question,developer,unit,sg,agr_0289,of_in_question
be_present,SP,The accountant of the panels in question,accountant,panels,sg,agr_0246,of_in_question
be_present,SS,The architect of the organization in question,architect,organization,sg,agr_0072,of_in_question
be_present,SP,The director of the organizations in question,director,organizations,sg,agr_0042,of_in_question
be_present,PP,The commissioners of the facilities in question,commissioners,facilities,pl,agr_0385,of_in_question
be_present,SS,The employee of the corporation in question,employee,corporation,sg,agr_0106,of_in_question
be_present,PP,The accountants of the panels in question,accountants,panels,pl,agr_0246,of_in_question
be_present,SS,The student of the institution in question,student,institution,sg,agr_0030,of_in_question
be_present,SS,The auditor of the agency in question,auditor,agency,sg,agr_0343,of_in_question
be_present,SP,The coordinator of the colleges in question,coordinator,colleges,sg,agr_0386,of_in_question
be_present,PS,The administrators of the organization in question,administrators,organization,pl,agr_0111,of_in_question
be_present,PP,The students of the departments in question,students,departments,pl,agr_0016,of_in_question
be_present,PP,The painters of the units in question,painters,units,pl,agr_0095,of_in_question
be_present,SS,The trainer of the committee in question,trainer,committee,sg,agr_0140,of_in_question
be_present,PP,The examiners of the platforms in question,examiners,platforms,pl,agr_0206,of_in_question
be_present,SP,The teacher of the regions in question,teacher,regions,sg,agr_0370,of_in_question
be_present,PS,The architects of the school in question,architects,school,pl,agr_0357,of_in_question
be_present,PP,The doctors of the clubs in question,doctors,clubs,pl,agr_0232,of_in_question
be_present,PP,The architects of the programs in question,architects,programs,pl,agr_0325,of_in_question
be_present,SP,The painter of the units in question,painter,units,sg,agr_0095,of_in_question
be_present,SP,The artist of the forums in question,artist,forums,sg,agr_0361,of_in_question
be_present,SS,The author of the college in question,author,college,sg,agr_0134,of_in_question
be_present,PS,The technicians of the college in question,technicians,college,pl,agr_0061,of_in_question
be_present,PS,The members of the service in question,members,service,pl,agr_0266,of_in_question
be_present,SS,The researcher of the organization in question,researcher,organization,sg,agr_0398,of_in_question
be_present,SS,The consultant of the platform in question,consultant,platform,sg,agr_0168,of_in_question
be_present,SS,The candidate of the system in question,candidate,system,sg,agr_0396,of_in_question
be_present,PS,The drivers of the foundation in question,drivers,foundation,pl,agr_0390,of_in_question
be_present,SS,The supervisor of the office in question,supervisor,office,sg,agr_0138,of_in_question
be_present,SS,The commissioner of the centre in question,commissioner,centre,sg,agr_0352,of_in_question
be_present,PS,The authors of the college in question,authors,college,pl,agr_0134,of_in_question
be_present,SP,The assistant of the committees in question,assistant,committees,sg,agr_0274,of_in_question
be_present,SS,The consultant of the sector in question,consultant,sector,sg,agr_0122,of_in_question
be_present,SP,The researcher of the authorities in question,researcher,authorities,sg,agr_0102,of_in_question
be_present,PP,The authors of the departments in question,authors,departments,pl,agr_0278,of_in_question
be_present,SS,The manager of the sector in question,manager,sector,sg,agr_0200,of_in_question
be_present,SS,The professor of the unit in question,professor,unit,sg,agr_0373,of_in_question
be_present,SS,The member of the laboratory in question,member,laboratory,sg,agr_0163,of_in_question
be_present,SP,The inspector of the projects in question,inspector,projects,sg,agr_0028,of_in_question
be_present,SS,The programmer of the service in question,programmer,service,sg,agr_0381,of_in_question
be_present,PP,The administrators of the organizations in question,administrators,organizations,pl,agr_0111,of_in_question
be_present,PP,The auditors of the firms in question,auditors,firms,pl,agr_0002,of_in_question
be_present,SS,The reporter of the hospital in question,reporter,hospital,sg,agr_0332,of_in_question
be_present,SS,The examiner of the centre in question,examiner,centre,sg,agr_0235,of_in_question
be_present,PP,The officers of the coalitions in question,officers,coalitions,pl,agr_0311,of_in_question
be_present,SP,The operator of the boards in question,operator,boards,sg,agr_0227,of_in_question
be_present,SS,The examiner of the facility in question,examiner,facility,sg,agr_0242,of_in_question
be_present,SS,The supervisor of the program in question,supervisor,program,sg,agr_0340,of_in_question
be_present,SP,The architect of the programs in question,architect,programs,sg,agr_0325,of_in_question
be_present,SP,The student of the organizations in question,student,organizations,sg,agr_0014,of_in_question
be_present,SS,The manager of the board in question,manager,board,sg,agr_0317,of_in_question
be_present,SS,The student of the foundation in question,student,foundation,sg,agr_0112,of_in_question
be_present,PS,The builders of the unit in question,builders,unit,pl,agr_0114,of_in_question
be_present,SS,The leader of the group in question,leader,group,sg,agr_0152,of_in_question
be_present,SS,The author of the sector in question,author,sector,sg,agr_0376,of_in_question
be_present,PP,The officers of the laboratories in question,officers,laboratories,pl,agr_0096,of_in_question
be_present,PS,The painters of the platform in question,painters,platform,pl,agr_0131,of_in_question
be_present,PP,The architects of the corporations in question,architects,corporations,pl,agr_0099,of_in_question
be_present,SS,The lawyer of the office in question,lawyer,office,sg,agr_0183,of_in_question
be_present,SP,The student of the partnerships in question,student,partnerships,sg,agr_0319,of_in_question
be_present,PS,The supervisors of the office in question,supervisors,office,pl,agr_0138,of_in_question
be_present,PP,The evaluators of the coalitions in question,evaluators,coalitions,pl,agr_0076,of_in_question
be_present,PS,The officers of the board in question,officers,board,pl,agr_0006,of_in_question
be_present,SP,The officer of the centres in question,officer,centres,sg,agr_0308,of_in_question
be_present,PS,The assistants of the board in question,assistants,board,pl,agr_0208,of_in_question
be_present,SP,The architect of the divisions in question,architect,divisions,sg,agr_0388,of_in_question
be_present,SP,The planner of the committees in question,planner,committees,sg,agr_0382,of_in_question
be_present,SS,The auditor of the firm in question,auditor,firm,sg,agr_0002,of_in_question
be_present,PP,The administrators of the offices in question,administrators,offices,pl,agr_0253,of_in_question
be_present,PP,The teachers of the agencies in question,teachers,agencies,pl,agr_0269,of_in_question
be_present,PS,The technicians of the project in question,technicians,project,pl,agr_0029,of_in_question
be_present,PP,The artists of the coalitions in question,artists,coalitions,pl,agr_0292,of_in_question
be_present,SS,The doctor of the enterprise in question,doctor,enterprise,sg,agr_0167,of_in_question
be_present,PS,The evaluators of the alliance in question,evaluators,alliance,pl,agr_0389,of_in_question
be_present,SS,The architect of the service in question,architect,service,sg,agr_0323,of_in_question
be_present,SP,The accountant of the associations in question,accountant,associations,sg,agr_0367,of_in_question
be_present,SS,The accountant of the panel in question,accountant,panel,sg,agr_0246,of_in_question
be_present,PP,The journalists of the programs in question,journalists,programs,pl,agr_0017,of_in_question
be_present,PS,The researchers of the district in question,researchers,district,pl,agr_0313,of_in_question
be_present,PS,The advisors of the group in question,advisors,group,pl,agr_0084,of_in_question
be_present,PP,The students of the services in question,students,services,pl,agr_0342,of_in_question
be_present,PS,The scientists of the station in question,scientists,station,pl,agr_0166,of_in_question
be_present,SP,The auditor of the districts in question,auditor,districts,sg,agr_0033,of_in_question
be_present,PP,The professors of the divisions in question,professors,divisions,pl,agr_0380,of_in_question
be_present,PP,The coordinators of the projects in question,coordinators,projects,pl,agr_0245,of_in_question
be_present,SS,The technician of the project in question,technician,project,sg,agr_0029,of_in_question
be_present,SP,The evaluator of the associations in question,evaluator,associations,sg,agr_0303,of_in_question
be_present,SP,The advisor of the networks in question,advisor,networks,sg,agr_0085,of_in_question
be_present,PS,The assistants of the firm in question,assistants,firm,pl,agr_0239,of_in_question
be_present,SP,The commissioner of the universities in question,commissioner,universities,sg,agr_0144,of_in_question
be_present,SS,The designer of the university in question,designer,university,sg,agr_0068,of_in_question
be_present,SP,The editor of the stations in question,editor,stations,sg,agr_0080,of_in_question
be_present,SP,The trainer of the centres in question,trainer,centres,sg,agr_0126,of_in_question
be_present,PS,The accountants of the department in question,accountants,department,pl,agr_0316,of_in_question
be_present,SP,The examiner of the facilities in question,examiner,facilities,sg,agr_0242,of_in_question
be_present,PP,The employees of the committees in question,employees,committees,pl,agr_0127,of_in_question
be_present,SP,The planner of the ministries in question,planner,ministries,sg,agr_0008,of_in_question
be_present,PS,The advisors of the ministry in question,advisors,ministry,pl,agr_0217,of_in_question
be_present,PS,The journalists of the district in question,journalists,district,pl,agr_0272,of_in_question
be_present,SS,The advisor of the group in question,advisor,group,sg,agr_0084,of_in_question
be_present,PS,The supervisors of the company in question,supervisors,company,pl,agr_0087,of_in_question
be_present,SS,The student of the service in question,student,service,sg,agr_0342,of_in_question
be_present,SS,The doctor of the college in question,doctor,college,sg,agr_0171,of_in_question
be_present,SP,The assistant of the boards in question,assistant,boards,sg,agr_0208,of_in_question
be_present,SP,The student of the federations in question,student,federations,sg,agr_0369,of_in_question
be_present,SS,The scientist of the panel in question,scientist,panel,sg,agr_0359,of_in_question
be_present,SP,The administrator of the projects in question,administrator,projects,sg,agr_0059,of_in_question
be_present,PP,The administrators of the panels in question,administrators,panels,pl,agr_0333,of_in_question
be_present,SS,The supervisor of the institution in question,supervisor,institution,sg,agr_0070,of_in_question
be_present,SS,The painter of the laboratory in question,painter,laboratory,sg,agr_0169,of_in_question
be_present,SP,The architect of the schools in question,architect,schools,sg,agr_0357,of_in_question
be_present,PP,The authors of the sectors in question,authors,sectors,pl,agr_0376,of_in_question
be_present,SP,The teacher of the institutions in question,teacher,institutions,sg,agr_0069,of_in_question
be_present,SS,The lecturer of the consortium in question,lecturer,consortium,sg,agr_0213,of_in_question
be_present,SP,The reporter of the alliances in question,reporter,alliances,sg,agr_0203,of_in_question
be_present,PS,The consultants of the organization in question,consultants,organization,pl,agr_0132,of_in_question
be_present,PP,The candidates of the systems in question,candidates,systems,pl,agr_0396,of_in_question
be_present,SS,The lawyer of the panel in question,lawyer,panel,sg,agr_0321,of_in_question
be_present,SP,The builder of the ministries in question,builder,ministries,sg,agr_0355,of_in_question
be_present,PP,The scientists of the schools in question,scientists,schools,pl,agr_0020,of_in_question
be_present,PS,The painters of the institution in question,painters,institution,pl,agr_0187,of_in_question
be_present,SP,The coordinator of the projects in question,coordinator,projects,sg,agr_0245,of_in_question
be_present,SS,The candidate of the organization in question,candidate,organization,sg,agr_0098,of_in_question
be_present,SS,The lecturer of the company in question,lecturer,company,sg,agr_0202,of_in_question
be_present,SP,The lecturer of the consortiums in question,lecturer,consortiums,sg,agr_0213,of_in_question
be_present,PP,The editors of the institutes in question,editors,institutes,pl,agr_0053,of_in_question
be_present,PP,The evaluators of the authorities in question,evaluators,authorities,pl,agr_0092,of_in_question
be_present,SP,The representative of the universities in question,representative,universities,sg,agr_0118,of_in_question
be_present,PS,The directors of the group in question,directors,group,pl,agr_0358,of_in_question
be_present,SP,The coordinator of the hospitals in question,coordinator,hospitals,sg,agr_0040,of_in_question
be_present,SP,The officer of the schools in question,officer,schools,sg,agr_0233,of_in_question
be_present,PS,The scientists of the partnership in question,scientists,partnership,pl,agr_0220,of_in_question
be_present,SS,The administrator of the region in question,administrator,region,sg,agr_0027,of_in_question
be_present,PS,The designers of the forum in question,designers,forum,pl,agr_0330,of_in_question
be_present,PS,The assistants of the federation in question,assistants,federation,pl,agr_0296,of_in_question
be_present,SP,The examiner of the divisions in question,examiner,divisions,sg,agr_0038,of_in_question
be_present,PP,The technicians of the projects in question,technicians,projects,pl,agr_0029,of_in_question
be_present,PS,The researchers of the office in question,researchers,office,pl,agr_0349,of_in_question
be_present,PS,The lecturers of the university in question,lecturers,university,pl,agr_0004,of_in_question
be_present,SP,The student of the networks in question,student,networks,sg,agr_0120,of_in_question
be_present,PP,The commissioners of the divisions in question,commissioners,divisions,pl,agr_0117,of_in_question
be_present,SS,The lecturer of the district in question,lecturer,district,sg,agr_0295,of_in_question
be_present,PP,The auditors of the companies in question,auditors,companies,pl,agr_0159,of_in_question
be_present,SS,The researcher of the district in question,researcher,district,sg,agr_0313,of_in_question
be_present,PS,The planners of the laboratory in question,planners,laboratory,pl,agr_0103,of_in_question
be_present,SP,The scientist of the forums in question,scientist,forums,sg,agr_0141,of_in_question
be_present,PP,The programmers of the enterprises in question,programmers,enterprises,pl,agr_0108,of_in_question
be_present,PP,The builders of the teams in question,builders,teams,pl,agr_0150,of_in_question
be_present,SP,The student of the ministries in question,student,ministries,sg,agr_0223,of_in_question
be_present,SS,The programmer of the enterprise in question,programmer,enterprise,sg,agr_0108,of_in_question
be_present,SS,The operator of the consortium in question,operator,consortium,sg,agr_0189,of_in_question
be_present,PP,The journalists of the agencies in question,journalists,agencies,pl,agr_0066,of_in_question
be_present,SS,The inspector of the office in question,inspector,office,sg,agr_0384,of_in_question
be_present,SP,The advisor of the firms in question,advisor,firms,sg,agr_0230,of_in_question
be_present,PS,The trainers of the club in question,trainers,club,pl,agr_0326,of_in_question
be_present,SS,The member of the system in question,member,system,sg,agr_0337,of_in_question
be_present,SS,The worker of the ministry in question,worker,ministry,sg,agr_0249,of_in_question
be_present,SP,The operator of the consortiums in question,operator,consortiums,sg,agr_0189,of_in_question
be_present,SS,The supervisor of the bureau in question,supervisor,bureau,sg,agr_0170,of_in_question
be_present,SP,The editor of the institutes in question,editor,institutes,sg,agr_0053,of_in_question
be_present,SP,The programmer of the platforms in question,programmer,platforms,sg,agr_0003,of_in_question
be_present,SP,The lawyer of the panels in question,lawyer,panels,sg,agr_0321,of_in_question
be_present,SP,The analyst of the platforms in question,analyst,platforms,sg,agr_0341,of_in_question
be_present,SP,The consultant of the platforms in question,consultant,platforms,sg,agr_0168,of_in_question
be_present,SP,The author of the sectors in question,author,sectors,sg,agr_0376,of_in_question
be_present,PP,The lecturers of the offices in question,lecturers,offices,pl,agr_0228,of_in_question
be_present,SP,The driver of the foundations in question,driver,foundations,sg,agr_0390,of_in_question
be_present,PP,The executives of the services in question,executives,services,pl,agr_0142,of_in_question
be_present,PP,The trainers of the foundations in question,trainers,foundations,pl,agr_0287,of_in_question
be_present,SS,The administrator of the agency in question,administrator,agency,sg,agr_0136,of_in_question
be_present,PS,The employees of the laboratory in question,employees,laboratory,pl,agr_0391,of_in_question
be_present,SS,The driver of the division in question,driver,division,sg,agr_0175,of_in_question
be_present,SP,The planner of the districts in question,planner,districts,sg,agr_0055,of_in_question
be_present,PS,The planners of the committee in question,planners,committee,pl,agr_0382,of_in_question
be_present,PS,The leaders of the school in question,leaders,school,pl,agr_0179,of_in_question
be_present,SS,The teacher of the institution in question,teacher,institution,sg,agr_0069,of_in_question
be_present,PS,The advisors of the service in question,advisors,service,pl,agr_0015,of_in_question
be_present,SS,The doctor of the board in question,doctor,board,sg,agr_0044,of_in_question
be_present,SS,The lawyer of the association in question,lawyer,association,sg,agr_0185,of_in_question
be_present,SS,The professor of the group in question,professor,group,sg,agr_0348,of_in_question
be_present,SS,The scientist of the program in question,scientist,program,sg,agr_0281,of_in_question
be_present,PS,The commissioners of the division in question,commissioners,division,pl,agr_0117,of_in_question
be_present,PP,The coordinators of the hospitals in question,coordinators,hospitals,pl,agr_0040,of_in_question
be_present,SP,The teacher of the firms in question,teacher,firms,sg,agr_0032,of_in_question
be_present,SS,The reporter of the federation in question,reporter,federation,sg,agr_0345,of_in_question
be_present,PS,The artists of the facility in question,artists,facility,pl,agr_0052,of_in_question
be_present,SP,The analyst of the enterprises in question,analyst,enterprises,sg,agr_0129,of_in_question
be_present,SP,The candidate of the networks in question,candidate,networks,sg,agr_0173,of_in_question
be_present,SP,The administrator of the foundations in question,administrator,foundations,sg,agr_0276,of_in_question
be_present,SS,The reporter of the authority in question,reporter,authority,sg,agr_0000,of_in_question
be_present,SS,The teacher of the region in question,teacher,region,sg,agr_0370,of_in_question
be_present,SP,The director of the sectors in question,director,sectors,sg,agr_0315,of_in_question
be_present,SS,The professor of the alliance in question,professor,alliance,sg,agr_0310,of_in_question
be_present,SP,The artist of the consortiums in question,artist,consortiums,sg,agr_0395,of_in_question
be_present,PP,The executives of the networks in question,executives,networks,pl,agr_0188,of_in_question
be_present,SS,The reporter of the unit in question,reporter,unit,sg,agr_0265,of_in_question
be_present,PP,The reporters of the partnerships in question,reporters,partnerships,pl,agr_0363,of_in_question
be_present,PS,The authors of the sector in question,authors,sector,pl,agr_0376,of_in_question
be_present,SS,The student of the university in question,student,university,sg,agr_0366,of_in_question
be_present,SP,The assistant of the federations in question,assistant,federations,sg,agr_0296,of_in_question
be_present,SP,The professor of the units in question,professor,units,sg,agr_0373,of_in_question
be_present,SS,The lecturer of the organization in question,lecturer,organization,sg,agr_0074,of_in_question
be_present,PP,The planners of the committees in question,planners,committees,pl,agr_0382,of_in_question
be_present,PP,The artists of the consortiums in question,artists,consortiums,pl,agr_0395,of_in_question
be_present,SS,The technician of the platform in question,technician,platform,sg,agr_0211,of_in_question
be_present,PS,The researchers of the project in question,researchers,project,pl,agr_0339,of_in_question
be_present,SS,The scientist of the authority in question,scientist,authority,sg,agr_0225,of_in_question
be_present,PS,The scientists of the school in question,scientists,school,pl,agr_0020,of_in_question
be_present,PS,The inspectors of the facility in question,inspectors,facility,pl,agr_0221,of_in_question
be_present,PP,The planners of the districts in question,planners,districts,pl,agr_0055,of_in_question
be_present,PS,The lecturers of the office in question,lecturers,office,pl,agr_0228,of_in_question
be_present,PS,The reporters of the network in question,reporters,network,pl,agr_0050,of_in_question
be_present,PS,The analysts of the project in question,analysts,project,pl,agr_0247,of_in_question
be_present,SP,The auditor of the consortiums in question,auditor,consortiums,sg,agr_0082,of_in_question
be_present,SS,The scientist of the forum in question,scientist,forum,sg,agr_0141,of_in_question
be_present,PS,The representatives of the institution in question,representatives,institution,pl,agr_0182,of_in_question
be_present,PP,The evaluators of the clubs in question,evaluators,clubs,pl,agr_0346,of_in_question
be_present,PS,The employees of the agency in question,employees,agency,pl,agr_0054,of_in_question
be_present,SS,The consultant of the authority in question,consultant,authority,sg,agr_0047,of_in_question
be_present,PS,The builders of the platform in question,builders,platform,pl,agr_0236,of_in_question
be_present,PP,The representatives of the clubs in question,representatives,clubs,pl,agr_0009,of_in_question
be_present,PS,The representatives of the university in question,representatives,university,pl,agr_0118,of_in_question
be_present,SP,The auditor of the companies in question,auditor,companies,sg,agr_0159,of_in_question
be_present,PS,The auditors of the agency in question,auditors,agency,pl,agr_0343,of_in_question
be_present,SS,The officer of the school in question,officer,school,sg,agr_0233,of_in_question
be_present,SP,The driver of the hospitals in question,driver,hospitals,sg,agr_0293,of_in_question
be_present,SP,The officer of the bureaus in question,officer,bureaus,sg,agr_0262,of_in_question
be_present,PP,The journalists of the districts in question,journalists,districts,pl,agr_0272,of_in_question
be_present,SP,The builder of the laboratories in question,builder,laboratories,sg,agr_0214,of_in_question
be_present,PS,The reporters of the college in question,reporters,college,pl,agr_0049,of_in_question
be_present,SS,The supervisor of the agency in question,supervisor,agency,sg,agr_0364,of_in_question
be_present,PS,The authors of the department in question,authors,department,pl,agr_0278,of_in_question
be_present,SP,The assistant of the institutions in question,assistant,institutions,sg,agr_0164,of_in_question
be_present,PP,The employees of the laboratories in question,employees,laboratories,pl,agr_0391,of_in_question
be_present,SP,The owner of the agencies in question,owner,agencies,sg,agr_0063,of_in_question
be_present,PP,The members of the laboratories in question,members,laboratories,pl,agr_0163,of_in_question
be_present,PP,The painters of the platforms in question,painters,platforms,pl,agr_0131,of_in_question
be_present,SS,The leader of the coalition in question,leader,coalition,sg,agr_0024,of_in_question
be_present,PS,The advisors of the council in question,advisors,council,pl,agr_0013,of_in_question
be_present,SP,The technician of the forums in question,technician,forums,sg,agr_0172,of_in_question
be_present,SP,The accountant of the coalitions in question,accountant,coalitions,sg,agr_0071,of_in_question
be_present,PS,The auditors of the branch in question,auditors,branch,pl,agr_0001,of_in_question
be_present,SP,The worker of the services in question,worker,services,sg,agr_0324,of_in_question
be_present,SS,The student of the facility in question,student,facility,sg,agr_0307,of_in_question
be_present,SP,The officer of the boards in question,officer,boards,sg,agr_0006,of_in_question
be_present,PS,The workers of the station in question,workers,station,pl,agr_0290,of_in_question
be_present,PP,The scientists of the stations in question,scientists,stations,pl,agr_0166,of_in_question
be_present,SP,The editor of the systems in question,editor,systems,sg,agr_0375,of_in_question
be_present,PS,The painters of the association in question,painters,association,pl,agr_0300,of_in_question
be_present,SP,The painter of the groups in question,painter,groups,sg,agr_0105,of_in_question
be_present,PS,The examiners of the corporation in question,examiners,corporation,pl,agr_0195,of_in_question
be_present,SS,The author of the agency in question,author,agency,sg,agr_0137,of_in_question
be_present,PP,The workers of the stations in question,workers,stations,pl,agr_0290,of_in_question
be_present,SS,The planner of the council in question,planner,council,sg,agr_0283,of_in_question
be_present,PP,The journalists of the colleges in question,journalists,colleges,pl,agr_0252,of_in_question
be_present,PS,The architects of the ministry in question,architects,ministry,pl,agr_0090,of_in_question
be_present,PP,The students of the ministries in question,students,ministries,pl,agr_0223,of_in_question
be_present,SS,The reporter of the partnership in question,reporter,partnership,sg,agr_0363,of_in_question
be_present,PP,The inspectors of the corporations in question,inspectors,corporations,pl,agr_0314,of_in_question
be_present,PP,The managers of the sectors in question,managers,sectors,pl,agr_0200,of_in_question
be_present,SP,The leader of the companies in question,leader,companies,sg,agr_0041,of_in_question
be_present,PP,The assistants of the institutions in question,assistants,institutions,pl,agr_0164,of_in_question
be_present,SP,The administrator of the agencies in question,administrator,agencies,sg,agr_0136,of_in_question
be_present,SS,The artist of the office in question,artist,office,sg,agr_0304,of_in_question
be_present,SS,The examiner of the platform in question,examiner,platform,sg,agr_0206,of_in_question
be_present,PP,The lawyers of the colleges in question,lawyers,colleges,pl,agr_0178,of_in_question
be_present,SS,The auditor of the network in question,auditor,network,sg,agr_0271,of_in_question
be_present,SP,The editor of the branches in question,editor,branches,sg,agr_0226,of_in_question
be_present,SP,The director of the networks in question,director,networks,sg,agr_0254,of_in_question
be_present,PS,The consultants of the association in question,consultants,association,pl,agr_0143,of_in_question
be_present,SS,The teacher of the firm in question,teacher,firm,sg,agr_0032,of_in_question
be_present,SP,The supervisor of the ministries in question,supervisor,ministries,sg,agr_0139,of_in_question
be_present,PP,The assistants of the federations in question,assistants,federations,pl,agr_0296,of_in_question
be_present,SP,The author of the colleges in question,author,colleges,sg,agr_0134,of_in_question
be_present,PS,The owners of the panel in question,owners,panel,pl,agr_0005,of_in_question
be_present,SS,The technician of the college in question,technician,college,sg,agr_0061,of_in_question
be_present,SP,The inspector of the districts in question,inspector,districts,sg,agr_0279,of_in_question
be_present,PP,The supervisors of the foundations in question,supervisors,foundations,pl,agr_0365,of_in_question
be_present,PS,The trainers of the district in question,trainers,district,pl,agr_0153,of_in_question
be_present,PP,The engineers of the centres in question,engineers,centres,pl,agr_0379,of_in_question
be_present,PS,The scientists of the division in question,scientists,division,pl,agr_0258,of_in_question
be_present,SS,The administrator of the foundation in question,administrator,foundation,sg,agr_0276,of_in_question
be_present,PS,The coordinators of the project in question,coordinators,project,pl,agr_0245,of_in_question
be_present,SP,The planner of the laboratories in question,planner,laboratories,sg,agr_0103,of_in_question
be_present,PS,The planners of the division in question,planners,division,pl,agr_0086,of_in_question
be_present,SS,The member of the company in question,member,company,sg,agr_0371,of_in_question
be_present,PP,The authors of the centres in question,authors,centres,pl,agr_0244,of_in_question
be_present,SS,The driver of the hospital in question,driver,hospital,sg,agr_0293,of_in_question
be_present,SS,The planner of the district in question,planner,district,sg,agr_0055,of_in_question
be_present,PS,The auditors of the firm in question,auditors,firm,pl,agr_0002,of_in_question
be_present,PS,The coordinators of the hospital in question,coordinators,hospital,pl,agr_0040,of_in_question
be_present,PS,The accountants of the panel in question,accountants,panel,pl,agr_0246,of_in_question
be_present,PP,The evaluators of the associations in question,evaluators,associations,pl,agr_0303,of_in_question
be_present,SS,The inspector of the corporation in question,inspector,corporation,sg,agr_0314,of_in_question
be_present,SP,The planner of the divisions in question,planner,divisions,sg,agr_0086,of_in_question
be_present,SS,The member of the bureau in question,member,bureau,sg,agr_0012,of_in_question
be_present,SS,The driver of the partnership in question,driver,partnership,sg,agr_0067,of_in_question
be_present,SS,The instructor of the forum in question,instructor,forum,sg,agr_0125,of_in_question
